{
  "Astrahl":{
    "0":0.000072219,
    "1":0.0001468453,
    "2":0.00007317,
    "3":0.000303423,
    "4":0.0004576889,
    "5":0.0002584008,
    "6":0.0005774471,
    "7":0.0003163364,
    "8":0.00008943,
    "9":0.0003011352,
    "10":0.000223183,
    "11":0.0001546245,
    "12":0.00008672,
    "13":0.000168511,
    "14":0.0001995996,
    "15":0.0005003995,
    "16":0.00009214,
    "17":0.000065341,
    "18":0.0001423746,
    "19":0.0002795094,
    "20":0.000142817,
    "21":0.000313937,
    "22":0.000092853,
    "23":0.0002865771,
    "24":0.0003316461,
    "25":0.00017615,
    "26":0.000154755,
    "27":0.000165852,
    "28":0.0002536885,
    "29":0.0003102322,
    "30":0.000122853,
    "31":0.00007317,
    "32":0.0001512939,
    "33":0.0000937118,
    "34":0.000085975,
    "35":0.0003231181,
    "36":0.0001358821,
    "37":0.0001765552,
    "38":0.000405849,
    "39":0.0001977425,
    "40":0.0002111546,
    "41":0.0000542,
    "42":0.000110048,
    "43":0.00006775,
    "44":0.0004589379,
    "45":0.0004130239,
    "46":0.0001846743,
    "47":0.0000859971,
    "48":0.0001774524,
    "49":0.0005386086
  },
  "Uniform":{
    "0":0.000170571,
    "1":0.0003156695,
    "2":0.00011364,
    "3":0.0003906478,
    "4":0.0006636483,
    "5":0.0002914791,
    "6":0.0008733253,
    "7":0.000523877,
    "8":0.00013642,
    "9":0.000456331,
    "10":0.000395597,
    "11":0.0002188528,
    "12":0.000129,
    "13":0.0003141427,
    "14":0.0004303472,
    "15":0.0006934964,
    "16":0.00011959,
    "17":0.000144174,
    "18":0.0002960849,
    "19":0.0004836144,
    "20":0.000228616,
    "21":0.0005344661,
    "22":0.000143709,
    "23":0.0003803173,
    "24":0.0005312819,
    "25":0.000215147,
    "26":0.0003078858,
    "27":0.000233585,
    "28":0.0004463687,
    "29":0.0005379986,
    "30":0.0001629697,
    "31":0.00011182,
    "32":0.0002087628,
    "33":0.0001941937,
    "34":0.000148958,
    "35":0.0006093626,
    "36":0.0002192496,
    "37":0.0002293605,
    "38":0.0006215146,
    "39":0.0002807372,
    "40":0.0002731546,
    "41":0.00011716,
    "42":0.000129851,
    "43":0.00011384,
    "44":0.0006792431,
    "45":0.0005189954,
    "46":0.0002275025,
    "47":0.0001966863,
    "48":0.0002765631,
    "49":0.0009879113
  },
  "Prop":{
    "0":0.000132038,
    "1":0.000246215,
    "2":0.00012454,
    "3":0.0004414693,
    "4":0.0006464196,
    "5":0.0003261994,
    "6":0.0007644331,
    "7":0.000516631,
    "8":0.00011859,
    "9":0.0003562917,
    "10":0.0003765502,
    "11":0.0002209167,
    "12":0.00013242,
    "13":0.0002561639,
    "14":0.0004603225,
    "15":0.0008107377,
    "16":0.00010966,
    "17":0.000141897,
    "18":0.0002990496,
    "19":0.000439625,
    "20":0.000184185,
    "21":0.0006262215,
    "22":0.000149666,
    "23":0.0004032849,
    "24":0.0005854918,
    "25":0.000239926,
    "26":0.0003135783,
    "27":0.000183216,
    "28":0.0004189649,
    "29":0.000523332,
    "30":0.0002087943,
    "31":0.00012411,
    "32":0.000249385,
    "33":0.0002205357,
    "34":0.000135829,
    "35":0.0005315972,
    "36":0.0002008421,
    "37":0.0002773107,
    "38":0.0006407146,
    "39":0.0002947083,
    "40":0.0003017673,
    "41":0.00012429,
    "42":0.000157201,
    "43":0.00014282,
    "44":0.000686096,
    "45":0.0005006184,
    "46":0.000301025,
    "47":0.0001673816,
    "48":0.0002896503,
    "49":0.0009755895
  },
  "Delta_Uniform":{
    "0":-0.000098352,
    "1":-0.0001688242,
    "2":-0.00004047,
    "3":-0.0000872249,
    "4":-0.0002059595,
    "5":-0.0000330783,
    "6":-0.0002958782,
    "7":-0.0002075406,
    "8":-0.00004699,
    "9":-0.0001551958,
    "10":-0.0001724141,
    "11":-0.0000642283,
    "12":-0.00004228,
    "13":-0.0001456317,
    "14":-0.0002307477,
    "15":-0.0001930969,
    "16":-0.00002745,
    "17":-0.000078833,
    "18":-0.0001537103,
    "19":-0.000204105,
    "20":-0.000085799,
    "21":-0.0002205291,
    "22":-0.000050856,
    "23":-0.0000937403,
    "24":-0.0001996358,
    "25":-0.000038997,
    "26":-0.0001531308,
    "27":-0.000067733,
    "28":-0.0001926802,
    "29":-0.0002277664,
    "30":-0.0000401167,
    "31":-0.00003865,
    "32":-0.0000574689,
    "33":-0.0001004819,
    "34":-0.000062983,
    "35":-0.0002862444,
    "36":-0.0000833675,
    "37":-0.0000528053,
    "38":-0.0002156656,
    "39":-0.0000829947,
    "40":-0.000062,
    "41":-0.00006296,
    "42":-0.000019803,
    "43":-0.00004609,
    "44":-0.0002203052,
    "45":-0.0001059715,
    "46":-0.0000428282,
    "47":-0.0001106892,
    "48":-0.0000991107,
    "49":-0.0004493027
  },
  "Delta_Prop":{
    "0":-0.000059819,
    "1":-0.0000993697,
    "2":-0.00005137,
    "3":-0.0001380464,
    "4":-0.0001887307,
    "5":-0.0000677986,
    "6":-0.000186986,
    "7":-0.0002002946,
    "8":-0.00002916,
    "9":-0.0000551565,
    "10":-0.0001533673,
    "11":-0.0000662922,
    "12":-0.0000457,
    "13":-0.0000876529,
    "14":-0.0002607229,
    "15":-0.0003103382,
    "16":-0.00001752,
    "17":-0.000076556,
    "18":-0.000156675,
    "19":-0.0001601156,
    "20":-0.000041368,
    "21":-0.0003122845,
    "22":-0.000056813,
    "23":-0.0001167078,
    "24":-0.0002538457,
    "25":-0.000063776,
    "26":-0.0001588233,
    "27":-0.000017364,
    "28":-0.0001652764,
    "29":-0.0002130998,
    "30":-0.0000859413,
    "31":-0.00005094,
    "32":-0.0000980911,
    "33":-0.0001268239,
    "34":-0.000049854,
    "35":-0.000208479,
    "36":-0.00006496,
    "37":-0.0001007555,
    "38":-0.0002348656,
    "39":-0.0000969658,
    "40":-0.0000906127,
    "41":-0.00007009,
    "42":-0.000047153,
    "43":-0.00007507,
    "44":-0.0002271581,
    "45":-0.0000875945,
    "46":-0.0001163507,
    "47":-0.0000813845,
    "48":-0.0001121979,
    "49":-0.000436981
  }
}