{
  "Astrahl":{
    "0":0.4232686496,
    "1":0.384917385,
    "2":0.249748966,
    "3":0.2587018762,
    "4":0.228291379,
    "5":0.261987975,
    "6":0.228861378,
    "7":0.224975368,
    "8":0.3052743022,
    "9":0.235338048,
    "10":0.2962660316,
    "11":0.280523035,
    "12":0.2224745,
    "13":0.214596628,
    "14":0.251180558,
    "15":0.261311336,
    "16":0.3160568484,
    "17":0.1900629,
    "18":0.2416748282,
    "19":0.3422455304,
    "20":0.3024258581,
    "21":0.23271885,
    "22":0.2504880711,
    "23":0.2662218424,
    "24":0.2304710901,
    "25":0.17513122,
    "26":0.17911842,
    "27":0.294673284,
    "28":0.2797579871,
    "29":0.17844754,
    "30":0.3859907581,
    "31":0.213345709,
    "32":0.218848419,
    "33":0.265370688,
    "34":0.273848635,
    "35":0.4751856725,
    "36":0.1977146344,
    "37":0.3947995959,
    "38":0.271508345,
    "39":0.205194028,
    "40":0.2660641994,
    "41":0.245605058,
    "42":0.2963668483,
    "43":0.3745165956,
    "44":0.19270412,
    "45":0.2896256053,
    "46":0.17245545,
    "47":0.342092337,
    "48":0.23007985,
    "49":0.353393084
  },
  "Uniform":{
    "0":0.4464372909,
    "1":0.4271417827,
    "2":0.301372048,
    "3":0.2987711451,
    "4":0.246014919,
    "5":0.282865896,
    "6":0.245703716,
    "7":0.240003358,
    "8":0.3200999041,
    "9":0.2839532472,
    "10":0.3006829083,
    "11":0.286214247,
    "12":0.23881771,
    "13":0.243118789,
    "14":0.2790030411,
    "15":0.274698036,
    "16":0.3202191442,
    "17":0.1885198,
    "18":0.3021256081,
    "19":0.3504570378,
    "20":0.3403353227,
    "21":0.238784058,
    "22":0.267926967,
    "23":0.2779182271,
    "24":0.2476925271,
    "25":0.19439413,
    "26":0.22111324,
    "27":0.3134642023,
    "28":0.3318684527,
    "29":0.19226752,
    "30":0.3904840713,
    "31":0.24668846,
    "32":0.247303189,
    "33":0.2743604731,
    "34":0.294091137,
    "35":0.4910421553,
    "36":0.196642122,
    "37":0.4215541937,
    "38":0.283501836,
    "39":0.22716114,
    "40":0.2695657098,
    "41":0.2830666292,
    "42":0.314658828,
    "43":0.38002197,
    "44":0.21037373,
    "45":0.3172434643,
    "46":0.20385788,
    "47":0.3611057113,
    "48":0.238367997,
    "49":0.3930807935
  },
  "Prop":{
    "0":0.4852180801,
    "1":0.4412076082,
    "2":0.290386224,
    "3":0.287176068,
    "4":0.265176919,
    "5":0.3040565922,
    "6":0.25980624,
    "7":0.273562579,
    "8":0.3358259911,
    "9":0.2948809762,
    "10":0.3501896833,
    "11":0.2890511271,
    "12":0.255621897,
    "13":0.264195379,
    "14":0.298223343,
    "15":0.287599258,
    "16":0.3414336364,
    "17":0.20484062,
    "18":0.287769304,
    "19":0.3633283101,
    "20":0.3356076628,
    "21":0.265375899,
    "22":0.3104435062,
    "23":0.2942110961,
    "24":0.252330768,
    "25":0.21108231,
    "26":0.21361491,
    "27":0.3463382279,
    "28":0.3293031493,
    "29":0.20115063,
    "30":0.4203662,
    "31":0.23948865,
    "32":0.252016489,
    "33":0.2834887041,
    "34":0.305040483,
    "35":0.4984153722,
    "36":0.218887508,
    "37":0.4523712533,
    "38":0.3008886481,
    "39":0.247298589,
    "40":0.2894252933,
    "41":0.305138187,
    "42":0.3438063541,
    "43":0.4215490908,
    "44":0.21411601,
    "45":0.3218151583,
    "46":0.21445316,
    "47":0.3595454884,
    "48":0.25069806,
    "49":0.4051895913
  },
  "Delta_Uniform":{
    "0":-0.0231686413,
    "1":-0.0422243977,
    "2":-0.051623082,
    "3":-0.0400692689,
    "4":-0.01772354,
    "5":-0.020877921,
    "6":-0.016842338,
    "7":-0.01502799,
    "8":-0.0148256019,
    "9":-0.0486151992,
    "10":-0.0044168766,
    "11":-0.005691212,
    "12":-0.01634321,
    "13":-0.028522161,
    "14":-0.0278224831,
    "15":-0.0133867,
    "16":-0.0041622958,
    "17":0.0015431,
    "18":-0.0604507799,
    "19":-0.0082115075,
    "20":-0.0379094646,
    "21":-0.006065208,
    "22":-0.0174388959,
    "23":-0.0116963847,
    "24":-0.017221437,
    "25":-0.01926291,
    "26":-0.04199482,
    "27":-0.0187909183,
    "28":-0.0521104656,
    "29":-0.01381998,
    "30":-0.0044933132,
    "31":-0.033342751,
    "32":-0.02845477,
    "33":-0.0089897851,
    "34":-0.020242502,
    "35":-0.0158564828,
    "36":0.0010725124,
    "37":-0.0267545978,
    "38":-0.011993491,
    "39":-0.021967112,
    "40":-0.0035015104,
    "41":-0.0374615712,
    "42":-0.0182919797,
    "43":-0.0055053744,
    "44":-0.01766961,
    "45":-0.027617859,
    "46":-0.03140243,
    "47":-0.0190133743,
    "48":-0.008288147,
    "49":-0.0396877095
  },
  "Delta_Prop":{
    "0":-0.0619494305,
    "1":-0.0562902233,
    "2":-0.040637258,
    "3":-0.0284741918,
    "4":-0.03688554,
    "5":-0.0420686172,
    "6":-0.030944862,
    "7":-0.048587211,
    "8":-0.0305516889,
    "9":-0.0595429282,
    "10":-0.0539236516,
    "11":-0.0085280921,
    "12":-0.033147397,
    "13":-0.049598751,
    "14":-0.047042785,
    "15":-0.026287922,
    "16":-0.025376788,
    "17":-0.01477772,
    "18":-0.0460944758,
    "19":-0.0210827797,
    "20":-0.0331818047,
    "21":-0.032657049,
    "22":-0.0599554351,
    "23":-0.0279892537,
    "24":-0.0218596779,
    "25":-0.03595109,
    "26":-0.03449649,
    "27":-0.0516649439,
    "28":-0.0495451622,
    "29":-0.02270309,
    "30":-0.034375442,
    "31":-0.026142941,
    "32":-0.03316807,
    "33":-0.0181180161,
    "34":-0.031191848,
    "35":-0.0232296997,
    "36":-0.0211728736,
    "37":-0.0575716574,
    "38":-0.0293803031,
    "39":-0.042104561,
    "40":-0.0233610939,
    "41":-0.059533129,
    "42":-0.0474395058,
    "43":-0.0470324952,
    "44":-0.02141189,
    "45":-0.032189553,
    "46":-0.04199771,
    "47":-0.0174531514,
    "48":-0.02061821,
    "49":-0.0517965073
  }
}