{
  "Astrahl":{
    "0":0.0043802543,
    "1":0.00272897,
    "2":0.0052190264,
    "3":0.005055303,
    "4":0.00242003,
    "5":0.0054305988,
    "6":0.00288344,
    "7":0.0168333174,
    "8":0.0105032906,
    "9":0.004112696,
    "10":0.00314089,
    "11":0.0054054202,
    "12":0.0079363038,
    "13":0.0049854678,
    "14":0.00293764,
    "15":0.00326705,
    "16":0.0300605495,
    "17":0.0042870574,
    "18":0.0041237657,
    "19":0.022906251,
    "20":0.0071679077,
    "21":0.00247152,
    "22":0.0153571669,
    "23":0.004989381,
    "24":0.0205703061,
    "25":0.0142436988,
    "26":0.0105183013,
    "27":0.003525168,
    "28":0.006325701,
    "29":0.0082958827,
    "30":0.0049608041,
    "31":0.0058817921,
    "32":0.004259578,
    "33":0.005808072,
    "34":0.003855119,
    "35":0.0073231854,
    "36":0.00262599,
    "37":0.0053122233,
    "38":0.0064759539,
    "39":0.0080564777,
    "40":0.0106019428,
    "41":0.00278046,
    "42":0.002678981,
    "43":0.0062762513,
    "44":0.0076346032,
    "45":0.016951025,
    "46":0.0077157765,
    "47":0.00211109,
    "48":0.007069077,
    "49":0.00293493
  },
  "Uniform":{
    "0":0.0075199352,
    "1":0.00374699,
    "2":0.0070412081,
    "3":0.0073395926,
    "4":0.00371155,
    "5":0.0067869509,
    "6":0.00371238,
    "7":0.0232519308,
    "8":0.0134105177,
    "9":0.005137421,
    "10":0.00386955,
    "11":0.0067907254,
    "12":0.0116715402,
    "13":0.0069740685,
    "14":0.005268829,
    "15":0.005222972,
    "16":0.0376265535,
    "17":0.0073991991,
    "18":0.005800653,
    "19":0.0293901534,
    "20":0.0096738652,
    "21":0.00381455,
    "22":0.0224989603,
    "23":0.006828181,
    "24":0.0259414354,
    "25":0.0179395813,
    "26":0.0152455654,
    "27":0.005706404,
    "28":0.0081415554,
    "29":0.0141599455,
    "30":0.0085033081,
    "31":0.0085036958,
    "32":0.005487081,
    "33":0.007611704,
    "34":0.004685019,
    "35":0.0110911243,
    "36":0.00420324,
    "37":0.0069043435,
    "38":0.0101024655,
    "39":0.0103924187,
    "40":0.0154613899,
    "41":0.00405257,
    "42":0.005031408,
    "43":0.0074286837,
    "44":0.0104581828,
    "45":0.024292029,
    "46":0.0102026916,
    "47":0.00371428,
    "48":0.0104814309,
    "49":0.00382068
  },
  "Prop":{
    "0":0.0070938594,
    "1":0.00384778,
    "2":0.0071224454,
    "3":0.0074468466,
    "4":0.00382971,
    "5":0.0068937028,
    "6":0.00380158,
    "7":0.0243147303,
    "8":0.013909345,
    "9":0.005281523,
    "10":0.00376387,
    "11":0.0068726607,
    "12":0.0110344739,
    "13":0.0071633983,
    "14":0.005203572,
    "15":0.005018127,
    "16":0.0386451226,
    "17":0.0070055262,
    "18":0.0053999794,
    "19":0.0287147178,
    "20":0.0091790694,
    "21":0.00388195,
    "22":0.0230439311,
    "23":0.007088766,
    "24":0.0263109877,
    "25":0.0185939858,
    "26":0.0150283943,
    "27":0.005495626,
    "28":0.0080155504,
    "29":0.0136873926,
    "30":0.0085696325,
    "31":0.0092422511,
    "32":0.005618828,
    "33":0.007602875,
    "34":0.005103189,
    "35":0.010823363,
    "36":0.00406787,
    "37":0.0067551779,
    "38":0.0100619672,
    "39":0.0105502463,
    "40":0.0155968981,
    "41":0.00383904,
    "42":0.004850919,
    "43":0.0080136895,
    "44":0.0106900887,
    "45":0.0242326006,
    "46":0.0103276009,
    "47":0.00372041,
    "48":0.0110547592,
    "49":0.00386675
  },
  "Delta_Uniform":{
    "0":-0.0031396809,
    "1":-0.00101802,
    "2":-0.0018221817,
    "3":-0.0022842895,
    "4":-0.00129152,
    "5":-0.0013563521,
    "6":-0.00082894,
    "7":-0.0064186134,
    "8":-0.0029072271,
    "9":-0.001024725,
    "10":-0.00072866,
    "11":-0.0013853052,
    "12":-0.0037352364,
    "13":-0.0019886008,
    "14":-0.002331189,
    "15":-0.001955922,
    "16":-0.0075660039,
    "17":-0.0031121417,
    "18":-0.0016768873,
    "19":-0.0064839023,
    "20":-0.0025059575,
    "21":-0.00134303,
    "22":-0.0071417933,
    "23":-0.0018388,
    "24":-0.0053711293,
    "25":-0.0036958825,
    "26":-0.0047272641,
    "27":-0.002181236,
    "28":-0.0018158545,
    "29":-0.0058640628,
    "30":-0.003542504,
    "31":-0.0026219037,
    "32":-0.001227503,
    "33":-0.001803632,
    "34":-0.0008299,
    "35":-0.0037679388,
    "36":-0.00157725,
    "37":-0.0015921202,
    "38":-0.0036265115,
    "39":-0.002335941,
    "40":-0.0048594471,
    "41":-0.00127211,
    "42":-0.002352427,
    "43":-0.0011524323,
    "44":-0.0028235796,
    "45":-0.0073410041,
    "46":-0.0024869151,
    "47":-0.00160319,
    "48":-0.0034123539,
    "49":-0.00088575
  },
  "Delta_Prop":{
    "0":-0.0027136051,
    "1":-0.00111881,
    "2":-0.001903419,
    "3":-0.0023915436,
    "4":-0.00140968,
    "5":-0.001463104,
    "6":-0.00091814,
    "7":-0.0074814129,
    "8":-0.0034060544,
    "9":-0.001168827,
    "10":-0.00062298,
    "11":-0.0014672405,
    "12":-0.0030981701,
    "13":-0.0021779305,
    "14":-0.002265932,
    "15":-0.001751077,
    "16":-0.0085845731,
    "17":-0.0027184688,
    "18":-0.0012762137,
    "19":-0.0058084667,
    "20":-0.0020111617,
    "21":-0.00141043,
    "22":-0.0076867641,
    "23":-0.002099385,
    "24":-0.0057406815,
    "25":-0.004350287,
    "26":-0.004510093,
    "27":-0.001970458,
    "28":-0.0016898495,
    "29":-0.0053915099,
    "30":-0.0036088283,
    "31":-0.0033604589,
    "32":-0.00135925,
    "33":-0.001794803,
    "34":-0.00124807,
    "35":-0.0035001775,
    "36":-0.00144188,
    "37":-0.0014429546,
    "38":-0.0035860132,
    "39":-0.0024937686,
    "40":-0.0049949554,
    "41":-0.00105858,
    "42":-0.002171938,
    "43":-0.0017374381,
    "44":-0.0030554855,
    "45":-0.0072815756,
    "46":-0.0026118244,
    "47":-0.00160932,
    "48":-0.0039856822,
    "49":-0.00093182
  }
}