{
  "Astrahl":{
    "0":0.005974989,
    "1":0.0120249576,
    "2":0.0048074153,
    "3":0.0051049517,
    "4":0.02536942,
    "5":0.006730123,
    "6":0.00247152,
    "7":0.0211046524,
    "8":0.003397732,
    "9":0.0267126574,
    "10":0.0431969523,
    "11":0.0038125381,
    "12":0.0055720581,
    "13":0.006325701,
    "14":0.0090960174,
    "15":0.0049196798,
    "16":0.0038534891,
    "17":0.0135964957,
    "18":0.003528414,
    "19":0.0141391551,
    "20":0.007637864,
    "21":0.0073648104,
    "22":0.0111075734,
    "23":0.0075056702,
    "24":0.004039255,
    "25":0.0111549535,
    "26":0.0431457629,
    "27":0.0107362829,
    "28":0.040057302,
    "29":0.00267748,
    "30":0.00755505,
    "31":0.0128733564,
    "32":0.003724437,
    "33":0.00262599,
    "34":0.0051635202,
    "35":0.0314055872,
    "36":0.0102889378,
    "37":0.013799665,
    "38":0.0092855063,
    "39":0.00288344,
    "40":0.0175207376,
    "41":0.0087511889,
    "42":0.003598609,
    "43":0.002940345,
    "44":0.003818932,
    "45":0.00288344,
    "46":0.0071504541,
    "47":0.0041237657,
    "48":0.0085906598,
    "49":0.0064295544
  },
  "Uniform":{
    "0":0.0083400656,
    "1":0.0192318576,
    "2":0.0066811177,
    "3":0.0081297288,
    "4":0.0345587757,
    "5":0.0094940324,
    "6":0.00367082,
    "7":0.0287454915,
    "8":0.004933324,
    "9":0.0405640605,
    "10":0.0611691554,
    "11":0.0059339962,
    "12":0.0067206967,
    "13":0.0078521123,
    "14":0.0134850589,
    "15":0.0070982055,
    "16":0.0056124336,
    "17":0.0193765511,
    "18":0.005081807,
    "19":0.0192207988,
    "20":0.0105769423,
    "21":0.0095113194,
    "22":0.0156083313,
    "23":0.0110336589,
    "24":0.005362676,
    "25":0.0143304474,
    "26":0.0553231184,
    "27":0.0132080461,
    "28":0.0530430758,
    "29":0.00375315,
    "30":0.0112741205,
    "31":0.0156678271,
    "32":0.005471448,
    "33":0.00380448,
    "34":0.0064931725,
    "35":0.0430937076,
    "36":0.0141269761,
    "37":0.0192995416,
    "38":0.0134043126,
    "39":0.00383075,
    "40":0.0248999443,
    "41":0.0133849552,
    "42":0.005307994,
    "43":0.004995055,
    "44":0.005463545,
    "45":0.00399583,
    "46":0.0111185544,
    "47":0.0059047514,
    "48":0.0106294374,
    "49":0.0088125173
  },
  "Prop":{
    "0":0.009279145,
    "1":0.018502127,
    "2":0.0066832831,
    "3":0.0083359122,
    "4":0.0346788227,
    "5":0.0093398588,
    "6":0.00407891,
    "7":0.028751398,
    "8":0.004906736,
    "9":0.0412542359,
    "10":0.0613130303,
    "11":0.00602365,
    "12":0.0066551116,
    "13":0.0086327001,
    "14":0.0140277393,
    "15":0.0070576481,
    "16":0.0058005468,
    "17":0.0185457858,
    "18":0.004716267,
    "19":0.0198359389,
    "20":0.0109517383,
    "21":0.0101085687,
    "22":0.0160005313,
    "23":0.0102751381,
    "24":0.005673028,
    "25":0.0156862118,
    "26":0.0595513776,
    "27":0.0136355946,
    "28":0.0557283571,
    "29":0.00389739,
    "30":0.0114161443,
    "31":0.0167070325,
    "32":0.005129212,
    "33":0.00374299,
    "34":0.0068497202,
    "35":0.0449045304,
    "36":0.013224864,
    "37":0.0194138673,
    "38":0.0139979759,
    "39":0.0037304,
    "40":0.0241189069,
    "41":0.0144014401,
    "42":0.005526848,
    "43":0.00498568,
    "44":0.005235694,
    "45":0.00419379,
    "46":0.0114157411,
    "47":0.0057677497,
    "48":0.0105610892,
    "49":0.0095468407
  },
  "Delta_Uniform":{
    "0":-0.0023650766,
    "1":-0.0072069,
    "2":-0.0018737024,
    "3":-0.0030247771,
    "4":-0.0091893557,
    "5":-0.0027639094,
    "6":-0.0011993,
    "7":-0.0076408391,
    "8":-0.001535592,
    "9":-0.013851403,
    "10":-0.0179722031,
    "11":-0.0021214581,
    "12":-0.0011486386,
    "13":-0.0015264113,
    "14":-0.0043890415,
    "15":-0.0021785257,
    "16":-0.0017589445,
    "17":-0.0057800554,
    "18":-0.001553393,
    "19":-0.0050816438,
    "20":-0.0029390783,
    "21":-0.002146509,
    "22":-0.0045007579,
    "23":-0.0035279887,
    "24":-0.001323421,
    "25":-0.0031754939,
    "26":-0.0121773555,
    "27":-0.0024717632,
    "28":-0.0129857738,
    "29":-0.00107567,
    "30":-0.0037190706,
    "31":-0.0027944707,
    "32":-0.001747011,
    "33":-0.00117849,
    "34":-0.0013296523,
    "35":-0.0116881204,
    "36":-0.0038380383,
    "37":-0.0054998766,
    "38":-0.0041188063,
    "39":-0.00094731,
    "40":-0.0073792067,
    "41":-0.0046337663,
    "42":-0.001709385,
    "43":-0.00205471,
    "44":-0.001644613,
    "45":-0.00111239,
    "46":-0.0039681002,
    "47":-0.0017809857,
    "48":-0.0020387776,
    "49":-0.0023829629
  },
  "Delta_Prop":{
    "0":-0.003304156,
    "1":-0.0064771694,
    "2":-0.0018758678,
    "3":-0.0032309605,
    "4":-0.0093094026,
    "5":-0.0026097358,
    "6":-0.00160739,
    "7":-0.0076467456,
    "8":-0.001509004,
    "9":-0.0145415785,
    "10":-0.018116078,
    "11":-0.0022111119,
    "12":-0.0010830535,
    "13":-0.0023069992,
    "14":-0.0049317219,
    "15":-0.0021379683,
    "16":-0.0019470577,
    "17":-0.0049492901,
    "18":-0.001187853,
    "19":-0.0056967838,
    "20":-0.0033138743,
    "21":-0.0027437583,
    "22":-0.0048929579,
    "23":-0.0027694679,
    "24":-0.001633773,
    "25":-0.0045312583,
    "26":-0.0164056147,
    "27":-0.0028993118,
    "28":-0.0156710551,
    "29":-0.00121991,
    "30":-0.0038610943,
    "31":-0.0038336762,
    "32":-0.001404775,
    "33":-0.001117,
    "34":-0.0016862,
    "35":-0.0134989432,
    "36":-0.0029359262,
    "37":-0.0056142023,
    "38":-0.0047124695,
    "39":-0.00084696,
    "40":-0.0065981693,
    "41":-0.0056502512,
    "42":-0.001928239,
    "43":-0.002045335,
    "44":-0.001416762,
    "45":-0.00131035,
    "46":-0.004265287,
    "47":-0.001643984,
    "48":-0.0019704294,
    "49":-0.0031172863
  }
}