{
  "Astrahl":{
    "0":0.040919321,
    "1":0.03426759,
    "2":0.0553641072,
    "3":0.0484262,
    "4":0.03460328,
    "5":0.0348163,
    "6":0.05416289,
    "7":0.0345804,
    "8":0.0517182896,
    "9":0.0484526889,
    "10":0.04492458,
    "11":0.0697467277,
    "12":0.0651052658,
    "13":0.03919496,
    "14":0.056556,
    "15":0.03939199,
    "16":0.0376281,
    "17":0.0510204689,
    "18":0.04403318,
    "19":0.02895988,
    "20":0.04088845,
    "21":0.043844531,
    "22":0.0319541,
    "23":0.0431574899,
    "24":0.076505733,
    "25":0.0922449428,
    "26":0.0637265335,
    "27":0.037193331,
    "28":0.034255832,
    "29":0.04577359,
    "30":0.03307869,
    "31":0.05444018,
    "32":0.0613013479,
    "33":0.04012737,
    "34":0.0906333203,
    "35":0.042609231,
    "36":0.0343279749,
    "37":0.0755884652,
    "38":0.0474777572,
    "39":0.0773367477,
    "40":0.04758934,
    "41":0.0425032,
    "42":0.0467454864,
    "43":0.056062542,
    "44":0.0672906051,
    "45":0.042357433,
    "46":0.045479724,
    "47":0.034761781,
    "48":0.0620920064,
    "49":0.05086039
  },
  "Uniform":{
    "0":0.08223549,
    "1":0.06115529,
    "2":0.0915205679,
    "3":0.096887,
    "4":0.07313398,
    "5":0.0617701,
    "6":0.13743609,
    "7":0.071184,
    "8":0.071515251,
    "9":0.074668,
    "10":0.06816658,
    "11":0.12807554,
    "12":0.12035581,
    "13":0.06793258,
    "14":0.1063179,
    "15":0.0787542,
    "16":0.067893,
    "17":0.08179929,
    "18":0.0799761,
    "19":0.071326,
    "20":0.0682979,
    "21":0.0793599,
    "22":0.078136,
    "23":0.065896302,
    "24":0.1161611232,
    "25":0.133477072,
    "26":0.077173991,
    "27":0.06779139,
    "28":0.06726278,
    "29":0.0827072,
    "30":0.07283159,
    "31":0.10799009,
    "32":0.10403292,
    "33":0.06689348,
    "34":0.1693802414,
    "35":0.0828932,
    "36":0.074664361,
    "37":0.1107958468,
    "38":0.08086828,
    "39":0.13436786,
    "40":0.066629621,
    "41":0.06291419,
    "42":0.0849858028,
    "43":0.1156361,
    "44":0.1101690639,
    "45":0.0670099,
    "46":0.074653461,
    "47":0.0741062,
    "48":0.102496151,
    "49":0.0727571
  },
  "Prop":{
    "0":0.07429919,
    "1":0.07714859,
    "2":0.090298652,
    "3":0.101760461,
    "4":0.076538302,
    "5":0.064012,
    "6":0.1181640249,
    "7":0.0648301,
    "8":0.0757979607,
    "9":0.06773609,
    "10":0.07114339,
    "11":0.1111139444,
    "12":0.094484004,
    "13":0.065568,
    "14":0.0923302,
    "15":0.07150139,
    "16":0.0604601,
    "17":0.06394778,
    "18":0.060406,
    "19":0.05870939,
    "20":0.07283229,
    "21":0.0845476,
    "22":0.0586,
    "23":0.0759641,
    "24":0.094738101,
    "25":0.1457079989,
    "26":0.078314547,
    "27":0.06762571,
    "28":0.06305226,
    "29":0.0490491,
    "30":0.0587419,
    "31":0.099048261,
    "32":0.096067212,
    "33":0.0651492,
    "34":0.1438971129,
    "35":0.06470078,
    "36":0.06052687,
    "37":0.1186996248,
    "38":0.0711836269,
    "39":0.1122489724,
    "40":0.075757951,
    "41":0.0669621,
    "42":0.0666199648,
    "43":0.10411662,
    "44":0.10028727,
    "45":0.047597241,
    "46":0.06284989,
    "47":0.0629423,
    "48":0.1016435729,
    "49":0.06702051
  },
  "Delta_Uniform":{
    "0":-0.041316169,
    "1":-0.0268877,
    "2":-0.0361564607,
    "3":-0.0484608,
    "4":-0.0385307,
    "5":-0.0269538,
    "6":-0.0832732,
    "7":-0.0366036,
    "8":-0.0197969614,
    "9":-0.0262153111,
    "10":-0.023242,
    "11":-0.0583288123,
    "12":-0.0552505442,
    "13":-0.02873762,
    "14":-0.0497619,
    "15":-0.03936221,
    "16":-0.0302649,
    "17":-0.0307788211,
    "18":-0.03594292,
    "19":-0.04236612,
    "20":-0.02740945,
    "21":-0.035515369,
    "22":-0.0461819,
    "23":-0.0227388121,
    "24":-0.0396553902,
    "25":-0.0412321292,
    "26":-0.0134474575,
    "27":-0.030598059,
    "28":-0.033006948,
    "29":-0.03693361,
    "30":-0.0397529,
    "31":-0.05354991,
    "32":-0.0427315721,
    "33":-0.02676611,
    "34":-0.0787469211,
    "35":-0.040283969,
    "36":-0.0403363861,
    "37":-0.0352073816,
    "38":-0.0333905228,
    "39":-0.0570311123,
    "40":-0.019040281,
    "41":-0.02041099,
    "42":-0.0382403164,
    "43":-0.059573558,
    "44":-0.0428784588,
    "45":-0.024652467,
    "46":-0.029173737,
    "47":-0.039344419,
    "48":-0.0404041446,
    "49":-0.02189671
  },
  "Delta_Prop":{
    "0":-0.033379869,
    "1":-0.042881,
    "2":-0.0349345448,
    "3":-0.053334261,
    "4":-0.041935022,
    "5":-0.0291957,
    "6":-0.0640011349,
    "7":-0.0302497,
    "8":-0.0240796711,
    "9":-0.0192834011,
    "10":-0.02621881,
    "11":-0.0413672167,
    "12":-0.0293787382,
    "13":-0.02637304,
    "14":-0.0357742,
    "15":-0.0321094,
    "16":-0.022832,
    "17":-0.0129273111,
    "18":-0.01637282,
    "19":-0.02974951,
    "20":-0.03194384,
    "21":-0.040703069,
    "22":-0.0266459,
    "23":-0.0328066101,
    "24":-0.018232368,
    "25":-0.0534630561,
    "26":-0.0145880135,
    "27":-0.030432379,
    "28":-0.028796428,
    "29":-0.00327551,
    "30":-0.02566321,
    "31":-0.044608081,
    "32":-0.0347658641,
    "33":-0.02502183,
    "34":-0.0532637926,
    "35":-0.022091549,
    "36":-0.0261988951,
    "37":-0.0431111596,
    "38":-0.0237058697,
    "39":-0.0349122247,
    "40":-0.028168611,
    "41":-0.0244589,
    "42":-0.0198744784,
    "43":-0.048054078,
    "44":-0.0329966649,
    "45":-0.005239808,
    "46":-0.017370166,
    "47":-0.028180519,
    "48":-0.0395515665,
    "49":-0.01616012
  }
}