{
  "Astrahl":{
    "0":0.0947300135,
    "1":0.0511068091,
    "2":0.1479327924,
    "3":0.0940484464,
    "4":0.0352564852,
    "5":0.0569395811,
    "6":0.1942821433,
    "7":0.0364963569,
    "8":0.0879119864,
    "9":0.1133306006,
    "10":0.0510821582,
    "11":0.0548095903,
    "12":0.2024583586,
    "13":0.0468751487,
    "14":0.1853768334,
    "15":0.1088444352,
    "16":0.047829498,
    "17":0.0596916611,
    "18":0.040032059,
    "19":0.0395736519,
    "20":0.0448344886,
    "21":0.118151336,
    "22":0.0416403908,
    "23":0.0313982392,
    "24":0.0600621018,
    "25":0.0612477245,
    "26":0.0449708021,
    "27":0.052273478,
    "28":0.0577860551,
    "29":0.1184454113,
    "30":0.1580376831,
    "31":0.1385419246,
    "32":0.0903659026,
    "33":0.0528926611,
    "34":0.0879124967,
    "35":0.1185521043,
    "36":0.1399262278,
    "37":0.1374743998,
    "38":0.0464805407,
    "39":0.0406519193,
    "40":0.179460213,
    "41":0.0650649003,
    "42":0.0473040035,
    "43":0.0676354623,
    "44":0.0418153242,
    "45":0.0712622683,
    "46":0.1000920871,
    "47":0.1332029617,
    "48":0.0885324232,
    "49":0.0522084189,
    "50":0.1998767304,
    "51":0.0620253899,
    "52":0.0599436214,
    "53":0.0927039891,
    "54":0.0513137781,
    "55":0.0462171295,
    "56":0.0328430362,
    "57":0.0779496954,
    "58":0.037075562,
    "59":0.1953738151,
    "60":0.0990789878,
    "61":0.1296909025,
    "62":0.1362254234,
    "63":0.0722542162,
    "64":0.115141459,
    "65":0.1740349487,
    "66":0.0373349585,
    "67":0.1711148732,
    "68":0.1027687611,
    "69":0.1279360544,
    "70":0.0959201209,
    "71":0.1321884071,
    "72":0.0515669444,
    "73":0.2151816384,
    "74":0.0620799185,
    "75":0.0457241109,
    "76":0.1912719109,
    "77":0.0971502308,
    "78":0.1027113123,
    "79":0.0456371472,
    "80":0.077965027,
    "81":0.084188774,
    "82":0.137660917,
    "83":0.1456161275,
    "84":0.04586135,
    "85":0.0717331011,
    "86":0.0447143226,
    "87":0.1047765143,
    "88":0.0981700268,
    "89":0.1032886742,
    "90":0.162964098,
    "91":0.0326407307,
    "92":0.049132196,
    "93":0.1339493691,
    "94":0.0836991547,
    "95":0.1842807127,
    "96":0.1385793084,
    "97":0.0857680145,
    "98":0.076259057,
    "99":0.1783021245
  },
  "Uniform":{
    "0":0.1380420614,
    "1":0.0654232368,
    "2":0.2202855,
    "3":0.1408489606,
    "4":0.0526609251,
    "5":0.0677183736,
    "6":0.2885572783,
    "7":0.0542837629,
    "8":0.1152355353,
    "9":0.1616027341,
    "10":0.0764089919,
    "11":0.0678168277,
    "12":0.2972029105,
    "13":0.0694157443,
    "14":0.2785755258,
    "15":0.1639670395,
    "16":0.0675544515,
    "17":0.0761106363,
    "18":0.0600936407,
    "19":0.0544083765,
    "20":0.0656062301,
    "21":0.1631272713,
    "22":0.0567881068,
    "23":0.046356085,
    "24":0.0879691777,
    "25":0.086733993,
    "26":0.063414302,
    "27":0.0769698545,
    "28":0.0817973088,
    "29":0.1664826934,
    "30":0.2316635971,
    "31":0.2071340458,
    "32":0.1290300429,
    "33":0.0732817521,
    "34":0.1159766114,
    "35":0.1601121604,
    "36":0.2096225172,
    "37":0.2031008183,
    "38":0.0599780815,
    "39":0.0601137026,
    "40":0.2634016742,
    "41":0.096334985,
    "42":0.0592539726,
    "43":0.0978719146,
    "44":0.0602990229,
    "45":0.1067063354,
    "46":0.1511871649,
    "47":0.1956600762,
    "48":0.1329365428,
    "49":0.0704049598,
    "50":0.2939624289,
    "51":0.0934140596,
    "52":0.0868668653,
    "53":0.1400125112,
    "54":0.0665528721,
    "55":0.0656973476,
    "56":0.0478770238,
    "57":0.111154834,
    "58":0.0521486125,
    "59":0.2953408777,
    "60":0.1285506388,
    "61":0.1951949037,
    "62":0.2025340415,
    "63":0.1086505764,
    "64":0.1718721417,
    "65":0.2611032232,
    "66":0.0516891916,
    "67":0.2574816119,
    "68":0.1546424372,
    "69":0.1859141323,
    "70":0.1355635811,
    "71":0.1944374338,
    "72":0.0775810434,
    "73":0.3229523098,
    "74":0.091119543,
    "75":0.0583898989,
    "76":0.2885010173,
    "77":0.1468145557,
    "78":0.1525771975,
    "79":0.0676591698,
    "80":0.1039521071,
    "81":0.0958278653,
    "82":0.2030055689,
    "83":0.2175865923,
    "84":0.0613961446,
    "85":0.0948820029,
    "86":0.0657222378,
    "87":0.1568738406,
    "88":0.1478626326,
    "89":0.1555197266,
    "90":0.2406269533,
    "91":0.0474576641,
    "92":0.0727447542,
    "93":0.1979358135,
    "94":0.125297379,
    "95":0.2781973689,
    "96":0.2069415226,
    "97":0.1257922542,
    "98":0.0968229305,
    "99":0.2680525226
  },
  "Prop":{
    "0":0.1405836971,
    "1":0.0673847272,
    "2":0.2111964362,
    "3":0.1393908724,
    "4":0.0533642811,
    "5":0.0698375315,
    "6":0.2730112352,
    "7":0.0560096566,
    "8":0.1164297402,
    "9":0.1642438489,
    "10":0.07759501,
    "11":0.0691533763,
    "12":0.2848147044,
    "13":0.0705372399,
    "14":0.2523346364,
    "15":0.1559431702,
    "16":0.0694437241,
    "17":0.0787230762,
    "18":0.0615951043,
    "19":0.0566900607,
    "20":0.0672873862,
    "21":0.1650716188,
    "22":0.0591458063,
    "23":0.0477449474,
    "24":0.0902472183,
    "25":0.090303296,
    "26":0.0663137235,
    "27":0.0785147484,
    "28":0.0834177538,
    "29":0.1665042286,
    "30":0.227299699,
    "31":0.1977022136,
    "32":0.1291853861,
    "33":0.0755060278,
    "34":0.1178043675,
    "35":0.1611748035,
    "36":0.2019174561,
    "37":0.1967901939,
    "38":0.0619207751,
    "39":0.0617895385,
    "40":0.2514350635,
    "41":0.0981874702,
    "42":0.0608775757,
    "43":0.0989862656,
    "44":0.0619131798,
    "45":0.1091009974,
    "46":0.1464239711,
    "47":0.192397694,
    "48":0.127341875,
    "49":0.0729166746,
    "50":0.2784781981,
    "51":0.0913514116,
    "52":0.0884360133,
    "53":0.1313038481,
    "54":0.0683290874,
    "55":0.0683508465,
    "56":0.0498296986,
    "57":0.1135959465,
    "58":0.0544526379,
    "59":0.2704250691,
    "60":0.131815501,
    "61":0.1827852861,
    "62":0.2007043987,
    "63":0.1091654784,
    "64":0.1656366594,
    "65":0.2440585692,
    "66":0.0536498831,
    "67":0.2419120881,
    "68":0.147984137,
    "69":0.1819688088,
    "70":0.1391910277,
    "71":0.1895638074,
    "72":0.0760223099,
    "73":0.3024080838,
    "74":0.0934400071,
    "75":0.0597689808,
    "76":0.2619071141,
    "77":0.1439210609,
    "78":0.1530264837,
    "79":0.0698788668,
    "80":0.1063374866,
    "81":0.0979271635,
    "82":0.2018584359,
    "83":0.2115200159,
    "84":0.0639932707,
    "85":0.0992761372,
    "86":0.0678324869,
    "87":0.1555799082,
    "88":0.1433866991,
    "89":0.1470651492,
    "90":0.2328529433,
    "91":0.049367934,
    "92":0.0751171337,
    "93":0.1945832429,
    "94":0.1292865747,
    "95":0.2517570209,
    "96":0.1982979381,
    "97":0.1276643903,
    "98":0.0998766732,
    "99":0.2504353955
  },
  "Delta_Uniform":{
    "0":-0.0433120479,
    "1":-0.0143164277,
    "2":-0.0723527076,
    "3":-0.0468005141,
    "4":-0.0174044399,
    "5":-0.0107787924,
    "6":-0.0942751351,
    "7":-0.017787406,
    "8":-0.0273235489,
    "9":-0.0482721335,
    "10":-0.0253268337,
    "11":-0.0130072374,
    "12":-0.094744552,
    "13":-0.0225405956,
    "14":-0.0931986924,
    "15":-0.0551226043,
    "16":-0.0197249536,
    "17":-0.0164189752,
    "18":-0.0200615817,
    "19":-0.0148347246,
    "20":-0.0207717416,
    "21":-0.0449759353,
    "22":-0.015147716,
    "23":-0.0149578459,
    "24":-0.0279070759,
    "25":-0.0254862686,
    "26":-0.0184434999,
    "27":-0.0246963764,
    "28":-0.0240112537,
    "29":-0.0480372821,
    "30":-0.073625914,
    "31":-0.0685921212,
    "32":-0.0386641403,
    "33":-0.0203890909,
    "34":-0.0280641147,
    "35":-0.0415600561,
    "36":-0.0696962895,
    "37":-0.0656264185,
    "38":-0.0134975408,
    "39":-0.0194617833,
    "40":-0.0839414612,
    "41":-0.0312700847,
    "42":-0.0119499691,
    "43":-0.0302364523,
    "44":-0.0184836988,
    "45":-0.035444067,