{
  "Astrahl":{
    "0":0.0000099731,
    "1":0.0,
    "2":0.0,
    "3":0.000005149,
    "4":0.0000056953,
    "5":0.0,
    "6":0.0,
    "7":0.0,
    "8":0.0,
    "9":0.0000040951,
    "10":0.0,
    "11":0.0,
    "12":0.00000542,
    "13":0.0,
    "14":0.0,
    "15":0.0000040951,
    "16":0.0,
    "17":0.0,
    "18":0.0,
    "19":0.0000243662,
    "20":0.0,
    "21":0.0000040951,
    "22":0.0000040951,
    "23":0.0,
    "24":0.0000068051,
    "25":0.0,
    "26":0.0000119541,
    "27":0.0000195611,
    "28":0.0,
    "29":0.0000019,
    "30":0.0000075341,
    "31":0.0,
    "32":0.0000099731,
    "33":0.0000075341,
    "34":0.0,
    "35":0.0000046856,
    "36":0.0,
    "37":0.00000271,
    "38":0.0,
    "39":0.0,
    "40":0.00000271,
    "41":0.0,
    "42":0.0,
    "43":0.0000019,
    "44":0.0,
    "45":0.0,
    "46":0.000006878,
    "47":0.0,
    "48":0.0,
    "49":0.0
  },
  "Uniform":{
    "0":0.00000851,
    "1":0.0000089951,
    "2":0.000009049,
    "3":0.0000157541,
    "4":0.0000253421,
    "5":0.00001132,
    "6":0.0000058,
    "7":0.0000019,
    "8":0.0000078951,
    "9":0.0000298982,
    "10":0.00001032,
    "11":0.00001212,
    "12":0.00001041,
    "13":0.00000751,
    "14":0.0000039,
    "15":0.00001773,
    "16":0.0000068,
    "17":0.0000087,
    "18":0.00001041,
    "19":0.0001379836,
    "20":0.0000038,
    "21":0.0000571291,
    "22":0.00000941,
    "23":0.000018447,
    "24":0.0000487621,
    "25":0.00001592,
    "26":0.0001062482,
    "27":0.0000471137,
    "28":0.000002,
    "29":0.00001351,
    "30":0.0000306621,
    "31":0.00000932,
    "32":0.0000067,
    "33":0.0000146831,
    "34":0.00000832,
    "35":0.000018979,
    "36":0.000002,
    "37":0.0000086,
    "38":0.000021779,
    "39":0.000021537,
    "40":0.000003,
    "41":0.00001682,
    "42":0.00001664,
    "43":0.00001202,
    "44":0.00001612,
    "45":0.00000371,
    "46":0.000017459,
    "47":0.000002,
    "48":0.0000049,
    "49":0.000013388
  },
  "Prop":{
    "0":0.00000922,
    "1":0.00000661,
    "2":0.00000542,
    "3":0.0000220741,
    "4":0.0000268028,
    "5":0.0000059,
    "6":0.0000019,
    "7":0.0,
    "8":0.000010139,
    "9":0.000020169,
    "10":0.000002,
    "11":0.00001221,
    "12":0.00001031,
    "13":0.0000154051,
    "14":0.0000067,
    "15":0.000015559,
    "16":0.0000058,
    "17":0.00000561,
    "18":0.000009049,
    "19":0.0001315579,
    "20":0.000001,
    "21":0.0000329491,
    "22":0.000009949,
    "23":0.0000636862,
    "24":0.0000466062,
    "25":0.0000038,
    "26":0.000090286,
    "27":0.0000711911,
    "28":0.0000029,
    "29":0.0000106,
    "30":0.0000623498,
    "31":0.000002,
    "32":0.0000154831,
    "33":0.00002504,
    "34":0.0000029,
    "35":0.000013559,
    "36":0.0000067,
    "37":0.00001654,
    "38":0.0000019,
    "39":0.000020979,
    "40":0.000008,
    "41":0.00001321,
    "42":0.00001692,
    "43":0.00001482,
    "44":0.0000078,
    "45":0.0000096,
    "46":0.00001302,
    "47":0.0000029,
    "48":0.0000019,
    "49":0.0000121441
  },
  "Delta_Uniform":{
    "0":0.0000014631,
    "1":-0.0000089951,
    "2":-0.000009049,
    "3":-0.0000106051,
    "4":-0.0000196468,
    "5":-0.00001132,
    "6":-0.0000058,
    "7":-0.0000019,
    "8":-0.0000078951,
    "9":-0.0000258031,
    "10":-0.00001032,
    "11":-0.00001212,
    "12":-0.00000499,
    "13":-0.00000751,
    "14":-0.0000039,
    "15":-0.0000136349,
    "16":-0.0000068,
    "17":-0.0000087,
    "18":-0.00001041,
    "19":-0.0001136174,
    "20":-0.0000038,
    "21":-0.000053034,
    "22":-0.0000053149,
    "23":-0.000018447,
    "24":-0.000041957,
    "25":-0.00001592,
    "26":-0.0000942941,
    "27":-0.0000275526,
    "28":-0.000002,
    "29":-0.00001161,
    "30":-0.000023128,
    "31":-0.00000932,
    "32":0.0000032731,
    "33":-0.000007149,
    "34":-0.00000832,
    "35":-0.0000142934,
    "36":-0.000002,
    "37":-0.00000589,
    "38":-0.000021779,
    "39":-0.000021537,
    "40":-0.00000029,
    "41":-0.00001682,
    "42":-0.00001664,
    "43":-0.00001012,
    "44":-0.00001612,
    "45":-0.00000371,
    "46":-0.000010581,
    "47":-0.000002,
    "48":-0.0000049,
    "49":-0.000013388
  },
  "Delta_Prop":{
    "0":0.0000007531,
    "1":-0.00000661,
    "2":-0.00000542,
    "3":-0.0000169251,
    "4":-0.0000211075,
    "5":-0.0000059,
    "6":-0.0000019,
    "7":0.0,
    "8":-0.000010139,
    "9":-0.0000160739,
    "10":-0.000002,
    "11":-0.00001221,
    "12":-0.00000489,
    "13":-0.0000154051,
    "14":-0.0000067,
    "15":-0.0000114639,
    "16":-0.0000058,
    "17":-0.00000561,
    "18":-0.000009049,
    "19":-0.0001071917,
    "20":-0.000001,
    "21":-0.000028854,
    "22":-0.0000058539,
    "23":-0.0000636862,
    "24":-0.0000398011,
    "25":-0.0000038,
    "26":-0.0000783319,
    "27":-0.00005163,
    "28":-0.0000029,
    "29":-0.0000087,
    "30":-0.0000548157,
    "31":-0.000002,
    "32":-0.00000551,
    "33":-0.0000175059,
    "34":-0.0000029,
    "35":-0.0000088734,
    "36":-0.0000067,
    "37":-0.00001383,
    "38":-0.0000019,
    "39":-0.000020979,
    "40":-0.00000529,
    "41":-0.00001321,
    "42":-0.00001692,
    "43":-0.00001292,
    "44":-0.0000078,
    "45":-0.0000096,
    "46":-0.000006142,
    "47":-0.0000029,
    "48":-0.0000019,
    "49":-0.0000121441
  }
}