{
  "Astrahl":{
    "0":0.0003033878,
    "1":0.0000160427,
    "2":0.0000474712,
    "3":0.000006431,
    "4":0.000040352,
    "5":0.0000433608,
    "6":0.0000272724,
    "7":0.0000881206,
    "8":0.000011881,
    "9":0.0000301182,
    "10":0.0000313828,
    "11":0.000012753,
    "12":0.000010573,
    "13":0.0002873781,
    "14":0.0000172347,
    "15":0.000018094,
    "16":0.000011881,
    "17":0.0000457223,
    "18":0.000007026,
    "19":0.00000981,
    "20":0.0000321103,
    "21":0.0000926543,
    "22":0.0000309378,
    "23":0.0000627425,
    "24":0.0000508081,
    "25":0.0000307055,
    "26":0.0000321102,
    "27":0.0000560325,
    "28":0.00000654,
    "29":0.000029715,
    "30":0.0001070442,
    "31":0.0000312998,
    "32":0.0000263475,
    "33":0.0001880085,
    "34":0.0000640915,
    "35":0.0001278687,
    "36":0.0000328466,
    "37":0.0001849245,
    "38":0.000015042,
    "39":0.000039346,
    "40":0.0000417049,
    "41":0.0000355325,
    "42":0.0002439601,
    "43":0.00000218,
    "44":0.0000255496,
    "45":0.0000589975,
    "46":0.0000329507,
    "47":0.0000350461,
    "48":0.0000480461,
    "49":0.0000401686
  },
  "Uniform":{
    "0":0.0007009405,
    "1":0.0000485781,
    "2":0.0000729829,
    "3":0.000034924,
    "4":0.0001009124,
    "5":0.0000686973,
    "6":0.0000975706,
    "7":0.0003535203,
    "8":0.000040965,
    "9":0.0000940549,
    "10":0.0000925622,
    "11":0.000038165,
    "12":0.000037668,
    "13":0.0006842143,
    "14":0.0000832127,
    "15":0.000036706,
    "16":0.000045215,
    "17":0.000098107,
    "18":0.00002293,
    "19":0.00001692,
    "20":0.0000855455,
    "21":0.0001052031,
    "22":0.0000647039,
    "23":0.0000746693,
    "24":0.0001158068,
    "25":0.0000614677,
    "26":0.0001240523,
    "27":0.0000913352,
    "28":0.00001523,
    "29":0.000032684,
    "30":0.0002112354,
    "31":0.0000749626,
    "32":0.0000504008,
    "33":0.0004214067,
    "34":0.0000888098,
    "35":0.0002865429,
    "36":0.000062022,
    "37":0.0004707635,
    "38":0.000039735,
    "39":0.000094762,
    "40":0.0001121964,
    "41":0.00009383,
    "42":0.0003864585,
    "43":0.00002149,
    "44":0.0000510999,
    "45":0.0001153531,
    "46":0.0000405438,
    "47":0.0000899465,
    "48":0.000115422,
    "49":0.0000971529
  },
  "Prop":{
    "0":0.0005453566,
    "1":0.0000585735,
    "2":0.0000710874,
    "3":0.000050941,
    "4":0.0001177098,
    "5":0.0000670868,
    "6":0.0001116457,
    "7":0.0003541218,
    "8":0.000039575,
    "9":0.0001254573,
    "10":0.0000996296,
    "11":0.000047168,
    "12":0.000036162,
    "13":0.0007588487,
    "14":0.0000621089,
    "15":0.000033722,
    "16":0.000041408,
    "17":0.0000989391,
    "18":0.000023532,
    "19":0.00002182,
    "20":0.0000805989,
    "21":0.0001195932,
    "22":0.0000488861,
    "23":0.0000829922,
    "24":0.000076971,
    "25":0.0000732506,
    "26":0.0001328038,
    "27":0.0000804219,
    "28":0.00002502,
    "29":0.000037574,
    "30":0.0001593499,
    "31":0.0000767287,
    "32":0.0000457385,
    "33":0.0004469247,
    "34":0.0001165483,
    "35":0.0002617327,
    "36":0.000059949,
    "37":0.0005324685,
    "38":0.0000496,
    "39":0.0000911287,
    "40":0.0001552712,
    "41":0.0000668806,
    "42":0.0005309258,
    "43":0.00001684,
    "44":0.0000597725,
    "45":0.0001267975,
    "46":0.000062786,
    "47":0.0000620697,
    "48":0.0001215058,
    "49":0.0001384965
  },
  "Delta_Uniform":{
    "0":-0.0003975527,
    "1":-0.0000325354,
    "2":-0.0000255118,
    "3":-0.000028493,
    "4":-0.0000605604,
    "5":-0.0000253364,
    "6":-0.0000702982,
    "7":-0.0002653996,
    "8":-0.000029084,
    "9":-0.0000639367,
    "10":-0.0000611794,
    "11":-0.000025412,
    "12":-0.000027095,
    "13":-0.0003968362,
    "14":-0.000065978,
    "15":-0.000018612,
    "16":-0.000033334,
    "17":-0.0000523847,
    "18":-0.000015904,
    "19":-0.00000711,
    "20":-0.0000534352,
    "21":-0.0000125488,
    "22":-0.0000337661,
    "23":-0.0000119268,
    "24":-0.0000649987,
    "25":-0.0000307622,
    "26":-0.0000919421,
    "27":-0.0000353027,
    "28":-0.00000869,
    "29":-0.000002969,
    "30":-0.0001041912,
    "31":-0.0000436628,
    "32":-0.0000240533,
    "33":-0.0002333982,
    "34":-0.0000247183,
    "35":-0.0001586742,
    "36":-0.0000291754,
    "37":-0.000285839,
    "38":-0.000024693,
    "39":-0.000055416,
    "40":-0.0000704916,
    "41":-0.0000582976,
    "42":-0.0001424983,
    "43":-0.00001931,
    "44":-0.0000255503,
    "45":-0.0000563556,
    "46":-0.0000075931,
    "47":-0.0000549004,
    "48":-0.0000673759,
    "49":-0.0000569843
  },
  "Delta_Prop":{
    "0":-0.0002419689,
    "1":-0.0000425308,
    "2":-0.0000236163,
    "3":-0.00004451,
    "4":-0.0000773578,
    "5":-0.000023726,
    "6":-0.0000843733,
    "7":-0.0002660011,
    "8":-0.000027694,
    "9":-0.000095339,
    "10":-0.0000682468,
    "11":-0.000034415,
    "12":-0.000025589,
    "13":-0.0004714706,
    "14":-0.0000448742,
    "15":-0.000015628,
    "16":-0.000029527,
    "17":-0.0000532168,
    "18":-0.000016506,
    "19":-0.00001201,
    "20":-0.0000484886,
    "21":-0.0000269389,
    "22":-0.0000179483,
    "23":-0.0000202497,
    "24":-0.0000261629,
    "25":-0.0000425451,
    "26":-0.0001006936,
    "27":-0.0000243893,
    "28":-0.00001848,
    "29":-0.000007859,
    "30":-0.0000523058,
    "31":-0.0000454289,
    "32":-0.000019391,
    "33":-0.0002589162,
    "34":-0.0000524568,
    "35":-0.000133864,
    "36":-0.0000271025,
    "37":-0.000347544,
    "38":-0.000034558,
    "39":-0.0000517827,
    "40":-0.0001135663,
    "41":-0.0000313481,
    "42":-0.0002869657,
    "43":-0.00001466,
    "44":-0.0000342229,
    "45":-0.0000678,
    "46":-0.0000298353,
    "47":-0.0000270236,
    "48":-0.0000734597,
    "49":-0.0000983279
  }
}