{
  "Astrahl":{
    "0":0.122686737,
    "1":0.1497690572,
    "2":0.141219531,
    "3":0.235200603,
    "4":0.1037079791,
    "5":0.1322569001,
    "6":0.1037167,
    "7":0.10736692,
    "8":0.1548654114,
    "9":0.1963941283,
    "10":0.1742034929,
    "11":0.1204798804,
    "12":0.1561861771,
    "13":0.1778273316,
    "14":0.2260615021,
    "15":0.116402999,
    "16":0.113872927,
    "17":0.1082014988,
    "18":0.1880289684,
    "19":0.1624857038,
    "20":0.1708189348,
    "21":0.2220551731,
    "22":0.11382581,
    "23":0.1446624123,
    "24":0.3192419304,
    "25":0.1450759325,
    "26":0.1594267871,
    "27":0.1401969312,
    "28":0.126143284,
    "29":0.2650987892,
    "30":0.2195855321,
    "31":0.2182713974,
    "32":0.1690042431,
    "33":0.173368408,
    "34":0.1764882662,
    "35":0.11180881,
    "36":0.142731674,
    "37":0.1518629771,
    "38":0.123217563,
    "39":0.2236748196,
    "40":0.1765927161,
    "41":0.3366872487,
    "42":0.1612040726,
    "43":0.160292226,
    "44":0.1410690165,
    "45":0.1418336044,
    "46":0.155112608,
    "47":0.136780437,
    "48":0.1482738943,
    "49":0.2107367232
  },
  "Uniform":{
    "0":0.16613998,
    "1":0.1805545783,
    "2":0.200958657,
    "3":0.2780491618,
    "4":0.1477554891,
    "5":0.210995835,
    "6":0.16410432,
    "7":0.15302492,
    "8":0.2009244671,
    "9":0.2319144041,
    "10":0.2060489379,
    "11":0.1665119022,
    "12":0.2213320991,
    "13":0.2526209587,
    "14":0.235918892,
    "15":0.150212099,
    "16":0.152722079,
    "17":0.1648277964,
    "18":0.2690849216,
    "19":0.2060794045,
    "20":0.1894507953,
    "21":0.2799273331,
    "22":0.14324661,
    "23":0.206717668,
    "24":0.4285008459,
    "25":0.1723644707,
    "26":0.2148737391,
    "27":0.2129097781,
    "28":0.147253699,
    "29":0.300304353,
    "30":0.2512884616,
    "31":0.2523409013,
    "32":0.241821754,
    "33":0.2287599911,
    "34":0.2586271248,
    "35":0.15016832,
    "36":0.2134760471,
    "37":0.212792065,
    "38":0.15270666,
    "39":0.2847465639,
    "40":0.2519276212,
    "41":0.4187129021,
    "42":0.2045355714,
    "43":0.2589497091,
    "44":0.1744318763,
    "45":0.2092975085,
    "46":0.200344129,
    "47":0.1983160501,
    "48":0.1710905918,
    "49":0.2479810128
  },
  "Prop":{
    "0":0.145310519,
    "1":0.1697669065,
    "2":0.182317588,
    "3":0.290767729,
    "4":0.152972403,
    "5":0.2053969712,
    "6":0.15102203,
    "7":0.1480208,
    "8":0.20385846,
    "9":0.2184373643,
    "10":0.1988245791,
    "11":0.1762067844,
    "12":0.2000080397,
    "13":0.2472029929,
    "14":0.2590818497,
    "15":0.146511777,
    "16":0.14931409,
    "17":0.1623546813,
    "18":0.2289161917,
    "19":0.2129310393,
    "20":0.191524501,
    "21":0.2667371346,
    "22":0.15737333,
    "23":0.206100224,
    "24":0.4077729283,
    "25":0.1861327647,
    "26":0.1863204972,
    "27":0.195477047,
    "28":0.149355537,
    "29":0.3039196964,
    "30":0.2644678495,
    "31":0.255604108,
    "32":0.210653089,
    "33":0.228986217,
    "34":0.2422519126,
    "35":0.15525281,
    "36":0.183768397,
    "37":0.1767713721,
    "38":0.1568501821,
    "39":0.2836369471,
    "40":0.2290883762,
    "41":0.4097325756,
    "42":0.214896942,
    "43":0.2190333121,
    "44":0.1667145673,
    "45":0.2037143459,
    "46":0.181396419,
    "47":0.204472805,
    "48":0.170213533,
    "49":0.2489748952
  },
  "Delta_Uniform":{
    "0":-0.043453243,
    "1":-0.0307855211,
    "2":-0.059739126,
    "3":-0.0428485588,
    "4":-0.04404751,
    "5":-0.0787389349,
    "6":-0.06038762,
    "7":-0.045658,
    "8":-0.0460590557,
    "9":-0.0355202758,
    "10":-0.0318454449,
    "11":-0.0460320218,
    "12":-0.065145922,
    "13":-0.0747936271,
    "14":-0.0098573899,
    "15":-0.0338091,
    "16":-0.038849152,
    "17":-0.0566262975,
    "18":-0.0810559532,
    "19":-0.0435937007,
    "20":-0.0186318605,
    "21":-0.05787216,
    "22":-0.0294208,
    "23":-0.0620552557,
    "24":-0.1092589155,
    "25":-0.0272885381,
    "26":-0.055446952,
    "27":-0.0727128469,
    "28":-0.021110415,
    "29":-0.0352055638,
    "30":-0.0317029295,
    "31":-0.0340695039,
    "32":-0.0728175109,
    "33":-0.0553915831,
    "34":-0.0821388586,
    "35":-0.03835951,
    "36":-0.0707443731,
    "37":-0.0609290879,
    "38":-0.029489097,
    "39":-0.0610717443,
    "40":-0.0753349051,
    "41":-0.0820256535,
    "42":-0.0433314988,
    "43":-0.0986574831,
    "44":-0.0333628598,
    "45":-0.0674639041,
    "46":-0.045231521,
    "47":-0.0615356131,
    "48":-0.0228166975,
    "49":-0.0372442896
  },
  "Delta_Prop":{
    "0":-0.022623782,
    "1":-0.0199978493,
    "2":-0.041098057,
    "3":-0.0555671261,
    "4":-0.0492644239,
    "5":-0.0731400711,
    "6":-0.04730533,
    "7":-0.04065388,
    "8":-0.0489930486,
    "9":-0.022043236,
    "10":-0.0246210862,
    "11":-0.055726904,
    "12":-0.0438218626,
    "13":-0.0693756613,
    "14":-0.0330203476,
    "15":-0.030108778,
    "16":-0.035441163,
    "17":-0.0541531825,
    "18":-0.0408872233,
    "19":-0.0504453355,
    "20":-0.0207055663,
    "21":-0.0446819614,
    "22":-0.04354752,
    "23":-0.0614378117,
    "24":-0.0885309979,
    "25":-0.0410568322,
    "26":-0.0268937101,
    "27":-0.0552801158,
    "28":-0.023212253,
    "29":-0.0388209072,
    "30":-0.0448823174,
    "31":-0.0373327106,
    "32":-0.0416488459,
    "33":-0.055617809,
    "34":-0.0657636465,
    "35":-0.043444,
    "36":-0.041036723,
    "37":-0.024908395,
    "38":-0.0336326191,
    "39":-0.0599621275,
    "40":-0.0524956601,
    "41":-0.0730453269,
    "42":-0.0536928694,
    "43":-0.0587410861,
    "44":-0.0256455508,
    "45":-0.0618807415,
    "46":-0.026283811,
    "47":-0.067692368,
    "48":-0.0219396387,
    "49":-0.038238172
  }
}