{
  "Astrahl":{
    "0":0.0871939536,
    "1":0.0832941705,
    "2":0.0549353364,
    "3":0.0786451498,
    "4":0.1268053936,
    "5":0.050135813,
    "6":0.03500902,
    "7":0.0947844277,
    "8":0.046602238,
    "9":0.2088599589,
    "10":0.2092108618,
    "11":0.0473713149,
    "12":0.0667625222,
    "13":0.0782954379,
    "14":0.0760939816,
    "15":0.0694242303,
    "16":0.0439976901,
    "17":0.0722976156,
    "18":0.040664343,
    "19":0.0834516279,
    "20":0.0636951854,
    "21":0.0763355976,
    "22":0.0818447823,
    "23":0.058600881,
    "24":0.054226152,
    "25":0.0656872862,
    "26":0.1196643688,
    "27":0.064946963,
    "28":0.1723289379,
    "29":0.04143995,
    "30":0.0541006115,
    "31":0.0765547129,
    "32":0.039599617,
    "33":0.03562804,
    "34":0.0569699785,
    "35":0.1308505014,
    "36":0.0791951389,
    "37":0.0778850558,
    "38":0.0667790287,
    "39":0.03731315,
    "40":0.0974144896,
    "41":0.0705228151,
    "42":0.047430688,
    "43":0.041974775,
    "44":0.047385981,
    "45":0.03552487,
    "46":0.0454925103,
    "47":0.0466684764,
    "48":0.0878042081,
    "49":0.0514477782
  },
  "Uniform":{
    "0":0.0983053658,
    "1":0.1087808824,
    "2":0.0679295173,
    "3":0.0974870995,
    "4":0.1672508691,
    "5":0.0635298722,
    "6":0.04663256,
    "7":0.112339312,
    "8":0.051226844,
    "9":0.2354019978,
    "10":0.2537994697,
    "11":0.0575187594,
    "12":0.0804915109,
    "13":0.0988715694,
    "14":0.0907855575,
    "15":0.0704606533,
    "16":0.0628917781,
    "17":0.1016252179,
    "18":0.05369559,
    "19":0.1053772007,
    "20":0.0754282107,
    "21":0.0992808027,
    "22":0.0981296955,
    "23":0.0772512264,
    "24":0.064223091,
    "25":0.0892903054,
    "26":0.154669112,
    "27":0.0847515041,
    "28":0.1989277435,
    "29":0.0462122,
    "30":0.0720540888,
    "31":0.1017793411,
    "32":0.056228998,
    "33":0.04065772,
    "34":0.0706034118,
    "35":0.1595331026,
    "36":0.0996170918,
    "37":0.1014029033,
    "38":0.0870927508,
    "39":0.04275635,
    "40":0.1292052262,
    "41":0.0896510382,
    "42":0.062969212,
    "43":0.053032849,
    "44":0.064037475,
    "45":0.04297264,
    "46":0.0727305713,
    "47":0.060491031,
    "48":0.1156670307,
    "49":0.0572325483
  },
  "Prop":{
    "0":0.0989775545,
    "1":0.1095984429,
    "2":0.0720304876,
    "3":0.0969825254,
    "4":0.1708197894,
    "5":0.0647901712,
    "6":0.04476517,
    "7":0.1194175358,
    "8":0.055048751,
    "9":0.2425645663,
    "10":0.2670907474,
    "11":0.0601760777,
    "12":0.0842365567,
    "13":0.1016521156,
    "14":0.0900033271,
    "15":0.0796256631,
    "16":0.0619120835,
    "17":0.1033858581,
    "18":0.05260473,
    "19":0.0962850605,
    "20":0.076776065,
    "21":0.1021159424,
    "22":0.1022589125,
    "23":0.0797562712,
    "24":0.064943218,
    "25":0.091229361,
    "26":0.1526004822,
    "27":0.0860607999,
    "28":0.1944243441,
    "29":0.04297576,
    "30":0.0690916734,
    "31":0.0994406234,
    "32":0.053652966,
    "33":0.04665345,
    "34":0.0697823076,
    "35":0.172024299,
    "36":0.0992685506,
    "37":0.1049087441,
    "38":0.0885371509,
    "39":0.04324154,
    "40":0.1299031455,
    "41":0.0911159659,
    "42":0.063911151,
    "43":0.055924801,
    "44":0.059768073,
    "45":0.04288126,
    "46":0.074629228,
    "47":0.0597876208,
    "48":0.1128485488,
    "49":0.064544901
  },
  "Delta_Uniform":{
    "0":-0.0111114122,
    "1":-0.0254867119,
    "2":-0.0129941808,
    "3":-0.0188419497,
    "4":-0.0404454755,
    "5":-0.0133940592,
    "6":-0.01162354,
    "7":-0.0175548842,
    "8":-0.004624606,
    "9":-0.0265420389,
    "10":-0.0445886079,
    "11":-0.0101474445,
    "12":-0.0137289887,
    "13":-0.0205761315,
    "14":-0.0146915759,
    "15":-0.001036423,
    "16":-0.018894088,
    "17":-0.0293276023,
    "18":-0.013031247,
    "19":-0.0219255729,
    "20":-0.0117330253,
    "21":-0.0229452051,
    "22":-0.0162849132,
    "23":-0.0186503454,
    "24":-0.009996939,
    "25":-0.0236030192,
    "26":-0.0350047432,
    "27":-0.0198045411,
    "28":-0.0265988056,
    "29":-0.00477225,
    "30":-0.0179534773,
    "31":-0.0252246282,
    "32":-0.016629381,
    "33":-0.00502968,
    "34":-0.0136334332,
    "35":-0.0286826012,
    "36":-0.0204219529,
    "37":-0.0235178475,
    "38":-0.0203137221,
    "39":-0.0054432,
    "40":-0.0317907365,
    "41":-0.0191282231,
    "42":-0.015538524,
    "43":-0.011058074,
    "44":-0.016651494,
    "45":-0.00744777,
    "46":-0.0272380609,
    "47":-0.0138225546,
    "48":-0.0278628226,
    "49":-0.0057847701
  },
  "Delta_Prop":{
    "0":-0.011783601,
    "1":-0.0263042724,
    "2":-0.0170951512,
    "3":-0.0183373756,
    "4":-0.0440143958,
    "5":-0.0146543582,
    "6":-0.00975615,
    "7":-0.0246331081,
    "8":-0.008446513,
    "9":-0.0337046073,
    "10":-0.0578798856,
    "11":-0.0128047628,
    "12":-0.0174740345,
    "13":-0.0233566777,
    "14":-0.0139093455,
    "15":-0.0102014328,
    "16":-0.0179143934,
    "17":-0.0310882425,
    "18":-0.011940387,
    "19":-0.0128334326,
    "20":-0.0130808796,
    "21":-0.0257803448,
    "22":-0.0204141301,
    "23":-0.0211553902,
    "24":-0.010717066,
    "25":-0.0255420747,
    "26":-0.0329361134,
    "27":-0.0211138369,
    "28":-0.0220954062,
    "29":-0.00153581,
    "30":-0.0149910619,
    "31":-0.0228859105,
    "32":-0.014053349,
    "33":-0.01102541,
    "34":-0.012812329,
    "35":-0.0411737977,
    "36":-0.0200734117,
    "37":-0.0270236883,
    "38":-0.0217581222,
    "39":-0.00592839,
    "40":-0.0324886558,
    "41":-0.0205931508,
    "42":-0.016480463,
    "43":-0.013950026,
    "44":-0.012382092,
    "45":-0.00735639,
    "46":-0.0291367176,
    "47":-0.0131191444,
    "48":-0.0250443407,
    "49":-0.0130971228
  }
}