{
  "Astrahl":{
    "0":0.0,
    "1":0.0000890262,
    "2":0.0,
    "3":0.0005591814,
    "4":0.0001182672,
    "5":0.0001556138,
    "6":0.0001408305,
    "7":0.0001780524,
    "8":0.0,
    "9":0.0,
    "10":0.0001863938,
    "11":0.0000778069,
    "12":0.0001109772,
    "13":0.0001182672,
    "14":0.0,
    "15":0.0,
    "16":0.0001269795,
    "17":0.0,
    "18":0.00010298,
    "19":0.0002795907,
    "20":0.000073441,
    "21":0.0,
    "22":0.0001863938,
    "23":0.000220323,
    "24":0.0001863938,
    "25":0.0002827631,
    "26":0.0,
    "27":0.0,
    "28":0.0002327802,
    "29":0.0,
    "30":0.000065341,
    "31":0.0,
    "32":0.0,
    "33":0.0002795907,
    "34":0.0001082112,
    "35":0.0,
    "36":0.0001413815,
    "37":0.0001082112,
    "38":0.0001780524,
    "39":0.00005149,
    "40":0.0,
    "41":0.000065341,
    "42":0.0000778069,
    "43":0.00010298,
    "44":0.0,
    "45":0.0,
    "46":0.0002219544,
    "47":0.0004439088,
    "48":0.0000991236,
    "49":0.0
  },
  "Uniform":{
    "0":0.0011882589,
    "1":0.000586744,
    "2":0.0004283,
    "3":0.0034677554,
    "4":0.001201455,
    "5":0.0018091509,
    "6":0.0038747504,
    "7":0.0016241999,
    "8":0.0014442326,
    "9":0.001496096,
    "10":0.001651951,
    "11":0.000924541,
    "12":0.001185024,
    "13":0.0015133999,
    "14":0.0010903389,
    "15":0.00056448,
    "16":0.0025894956,
    "17":0.0008478399,
    "18":0.00060339,
    "19":0.0025007048,
    "20":0.00067107,
    "21":0.0022599769,
    "22":0.0030719395,
    "23":0.00108175,
    "24":0.001396002,
    "25":0.0024767137,
    "26":0.0038233908,
    "27":0.0012676789,
    "28":0.0019146729,
    "29":0.001086404,
    "30":0.000995052,
    "31":0.000621511,
    "32":0.00049719,
    "33":0.0010588679,
    "34":0.0010558778,
    "35":0.000878272,
    "36":0.0012804722,
    "37":0.0010573689,
    "38":0.001715771,
    "39":0.00042628,
    "40":0.0029659213,
    "41":0.00051489,
    "42":0.0020753876,
    "43":0.00091757,
    "44":0.0019852347,
    "45":0.0016760515,
    "46":0.0035011099,
    "47":0.0031580549,
    "48":0.000874016,
    "49":0.0009293269
  },
  "Prop":{
    "0":0.0013004799,
    "1":0.000862743,
    "2":0.00037469,
    "3":0.0032968916,
    "4":0.0012668089,
    "5":0.0016648409,
    "6":0.0048068433,
    "7":0.0015688799,
    "8":0.0018025278,
    "9":0.001404655,
    "10":0.0020785909,
    "11":0.00072037,
    "12":0.001209073,
    "13":0.001348313,
    "14":0.00079827,
    "15":0.000957711,
    "16":0.0023621687,
    "17":0.0010856427,
    "18":0.0004795,
    "19":0.0031240837,
    "20":0.000688881,
    "21":0.0016875589,
    "22":0.0027161207,
    "23":0.001299781,
    "24":0.001687552,
    "25":0.0034974297,
    "26":0.0047528819,
    "27":0.0012058339,
    "28":0.0022757406,
    "29":0.001036002,
    "30":0.001158091,
    "31":0.001237902,
    "32":0.00045038,
    "33":0.00085176,
    "34":0.0009913127,
    "35":0.001085112,
    "36":0.0021805076,
    "37":0.0009507088,
    "38":0.0017337887,
    "39":0.0004283,
    "40":0.0025290811,
    "41":0.00077498,
    "42":0.0023579059,
    "43":0.00085079,
    "44":0.0014802938,
    "45":0.0030007774,
    "46":0.0033765127,
    "47":0.0027062633,
    "48":0.0014012637,
    "49":0.000805052
  },
  "Delta_Uniform":{
    "0":-0.0011882589,
    "1":-0.0004977178,
    "2":-0.0004283,
    "3":-0.002908574,
    "4":-0.0010831878,
    "5":-0.0016535371,
    "6":-0.0037339199,
    "7":-0.0014461475,
    "8":-0.0014442326,
    "9":-0.001496096,
    "10":-0.0014655572,
    "11":-0.0008467341,
    "12":-0.0010740468,
    "13":-0.0013951327,
    "14":-0.0010903389,
    "15":-0.00056448,
    "16":-0.0024625161,
    "17":-0.0008478399,
    "18":-0.00050041,
    "19":-0.0022211141,
    "20":-0.000597629,
    "21":-0.0022599769,
    "22":-0.0028855457,
    "23":-0.000861427,
    "24":-0.0012096082,
    "25":-0.0021939506,
    "26":-0.0038233908,
    "27":-0.0012676789,
    "28":-0.0016818927,
    "29":-0.001086404,
    "30":-0.000929711,
    "31":-0.000621511,
    "32":-0.00049719,
    "33":-0.0007792772,
    "34":-0.0009476666,
    "35":-0.000878272,
    "36":-0.0011390906,
    "37":-0.0009491577,
    "38":-0.0015377186,
    "39":-0.00037479,
    "40":-0.0029659213,
    "41":-0.000449549,
    "42":-0.0019975807,
    "43":-0.00081459,
    "44":-0.0019852347,
    "45":-0.0016760515,
    "46":-0.0032791555,
    "47":-0.0027141461,
    "48":-0.0007748924,
    "49":-0.0009293269
  },
  "Delta_Prop":{
    "0":-0.0013004799,
    "1":-0.0007737168,
    "2":-0.00037469,
    "3":-0.0027377102,
    "4":-0.0011485417,
    "5":-0.0015092271,
    "6":-0.0046660128,
    "7":-0.0013908275,
    "8":-0.0018025278,
    "9":-0.001404655,
    "10":-0.0018921971,
    "11":-0.0006425631,
    "12":-0.0010980958,
    "13":-0.0012300458,
    "14":-0.00079827,
    "15":-0.000957711,
    "16":-0.0022351892,
    "17":-0.0010856427,
    "18":-0.00037652,
    "19":-0.002844493,
    "20":-0.00061544,
    "21":-0.0016875589,
    "22":-0.0025297269,
    "23":-0.001079458,
    "24":-0.0015011582,
    "25":-0.0032146666,
    "26":-0.0047528819,
    "27":-0.0012058339,
    "28":-0.0020429604,
    "29":-0.001036002,
    "30":-0.00109275,
    "31":-0.001237902,
    "32":-0.00045038,
    "33":-0.0005721693,
    "34":-0.0008831015,
    "35":-0.001085112,
    "36":-0.002039126,
    "37":-0.0008424976,
    "38":-0.0015557363,
    "39":-0.00037681,
    "40":-0.0025290811,
    "41":-0.000709639,
    "42":-0.002280099,
    "43":-0.00074781,
    "44":-0.0014802938,
    "45":-0.0030007774,
    "46":-0.0031545583,
    "47":-0.0022623545,
    "48":-0.0013021401,
    "49":-0.000805052
  }
}