{
  "Astrahl":{
    "0":0.0001269795,
    "1":0.0,
    "2":0.0,
    "3":0.0000931969,
    "4":0.0,
    "5":0.0,
    "6":0.0001408305,
    "7":0.0000468559,
    "8":0.0,
    "9":0.0,
    "10":0.0,
    "11":0.0000778069,
    "12":0.0,
    "13":0.000065341,
    "14":0.0,
    "15":0.0,
    "16":0.0001269795,
    "17":0.0,
    "18":0.0,
    "19":0.0,
    "20":0.0,
    "21":0.0,
    "22":0.0,
    "23":0.0,
    "24":0.0,
    "25":0.0,
    "26":0.0,
    "27":0.0,
    "28":0.0,
    "29":0.0,
    "30":0.0,
    "31":0.0,
    "32":0.0,
    "33":0.0,
    "34":0.0,
    "35":0.0,
    "36":0.0,
    "37":0.0,
    "38":0.0,
    "39":0.0,
    "40":0.0001918796,
    "41":0.0,
    "42":0.0,
    "43":0.0,
    "44":0.0,
    "45":0.0,
    "46":0.0001109772,
    "47":0.0000778069,
    "48":0.0,
    "49":0.0
  },
  "Uniform":{
    "0":0.000734442,
    "1":0.0005237279,
    "2":0.0002962,
    "3":0.0014965199,
    "4":0.00048658,
    "5":0.000737462,
    "6":0.0020935491,
    "7":0.000965102,
    "8":0.000910173,
    "9":0.000829683,
    "10":0.00083727,
    "11":0.00033928,
    "12":0.0006464969,
    "13":0.0004886969,
    "14":0.00082796,
    "15":0.0003864,
    "16":0.001444395,
    "17":0.00035467,
    "18":0.0001911,
    "19":0.0014888889,
    "20":0.000368641,
    "21":0.001050752,
    "22":0.0012426768,
    "23":0.001172271,
    "24":0.000788611,
    "25":0.001929556,
    "26":0.0020561347,
    "27":0.000725491,
    "28":0.001470474,
    "29":0.000589972,
    "30":0.00042948,
    "31":0.00056997,
    "32":0.00050938,
    "33":0.000574721,
    "34":0.0007442679,
    "35":0.00053329,
    "36":0.0008859258,
    "37":0.0004545989,
    "38":0.000803252,
    "39":0.0003504,
    "40":0.0010214061,
    "41":0.0003844,
    "42":0.0008594389,
    "43":0.0004003,
    "44":0.0009374779,
    "45":0.0011612698,
    "46":0.001341402,
    "47":0.0018340755,
    "48":0.000548901,
    "49":0.00027779
  },
  "Prop":{
    "0":0.000718901,
    "1":0.000658511,
    "2":0.0002581,
    "3":0.0020433608,
    "4":0.000751511,
    "5":0.00077832,
    "6":0.0033354535,
    "7":0.0012004768,
    "8":0.001051976,
    "9":0.000880722,
    "10":0.001116973,
    "11":0.000414621,
    "12":0.00058585,
    "13":0.000887791,
    "14":0.000553821,
    "15":0.00042889,
    "16":0.0011265089,
    "17":0.000461431,
    "18":0.0002653,
    "19":0.001346592,
    "20":0.00033859,
    "21":0.0011026699,
    "22":0.001624464,
    "23":0.000959401,
    "24":0.000993132,
    "25":0.0018371057,
    "26":0.0028211837,
    "27":0.0011539588,
    "28":0.0017446146,
    "29":0.0006181379,
    "30":0.00063675,
    "31":0.00049199,
    "32":0.0002642,
    "33":0.00043129,
    "34":0.0007814609,
    "35":0.000777781,
    "36":0.0011658288,
    "37":0.000524222,
    "38":0.0014935116,
    "39":0.00023459,
    "40":0.0014453377,
    "41":0.00046019,
    "42":0.001074224,
    "43":0.00052548,
    "44":0.0009996409,
    "45":0.0014868707,
    "46":0.0014258079,
    "47":0.0017721197,
    "48":0.0008740702,
    "49":0.00052058
  },
  "Delta_Uniform":{
    "0":-0.0006074625,
    "1":-0.0005237279,
    "2":-0.0002962,
    "3":-0.001403323,
    "4":-0.00048658,
    "5":-0.000737462,
    "6":-0.0019527186,
    "7":-0.0009182461,
    "8":-0.000910173,
    "9":-0.000829683,
    "10":-0.00083727,
    "11":-0.0002614731,
    "12":-0.0006464969,
    "13":-0.0004233559,
    "14":-0.00082796,
    "15":-0.0003864,
    "16":-0.0013174155,
    "17":-0.00035467,
    "18":-0.0001911,
    "19":-0.0014888889,
    "20":-0.000368641,
    "21":-0.001050752,
    "22":-0.0012426768,
    "23":-0.001172271,
    "24":-0.000788611,
    "25":-0.001929556,
    "26":-0.0020561347,
    "27":-0.000725491,
    "28":-0.001470474,
    "29":-0.000589972,
    "30":-0.00042948,
    "31":-0.00056997,
    "32":-0.00050938,
    "33":-0.000574721,
    "34":-0.0007442679,
    "35":-0.00053329,
    "36":-0.0008859258,
    "37":-0.0004545989,
    "38":-0.000803252,
    "39":-0.0003504,
    "40":-0.0008295265,
    "41":-0.0003844,
    "42":-0.0008594389,
    "43":-0.0004003,
    "44":-0.0009374779,
    "45":-0.0011612698,
    "46":-0.0012304248,
    "47":-0.0017562686,
    "48":-0.000548901,
    "49":-0.00027779
  },
  "Delta_Prop":{
    "0":-0.0005919215,
    "1":-0.000658511,
    "2":-0.0002581,
    "3":-0.0019501639,
    "4":-0.000751511,
    "5":-0.00077832,
    "6":-0.003194623,
    "7":-0.0011536209,
    "8":-0.001051976,
    "9":-0.000880722,
    "10":-0.001116973,
    "11":-0.0003368141,
    "12":-0.00058585,
    "13":-0.00082245,
    "14":-0.000553821,
    "15":-0.00042889,
    "16":-0.0009995294,
    "17":-0.000461431,
    "18":-0.0002653,
    "19":-0.001346592,
    "20":-0.00033859,
    "21":-0.0011026699,
    "22":-0.001624464,
    "23":-0.000959401,
    "24":-0.000993132,
    "25":-0.0018371057,
    "26":-0.0028211837,
    "27":-0.0011539588,
    "28":-0.0017446146,
    "29":-0.0006181379,
    "30":-0.00063675,
    "31":-0.00049199,
    "32":-0.0002642,
    "33":-0.00043129,
    "34":-0.0007814609,
    "35":-0.000777781,
    "36":-0.0011658288,
    "37":-0.000524222,
    "38":-0.0014935116,
    "39":-0.00023459,
    "40":-0.0012534581,
    "41":-0.00046019,
    "42":-0.001074224,
    "43":-0.00052548,
    "44":-0.0009996409,
    "45":-0.0014868707,
    "46":-0.0013148307,
    "47":-0.0016943128,
    "48":-0.0008740702,
    "49":-0.00052058
  }
}