{
  "Astrahl":{
    "0":0.0068883681,
    "1":0.0114445772,
    "2":0.0166125595,
    "3":0.0049103984,
    "4":0.0057045868,
    "5":0.0163641414,
    "6":0.0072658477,
    "7":0.0058452459,
    "8":0.0209429783,
    "9":0.0133394329,
    "10":0.0035169904,
    "11":0.0111800224,
    "12":0.0139128114,
    "13":0.0115191975,
    "14":0.011924485,
    "15":0.0079900663,
    "16":0.0084139696,
    "17":0.0078080582,
    "18":0.0045423459,
    "19":0.0087845922,
    "20":0.009982792,
    "21":0.0132654237,
    "22":0.0142200425,
    "23":0.0050693433,
    "24":0.0053248799,
    "25":0.0055668944,
    "26":0.0048862611,
    "27":0.0085693478,
    "28":0.0092443697,
    "29":0.0120197975,
    "30":0.010905472,
    "31":0.0090079637,
    "32":0.0119589956,
    "33":0.0069469804,
    "34":0.0179888369,
    "35":0.012766417,
    "36":0.0077927331,
    "37":0.0075428696,
    "38":0.0103659288,
    "39":0.0046978969,
    "40":0.0106686746,
    "41":0.0067406252,
    "42":0.0081489461,
    "43":0.0074408251,
    "44":0.0063838654,
    "45":0.0042978139,
    "46":0.0033623217,
    "47":0.0140857584,
    "48":0.004258613,
    "49":0.0064756073,
    "50":0.0093929606,
    "51":0.0041390647,
    "52":0.0048507755,
    "53":0.0034711403,
    "54":0.0135568205,
    "55":0.0102008391,
    "56":0.0053169117,
    "57":0.0126436133,
    "58":0.0076661759,
    "59":0.0062972533,
    "60":0.0145993258,
    "61":0.0046102678,
    "62":0.0172813935,
    "63":0.003273005,
    "64":0.015840349,
    "65":0.0045576775,
    "66":0.0046949279,
    "67":0.004981671,
    "68":0.0049082535,
    "69":0.0126635455,
    "70":0.0143934886,
    "71":0.0078253614,
    "72":0.0043236343,
    "73":0.0068093262,
    "74":0.004402793,
    "75":0.0118374563,
    "76":0.0145924623,
    "77":0.0033526808,
    "78":0.0077466135,
    "79":0.0048572635,
    "80":0.0133127479,
    "81":0.0148144978,
    "82":0.0211423066,
    "83":0.010119126,
    "84":0.0053428982,
    "85":0.0087181668,
    "86":0.007660439,
    "87":0.0093363566,
    "88":0.0053165472,
    "89":0.0077299359,
    "90":0.0105083166,
    "91":0.006044971,
    "92":0.006045291,
    "93":0.0204269641,
    "94":0.0043113041,
    "95":0.008750286,
    "96":0.0058254696,
    "97":0.019863759,
    "98":0.0196249544,
    "99":0.0043831014
  },
  "Uniform":{
    "0":0.0206050062,
    "1":0.0387574929,
    "2":0.0508752553,
    "3":0.0126314139,
    "4":0.0185171639,
    "5":0.0477218134,
    "6":0.0228405412,
    "7":0.0166597837,
    "8":0.0657841757,
    "9":0.0442792709,
    "10":0.0096893623,
    "11":0.0348366845,
    "12":0.0422134275,
    "13":0.0366269609,
    "14":0.0332605178,
    "15":0.0241777494,
    "16":0.02710243,
    "17":0.0249608924,
    "18":0.0107400922,
    "19":0.0277849476,
    "20":0.0330065201,
    "21":0.045171341,
    "22":0.0405406226,
    "23":0.0164411184,
    "24":0.0164824104,
    "25":0.0149315355,
    "26":0.0130767104,
    "27":0.0279090137,
    "28":0.0296970575,
    "29":0.0420710729,
    "30":0.0312175694,
    "31":0.0287281303,
    "32":0.0398786039,
    "33":0.0225855362,
    "34":0.0593039396,
    "35":0.0404261159,
    "36":0.019079446,
    "37":0.0210494304,
    "38":0.0310378954,
    "39":0.0154606527,
    "40":0.0361032481,
    "41":0.0203517901,
    "42":0.0265187335,
    "43":0.025375354,
    "44":0.0203215675,
    "45":0.0128147083,
    "46":0.0096285118,
    "47":0.0456265052,
    "48":0.0139429111,
    "49":0.0201595361,
    "50":0.0277535181,
    "51":0.0138393402,
    "52":0.0149523657,
    "53":0.0114834346,
    "54":0.0360051605,
    "55":0.0314431312,
    "56":0.0153250249,
    "57":0.0422510029,
    "58":0.0210999397,
    "59":0.0163083916,
    "60":0.0482005648,
    "61":0.0146777659,
    "62":0.0379349292,
    "63":0.0102028528,
    "64":0.0513926423,
    "65":0.012669926,
    "66":0.0142211504,
    "67":0.0123070398,
    "68":0.0149492305,
    "69":0.0390787081,
    "70":0.0435214287,
    "71":0.0222781362,
    "72":0.0139286061,
    "73":0.0179728818,
    "74":0.0129613002,
    "75":0.0359544709,
    "76":0.0357155981,
    "77":0.009420067,
    "78":0.024125238,
    "79":0.014715817,
    "80":0.0465481403,
    "81":0.047838067,
    "82":0.0623955701,
    "83":0.0258931171,
    "84":0.0155449528,
    "85":0.0244150458,
    "86":0.0204670821,
    "87":0.0253189402,
    "88":0.0150058027,
    "89":0.0242677524,
    "90":0.0327963111,
    "91":0.0172083257,
    "92":0.0178825608,
    "93":0.0601268498,
    "94":0.0102678654,
    "95":0.019935819,
    "96":0.0197940656,
    "97":0.0547890756,
    "98":0.0575376285,
    "99":0.0110046661
  },
  "Prop":{
    "0":0.0411285836,
    "1":0.0223393377,
    "2":0.0158510662,
    "3":0.0289333601,
    "4":0.0087793375,
    "5":0.0290948791,
    "6":0.0411771115,
    "7":0.0182876004,
    "8":0.0127410999,
    "9":0.0367696043,
    "10":0.0218620598,
    "11":0.0280631751,
    "12":0.037899907,
    "13":0.0062121563,
    "14":0.0211348991,
    "15":0.018773308,
    "16":0.0193903446,
    "17":0.0417233327,
    "18":0.0203353071,
    "19":0.0233764554,
    "20":0.0106354083,
    "21":0.0336963297,
    "22":0.0184335571,
    "23":0.0137146305,
    "24":0.0297601408,
    "25":0.0361717153,
    "26":0.0312903109,
    "27":0.0157377956,
    "28":0.0185279337,
    "29":0.0280194892,
    "30":0.0422803112,
    "31":0.0259591287,
    "32":0.0179751949,
    "33":0.029500836,
    "34":0.016791795,
    "35":0.0347331914,
    "36":0.034232494,
    "37":0.034459341,
    "38":0.0261792783,
    "39":0.0202141395,
    "40":0.0325582993,
    "41":0.0286848513,
    "42":0.0337729572,
    "43":0.0218813459,
    "44":0.0180368615,
    "45":0.0334880527,
    "46":0.0252874987,
    "47":0.0237821021,
    "48":0.0202443241,
    "49":0.0354631402,
    "50":0.0403019775,
    "51":0.015849854,
    "52":0.0268496949,
    "53":0.0187555216,
    "54":0.0247278033,
    "55":0.0236224774,
    "56":0.0215815859,
    "57":0.0225691137,
    "58":0.0280533155,
    "59":0.0347043447,
    "60":0.0369560473,
    "61":0.0261336871,
    "62":0.0361597386,
    "63":0.0265220971,
    "64":0.008272314,
    "65":0.0323351903,
    "66":0.0282304295,
    "67":0.0325274712,
    "68":0.0238494379,
    "69":0.0235522494,
    "70":0.0366243968,
    "71":0.0344654675,
    "72":0.0119516437,
    "73":0.0419558856,
    "74":0.0298794984,
    "75":0.0198586482,
    "76":0.0216540197,
    "77":0.0264914016,
    "78":0.0367272845,
    "79":0.0261166473,
    "80":0.0228208151,
    "81":0.041991107,
    "82":0.022533672,
    "83":0.0373326007,
    "84":0.0354889937,
    "85":0.0514804064,
    "86":0.022919839,
    "87":0.0313246018,
    "88":0.0258773722,
    "89":0.015416037,
    "90":0.0363342306,
    "91":0.0210493537,
    "92":0.0272591551,
    "93":0.0161683282,
    "94":0.0346515079,
    "95":0.029536391,
    "96":0.0322582786,
    "97":0.01563732,
    "98":0.026888865,
    "99":0.0300436755
  },
  "Delta_Uniform":{
    "0":-0.0137166381,
    "1":-0.0273129157,
    "2":-0.0342626957,
    "3":-0.0077210156,
    "4":-0.012812577,
    "5":-0.031357672,
    "6":-0.0155746935,
    "7":-0.0108145378,
    "8":-0.0448411974,
    "9":-0.030939838,
    "10":-0.0061723719,
    "11":-0.0236566621,
    "12":-0.0283006161,
    "13":-0.0251077634,
    "14":-0.0213360328,
    "15":-0.0161876831,
    "16":-0.0186884604,
    "17":-0.0171528342,
    "18":-0.0061977463,
    "19":-0.0190003554,
    "20":-0.0230237281,
    "21":-0.0319059173,
    "22":-0.02632058,
    "23":-0.0113717751,
    "24":-0.0111575305,
    "25":-0.0093646411,
    "26":-0.0081904493,
    "27":-0.0193396659,
    "28":-0.0204526878,
    "29":-0.0300512754,
    "30":-0.0203120975,
    "31":-0.0197201667,
    "32":-0.0279196082,
    "33":-0.0156385558,
    "34":-0.0413151027,
    "35":-0.0276596988,
    "36":-0.0112867128,
    "37":-0.0135065608,
    "38":-0.0206719665,
    "39":-0.0107627558,
    "40":-0.0254345734,
    "41":-0.0136111649,
    "42":-0.0183697874,
    "43":-0.0179345288,
    "44":-0.0139377021,
    "45":-0.0085168943,