{
  "Astrahl":{
    "0":0.0792220111,
    "1":0.088637306,
    "2":0.05017501,
    "3":0.076204801,
    "4":0.0759599714,
    "5":0.06224552,
    "6":0.059010391,
    "7":0.1091424675,
    "8":0.0827531144,
    "9":0.1226200407,
    "10":0.1976578564,
    "11":0.2181585538,
    "12":0.0724645606,
    "13":0.1402589196,
    "14":0.075152467,
    "15":0.1163084891,
    "16":0.065129701,
    "17":0.0706385997,
    "18":0.05041574,
    "19":0.04914331,
    "20":0.1630798061,
    "21":0.0817279554,
    "22":0.04663284,
    "23":0.060689382,
    "24":0.0642862948,
    "25":0.1295857957,
    "26":0.0997120855,
    "27":0.2127574897,
    "28":0.1308224804,
    "29":0.1238483334,
    "30":0.1139008627,
    "31":0.1193351362,
    "32":0.1295345378,
    "33":0.075431026,
    "34":0.056307625,
    "35":0.0882727075,
    "36":0.076146534,
    "37":0.0739774996,
    "38":0.0471143,
    "39":0.060771284,
    "40":0.1033594298,
    "41":0.059624656,
    "42":0.060771284,
    "43":0.0799624037,
    "44":0.123283395,
    "45":0.1003780594,
    "46":0.0788293384,
    "47":0.2034068429,
    "48":0.07710238,
    "49":0.059870362
  },
  "Uniform":{
    "0":0.0905551912,
    "1":0.1072810591,
    "2":0.05285926,
    "3":0.07774642,
    "4":0.0845763705,
    "5":0.063654938,
    "6":0.067602664,
    "7":0.1165886214,
    "8":0.0926870293,
    "9":0.1417210604,
    "10":0.1941134238,
    "11":0.2166382611,
    "12":0.0848195557,
    "13":0.1361804974,
    "14":0.078390226,
    "15":0.1180554836,
    "16":0.0704259126,
    "17":0.0838237406,
    "18":0.05126399,
    "19":0.05321169,
    "20":0.1599641747,
    "21":0.0903630989,
    "22":0.05360417,
    "23":0.060089354,
    "24":0.0719027001,
    "25":0.1344032143,
    "26":0.0984860623,
    "27":0.2125906568,
    "28":0.1411083778,
    "29":0.1246521349,
    "30":0.127234633,
    "31":0.1548403505,
    "32":0.1329504498,
    "33":0.077782582,
    "34":0.067372317,
    "35":0.0959276238,
    "36":0.0911518441,
    "37":0.0853220351,
    "38":0.05614867,
    "39":0.067853188,
    "40":0.1092479167,
    "41":0.063563671,
    "42":0.065762307,
    "43":0.0933381927,
    "44":0.1168757401,
    "45":0.0967993021,
    "46":0.0858245144,
    "47":0.2145202793,
    "48":0.079205689,
    "49":0.065562769
  },
  "Prop":{
    "0":0.0868289054,
    "1":0.1045470092,
    "2":0.05125786,
    "3":0.078984217,
    "4":0.0816490698,
    "5":0.062567052,
    "6":0.062219842,
    "7":0.1125345423,
    "8":0.0893680601,
    "9":0.1360262005,
    "10":0.1936060056,
    "11":0.213492913,
    "12":0.0823251532,
    "13":0.1331864158,
    "14":0.078059422,
    "15":0.1209147643,
    "16":0.0754360722,
    "17":0.077520892,
    "18":0.05375313,
    "19":0.05237911,
    "20":0.1639498065,
    "21":0.084975331,
    "22":0.05440446,
    "23":0.062589877,
    "24":0.072404866,
    "25":0.1312637761,
    "26":0.09922006,
    "27":0.2184170135,
    "28":0.1391130372,
    "29":0.1318643196,
    "30":0.1345320695,
    "31":0.153119343,
    "32":0.130370529,
    "33":0.075018286,
    "34":0.062766729,
    "35":0.096838015,
    "36":0.0872170963,
    "37":0.0838688219,
    "38":0.0529488,
    "39":0.065198358,
    "40":0.1041138976,
    "41":0.062232461,
    "42":0.064111483,
    "43":0.0889270241,
    "44":0.11841055,
    "45":0.0958266442,
    "46":0.0829199528,
    "47":0.2131624994,
    "48":0.07478119,
    "49":0.066328191
  },
  "Delta_Uniform":{
    "0":-0.0113331801,
    "1":-0.0186437531,
    "2":-0.00268425,
    "3":-0.001541619,
    "4":-0.0086163991,
    "5":-0.001409418,
    "6":-0.008592273,
    "7":-0.0074461539,
    "8":-0.009933915,
    "9":-0.0191010197,
    "10":0.0035444326,
    "11":0.0015202928,
    "12":-0.0123549951,
    "13":0.0040784222,
    "14":-0.003237759,
    "15":-0.0017469945,
    "16":-0.0052962116,
    "17":-0.0131851408,
    "18":-0.00084825,
    "19":-0.00406838,
    "20":0.0031156315,
    "21":-0.0086351436,
    "22":-0.00697133,
    "23":0.000600028,
    "24":-0.0076164053,
    "25":-0.0048174186,
    "26":0.0012260232,
    "27":0.000166833,
    "28":-0.0102858974,
    "29":-0.0008038015,
    "30":-0.0133337704,
    "31":-0.0355052143,
    "32":-0.003415912,
    "33":-0.002351556,
    "34":-0.011064692,
    "35":-0.0076549163,
    "36":-0.01500531,
    "37":-0.0113445355,
    "38":-0.00903437,
    "39":-0.007081904,
    "40":-0.0058884869,
    "41":-0.003939015,
    "42":-0.004991023,
    "43":-0.013375789,
    "44":0.0064076549,
    "45":0.0035787573,
    "46":-0.006995176,
    "47":-0.0111134364,
    "48":-0.002103309,
    "49":-0.005692407
  },
  "Delta_Prop":{
    "0":-0.0076068943,
    "1":-0.0159097032,
    "2":-0.00108285,
    "3":-0.002779416,
    "4":-0.0056890985,
    "5":-0.000321532,
    "6":-0.003209451,
    "7":-0.0033920748,
    "8":-0.0066149457,
    "9":-0.0134061598,
    "10":0.0040518509,
    "11":0.0046656409,
    "12":-0.0098605927,
    "13":0.0070725038,
    "14":-0.002906955,
    "15":-0.0046062752,
    "16":-0.0103063712,
    "17":-0.0068822923,
    "18":-0.00333739,
    "19":-0.0032358,
    "20":-0.0008700003,
    "21":-0.0032473757,
    "22":-0.00777162,
    "23":-0.001900495,
    "24":-0.0081185712,
    "25":-0.0016779804,
    "26":0.0004920255,
    "27":-0.0056595238,
    "28":-0.0082905569,
    "29":-0.0080159861,
    "30":-0.0206312068,
    "31":-0.0337842068,
    "32":-0.0008359913,
    "33":0.00041274,
    "34":-0.006459104,
    "35":-0.0085653074,
    "36":-0.0110705623,
    "37":-0.0098913223,
    "38":-0.0058345,
    "39":-0.004427074,
    "40":-0.0007544678,
    "41":-0.002607805,
    "42":-0.003340199,
    "43":-0.0089646204,
    "44":0.004872845,
    "45":0.0045514152,
    "46":-0.0040906144,
    "47":-0.0097556565,
    "48":0.00232119,
    "49":-0.006457829
  }
}