{
  "Astrahl":{
    "0":0.009401879,
    "1":0.0291979,
    "2":0.0181781648,
    "3":0.0237850918,
    "4":0.0100220128,
    "5":0.0093904489,
    "6":0.00887655,
    "7":0.00860707,
    "8":0.0173643666,
    "9":0.0345300545,
    "10":0.0303525171,
    "11":0.0244825148,
    "12":0.0401450618,
    "13":0.0342701457,
    "14":0.0537238587,
    "15":0.009282366,
    "16":0.009801337,
    "17":0.0129611002,
    "18":0.0393822228,
    "19":0.0220806241,
    "20":0.0374282579,
    "21":0.0473859039,
    "22":0.00881936,
    "23":0.0167666956,
    "24":0.0360110626,
    "25":0.0425559098,
    "26":0.0293508594,
    "27":0.0111537565,
    "28":0.009753546,
    "29":0.0791222732,
    "30":0.0472766385,
    "31":0.0747791101,
    "32":0.0101188428,
    "33":0.0213141867,
    "34":0.0202196653,
    "35":0.00876312,
    "36":0.0288334009,
    "37":0.0142963493,
    "38":0.0107956471,
    "39":0.0301327844,
    "40":0.0275494826,
    "41":0.046721175,
    "42":0.0301096673,
    "43":0.0110468741,
    "44":0.0166557705,
    "45":0.013726231,
    "46":0.015313722,
    "47":0.0128250847,
    "48":0.0250339703,
    "49":0.0292782213
  },
  "Uniform":{
    "0":0.010594537,
    "1":0.0310474458,
    "2":0.0178947485,
    "3":0.0261148181,
    "4":0.0102035858,
    "5":0.0100893094,
    "6":0.0095064,
    "7":0.00909699,
    "8":0.0183683336,
    "9":0.0344396835,
    "10":0.032862082,
    "11":0.0246888507,
    "12":0.0431072771,
    "13":0.0351051215,
    "14":0.0542998691,
    "15":0.010226492,
    "16":0.010070495,
    "17":0.0141272078,
    "18":0.0464595442,
    "19":0.0237268048,
    "20":0.0402928038,
    "21":0.0513075266,
    "22":0.00960244,
    "23":0.0190570339,
    "24":0.0397406023,
    "25":0.0430794518,
    "26":0.0293000076,
    "27":0.0123798325,
    "28":0.010468583,
    "29":0.0839540766,
    "30":0.0494300723,
    "31":0.0780641157,
    "32":0.0114340968,
    "33":0.0241192511,
    "34":0.0211158919,
    "35":0.00937317,
    "36":0.0301952665,
    "37":0.0178356547,
    "38":0.0114901003,
    "39":0.0325782887,
    "40":0.0309588063,
    "41":0.0492405179,
    "42":0.0327638524,
    "43":0.0115431505,
    "44":0.0182139238,
    "45":0.0141114545,
    "46":0.016823824,
    "47":0.0131520817,
    "48":0.0254628008,
    "49":0.0326076348
  },
  "Prop":{
    "0":0.009616145,
    "1":0.0296957496,
    "2":0.0169565308,
    "3":0.0284567729,
    "4":0.0104653447,
    "5":0.0107286026,
    "6":0.00972998,
    "7":0.00970144,
    "8":0.0178980208,
    "9":0.0355709443,
    "10":0.0325615755,
    "11":0.0232475176,
    "12":0.0453666713,
    "13":0.032365758,
    "14":0.0598422838,
    "15":0.009823228,
    "16":0.010193927,
    "17":0.01427368,
    "18":0.0445714365,
    "19":0.0236339617,
    "20":0.0413346202,
    "21":0.051223251,
    "22":0.00958659,
    "23":0.0181230372,
    "24":0.0358089709,
    "25":0.046359531,
    "26":0.0328598902,
    "27":0.0121555459,
    "28":0.011135286,
    "29":0.0895687114,
    "30":0.0483542522,
    "31":0.0817534145,
    "32":0.011030407,
    "33":0.0240573439,
    "34":0.0212498407,
    "35":0.00945332,
    "36":0.029314558,
    "37":0.0176999193,
    "38":0.0114885364,
    "39":0.0341737156,
    "40":0.031554108,
    "41":0.0503200838,
    "42":0.0325137658,
    "43":0.0123234552,
    "44":0.0172418265,
    "45":0.013891204,
    "46":0.016915525,
    "47":0.0135615286,
    "48":0.0260365655,
    "49":0.0319857222
  },
  "Delta_Uniform":{
    "0":-0.001192658,
    "1":-0.0018495459,
    "2":0.0002834163,
    "3":-0.0023297263,
    "4":-0.000181573,
    "5":-0.0006988605,
    "6":-0.00062985,
    "7":-0.00048992,
    "8":-0.001003967,
    "9":0.000090371,
    "10":-0.0025095649,
    "11":-0.0002063359,
    "12":-0.0029622154,
    "13":-0.0008349758,
    "14":-0.0005760105,
    "15":-0.000944126,
    "16":-0.000269158,
    "17":-0.0011661077,
    "18":-0.0070773215,
    "19":-0.0016461807,
    "20":-0.002864546,
    "21":-0.0039216227,
    "22":-0.00078308,
    "23":-0.0022903383,
    "24":-0.0037295397,
    "25":-0.000523542,
    "26":0.0000508518,
    "27":-0.001226076,
    "28":-0.000715037,
    "29":-0.0048318034,
    "30":-0.0021534338,
    "31":-0.0032850055,
    "32":-0.001315254,
    "33":-0.0028050644,
    "34":-0.0008962266,
    "35":-0.00061005,
    "36":-0.0013618656,
    "37":-0.0035393054,
    "38":-0.0006944533,
    "39":-0.0024455042,
    "40":-0.0034093237,
    "41":-0.0025193429,
    "42":-0.0026541851,
    "43":-0.0004962764,
    "44":-0.0015581534,
    "45":-0.0003852235,
    "46":-0.001510102,
    "47":-0.000326997,
    "48":-0.0004288304,
    "49":-0.0033294135
  },
  "Delta_Prop":{
    "0":-0.000214266,
    "1":-0.0004978496,
    "2":0.001221634,
    "3":-0.0046716811,
    "4":-0.0004433319,
    "5":-0.0013381537,
    "6":-0.00085343,
    "7":-0.00109437,
    "8":-0.0005336542,
    "9":-0.0010408898,
    "10":-0.0022090584,
    "11":0.0012349972,
    "12":-0.0052216095,
    "13":0.0019043877,
    "14":-0.0061184252,
    "15":-0.000540862,
    "16":-0.00039259,
    "17":-0.0013125798,
    "18":-0.0051892137,
    "19":-0.0015533376,
    "20":-0.0039063623,
    "21":-0.0038373472,
    "22":-0.00076723,
    "23":-0.0013563416,
    "24":0.0002020917,
    "25":-0.0038036212,
    "26":-0.0035090308,
    "27":-0.0010017894,
    "28":-0.00138174,
    "29":-0.0104464382,
    "30":-0.0010776137,
    "31":-0.0069743044,
    "32":-0.0009115642,
    "33":-0.0027431572,
    "34":-0.0010301755,
    "35":-0.0006902,
    "36":-0.0004811571,
    "37":-0.00340357,
    "38":-0.0006928894,
    "39":-0.0040409311,
    "40":-0.0040046254,
    "41":-0.0035989088,
    "42":-0.0024040985,
    "43":-0.0012765811,
    "44":-0.000586056,
    "45":-0.000164973,
    "46":-0.001601803,
    "47":-0.0007364439,
    "48":-0.0010025952,
    "49":-0.0027075009
  }
}