{
  "Astrahl":{
    "0":0.000008672,
    "1":0.0000254876,
    "2":0.0000180975,
    "3":0.0000468616,
    "4":0.0000096292,
    "5":0.0000085975,
    "6":0.00000722,
    "7":0.00000475,
    "8":0.0000153379,
    "9":0.0000905558,
    "10":0.0000480776,
    "11":0.0000207369,
    "12":0.0000377015,
    "13":0.0000890245,
    "14":0.0000884025,
    "15":0.000007859,
    "16":0.000006775,
    "17":0.0000230554,
    "18":0.0000527257,
    "19":0.0000485425,
    "20":0.0000333882,
    "21":0.0001846305,
    "22":0.00000494,
    "23":0.0000212876,
    "24":0.0000896485,
    "25":0.0000304226,
    "26":0.0000245252,
    "27":0.0000153386,
    "28":0.000009443,
    "29":0.0003718076,
    "30":0.0001254756,
    "31":0.0000784892,
    "32":0.0000096292,
    "33":0.0000119149,
    "34":0.0000512707,
    "35":0.00000608,
    "36":0.0000185991,
    "37":0.0000103522,
    "38":0.0000098397,
    "39":0.0000501036,
    "40":0.0000267179,
    "41":0.00019838,
    "42":0.0000351156,
    "43":0.0000151218,
    "44":0.0000199118,
    "45":0.0000240382,
    "46":0.000009443,
    "47":0.0000203623,
    "48":0.0000685665,
    "49":0.0000524798
  },
  "Uniform":{
    "0":0.000007939,
    "1":0.0000336425,
    "2":0.000023798,
    "3":0.0000508325,
    "4":0.0000110002,
    "5":0.0000117678,
    "6":0.00000698,
    "7":0.00000739,
    "8":0.000023207,
    "9":0.0001306142,
    "10":0.0000628593,
    "11":0.0000254947,
    "12":0.0000468516,
    "13":0.0000878728,
    "14":0.0001386408,
    "15":0.000009781,
    "16":0.000011641,
    "17":0.0000264554,
    "18":0.0000695627,
    "19":0.000074608,
    "20":0.0000434943,
    "21":0.0002152082,
    "22":0.00000561,
    "23":0.0000265492,
    "24":0.000093909,
    "25":0.0000425242,
    "26":0.0000247442,
    "27":0.0000172972,
    "28":0.000012693,
    "29":0.0004649508,
    "30":0.0001840529,
    "31":0.0001240289,
    "32":0.0000105489,
    "33":0.0000170994,
    "34":0.0000614222,
    "35":0.00000758,
    "36":0.0000206022,
    "37":0.0000195661,
    "38":0.0000188557,
    "39":0.0000716912,
    "40":0.0000329078,
    "41":0.0003035128,
    "42":0.0000425247,
    "43":0.0000161513,
    "44":0.0000278764,
    "45":0.0000271685,
    "46":0.000011981,
    "47":0.0000236441,
    "48":0.0001125587,
    "49":0.0000724541
  },
  "Prop":{
    "0":0.00000876,
    "1":0.0000379989,
    "2":0.0000305487,
    "3":0.0000756193,
    "4":0.0000126618,
    "5":0.0000117204,
    "6":0.00000576,
    "7":0.00000652,
    "8":0.0000270132,
    "9":0.0001223081,
    "10":0.0000606092,
    "11":0.0000287038,
    "12":0.0000498633,
    "13":0.0001037265,
    "14":0.0001473098,
    "15":0.000008994,
    "16":0.00000839,
    "17":0.0000298516,
    "18":0.0000729658,
    "19":0.0000905273,
    "20":0.0000442678,
    "21":0.0002179078,
    "22":0.00000758,
    "23":0.0000317825,
    "24":0.0001079362,
    "25":0.0000442654,
    "26":0.0000237429,
    "27":0.0000204778,
    "28":0.000013225,
    "29":0.0004507712,
    "30":0.0001754467,
    "31":0.0001343386,
    "32":0.0000140603,
    "33":0.0000177632,
    "34":0.0000576707,
    "35":0.00000585,
    "36":0.0000270629,
    "37":0.0000199072,
    "38":0.0000176352,
    "39":0.0000732804,
    "40":0.0000328247,
    "41":0.0002766778,
    "42":0.0000381811,
    "43":0.000019881,
    "44":0.0000242318,
    "45":0.0000314549,
    "46":0.00001135,
    "47":0.0000216237,
    "48":0.0001289288,
    "49":0.0000628282
  },
  "Delta_Uniform":{
    "0":0.000000733,
    "1":-0.0000081549,
    "2":-0.0000057005,
    "3":-0.000003971,
    "4":-0.000001371,
    "5":-0.0000031703,
    "6":0.00000024,
    "7":-0.00000264,
    "8":-0.0000078691,
    "9":-0.0000400584,
    "10":-0.0000147817,
    "11":-0.0000047578,
    "12":-0.0000091501,
    "13":0.0000011517,
    "14":-0.0000502383,
    "15":-0.000001922,
    "16":-0.000004866,
    "17":-0.0000034,
    "18":-0.0000168371,
    "19":-0.0000260655,
    "20":-0.0000101061,
    "21":-0.0000305777,
    "22":-0.00000067,
    "23":-0.0000052616,
    "24":-0.0000042605,
    "25":-0.0000121016,
    "26":-0.000000219,
    "27":-0.0000019586,
    "28":-0.00000325,
    "29":-0.0000931432,
    "30":-0.0000585773,
    "31":-0.0000455397,
    "32":-0.0000009197,
    "33":-0.0000051845,
    "34":-0.0000101515,
    "35":-0.0000015,
    "36":-0.0000020031,
    "37":-0.0000092139,
    "38":-0.0000090159,
    "39":-0.0000215876,
    "40":-0.0000061899,
    "41":-0.0001051329,
    "42":-0.0000074091,
    "43":-0.0000010295,
    "44":-0.0000079646,
    "45":-0.0000031302,
    "46":-0.000002538,
    "47":-0.0000032818,
    "48":-0.0000439922,
    "49":-0.0000199743
  },
  "Delta_Prop":{
    "0":-0.000000088,
    "1":-0.0000125113,
    "2":-0.0000124512,
    "3":-0.0000287577,
    "4":-0.0000030326,
    "5":-0.0000031229,
    "6":0.00000146,
    "7":-0.00000177,
    "8":-0.0000116752,
    "9":-0.0000317522,
    "10":-0.0000125316,
    "11":-0.0000079669,
    "12":-0.0000121618,
    "13":-0.000014702,
    "14":-0.0000589072,
    "15":-0.000001135,
    "16":-0.000001615,
    "17":-0.0000067961,
    "18":-0.0000202401,
    "19":-0.0000419848,
    "20":-0.0000108796,
    "21":-0.0000332773,
    "22":-0.00000264,
    "23":-0.0000104949,
    "24":-0.0000182877,
    "25":-0.0000138429,
    "26":0.0000007823,
    "27":-0.0000051392,
    "28":-0.000003782,
    "29":-0.0000789636,
    "30":-0.0000499711,
    "31":-0.0000558495,
    "32":-0.0000044311,
    "33":-0.0000058483,
    "34":-0.0000064001,
    "35":0.00000023,
    "36":-0.0000084638,
    "37":-0.000009555,
    "38":-0.0000077954,
    "39":-0.0000231768,
    "40":-0.0000061068,
    "41":-0.0000782978,
    "42":-0.0000030654,
    "43":-0.0000047592,
    "44":-0.0000043199,
    "45":-0.0000074167,
    "46":-0.000001907,
    "47":-0.0000012614,
    "48":-0.0000603623,
    "49":-0.0000103485
  }
}