{
  "Astrahl":{
    "0":0.0283696008,
    "1":0.0181660626,
    "2":0.01210391,
    "3":0.015556411,
    "4":0.0339594504,
    "5":0.009946025,
    "6":0.015779043,
    "7":0.0752685903,
    "8":0.0245354478,
    "9":0.0427933432,
    "10":0.0682894352,
    "11":0.0663020456,
    "12":0.0341651067,
    "13":0.0371348476,
    "14":0.017198322,
    "15":0.0439022495,
    "16":0.0249681788,
    "17":0.027973797,
    "18":0.01034082,
    "19":0.01137094,
    "20":0.0394012999,
    "21":0.0232633796,
    "22":0.01174733,
    "23":0.015806872,
    "24":0.0230451949,
    "25":0.0478233045,
    "26":0.019976277,
    "27":0.0838217392,
    "28":0.0367387302,
    "29":0.031378086,
    "30":0.0244237609,
    "31":0.0414099082,
    "32":0.029341636,
    "33":0.015250292,
    "34":0.011111599,
    "35":0.024369361,
    "36":0.0363155706,
    "37":0.0234409749,
    "38":0.01018234,
    "39":0.0136689,
    "40":0.0161790119,
    "41":0.010002493,
    "42":0.018144508,
    "43":0.0330371568,
    "44":0.030921174,
    "45":0.0186795713,
    "46":0.019386305,
    "47":0.065214726,
    "48":0.017615757,
    "49":0.014805028
  },
  "Uniform":{
    "0":0.0471082771,
    "1":0.0203304455,
    "2":0.01754095,
    "3":0.022878024,
    "4":0.0411295946,
    "5":0.015108363,
    "6":0.023226105,
    "7":0.1107333359,
    "8":0.03317806,
    "9":0.0609035964,
    "10":0.0897369035,
    "11":0.0936098796,
    "12":0.044475726,
    "13":0.0548951893,
    "14":0.022876693,
    "15":0.0611189322,
    "16":0.0333417677,
    "17":0.0444064657,
    "18":0.01695565,
    "19":0.01728559,
    "20":0.0526972064,
    "21":0.0364829081,
    "22":0.01560522,
    "23":0.024841188,
    "24":0.0360673796,
    "25":0.0662777945,
    "26":0.0312254607,
    "27":0.1325627752,
    "28":0.0534489194,
    "29":0.0390790917,
    "30":0.0378815785,
    "31":0.0591019306,
    "32":0.0446250535,
    "33":0.024878671,
    "34":0.017072126,
    "35":0.0332541868,
    "36":0.0522569072,
    "37":0.0349952475,
    "38":0.01606346,
    "39":0.022286382,
    "40":0.0280072454,
    "41":0.017892363,
    "42":0.023780477,
    "43":0.0447516385,
    "44":0.0440079789,
    "45":0.0297490059,
    "46":0.0304670656,
    "47":0.0976544154,
    "48":0.024442835,
    "49":0.021998793
  },
  "Prop":{
    "0":0.0526215766,
    "1":0.0277054769,
    "2":0.01692542,
    "3":0.028332857,
    "4":0.0528519245,
    "5":0.018924313,
    "6":0.024223517,
    "7":0.1225224824,
    "8":0.0355642953,
    "9":0.0624955389,
    "10":0.0983915493,
    "11":0.1060968084,
    "12":0.0480516362,
    "13":0.0622804203,
    "14":0.026328142,
    "15":0.0617619146,
    "16":0.0380319618,
    "17":0.0463917022,
    "18":0.01701535,
    "19":0.01831862,
    "20":0.0585884228,
    "21":0.0387161385,
    "22":0.01965157,
    "23":0.024609225,
    "24":0.0370349897,
    "25":0.0647909798,
    "26":0.0353294455,
    "27":0.1385573927,
    "28":0.0571670954,
    "29":0.0516892149,
    "30":0.0365974386,
    "31":0.0606951165,
    "32":0.0474094465,
    "33":0.027621017,
    "34":0.019810464,
    "35":0.0367108311,
    "36":0.0608122576,
    "37":0.0448748878,
    "38":0.01912094,
    "39":0.027933546,
    "40":0.0340254384,
    "41":0.018210465,
    "42":0.026602786,
    "43":0.048656567,
    "44":0.0452687655,
    "45":0.0340540685,
    "46":0.0311619,
    "47":0.1061999317,
    "48":0.02699781,
    "49":0.024398644
  },
  "Delta_Uniform":{
    "0":-0.0187386763,
    "1":-0.0021643829,
    "2":-0.00543704,
    "3":-0.007321613,
    "4":-0.0071701442,
    "5":-0.005162338,
    "6":-0.007447062,
    "7":-0.0354647456,
    "8":-0.0086426122,
    "9":-0.0181102532,
    "10":-0.0214474683,
    "11":-0.027307834,
    "12":-0.0103106193,
    "13":-0.0177603418,
    "14":-0.005678371,
    "15":-0.0172166828,
    "16":-0.0083735889,
    "17":-0.0164326687,
    "18":-0.00661483,
    "19":-0.00591465,
    "20":-0.0132959065,
    "21":-0.0132195285,
    "22":-0.00385789,
    "23":-0.009034316,
    "24":-0.0130221847,
    "25":-0.01845449,
    "26":-0.0112491837,
    "27":-0.048741036,
    "28":-0.0167101892,
    "29":-0.0077010058,
    "30":-0.0134578176,
    "31":-0.0176920224,
    "32":-0.0152834175,
    "33":-0.009628379,
    "34":-0.005960527,
    "35":-0.0088848259,
    "36":-0.0159413367,
    "37":-0.0115542726,
    "38":-0.00588112,
    "39":-0.008617482,
    "40":-0.0118282336,
    "41":-0.00788987,
    "42":-0.005635969,
    "43":-0.0117144817,
    "44":-0.0130868049,
    "45":-0.0110694346,
    "46":-0.0110807607,
    "47":-0.0324396894,
    "48":-0.006827078,
    "49":-0.007193765
  },
  "Delta_Prop":{
    "0":-0.0242519758,
    "1":-0.0095394143,
    "2":-0.00482151,
    "3":-0.012776446,
    "4":-0.0188924741,
    "5":-0.008978288,
    "6":-0.008444474,
    "7":-0.0472538921,
    "8":-0.0110288476,
    "9":-0.0197021957,
    "10":-0.0301021141,
    "11":-0.0397947628,
    "12":-0.0138865295,
    "13":-0.0251455727,
    "14":-0.00912982,
    "15":-0.0178596652,
    "16":-0.013063783,
    "17":-0.0184179052,
    "18":-0.00667453,
    "19":-0.00694768,
    "20":-0.0191871229,
    "21":-0.015452759,
    "22":-0.00790424,
    "23":-0.008802353,
    "24":-0.0139897948,
    "25":-0.0169676753,
    "26":-0.0153531685,
    "27":-0.0547356535,
    "28":-0.0204283652,
    "29":-0.0203111289,
    "30":-0.0121736776,
    "31":-0.0192852083,
    "32":-0.0180678105,
    "33":-0.012370725,
    "34":-0.008698865,
    "35":-0.0123414701,
    "36":-0.0244966871,
    "37":-0.0214339129,
    "38":-0.0089386,
    "39":-0.014264646,
    "40":-0.0178464266,
    "41":-0.008207972,
    "42":-0.008458278,
    "43":-0.0156194102,
    "44":-0.0143475915,
    "45":-0.0153744972,
    "46":-0.011775595,
    "47":-0.0409852057,
    "48":-0.009382053,
    "49":-0.009593616
  }
}