{
  "Astrahl":{
    "0":0.084716102,
    "1":0.1914457652,
    "2":0.118191104,
    "3":0.2254402152,
    "4":0.0812665998,
    "5":0.1041678827,
    "6":0.09446887,
    "7":0.10330406,
    "8":0.1105819701,
    "9":0.2085126254,
    "10":0.1553606205,
    "11":0.1746316135,
    "12":0.1816029918,
    "13":0.1582854202,
    "14":0.2135901255,
    "15":0.106991774,
    "16":0.088019331,
    "17":0.0927427119,
    "18":0.2035825766,
    "19":0.1142420636,
    "20":0.2503465754,
    "21":0.1778162831,
    "22":0.10194517,
    "23":0.141196325,
    "24":0.2653697135,
    "25":0.2746579912,
    "26":0.152565974,
    "27":0.1271303009,
    "28":0.089554531,
    "29":0.2603335946,
    "30":0.2298944503,
    "31":0.2369203683,
    "32":0.0985551358,
    "33":0.135158171,
    "34":0.147278031,
    "35":0.10367788,
    "36":0.151804003,
    "37":0.120236055,
    "38":0.1040456757,
    "39":0.1948837444,
    "40":0.1669534321,
    "41":0.3544473989,
    "42":0.1576778683,
    "43":0.1224492189,
    "44":0.1296548763,
    "45":0.117560661,
    "46":0.102236231,
    "47":0.1206004209,
    "48":0.1489831435,
    "49":0.2520326896
  },
  "Uniform":{
    "0":0.15536874,
    "1":0.2563987149,
    "2":0.203460416,
    "3":0.3448075739,
    "4":0.154760565,
    "5":0.1451382599,
    "6":0.15926247,
    "7":0.16232865,
    "8":0.1949628578,
    "9":0.3168960248,
    "10":0.2485360476,
    "11":0.2398308839,
    "12":0.2735704889,
    "13":0.2664240586,
    "14":0.3385817504,
    "15":0.14500494,
    "16":0.157228492,
    "17":0.1573716238,
    "18":0.3167020539,
    "19":0.1950478211,
    "20":0.3505751496,
    "21":0.2883817689,
    "22":0.14751999,
    "23":0.231641343,
    "24":0.4239065063,
    "25":0.3864149523,
    "26":0.2418124408,
    "27":0.1910963419,
    "28":0.146025391,
    "29":0.384765309,
    "30":0.31447889,
    "31":0.350669732,
    "32":0.1529230648,
    "33":0.2216835969,
    "34":0.2273278366,
    "35":0.14387689,
    "36":0.240485724,
    "37":0.2216211119,
    "38":0.1509342741,
    "39":0.309920571,
    "40":0.2410820297,
    "41":0.4992853929,
    "42":0.2637916783,
    "43":0.189776995,
    "44":0.1874786819,
    "45":0.176970279,
    "46":0.202382801,
    "47":0.1961937069,
    "48":0.2106850714,
    "49":0.3635298395
  },
  "Prop":{
    "0":0.155416721,
    "1":0.2933945364,
    "2":0.212698593,
    "3":0.3687068015,
    "4":0.1459612128,
    "5":0.1723428229,
    "6":0.15048198,
    "7":0.16679319,
    "8":0.1966102468,
    "9":0.3395530852,
    "10":0.2370890032,
    "11":0.2436263686,
    "12":0.3164475293,
    "13":0.2728850973,
    "14":0.3635966462,
    "15":0.16090102,
    "16":0.156738811,
    "17":0.1578761606,
    "18":0.3163709366,
    "19":0.2052396345,
    "20":0.3911246945,
    "21":0.2685948497,
    "22":0.15031147,
    "23":0.2550232159,
    "24":0.4104054902,
    "25":0.4204607317,
    "26":0.2389317579,
    "27":0.179523954,
    "28":0.148603521,
    "29":0.3992072704,
    "30":0.3293555304,
    "31":0.3747973856,
    "32":0.1556636269,
    "33":0.226686704,
    "34":0.250762549,
    "35":0.16716109,
    "36":0.264182751,
    "37":0.191617233,
    "38":0.143642871,
    "39":0.3224146977,
    "40":0.232705708,
    "41":0.5338817077,
    "42":0.2586356088,
    "43":0.1963858748,
    "44":0.2112870443,
    "45":0.2011047827,
    "46":0.199298121,
    "47":0.205023022,
    "48":0.2109143822,
    "49":0.3630028138
  },
  "Delta_Uniform":{
    "0":-0.070652638,
    "1":-0.0649529497,
    "2":-0.085269312,
    "3":-0.1193673587,
    "4":-0.0734939652,
    "5":-0.0409703772,
    "6":-0.0647936,
    "7":-0.05902459,
    "8":-0.0843808877,
    "9":-0.1083833993,
    "10":-0.0931754271,
    "11":-0.0651992704,
    "12":-0.0919674971,
    "13":-0.1081386385,
    "14":-0.1249916249,
    "15":-0.038013166,
    "16":-0.069209161,
    "17":-0.0646289119,
    "18":-0.1131194773,
    "19":-0.0808057575,
    "20":-0.1002285743,
    "21":-0.1105654858,
    "22":-0.04557482,
    "23":-0.090445018,
    "24":-0.1585367928,
    "25":-0.1117569611,
    "26":-0.0892464668,
    "27":-0.063966041,
    "28":-0.05647086,
    "29":-0.1244317144,
    "30":-0.0845844397,
    "31":-0.1137493637,
    "32":-0.054367929,
    "33":-0.0865254259,
    "34":-0.0800498056,
    "35":-0.04019901,
    "36":-0.088681721,
    "37":-0.1013850569,
    "38":-0.0468885985,
    "39":-0.1150368266,
    "40":-0.0741285976,
    "41":-0.1448379941,
    "42":-0.10611381,
    "43":-0.0673277761,
    "44":-0.0578238056,
    "45":-0.059409618,
    "46":-0.10014657,
    "47":-0.075593286,
    "48":-0.0617019279,
    "49":-0.1114971499
  },
  "Delta_Prop":{
    "0":-0.070700619,
    "1":-0.1019487712,
    "2":-0.094507489,
    "3":-0.1432665863,
    "4":-0.064694613,
    "5":-0.0681749402,
    "6":-0.05601311,
    "7":-0.06348913,
    "8":-0.0860282767,
    "9":-0.1310404598,
    "10":-0.0817283827,
    "11":-0.0689947551,
    "12":-0.1348445375,
    "13":-0.1145996771,
    "14":-0.1500065207,
    "15":-0.053909246,
    "16":-0.06871948,
    "17":-0.0651334487,
    "18":-0.11278836,
    "19":-0.0909975709,
    "20":-0.1407781192,
    "21":-0.0907785666,
    "22":-0.0483663,
    "23":-0.1138268909,
    "24":-0.1450357767,
    "25":-0.1458027404,
    "26":-0.0863657839,
    "27":-0.0523936531,
    "28":-0.05904899,
    "29":-0.1388736758,
    "30":-0.0994610801,
    "31":-0.1378770173,
    "32":-0.0571084911,
    "33":-0.091528533,
    "34":-0.103484518,
    "35":-0.06348321,
    "36":-0.112378748,
    "37":-0.071381178,
    "38":-0.0395971954,
    "39":-0.1275309533,
    "40":-0.0657522759,
    "41":-0.1794343088,
    "42":-0.1009577405,
    "43":-0.0739366559,
    "44":-0.081632168,
    "45":-0.0835441217,
    "46":-0.09706189,
    "47":-0.0844226011,
    "48":-0.0619312388,
    "49":-0.1109701242
  }
}