{
  "Astrahl":{
    "0":0.07835739,
    "1":0.0749850295,
    "2":0.092856656,
    "3":0.069530282,
    "4":0.063097241,
    "5":0.04553549,
    "6":0.1104037608,
    "7":0.0789677823,
    "8":0.097450157,
    "9":0.097428252,
    "10":0.05996656,
    "11":0.05758238,
    "12":0.073394072,
    "13":0.0563387,
    "14":0.1282559149,
    "15":0.07786052,
    "16":0.06479189,
    "17":0.0875422823,
    "18":0.073645294,
    "19":0.0797366862,
    "20":0.07299259,
    "21":0.070493072,
    "22":0.072424543,
    "23":0.05961366,
    "24":0.0975265509,
    "25":0.05984437,
    "26":0.0461052,
    "27":0.084784781,
    "28":0.053972401,
    "29":0.0615060237,
    "30":0.053708102,
    "31":0.051067272,
    "32":0.074846038,
    "33":0.08768168,
    "34":0.086943113,
    "35":0.081859991,
    "36":0.0807709399,
    "37":0.09489978,
    "38":0.0643731177,
    "39":0.06345957,
    "40":0.0537242,
    "41":0.05010505,
    "42":0.114595192,
    "43":0.0655464589,
    "44":0.059649621,
    "45":0.06431339,
    "46":0.05777799,
    "47":0.04657199,
    "48":0.061551495,
    "49":0.05482178
  },
  "Uniform":{
    "0":0.11305109,
    "1":0.1307881517,
    "2":0.1694605898,
    "3":0.0913360939,
    "4":0.135039241,
    "5":0.09428419,
    "6":0.1518083347,
    "7":0.1223294149,
    "8":0.1129474836,
    "9":0.18748067,
    "10":0.08471777,
    "11":0.093949951,
    "12":0.1350573,
    "13":0.083602,
    "14":0.2026874698,
    "15":0.148619654,
    "16":0.11879957,
    "17":0.126022273,
    "18":0.11956668,
    "19":0.0955895586,
    "20":0.1286719,
    "21":0.08631949,
    "22":0.090510792,
    "23":0.08439929,
    "24":0.131638702,
    "25":0.089950841,
    "26":0.08102929,
    "27":0.131582922,
    "28":0.0908198269,
    "29":0.09265389,
    "30":0.080691751,
    "31":0.083471,
    "32":0.0990037089,
    "33":0.1596093669,
    "34":0.1269838799,
    "35":0.128854341,
    "36":0.1305162,
    "37":0.168024571,
    "38":0.1032954379,
    "39":0.1046707449,
    "40":0.08062549,
    "41":0.0851966859,
    "42":0.1619057,
    "43":0.099629111,
    "44":0.0908233,
    "45":0.0831511,
    "46":0.0819431,
    "47":0.07804149,
    "48":0.099211501,
    "49":0.07804719
  },
  "Prop":{
    "0":0.108190071,
    "1":0.1402660941,
    "2":0.1698217,
    "3":0.095355562,
    "4":0.14078091,
    "5":0.0818752,
    "6":0.1518342595,
    "7":0.128104383,
    "8":0.1137634693,
    "9":0.1674173869,
    "10":0.083677641,
    "11":0.085359122,
    "12":0.134113961,
    "13":0.09114129,
    "14":0.21535134,
    "15":0.14142008,
    "16":0.1246668,
    "17":0.1277304138,
    "18":0.128131082,
    "19":0.1069091533,
    "20":0.136999061,
    "21":0.08626078,
    "22":0.094691332,
    "23":0.07591619,
    "24":0.1370185708,
    "25":0.09021739,
    "26":0.0761442,
    "27":0.128082583,
    "28":0.10086828,
    "29":0.101181841,
    "30":0.090742361,
    "31":0.08380188,
    "32":0.0942311127,
    "33":0.151194312,
    "34":0.1191131669,
    "35":0.12311802,
    "36":0.1213112752,
    "37":0.1746785149,
    "38":0.0976135028,
    "39":0.0885371759,
    "40":0.09029439,
    "41":0.089729241,
    "42":0.1880208249,
    "43":0.09256438,
    "44":0.09763348,
    "45":0.078952,
    "46":0.08679519,
    "47":0.0705392,
    "48":0.090036922,
    "49":0.0880241
  },
  "Delta_Uniform":{
    "0":-0.0346937,
    "1":-0.0558031222,
    "2":-0.0766039338,
    "3":-0.0218058119,
    "4":-0.071942,
    "5":-0.0487487,
    "6":-0.0414045739,
    "7":-0.0433616326,
    "8":-0.0154973266,
    "9":-0.090052418,
    "10":-0.02475121,
    "11":-0.036367571,
    "12":-0.061663228,
    "13":-0.0272633,
    "14":-0.0744315549,
    "15":-0.070759134,
    "16":-0.05400768,
    "17":-0.0384799907,
    "18":-0.045921386,
    "19":-0.0158528724,
    "20":-0.05567931,
    "21":-0.015826418,
    "22":-0.018086249,
    "23":-0.02478563,
    "24":-0.0341121511,
    "25":-0.030106471,
    "26":-0.03492409,
    "27":-0.046798141,
    "28":-0.0368474259,
    "29":-0.0311478663,
    "30":-0.026983649,
    "31":-0.032403728,
    "32":-0.0241576709,
    "33":-0.0719276869,
    "34":-0.0400407669,
    "35":-0.04699435,
    "36":-0.0497452601,
    "37":-0.073124791,
    "38":-0.0389223202,
    "39":-0.0412111749,
    "40":-0.02690129,
    "41":-0.0350916359,
    "42":-0.047310508,
    "43":-0.0340826521,
    "44":-0.031173679,
    "45":-0.01883771,
    "46":-0.02416511,
    "47":-0.0314695,
    "48":-0.037660006,
    "49":-0.02322541
  },
  "Delta_Prop":{
    "0":-0.029832681,
    "1":-0.0652810646,
    "2":-0.076965044,
    "3":-0.02582528,
    "4":-0.077683669,
    "5":-0.03633971,
    "6":-0.0414304987,
    "7":-0.0491366007,
    "8":-0.0163133123,
    "9":-0.0699891349,
    "10":-0.023711081,
    "11":-0.027776742,
    "12":-0.060719889,
    "13":-0.03480259,
    "14":-0.0870954251,
    "15":-0.06355956,
    "16":-0.05987491,
    "17":-0.0401881315,
    "18":-0.054485788,
    "19":-0.0271724671,
    "20":-0.064006471,
    "21":-0.015767708,
    "22":-0.022266789,
    "23":-0.01630253,
    "24":-0.0394920199,
    "25":-0.03037302,
    "26":-0.030039,
    "27":-0.043297802,
    "28":-0.046895879,
    "29":-0.0396758173,
    "30":-0.037034259,
    "31":-0.032734608,
    "32":-0.0193850747,
    "33":-0.063512632,
    "34":-0.0321700539,
    "35":-0.041258029,
    "36":-0.0405403353,
    "37":-0.0797787349,
    "38":-0.0332403851,
    "39":-0.0250776059,
    "40":-0.03657019,
    "41":-0.039624191,
    "42":-0.0734256329,
    "43":-0.0270179211,
    "44":-0.037983859,
    "45":-0.01463861,
    "46":-0.0290172,
    "47":-0.02396721,
    "48":-0.028485427,
    "49":-0.03320232
  }
}