{
  "Astrahl":{
    "0":0.2581330221,
    "1":0.1309400088,
    "2":0.100513527,
    "3":0.0765204259,
    "4":0.076271371,
    "5":0.0579327169,
    "6":0.096348281,
    "7":0.084884102,
    "8":0.0820051974,
    "9":0.100419027,
    "10":0.0961015399,
    "11":0.0735495399,
    "12":0.077789831,
    "13":0.079810893,
    "14":0.0717006348,
    "15":0.106767855,
    "16":0.0936553595,
    "17":0.07131728,
    "18":0.1346873622,
    "19":0.116089979,
    "20":0.1024089444,
    "21":0.083765421,
    "22":0.0802069769,
    "23":0.0878896286,
    "24":0.0912557769,
    "25":0.0630436,
    "26":0.06302038,
    "27":0.1200336012,
    "28":0.147044753,
    "29":0.0671722,
    "30":0.1042331033,
    "31":0.09119815,
    "32":0.083400011,
    "33":0.129458204,
    "34":0.073986691,
    "35":0.1535744683,
    "36":0.1220164382,
    "37":0.1428847107,
    "38":0.074734935,
    "39":0.084058342,
    "40":0.1227048983,
    "41":0.0770205849,
    "42":0.0825790555,
    "43":0.1569626331,
    "44":0.06105167,
    "45":0.0814692609,
    "46":0.06813728,
    "47":0.1017916621,
    "48":0.060109701,
    "49":0.1943138105
  },
  "Uniform":{
    "0":0.4109394343,
    "1":0.2139716616,
    "2":0.1652480728,
    "3":0.111915353,
    "4":0.107632262,
    "5":0.1121294789,
    "6":0.160324213,
    "7":0.107959672,
    "8":0.1400076715,
    "9":0.1581857089,
    "10":0.1414910482,
    "11":0.1159834269,
    "12":0.10467394,
    "13":0.097729421,
    "14":0.129357195,
    "15":0.1502591218,
    "16":0.1300752755,
    "17":0.11303258,
    "18":0.1961563887,
    "19":0.1811542713,
    "20":0.1627296378,
    "21":0.115989852,
    "22":0.1098122839,
    "23":0.1645951192,
    "24":0.1517476279,
    "25":0.10611258,
    "26":0.09601958,
    "27":0.1681953542,
    "28":0.233958319,
    "29":0.11989306,
    "30":0.1707765674,
    "31":0.16428155,
    "32":0.11422863,
    "33":0.2129346898,
    "34":0.114669075,
    "35":0.1588117927,
    "36":0.2099455737,
    "37":0.166604296,
    "38":0.1211799768,
    "39":0.104461962,
    "40":0.2041394452,
    "41":0.116691314,
    "42":0.1062893028,
    "43":0.2124061894,
    "44":0.10883116,
    "45":0.1155980731,
    "46":0.10832498,
    "47":0.1278668392,
    "48":0.103092731,
    "49":0.2786496471
  },
  "Prop":{
    "0":0.3857102016,
    "1":0.2027515558,
    "2":0.1501174279,
    "3":0.1024585918,
    "4":0.09289077,
    "5":0.1022619389,
    "6":0.146996212,
    "7":0.09619444,
    "8":0.1159748907,
    "9":0.157153712,
    "10":0.1268935593,
    "11":0.106812772,
    "12":0.112313733,
    "13":0.10447958,
    "14":0.121686474,
    "15":0.1473042899,
    "16":0.1100221106,
    "17":0.09365497,
    "18":0.2069424617,
    "19":0.1661606777,
    "20":0.1623846613,
    "21":0.112406726,
    "22":0.1178777999,
    "23":0.1438398672,
    "24":0.152776402,
    "25":0.09213869,
    "26":0.09950287,
    "27":0.155083476,
    "28":0.2392128197,
    "29":0.10179268,
    "30":0.1484438054,
    "31":0.150468873,
    "32":0.090792421,
    "33":0.1899198249,
    "34":0.1139887469,
    "35":0.1462346711,
    "36":0.1763779338,
    "37":0.1806905796,
    "38":0.114455924,
    "39":0.110897211,
    "40":0.1884074552,
    "41":0.1076931069,
    "42":0.1214729338,
    "43":0.214540076,
    "44":0.1029904,
    "45":0.1020048173,
    "46":0.1056134,
    "47":0.1266956723,
    "48":0.10589254,
    "49":0.2760433142
  },
  "Delta_Uniform":{
    "0":-0.1528064121,
    "1":-0.0830316528,
    "2":-0.0647345458,
    "3":-0.0353949271,
    "4":-0.031360891,
    "5":-0.054196762,
    "6":-0.063975932,
    "7":-0.02307557,
    "8":-0.0580024741,
    "9":-0.0577666819,
    "10":-0.0453895083,
    "11":-0.042433887,
    "12":-0.026884109,
    "13":-0.017918528,
    "14":-0.0576565602,
    "15":-0.0434912668,
    "16":-0.036419916,
    "17":-0.0417153,
    "18":-0.0614690265,
    "19":-0.0650642922,
    "20":-0.0603206934,
    "21":-0.032224431,
    "22":-0.029605307,
    "23":-0.0767054906,
    "24":-0.060491851,
    "25":-0.04306898,
    "26":-0.0329992,
    "27":-0.048161753,
    "28":-0.086913566,
    "29":-0.05272086,
    "30":-0.066543464,
    "31":-0.0730834,
    "32":-0.030828619,
    "33":-0.0834764858,
    "34":-0.040682384,
    "35":-0.0052373244,
    "36":-0.0879291355,
    "37":-0.0237195853,
    "38":-0.0464450418,
    "39":-0.02040362,
    "40":-0.0814345469,
    "41":-0.0396707291,
    "42":-0.0237102473,
    "43":-0.0554435563,
    "44":-0.04777949,
    "45":-0.0341288122,
    "46":-0.0401877,
    "47":-0.0260751772,
    "48":-0.04298303,
    "49":-0.0843358366
  },
  "Delta_Prop":{
    "0":-0.1275771795,
    "1":-0.071811547,
    "2":-0.0496039009,
    "3":-0.0259381659,
    "4":-0.016619399,
    "5":-0.044329222,
    "6":-0.050647931,
    "7":-0.011310338,
    "8":-0.0339696933,
    "9":-0.056734685,
    "10":-0.0307920194,
    "11":-0.0332632321,
    "12":-0.034523902,
    "13":-0.024668687,
    "14":-0.0499858392,
    "15":-0.0405364349,
    "16":-0.0163667511,
    "17":-0.02233769,
    "18":-0.0722550995,
    "19":-0.0500706987,
    "20":-0.0599757169,
    "21":-0.028641305,
    "22":-0.037670823,
    "23":-0.0559502386,
    "24":-0.0615206251,
    "25":-0.02909509,
    "26":-0.03648249,
    "27":-0.0350498748,
    "28":-0.0921680667,
    "29":-0.03462048,
    "30":-0.044210702,
    "31":-0.059270723,
    "32":-0.00739241,
    "33":-0.0604616209,
    "34":-0.0400020559,
    "35":0.0073397971,
    "36":-0.0543614956,
    "37":-0.037805869,
    "38":-0.039720989,
    "39":-0.026838869,
    "40":-0.0657025569,
    "41":-0.030672522,
    "42":-0.0388938783,
    "43":-0.0575774429,
    "44":-0.04193873,
    "45":-0.0205355564,
    "46":-0.03747612,
    "47":-0.0249040102,
    "48":-0.045782839,
    "49":-0.0817295037
  }
}