{
  "Astrahl":{
    "0":0.00120108,
    "1":0.0015132072,
    "2":0.0024720007,
    "3":0.0007021666,
    "4":0.0008025992,
    "5":0.00070063,
    "6":0.0040706304,
    "7":0.0006027805,
    "8":0.0027190504,
    "9":0.0072647537,
    "10":0.000801368,
    "11":0.002090891,
    "12":0.0012038988,
    "13":0.00060054,
    "14":0.0009027856,
    "15":0.0017930609,
    "16":0.00170153,
    "17":0.0026431392,
    "18":0.0014045486,
    "19":0.0017147634,
    "20":0.00120108,
    "21":0.001101881,
    "22":0.0021691081,
    "23":0.000701197,
    "24":0.0020932165,
    "25":0.000901539,
    "26":0.00110099,
    "27":0.0015223393,
    "28":0.0011026829,
    "29":0.0019029241,
    "30":0.0009029241,
    "31":0.001140486,
    "32":0.0007622223,
    "33":0.001903249,
    "34":0.0033478634,
    "35":0.0021737107,
    "36":0.0034037548,
    "37":0.0006014634,
    "38":0.0011050975,
    "39":0.0013553645,
    "40":0.00090081,
    "41":0.0007026353,
    "42":0.0008019512,
    "43":0.0017113851,
    "44":0.001302223,
    "45":0.00050045,
    "46":0.00050045,
    "47":0.00120108,
    "48":0.0008025992,
    "49":0.00050045
  },
  "Uniform":{
    "0":0.009071544,
    "1":0.0074527258,
    "2":0.0168623201,
    "3":0.0047024838,
    "4":0.0050048452,
    "5":0.00440122,
    "6":0.0232726887,
    "7":0.0040043204,
    "8":0.0117265547,
    "9":0.0377557538,
    "10":0.004202075,
    "11":0.006611191,
    "12":0.0040030678,
    "13":0.00430122,
    "14":0.003604154,
    "15":0.0089136888,
    "16":0.009381515,
    "17":0.017686565,
    "18":0.0083865083,
    "19":0.0073757105,
    "20":0.008601634,
    "21":0.004302227,
    "22":0.012963701,
    "23":0.004802867,
    "24":0.0096736044,
    "25":0.004201753,
    "26":0.00410085,
    "27":0.0073942732,
    "28":0.0046029687,
    "29":0.0086640759,
    "30":0.0047029668,
    "31":0.007460633,
    "32":0.0089679834,
    "33":0.0083138356,
    "34":0.0146526267,
    "35":0.0097858035,
    "36":0.0166439642,
    "37":0.0040031145,
    "38":0.0041070649,
    "39":0.0128827704,
    "40":0.00370103,
    "41":0.0038047828,
    "42":0.0049022847,
    "43":0.0071618048,
    "44":0.003701325,
    "45":0.00410083,
    "46":0.00460101,
    "47":0.00480138,
    "48":0.0049038957,
    "49":0.00380124
  },
  "Prop":{
    "0":0.009572931,
    "1":0.0085240205,
    "2":0.0166705857,
    "3":0.0052033381,
    "4":0.0046051333,
    "5":0.00520128,
    "6":0.0232608059,
    "7":0.0042053719,
    "8":0.0116870849,
    "9":0.0321652246,
    "10":0.00440246,
    "11":0.008290666,
    "12":0.004303652,
    "13":0.00480113,
    "14":0.0044043319,
    "15":0.0090755565,
    "16":0.008232556,
    "17":0.0158420331,
    "18":0.0071964657,
    "19":0.00808412,
    "20":0.007892545,
    "21":0.005401344,
    "22":0.0109903811,
    "23":0.003502498,
    "24":0.0081938251,
    "25":0.004401604,
    "26":0.00320093,
    "27":0.0080234881,
    "28":0.004201244,
    "29":0.0093239174,
    "30":0.0047053064,
    "31":0.008881036,
    "32":0.0077655861,
    "33":0.0086842104,
    "34":0.0149078353,
    "35":0.0078329429,
    "36":0.0171258591,
    "37":0.0040033404,
    "38":0.0045068286,
    "39":0.0106469495,
    "40":0.00340149,
    "41":0.0043039217,
    "42":0.0034031694,
    "43":0.0095715238,
    "44":0.004001994,
    "45":0.00410151,
    "46":0.00410142,
    "47":0.00460082,
    "48":0.0040057933,
    "49":0.00400114
  },
  "Delta_Uniform":{
    "0":-0.007870464,
    "1":-0.0059395186,
    "2":-0.0143903194,
    "3":-0.0040003172,
    "4":-0.004202246,
    "5":-0.00370059,
    "6":-0.0192020583,
    "7":-0.00340154,
    "8":-0.0090075043,
    "9":-0.0304910001,
    "10":-0.003400707,
    "11":-0.0045203,
    "12":-0.002799169,
    "13":-0.00370068,
    "14":-0.0027013684,
    "15":-0.0071206279,
    "16":-0.007679985,
    "17":-0.0150434258,
    "18":-0.0069819597,
    "19":-0.0056609472,
    "20":-0.007400554,
    "21":-0.003200346,
    "22":-0.0107945929,
    "23":-0.00410167,
    "24":-0.0075803879,
    "25":-0.003300214,
    "26":-0.00299986,
    "27":-0.0058719339,
    "28":-0.0035002858,
    "29":-0.0067611518,
    "30":-0.0038000427,
    "31":-0.006320147,
    "32":-0.0082057611,
    "33":-0.0064105866,
    "34":-0.0113047633,
    "35":-0.0076120928,
    "36":-0.0132402094,
    "37":-0.0034016511,
    "38":-0.0030019674,
    "39":-0.0115274059,
    "40":-0.00280022,
    "41":-0.0031021475,
    "42":-0.0041003335,
    "43":-0.0054504197,
    "44":-0.002399102,
    "45":-0.00360038,
    "46":-0.00410056,
    "47":-0.0036003,
    "48":-0.0041012965,
    "49":-0.00330079
  },
  "Delta_Prop":{
    "0":-0.008371851,
    "1":-0.0070108133,
    "2":-0.014198585,
    "3":-0.0045011716,
    "4":-0.0038025341,
    "5":-0.00450065,
    "6":-0.0191901754,
    "7":-0.0036025915,
    "8":-0.0089680345,
    "9":-0.0249004708,
    "10":-0.003601092,
    "11":-0.006199775,
    "12":-0.0030997532,
    "13":-0.00420059,
    "14":-0.0035015463,
    "15":-0.0072824956,
    "16":-0.006531026,
    "17":-0.0131988939,
    "18":-0.0057919171,
    "19":-0.0063693566,
    "20":-0.006691465,
    "21":-0.004299463,
    "22":-0.0088212731,
    "23":-0.002801301,
    "24":-0.0061006086,
    "25":-0.003500065,
    "26":-0.00209994,
    "27":-0.0065011489,
    "28":-0.0030985611,
    "29":-0.0074209932,
    "30":-0.0038023823,
    "31":-0.00774055,
    "32":-0.0070033638,
    "33":-0.0067809614,
    "34":-0.0115599719,
    "35":-0.0056592322,
    "36":-0.0137221043,
    "37":-0.003401877,
    "38":-0.003401731,
    "39":-0.009291585,
    "40":-0.00250068,
    "41":-0.0036012864,
    "42":-0.0026012182,
    "43":-0.0078601387,
    "44":-0.002699771,
    "45":-0.00360106,
    "46":-0.00360097,
    "47":-0.00339974,
    "48":-0.0032031941,
    "49":-0.00350069
  }
}