{
  "Astrahl":{
    "0":0.0340510897,
    "1":0.0195406418,
    "2":0.010265837,
    "3":0.0185396392,
    "4":0.0246011734,
    "5":0.0214770595,
    "6":0.0166538733,
    "7":0.0130494765,
    "8":0.0456349541,
    "9":0.0471440256,
    "10":0.0522877105,
    "11":0.0169220439,
    "12":0.0192436965,
    "13":0.0199428628,
    "14":0.0380949935,
    "15":0.0224492288,
    "16":0.0323457751,
    "17":0.0207540512,
    "18":0.0315188537,
    "19":0.0728410533,
    "20":0.010584537,
    "21":0.0187249455,
    "22":0.0507423408,
    "23":0.085111082,
    "24":0.009838737,
    "25":0.0425887838,
    "26":0.0490548149,
    "27":0.0198611303,
    "28":0.018499203,
    "29":0.0213535448,
    "30":0.0323952151,
    "31":0.0281262641,
    "32":0.067678273,
    "33":0.0353243162,
    "34":0.0474114591,
    "35":0.0196794924,
    "36":0.034874372,
    "37":0.060394572,
    "38":0.0258962589,
    "39":0.0169677862,
    "40":0.0184248873,
    "41":0.0669241382,
    "42":0.0188688187,
    "43":0.060366488,
    "44":0.0190083652,
    "45":0.029653717,
    "46":0.0421730022,
    "47":0.01870281,
    "48":0.0490826895,
    "49":0.00938693
  },
  "Uniform":{
    "0":0.0334508121,
    "1":0.0177423458,
    "2":0.010116851,
    "3":0.0176677936,
    "4":0.0241002038,
    "5":0.0208195223,
    "6":0.0181500841,
    "7":0.0133703445,
    "8":0.0437384452,
    "9":0.0428833031,
    "10":0.0531508866,
    "11":0.0170068455,
    "12":0.0178974582,
    "13":0.0187884859,
    "14":0.0368143637,
    "15":0.0235603366,
    "16":0.0307057732,
    "17":0.0211619007,
    "18":0.0289967181,
    "19":0.0643677073,
    "20":0.0103094,
    "21":0.0171731683,
    "22":0.0469276528,
    "23":0.0784985307,
    "24":0.010547262,
    "25":0.0414571994,
    "26":0.0477141863,
    "27":0.0178141101,
    "28":0.016550163,
    "29":0.0208005149,
    "30":0.0303035866,
    "31":0.0292895384,
    "32":0.0623327366,
    "33":0.0336765764,
    "34":0.0431226783,
    "35":0.0197085708,
    "36":0.0346822616,
    "37":0.0574552259,
    "38":0.023921316,
    "39":0.0178271154,
    "40":0.0173392179,
    "41":0.0618355407,
    "42":0.0180341565,
    "43":0.0575279121,
    "44":0.0173827808,
    "45":0.0299048902,
    "46":0.038062739,
    "47":0.016609553,
    "48":0.0467349131,
    "49":0.00952592
  },
  "Prop":{
    "0":0.0335441863,
    "1":0.019286418,
    "2":0.01037481,
    "3":0.0181205896,
    "4":0.0245943578,
    "5":0.0208016008,
    "6":0.0180220263,
    "7":0.0130601737,
    "8":0.0447153984,
    "9":0.043811736,
    "10":0.0514590127,
    "11":0.0178236998,
    "12":0.0178302779,
    "13":0.0202466392,
    "14":0.0365323587,
    "15":0.022236763,
    "16":0.032519286,
    "17":0.0205794139,
    "18":0.030053341,
    "19":0.0673406478,
    "20":0.010389429,
    "21":0.0181173168,
    "22":0.0510693162,
    "23":0.0799859043,
    "24":0.009815666,
    "25":0.042401246,
    "26":0.0507506971,
    "27":0.0183976901,
    "28":0.0185184757,
    "29":0.0208067217,
    "30":0.0307581652,
    "31":0.0288053142,
    "32":0.0645350994,
    "33":0.034359678,
    "34":0.0451895492,
    "35":0.0210653959,
    "36":0.0329003687,
    "37":0.0547297844,
    "38":0.0249207087,
    "39":0.0185789538,
    "40":0.0188488495,
    "41":0.0658321365,
    "42":0.0169191351,
    "43":0.0572510985,
    "44":0.0186088996,
    "45":0.0305437571,
    "46":0.0407009657,
    "47":0.017159049,
    "48":0.0467801984,
    "49":0.010321
  },
  "Delta_Uniform":{
    "0":0.0006002776,
    "1":0.0017982959,
    "2":0.000148986,
    "3":0.0008718456,
    "4":0.0005009695,
    "5":0.0006575372,
    "6":-0.0014962108,
    "7":-0.000320868,
    "8":0.0018965088,
    "9":0.0042607226,
    "10":-0.0008631761,
    "11":-0.0000848016,
    "12":0.0013462383,
    "13":0.0011543769,
    "14":0.0012806298,
    "15":-0.0011111077,
    "16":0.0016400019,
    "17":-0.0004078495,
    "18":0.0025221356,
    "19":0.0084733459,
    "20":0.000275137,
    "21":0.0015517772,
    "22":0.003814688,
    "23":0.0066125513,
    "24":-0.000708525,
    "25":0.0011315844,
    "26":0.0013406286,
    "27":0.0020470201,
    "28":0.00194904,
    "29":0.0005530299,
    "30":0.0020916285,
    "31":-0.0011632742,
    "32":0.0053455364,
    "33":0.0016477398,
    "34":0.0042887808,
    "35":-0.0000290784,
    "36":0.0001921104,
    "37":0.0029393461,
    "38":0.0019749429,
    "39":-0.0008593292,
    "40":0.0010856694,
    "41":0.0050885975,
    "42":0.0008346622,
    "43":0.0028385759,
    "44":0.0016255844,
    "45":-0.0002511732,
    "46":0.0041102632,
    "47":0.002093257,
    "48":0.0023477764,
    "49":-0.00013899
  },
  "Delta_Prop":{
    "0":0.0005069034,
    "1":0.0002542238,
    "2":-0.000108973,
    "3":0.0004190496,
    "4":0.0000068156,
    "5":0.0006754586,
    "6":-0.001368153,
    "7":-0.0000106971,
    "8":0.0009195557,
    "9":0.0033322897,
    "10":0.0008286978,
    "11":-0.0009016559,
    "12":0.0014134186,
    "13":-0.0003037765,
    "14":0.0015626348,
    "15":0.0002124659,
    "16":-0.0001735109,
    "17":0.0001746373,
    "18":0.0014655127,
    "19":0.0055004055,
    "20":0.000195108,
    "21":0.0006076287,
    "22":-0.0003269753,
    "23":0.0051251777,
    "24":0.000023071,
    "25":0.0001875377,
    "26":-0.0016958822,
    "27":0.0014634401,
    "28":-0.0000192727,
    "29":0.0005468231,
    "30":0.00163705,
    "31":-0.0006790501,
    "32":0.0031431736,
    "33":0.0009646382,
    "34":0.0022219099,
    "35":-0.0013859035,
    "36":0.0019740033,
    "37":0.0056647876,
    "38":0.0009755502,
    "39":-0.0016111676,
    "40":-0.0004239622,
    "41":0.0010920016,
    "42":0.0019496836,
    "43":0.0031153895,
    "44":0.0003994656,
    "45":-0.0008900401,
    "46":0.0014720365,
    "47":0.001543761,
    "48":0.0023024911,
    "49":-0.00093407
  }
}