{
  "Astrahl":{
    "0":0.0,
    "1":0.0000778069,
    "2":0.0,
    "3":0.0,
    "4":0.0,
    "5":0.0,
    "6":0.0,
    "7":0.0,
    "8":0.0,
    "9":0.0000890262,
    "10":0.0000931969,
    "11":0.0,
    "12":0.0,
    "13":0.0,
    "14":0.0,
    "15":0.000065341,
    "16":0.0,
    "17":0.0,
    "18":0.0,
    "19":0.0,
    "20":0.0001585379,
    "21":0.0,
    "22":0.0000991236,
    "23":0.0001163901,
    "24":0.00005149,
    "25":0.0000890262,
    "26":0.0,
    "27":0.0,
    "28":0.0,
    "29":0.0001082112,
    "30":0.0,
    "31":0.0,
    "32":0.0,
    "33":0.0,
    "34":0.0000991236,
    "35":0.0,
    "36":0.0,
    "37":0.000065341,
    "38":0.0,
    "39":0.0,
    "40":0.0,
    "41":0.0,
    "42":0.000065341,
    "43":0.0,
    "44":0.0,
    "45":0.0,
    "46":0.0,
    "47":0.0,
    "48":0.0,
    "49":0.0
  },
  "Uniform":{
    "0":0.0007270108,
    "1":0.000441431,
    "2":0.0005974248,
    "3":0.000348502,
    "4":0.0005212898,
    "5":0.00049019,
    "6":0.0005830682,
    "7":0.00055766,
    "8":0.0002272,
    "9":0.00041948,
    "10":0.00043359,
    "11":0.000519311,
    "12":0.0006016789,
    "13":0.0012160815,
    "14":0.0006294179,
    "15":0.0002762,
    "16":0.00031149,
    "17":0.0012629637,
    "18":0.000725562,
    "19":0.0013570912,
    "20":0.000366931,
    "21":0.0004097,
    "22":0.000570422,
    "23":0.0005319907,
    "24":0.0002192,
    "25":0.0008890289,
    "26":0.00026969,
    "27":0.000415211,
    "28":0.000428541,
    "29":0.0007509461,
    "30":0.0010744989,
    "31":0.00045309,
    "32":0.00030769,
    "33":0.0013377915,
    "34":0.00056405,
    "35":0.0008846389,
    "36":0.0002191,
    "37":0.00074576,
    "38":0.0010182989,
    "39":0.00038089,
    "40":0.00022459,
    "41":0.001810944,
    "42":0.00035369,
    "43":0.001029594,
    "44":0.00040289,
    "45":0.00050175,
    "46":0.001511971,
    "47":0.00020649,
    "48":0.0009401068,
    "49":0.0002001
  },
  "Prop":{
    "0":0.0007449828,
    "1":0.00026028,
    "2":0.0003141279,
    "3":0.000413786,
    "4":0.0003896612,
    "5":0.00030118,
    "6":0.0003427669,
    "7":0.0003553769,
    "8":0.0001392,
    "9":0.00027047,
    "10":0.000405331,
    "11":0.00029664,
    "12":0.000611622,
    "13":0.0005821598,
    "14":0.000637126,
    "15":0.000254441,
    "16":0.00025169,
    "17":0.0012367066,
    "18":0.000568624,
    "19":0.0007873861,
    "20":0.000453211,
    "21":0.00049802,
    "22":0.000582517,
    "23":0.000431739,
    "24":0.0001061,
    "25":0.000384811,
    "26":0.00020808,
    "27":0.000335082,
    "28":0.000106,
    "29":0.000436593,
    "30":0.0005148927,
    "31":0.0001711,
    "32":0.00019359,
    "33":0.0012439214,
    "34":0.0003676833,
    "35":0.0006803441,
    "36":0.00016288,
    "37":0.000452241,
    "38":0.0008131188,
    "39":0.0002333,
    "40":0.0001521,
    "41":0.0008248716,
    "42":0.00026769,
    "43":0.0007532517,
    "44":0.00045648,
    "45":0.00025957,
    "46":0.001256143,
    "47":0.000431621,
    "48":0.000658282,
    "49":0.0002325
  },
  "Delta_Uniform":{
    "0":-0.0007270108,
    "1":-0.0003636241,
    "2":-0.0005974248,
    "3":-0.000348502,
    "4":-0.0005212898,
    "5":-0.00049019,
    "6":-0.0005830682,
    "7":-0.00055766,
    "8":-0.0002272,
    "9":-0.0003304538,
    "10":-0.0003403931,
    "11":-0.000519311,
    "12":-0.0006016789,
    "13":-0.0012160815,
    "14":-0.0006294179,
    "15":-0.000210859,
    "16":-0.00031149,
    "17":-0.0012629637,
    "18":-0.000725562,
    "19":-0.0013570912,
    "20":-0.0002083931,
    "21":-0.0004097,
    "22":-0.0004712984,
    "23":-0.0004156006,
    "24":-0.00016771,
    "25":-0.0008000027,
    "26":-0.00026969,
    "27":-0.000415211,
    "28":-0.000428541,
    "29":-0.0006427349,
    "30":-0.0010744989,
    "31":-0.00045309,
    "32":-0.00030769,
    "33":-0.0013377915,
    "34":-0.0004649264,
    "35":-0.0008846389,
    "36":-0.0002191,
    "37":-0.000680419,
    "38":-0.0010182989,
    "39":-0.00038089,
    "40":-0.00022459,
    "41":-0.001810944,
    "42":-0.000288349,
    "43":-0.001029594,
    "44":-0.00040289,
    "45":-0.00050175,
    "46":-0.001511971,
    "47":-0.00020649,
    "48":-0.0009401068,
    "49":-0.0002001
  },
  "Delta_Prop":{
    "0":-0.0007449828,
    "1":-0.0001824731,
    "2":-0.0003141279,
    "3":-0.000413786,
    "4":-0.0003896612,
    "5":-0.00030118,
    "6":-0.0003427669,
    "7":-0.0003553769,
    "8":-0.0001392,
    "9":-0.0001814438,
    "10":-0.0003121341,
    "11":-0.00029664,
    "12":-0.000611622,
    "13":-0.0005821598,
    "14":-0.000637126,
    "15":-0.0001891,
    "16":-0.00025169,
    "17":-0.0012367066,
    "18":-0.000568624,
    "19":-0.0007873861,
    "20":-0.0002946731,
    "21":-0.00049802,
    "22":-0.0004833934,
    "23":-0.0003153489,
    "24":-0.00005461,
    "25":-0.0002957848,
    "26":-0.00020808,
    "27":-0.000335082,
    "28":-0.000106,
    "29":-0.0003283818,
    "30":-0.0005148927,
    "31":-0.0001711,
    "32":-0.00019359,
    "33":-0.0012439214,
    "34":-0.0002685597,
    "35":-0.0006803441,
    "36":-0.00016288,
    "37":-0.0003869,
    "38":-0.0008131188,
    "39":-0.0002333,
    "40":-0.0001521,
    "41":-0.0008248716,
    "42":-0.000202349,
    "43":-0.0007532517,
    "44":-0.00045648,
    "45":-0.00025957,
    "46":-0.001256143,
    "47":-0.000431621,
    "48":-0.000658282,
    "49":-0.0002325
  }
}