{
  "Astrahl":{
    "0":0.0451542369,
    "1":0.0303179227,
    "2":0.010814876,
    "3":0.0109735051,
    "4":0.005154491,
    "5":0.0107382775,
    "6":0.011124291,
    "7":0.007210082,
    "8":0.0093283857,
    "9":0.0109031739,
    "10":0.0135887294,
    "11":0.0080777987,
    "12":0.006125296,
    "13":0.007625574,
    "14":0.0082402259,
    "15":0.0117617068,
    "16":0.0089788737,
    "17":0.00704159,
    "18":0.0225561447,
    "19":0.0297127319,
    "20":0.0148728496,
    "21":0.007698568,
    "22":0.0126556728,
    "23":0.0117203708,
    "24":0.0105388648,
    "25":0.00607354,
    "26":0.00551665,
    "27":0.0127266254,
    "28":0.0203821398,
    "29":0.00693101,
    "30":0.0146644192,
    "31":0.009158361,
    "32":0.007214319,
    "33":0.0158405109,
    "34":0.0082151307,
    "35":0.02409565,
    "36":0.008337792,
    "37":0.0232314059,
    "38":0.0107117656,
    "39":0.00868013,
    "40":0.0117714888,
    "41":0.0092389077,
    "42":0.0069765312,
    "43":0.0176654646,
    "44":0.00558524,
    "45":0.0097009375,
    "46":0.0066291,
    "47":0.0140907088,
    "48":0.007872365,
    "49":0.0250090027
  },
  "Uniform":{
    "0":0.0556094845,
    "1":0.0693431361,
    "2":0.0197050433,
    "3":0.0174526635,
    "4":0.009757933,
    "5":0.0180167126,
    "6":0.016983804,
    "7":0.010381882,
    "8":0.0122743362,
    "9":0.0173095826,
    "10":0.0272116255,
    "11":0.0108351677,
    "12":0.009503813,
    "13":0.010042494,
    "14":0.0113261775,
    "15":0.0174524892,
    "16":0.0116373103,
    "17":0.00945582,
    "18":0.0352726239,
    "19":0.0425851888,
    "20":0.0326981586,
    "21":0.015250713,
    "22":0.0161569668,
    "23":0.0140670464,
    "24":0.0128218627,
    "25":0.00962692,
    "26":0.00883933,
    "27":0.0189249127,
    "28":0.0287646054,
    "29":0.0093184,
    "30":0.0256670539,
    "31":0.017976594,
    "32":0.008064155,
    "33":0.0257692782,
    "34":0.0103534347,
    "35":0.0323726313,
    "36":0.0154009128,
    "37":0.0313193428,
    "38":0.0142296084,
    "39":0.014169657,
    "40":0.0155366815,
    "41":0.0111347346,
    "42":0.0115060788,
    "43":0.0275547936,
    "44":0.00874873,
    "45":0.0188066901,
    "46":0.00862914,
    "47":0.0208636268,
    "48":0.011515666,
    "49":0.0390281262
  },
  "Prop":{
    "0":0.0594867578,
    "1":0.0694292645,
    "2":0.0192298276,
    "3":0.0192104406,
    "4":0.010623045,
    "5":0.0169368018,
    "6":0.017015328,
    "7":0.010260988,
    "8":0.0111527883,
    "9":0.0169966774,
    "10":0.0259149518,
    "11":0.0116572596,
    "12":0.008654724,
    "13":0.010352056,
    "14":0.0114008485,
    "15":0.0156312578,
    "16":0.0126272437,
    "17":0.00959545,
    "18":0.0312590281,
    "19":0.0442606669,
    "20":0.0334361506,
    "21":0.015078094,
    "22":0.0145973486,
    "23":0.0174005591,
    "24":0.0135107887,
    "25":0.01046184,
    "26":0.00800224,
    "27":0.0204700476,
    "28":0.0318619783,
    "29":0.01009461,
    "30":0.0275525678,
    "31":0.017002025,
    "32":0.009628484,
    "33":0.022292087,
    "34":0.0099687119,
    "35":0.0305538617,
    "36":0.0163263836,
    "37":0.0333297084,
    "38":0.0155705877,
    "39":0.013512764,
    "40":0.0172902561,
    "41":0.0111467408,
    "42":0.0103768618,
    "43":0.0263660119,
    "44":0.00791605,
    "45":0.0182473369,
    "46":0.00903699,
    "47":0.0172020771,
    "48":0.010025688,
    "49":0.0375294281
  },
  "Delta_Uniform":{
    "0":-0.0104552477,
    "1":-0.0390252134,
    "2":-0.0088901673,
    "3":-0.0064791584,
    "4":-0.004603442,
    "5":-0.0072784351,
    "6":-0.005859513,
    "7":-0.0031718,
    "8":-0.0029459505,
    "9":-0.0064064087,
    "10":-0.0136228961,
    "11":-0.002757369,
    "12":-0.003378517,
    "13":-0.00241692,
    "14":-0.0030859516,
    "15":-0.0056907824,
    "16":-0.0026584366,
    "17":-0.00241423,
    "18":-0.0127164792,
    "19":-0.0128724569,
    "20":-0.017825309,
    "21":-0.007552145,
    "22":-0.003501294,
    "23":-0.0023466756,
    "24":-0.0022829979,
    "25":-0.00355338,
    "26":-0.00332268,
    "27":-0.0061982873,
    "28":-0.0083824656,
    "29":-0.00238739,
    "30":-0.0110026347,
    "31":-0.008818233,
    "32":-0.000849836,
    "33":-0.0099287673,
    "34":-0.002138304,
    "35":-0.0082769813,
    "36":-0.0070631209,
    "37":-0.0080879369,
    "38":-0.0035178428,
    "39":-0.005489527,
    "40":-0.0037651927,
    "41":-0.0018958269,
    "42":-0.0045295477,
    "43":-0.009889329,
    "44":-0.00316349,
    "45":-0.0091057526,
    "46":-0.00200004,
    "47":-0.006772918,
    "48":-0.003643301,
    "49":-0.0140191235
  },
  "Delta_Prop":{
    "0":-0.0143325209,
    "1":-0.0391113418,
    "2":-0.0084149516,
    "3":-0.0082369355,
    "4":-0.005468554,
    "5":-0.0061985243,
    "6":-0.005891037,
    "7":-0.003050906,
    "8":-0.0018244026,
    "9":-0.0060935035,
    "10":-0.0123262224,
    "11":-0.0035794609,
    "12":-0.002529428,
    "13":-0.002726482,
    "14":-0.0031606226,
    "15":-0.003869551,
    "16":-0.00364837,
    "17":-0.00255386,
    "18":-0.0087028834,
    "19":-0.014547935,
    "20":-0.018563301,
    "21":-0.007379526,
    "22":-0.0019416758,
    "23":-0.0056801883,
    "24":-0.0029719239,
    "25":-0.0043883,
    "26":-0.00248559,
    "27":-0.0077434222,
    "28":-0.0114798385,
    "29":-0.0031636,
    "30":-0.0128881486,
    "31":-0.007843664,
    "32":-0.002414165,
    "33":-0.0064515761,
    "34":-0.0017535812,
    "35":-0.0064582118,
    "36":-0.0079885917,
    "37":-0.0100983025,
    "38":-0.0048588221,
    "39":-0.004832634,
    "40":-0.0055187673,
    "41":-0.0019078331,
    "42":-0.0034003307,
    "43":-0.0087005474,
    "44":-0.00233081,
    "45":-0.0085463994,
    "46":-0.00240789,
    "47":-0.0031113683,
    "48":-0.002153323,
    "49":-0.0125204254
  }
}