{
  "Astrahl":{
    "0":0.0002919123,
    "1":0.0002902681,
    "2":0.0003678354,
    "3":0.0002316237,
    "4":0.0001146628,
    "5":0.000092853,
    "6":0.000155012,
    "7":0.000082536,
    "8":0.0002424299,
    "9":0.000134121,
    "10":0.0002867094,
    "11":0.00008672,
    "12":0.0001593101,
    "13":0.000072219,
    "14":0.0009355718,
    "15":0.000178828,
    "16":0.0002168271,
    "17":0.0001146628,
    "18":0.00007317,
    "19":0.000116926,
    "20":0.0001597089,
    "21":0.0003773271,
    "22":0.000092853,
    "23":0.0002544275,
    "24":0.000196204,
    "25":0.000120365,
    "26":0.0002636017,
    "27":0.0001798597,
    "28":0.0002072121,
    "29":0.0001822319,
    "30":0.000089414,
    "31":0.000134121,
    "32":0.0001797001,
    "33":0.00007588,
    "34":0.0001702305,
    "35":0.0001740134,
    "36":0.0022953399,
    "37":0.0001740417,
    "38":0.0003614909,
    "39":0.000172162,
    "40":0.00007317,
    "41":0.0003008149,
    "42":0.0002482631,
    "43":0.0010176839,
    "44":0.0001269481,
    "45":0.00006504,
    "46":0.0003632547,
    "47":0.0000900922,
    "48":0.0001795158,
    "49":0.000170459
  },
  "Uniform":{
    "0":0.0004204978,
    "1":0.0004012527,
    "2":0.0005676249,
    "3":0.0003446699,
    "4":0.0001831869,
    "5":0.000176787,
    "6":0.000200723,
    "7":0.000143142,
    "8":0.0002842094,
    "9":0.000134651,
    "10":0.0004100189,
    "11":0.00011028,
    "12":0.0002370911,
    "13":0.000179962,
    "14":0.0014939747,
    "15":0.0002839888,
    "16":0.0003304738,
    "17":0.0001678908,
    "18":0.00008689,
    "19":0.000158627,
    "20":0.0001752189,
    "21":0.0005635002,
    "22":0.000167467,
    "23":0.0004018608,
    "24":0.000207123,
    "25":0.000145452,
    "26":0.0002957069,
    "27":0.0003033766,
    "28":0.0003002703,
    "29":0.0003481734,
    "30":0.000148872,
    "31":0.00013529,
    "32":0.0003064117,
    "33":0.00014203,
    "34":0.0003035479,
    "35":0.0002998781,
    "36":0.0033983125,
    "37":0.0003520112,
    "38":0.0006327724,
    "39":0.000195313,
    "40":0.0001216,
    "41":0.0004447545,
    "42":0.0003999536,
    "43":0.0021289717,
    "44":0.0001957071,
    "45":0.00012007,
    "46":0.0007347722,
    "47":0.0001594821,
    "48":0.0002826215,
    "49":0.000230187
  },
  "Prop":{
    "0":0.0003573221,
    "1":0.0004484556,
    "2":0.0005607336,
    "3":0.0003622334,
    "4":0.0001908182,
    "5":0.000148229,
    "6":0.000223403,
    "7":0.000156847,
    "8":0.0003871126,
    "9":0.000133402,
    "10":0.0004389515,
    "11":0.00010297,
    "12":0.0002155577,
    "13":0.000150272,
    "14":0.0015208736,
    "15":0.0002950811,
    "16":0.0002828353,
    "17":0.0002021223,
    "18":0.00012084,
    "19":0.000125378,
    "20":0.0001706783,
    "21":0.0006063119,
    "22":0.000127222,
    "23":0.00040988,
    "24":0.000200813,
    "25":0.000146193,
    "26":0.0002673115,
    "27":0.000314646,
    "28":0.0003377117,
    "29":0.0003018369,
    "30":0.000187842,
    "31":0.000137676,
    "32":0.0003524142,
    "33":0.00012386,
    "34":0.0002693274,
    "35":0.0002866527,
    "36":0.003589147,
    "37":0.000362922,
    "38":0.000725479,
    "39":0.0002518685,
    "40":0.0001091,
    "41":0.0004309998,
    "42":0.000474956,
    "43":0.0021765473,
    "44":0.0001568404,
    "45":0.00012097,
    "46":0.0006342954,
    "47":0.0001808891,
    "48":0.0003382061,
    "49":0.000218945
  },
  "Delta_Uniform":{
    "0":-0.0001285855,
    "1":-0.0001109846,
    "2":-0.0001997894,
    "3":-0.0001130462,
    "4":-0.0000685241,
    "5":-0.000083934,
    "6":-0.000045711,
    "7":-0.000060606,
    "8":-0.0000417795,
    "9":-0.00000053,
    "10":-0.0001233095,
    "11":-0.00002356,
    "12":-0.000077781,
    "13":-0.000107743,
    "14":-0.000558403,
    "15":-0.0001051608,
    "16":-0.0001136467,
    "17":-0.000053228,
    "18":-0.00001372,
    "19":-0.000041701,
    "20":-0.00001551,
    "21":-0.0001861731,
    "22":-0.000074614,
    "23":-0.0001474333,
    "24":-0.000010919,
    "25":-0.000025087,
    "26":-0.0000321052,
    "27":-0.0001235169,
    "28":-0.0000930582,
    "29":-0.0001659414,
    "30":-0.000059458,
    "31":-0.000001169,
    "32":-0.0001267116,
    "33":-0.00006615,
    "34":-0.0001333174,
    "35":-0.0001258647,
    "36":-0.0011029726,
    "37":-0.0001779695,
    "38":-0.0002712815,
    "39":-0.000023151,
    "40":-0.00004843,
    "41":-0.0001439396,
    "42":-0.0001516905,
    "43":-0.0011112878,
    "44":-0.000068759,
    "45":-0.00005503,
    "46":-0.0003715175,
    "47":-0.0000693899,
    "48":-0.0001031057,
    "49":-0.000059728
  },
  "Delta_Prop":{
    "0":-0.0000654098,
    "1":-0.0001581875,
    "2":-0.0001928982,
    "3":-0.0001306097,
    "4":-0.0000761554,
    "5":-0.000055376,
    "6":-0.000068391,
    "7":-0.000074311,
    "8":-0.0001446827,
    "9":0.000000719,
    "10":-0.000152242,
    "11":-0.00001625,
    "12":-0.0000562477,
    "13":-0.000078053,
    "14":-0.0005853018,
    "15":-0.0001162531,
    "16":-0.0000660082,
    "17":-0.0000874595,
    "18":-0.00004767,
    "19":-0.000008452,
    "20":-0.0000109694,
    "21":-0.0002289849,
    "22":-0.000034369,
    "23":-0.0001554524,
    "24":-0.000004609,
    "25":-0.000025828,
    "26":-0.0000037098,
    "27":-0.0001347863,
    "28":-0.0001304996,
    "29":-0.0001196049,
    "30":-0.000098428,
    "31":-0.000003555,
    "32":-0.0001727141,
    "33":-0.00004798,
    "34":-0.0000990969,
    "35":-0.0001126393,
    "36":-0.0012938071,
    "37":-0.0001888803,
    "38":-0.0003639881,
    "39":-0.0000797064,
    "40":-0.00003593,
    "41":-0.000130185,
    "42":-0.0002266929,
    "43":-0.0011588634,
    "44":-0.0000298923,
    "45":-0.00005593,
    "46":-0.0002710407,
    "47":-0.0000907969,
    "48":-0.0001586903,
    "49":-0.000048486
  }
}