{
  "Astrahl":{
    "0":0.0037301,
    "1":0.0080535103,
    "2":0.005281017,
    "3":0.0052433741,
    "4":0.0066775531,
    "5":0.0072970514,
    "6":0.0068206163,
    "7":0.00341129,
    "8":0.0065352455,
    "9":0.004958568,
    "10":0.0126302223,
    "11":0.004583366,
    "12":0.0117597797,
    "13":0.00353067,
    "14":0.006344264,
    "15":0.005818656,
    "16":0.003584048,
    "17":0.00342567,
    "18":0.0040973834,
    "19":0.0083864223,
    "20":0.0065938902,
    "21":0.00287905,
    "22":0.0057996123,
    "23":0.004614575,
    "24":0.0050580908,
    "25":0.0150282896,
    "26":0.00353929,
    "27":0.004444977,
    "28":0.0128108501,
    "29":0.00375121,
    "30":0.0068458746,
    "31":0.0059370023,
    "32":0.00297386,
    "33":0.0132378852,
    "34":0.0109891143,
    "35":0.003227361,
    "36":0.0147313309,
    "37":0.0067214854,
    "38":0.0051899123,
    "39":0.003529838,
    "40":0.0068164542,
    "41":0.0047719626,
    "42":0.003592674,
    "43":0.0090268376,
    "44":0.0041220873,
    "45":0.005514397,
    "46":0.002630074,
    "47":0.0073036313,
    "48":0.00348153,
    "49":0.0065784621
  },
  "Uniform":{
    "0":0.00605492,
    "1":0.0117119705,
    "2":0.007960185,
    "3":0.0099626825,
    "4":0.0091095597,
    "5":0.0098787643,
    "6":0.0096930754,
    "7":0.00429994,
    "8":0.0102198846,
    "9":0.008483798,
    "10":0.0156482003,
    "11":0.0063570763,
    "12":0.0118972395,
    "13":0.00499096,
    "14":0.009278194,
    "15":0.009603318,
    "16":0.00574169,
    "17":0.0055485,
    "18":0.0067230805,
    "19":0.0108633067,
    "20":0.0101298624,
    "21":0.00465578,
    "22":0.0077432941,
    "23":0.004829224,
    "24":0.0057291952,
    "25":0.0244404089,
    "26":0.00432568,
    "27":0.005946964,
    "28":0.0162499578,
    "29":0.005098545,
    "30":0.0088305533,
    "31":0.0065228502,
    "32":0.00529293,
    "33":0.0200885243,
    "34":0.0154901931,
    "35":0.00613249,
    "36":0.024429651,
    "37":0.0094214236,
    "38":0.0071100236,
    "39":0.005335796,
    "40":0.0099725753,
    "41":0.0056081342,
    "42":0.004943754,
    "43":0.0147994952,
    "44":0.0061782153,
    "45":0.008790954,
    "46":0.005115944,
    "47":0.0074695502,
    "48":0.00480586,
    "49":0.0093817728
  },
  "Prop":{
    "0":0.00528999,
    "1":0.0148335674,
    "2":0.010386012,
    "3":0.0080507431,
    "4":0.0105524372,
    "5":0.0083747971,
    "6":0.0096667614,
    "7":0.00510949,
    "8":0.0091559659,
    "9":0.009318071,
    "10":0.017824613,
    "11":0.0063498823,
    "12":0.0135635837,
    "13":0.00525649,
    "14":0.010310476,
    "15":0.009663871,
    "16":0.005065004,
    "17":0.00506077,
    "18":0.0057577044,
    "19":0.0139081053,
    "20":0.0108282914,
    "21":0.00467631,
    "22":0.006481262,
    "23":0.006139246,
    "24":0.0066458133,
    "25":0.0268157395,
    "26":0.00514391,
    "27":0.005168516,
    "28":0.0188256057,
    "29":0.005704656,
    "30":0.0075482621,
    "31":0.0074331411,
    "32":0.00418862,
    "33":0.0209977687,
    "34":0.0150999498,
    "35":0.005021618,
    "36":0.0228849832,
    "37":0.0096391355,
    "38":0.0067953034,
    "39":0.005613194,
    "40":0.0096126398,
    "41":0.0071003487,
    "42":0.006177216,
    "43":0.0140260531,
    "44":0.0055661841,
    "45":0.009990485,
    "46":0.005032702,
    "47":0.0107196957,
    "48":0.00514811,
    "49":0.0092354052
  },
  "Delta_Uniform":{
    "0":-0.00232482,
    "1":-0.0036584602,
    "2":-0.002679168,
    "3":-0.0047193084,
    "4":-0.0024320066,
    "5":-0.0025817129,
    "6":-0.0028724591,
    "7":-0.00088865,
    "8":-0.0036846391,
    "9":-0.00352523,
    "10":-0.003017978,
    "11":-0.0017737103,
    "12":-0.0001374598,
    "13":-0.00146029,
    "14":-0.00293393,
    "15":-0.003784662,
    "16":-0.002157642,
    "17":-0.00212283,
    "18":-0.0026256971,
    "19":-0.0024768844,
    "20":-0.0035359722,
    "21":-0.00177673,
    "22":-0.0019436818,
    "23":-0.000214649,
    "24":-0.0006711044,
    "25":-0.0094121193,
    "26":-0.00078639,
    "27":-0.001501987,
    "28":-0.0034391076,
    "29":-0.001347335,
    "30":-0.0019846787,
    "31":-0.0005858479,
    "32":-0.00231907,
    "33":-0.006850639,
    "34":-0.0045010788,
    "35":-0.002905129,
    "36":-0.0096983201,
    "37":-0.0026999382,
    "38":-0.0019201113,
    "39":-0.001805958,
    "40":-0.0031561211,
    "41":-0.0008361716,
    "42":-0.00135108,
    "43":-0.0057726576,
    "44":-0.002056128,
    "45":-0.003276557,
    "46":-0.00248587,
    "47":-0.0001659189,
    "48":-0.00132433,
    "49":-0.0028033107
  },
  "Delta_Prop":{
    "0":-0.00155989,
    "1":-0.0067800571,
    "2":-0.005104995,
    "3":-0.002807369,
    "4":-0.0038748841,
    "5":-0.0010777457,
    "6":-0.0028461451,
    "7":-0.0016982,
    "8":-0.0026207204,
    "9":-0.004359503,
    "10":-0.0051943907,
    "11":-0.0017665163,
    "12":-0.001803804,
    "13":-0.00172582,
    "14":-0.003966212,
    "15":-0.003845215,
    "16":-0.001480956,
    "17":-0.0016351,
    "18":-0.001660321,
    "19":-0.005521683,
    "20":-0.0042344012,
    "21":-0.00179726,
    "22":-0.0006816497,
    "23":-0.001524671,
    "24":-0.0015877225,
    "25":-0.0117874499,
    "26":-0.00160462,
    "27":-0.000723539,
    "28":-0.0060147556,
    "29":-0.001953446,
    "30":-0.0007023875,
    "31":-0.0014961388,
    "32":-0.00121476,
    "33":-0.0077598835,
    "34":-0.0041108355,
    "35":-0.001794257,
    "36":-0.0081536523,
    "37":-0.0029176501,
    "38":-0.0016053911,
    "39":-0.002083356,
    "40":-0.0027961856,
    "41":-0.0023283861,
    "42":-0.002584542,
    "43":-0.0049992155,
    "44":-0.0014440968,
    "45":-0.004476088,
    "46":-0.002402628,
    "47":-0.0034160644,
    "48":-0.00166658,
    "49":-0.0026569431
  }
}