{
  "Astrahl":{
    "0":0.00825831,
    "1":0.0215638008,
    "2":0.015504404,
    "3":0.0164304427,
    "4":0.0158041508,
    "5":0.0155234528,
    "6":0.0173236399,
    "7":0.00840207,
    "8":0.0175303124,
    "9":0.013687071,
    "10":0.0276738606,
    "11":0.0123386793,
    "12":0.0245444512,
    "13":0.00857712,
    "14":0.014553292,
    "15":0.015077986,
    "16":0.009522,
    "17":0.00855812,
    "18":0.0110942178,
    "19":0.0204584994,
    "20":0.0192282451,
    "21":0.00890784,
    "22":0.014735847,
    "23":0.009616487,
    "24":0.0126676547,
    "25":0.0416669053,
    "26":0.00835869,
    "27":0.009310279,
    "28":0.0275869501,
    "29":0.010302152,
    "30":0.0157160763,
    "31":0.0144477513,
    "32":0.00850226,
    "33":0.0335769464,
    "34":0.0261403181,
    "35":0.008972608,
    "36":0.0368525347,
    "37":0.0161988659,
    "38":0.0122334876,
    "39":0.010630645,
    "40":0.0181039819,
    "41":0.0114929993,
    "42":0.009590495,
    "43":0.0221024653,
    "44":0.010942728,
    "45":0.014032919,
    "46":0.009436566,
    "47":0.0156216441,
    "48":0.00893336,
    "49":0.0165825682
  },
  "Uniform":{
    "0":0.00973435,
    "1":0.0239242752,
    "2":0.017596494,
    "3":0.0177794757,
    "4":0.0183089024,
    "5":0.0198328393,
    "6":0.0184690403,
    "7":0.01032705,
    "8":0.019212889,
    "9":0.016847684,
    "10":0.0304491775,
    "11":0.0135115686,
    "12":0.0255367546,
    "13":0.00931225,
    "14":0.016244817,
    "15":0.016779743,
    "16":0.010689255,
    "17":0.00927141,
    "18":0.0117027654,
    "19":0.0223458646,
    "20":0.0209539649,
    "21":0.00960668,
    "22":0.0150033263,
    "23":0.011101391,
    "24":0.0139374042,
    "25":0.0467225187,
    "26":0.00998683,
    "27":0.009552722,
    "28":0.0295243108,
    "29":0.010873998,
    "30":0.016558827,
    "31":0.0151591921,
    "32":0.00990789,
    "33":0.0378258516,
    "34":0.0297619641,
    "35":0.010209852,
    "36":0.040041423,
    "37":0.0178435742,
    "38":0.0129489533,
    "39":0.010640186,
    "40":0.0197161246,
    "41":0.0120341079,
    "42":0.009965085,
    "43":0.0247308681,
    "44":0.011445074,
    "45":0.016673039,
    "46":0.009918348,
    "47":0.0182125873,
    "48":0.00938995,
    "49":0.0185898619
  },
  "Prop":{
    "0":0.00977254,
    "1":0.0242249932,
    "2":0.016559494,
    "3":0.0188014669,
    "4":0.0181987263,
    "5":0.0176397857,
    "6":0.0190712736,
    "7":0.00999178,
    "8":0.0196838482,
    "9":0.017498223,
    "10":0.0326329364,
    "11":0.013724318,
    "12":0.0273029898,
    "13":0.00953188,
    "14":0.016546686,
    "15":0.016383014,
    "16":0.01084201,
    "17":0.00997541,
    "18":0.012149433,
    "19":0.0246921228,
    "20":0.0215582595,
    "21":0.00857416,
    "22":0.0164011988,
    "23":0.010768858,
    "24":0.0135305346,
    "25":0.0468776036,
    "26":0.0098279,
    "27":0.009446118,
    "28":0.0327618266,
    "29":0.011366126,
    "30":0.0173933188,
    "31":0.0147906973,
    "32":0.00936591,
    "33":0.0377612866,
    "34":0.0300561735,
    "35":0.010240745,
    "36":0.0402052121,
    "37":0.0179586817,
    "38":0.0131927714,
    "39":0.011157558,
    "40":0.0187410198,
    "41":0.0114565734,
    "42":0.010771578,
    "43":0.0235943258,
    "44":0.0122105701,
    "45":0.016729282,
    "46":0.010057228,
    "47":0.017843479,
    "48":0.00940254,
    "49":0.0185089238
  },
  "Delta_Uniform":{
    "0":-0.00147604,
    "1":-0.0023604744,
    "2":-0.00209209,
    "3":-0.001349033,
    "4":-0.0025047516,
    "5":-0.0043093865,
    "6":-0.0011454004,
    "7":-0.00192498,
    "8":-0.0016825766,
    "9":-0.003160613,
    "10":-0.0027753169,
    "11":-0.0011728893,
    "12":-0.0009923034,
    "13":-0.00073513,
    "14":-0.001691525,
    "15":-0.001701757,
    "16":-0.001167255,
    "17":-0.00071329,
    "18":-0.0006085476,
    "19":-0.0018873652,
    "20":-0.0017257198,
    "21":-0.00069884,
    "22":-0.0002674793,
    "23":-0.001484904,
    "24":-0.0012697495,
    "25":-0.0050556134,
    "26":-0.00162814,
    "27":-0.000242443,
    "28":-0.0019373607,
    "29":-0.000571846,
    "30":-0.0008427507,
    "31":-0.0007114408,
    "32":-0.00140563,
    "33":-0.0042489053,
    "34":-0.0036216461,
    "35":-0.001237244,
    "36":-0.0031888883,
    "37":-0.0016447083,
    "38":-0.0007154657,
    "39":-0.000009541,
    "40":-0.0016121427,
    "41":-0.0005411086,
    "42":-0.00037459,
    "43":-0.0026284027,
    "44":-0.000502346,
    "45":-0.00264012,
    "46":-0.000481782,
    "47":-0.0025909432,
    "48":-0.00045659,
    "49":-0.0020072937
  },
  "Delta_Prop":{
    "0":-0.00151423,
    "1":-0.0026611924,
    "2":-0.00105509,
    "3":-0.0023710242,
    "4":-0.0023945755,
    "5":-0.0021163329,
    "6":-0.0017476337,
    "7":-0.00158971,
    "8":-0.0021535358,
    "9":-0.003811152,
    "10":-0.0049590758,
    "11":-0.0013856387,
    "12":-0.0027585386,
    "13":-0.00095476,
    "14":-0.001993394,
    "15":-0.001305028,
    "16":-0.00132001,
    "17":-0.00141729,
    "18":-0.0010552152,
    "19":-0.0042336234,
    "20":-0.0023300144,
    "21":0.00033368,
    "22":-0.0016653517,
    "23":-0.001152371,
    "24":-0.00086288,
    "25":-0.0052106983,
    "26":-0.00146921,
    "27":-0.000135839,
    "28":-0.0051748765,
    "29":-0.001063974,
    "30":-0.0016772425,
    "31":-0.000342946,
    "32":-0.00086365,
    "33":-0.0041843402,
    "34":-0.0039158554,
    "35":-0.001268137,
    "36":-0.0033526774,
    "37":-0.0017598158,
    "38":-0.0009592838,
    "39":-0.000526913,
    "40":-0.0006370379,
    "41":0.0000364259,
    "42":-0.001181083,
    "43":-0.0014918605,
    "44":-0.0012678421,
    "45":-0.002696363,
    "46":-0.000620662,
    "47":-0.0022218349,
    "48":-0.00046918,
    "49":-0.0019263556
  }
}