{
  "Astrahl":{
    "0":0.0000873417,
    "1":0.00005995,
    "2":0.00003379,
    "3":0.00006322,
    "4":0.0001445449,
    "5":0.00002616,
    "6":0.0000933323,
    "7":0.00004469,
    "8":0.0000822732,
    "9":0.0000591355,
    "10":0.000074992,
    "11":0.00002725,
    "12":0.0000676838,
    "13":0.0001872732,
    "14":0.0002054058,
    "15":0.0001065257,
    "16":0.000138178,
    "17":0.00006976,
    "18":0.0000497675,
    "19":0.0000667896,
    "20":0.000078807,
    "21":0.0001863725,
    "22":0.000049377,
    "23":0.000036301,
    "24":0.00002834,
    "25":0.00003488,
    "26":0.00002507,
    "27":0.000029275,
    "28":0.0001505758,
    "29":0.00002071,
    "30":0.00003706,
    "31":0.00002834,
    "32":0.000052647,
    "33":0.0000510556,
    "34":0.0000310975,
    "35":0.0001312442,
    "36":0.00002834,
    "37":0.000029275,
    "38":0.0001594018,
    "39":0.00003513,
    "40":0.000060059,
    "41":0.00003379,
    "42":0.0001150184,
    "43":0.00005943,
    "44":0.0000532805,
    "45":0.0001882222,
    "46":0.00002725,
    "47":0.000056789,
    "48":0.0001677772,
    "49":0.000062021
  },
  "Uniform":{
    "0":0.0001557417,
    "1":0.000096712,
    "2":0.00004739,
    "3":0.000094093,
    "4":0.0001897253,
    "5":0.00003967,
    "6":0.0001524786,
    "7":0.00004704,
    "8":0.0001391369,
    "9":0.0000803918,
    "10":0.000097123,
    "11":0.00005182,
    "12":0.0001130243,
    "13":0.0003090903,
    "14":0.0003842641,
    "15":0.0001151769,
    "16":0.0001561468,
    "17":0.000074927,
    "18":0.00008871,
    "19":0.0001264735,
    "20":0.0001172084,
    "21":0.0003350561,
    "22":0.000097985,
    "23":0.000042066,
    "24":0.00004047,
    "25":0.00003439,
    "26":0.00004358,
    "27":0.000053172,
    "28":0.000240884,
    "29":0.00004257,
    "30":0.00004413,
    "31":0.0000394,
    "32":0.000071796,
    "33":0.000086368,
    "34":0.0000495472,
    "35":0.0001620652,
    "36":0.00003538,
    "37":0.000060261,
    "38":0.0002277019,
    "39":0.000049773,
    "40":0.000081068,
    "41":0.00004384,
    "42":0.0001616132,
    "43":0.000089804,
    "44":0.0000876107,
    "45":0.0002565911,
    "46":0.000045,
    "47":0.000093797,
    "48":0.0002455457,
    "49":0.000097981
  },
  "Prop":{
    "0":0.0001301283,
    "1":0.000091894,
    "2":0.00004859,
    "3":0.000090865,
    "4":0.0001991169,
    "5":0.00004613,
    "6":0.0001673209,
    "7":0.00005311,
    "8":0.0001415228,
    "9":0.0001058693,
    "10":0.000099905,
    "11":0.0000532,
    "12":0.0001058106,
    "13":0.000310683,
    "14":0.0003313413,
    "15":0.0001392844,
    "16":0.0002061506,
    "17":0.000088034,
    "18":0.0001058767,
    "19":0.0001421455,
    "20":0.0001168432,
    "21":0.0003288649,
    "22":0.000103194,
    "23":0.000054536,
    "24":0.00004866,
    "25":0.00004071,
    "26":0.00005174,
    "27":0.000053927,
    "28":0.0002326399,
    "29":0.0000477,
    "30":0.00004722,
    "31":0.00004069,
    "32":0.000101631,
    "33":0.0001012252,
    "34":0.0000547893,
    "35":0.0001479952,
    "36":0.00004785,
    "37":0.000046776,
    "38":0.0002466285,
    "39":0.000049188,
    "40":0.000085402,
    "41":0.00004591,
    "42":0.0001573631,
    "43":0.00007761,
    "44":0.0000989555,
    "45":0.0002619989,
    "46":0.00004284,
    "47":0.000099833,
    "48":0.0002267299,
    "49":0.000098684
  },
  "Delta_Uniform":{
    "0":-0.0000684,
    "1":-0.000036762,
    "2":-0.0000136,
    "3":-0.000030873,
    "4":-0.0000451804,
    "5":-0.00001351,
    "6":-0.0000591462,
    "7":-0.00000235,
    "8":-0.0000568637,
    "9":-0.0000212563,
    "10":-0.000022131,
    "11":-0.00002457,
    "12":-0.0000453405,
    "13":-0.0001218171,
    "14":-0.0001788582,
    "15":-0.0000086512,
    "16":-0.0000179688,
    "17":-0.000005167,
    "18":-0.0000389425,
    "19":-0.0000596839,
    "20":-0.0000384014,
    "21":-0.0001486836,
    "22":-0.000048608,
    "23":-0.000005765,
    "24":-0.00001213,
    "25":0.00000049,
    "26":-0.00001851,
    "27":-0.000023897,
    "28":-0.0000903082,
    "29":-0.00002186,
    "30":-0.00000707,
    "31":-0.00001106,
    "32":-0.000019149,
    "33":-0.0000353124,
    "34":-0.0000184497,
    "35":-0.000030821,
    "36":-0.00000704,
    "37":-0.000030986,
    "38":-0.0000683001,
    "39":-0.000014643,
    "40":-0.000021009,
    "41":-0.00001005,
    "42":-0.0000465948,
    "43":-0.000030374,
    "44":-0.0000343302,
    "45":-0.0000683689,
    "46":-0.00001775,
    "47":-0.000037008,
    "48":-0.0000777685,
    "49":-0.00003596
  },
  "Delta_Prop":{
    "0":-0.0000427866,
    "1":-0.000031944,
    "2":-0.0000148,
    "3":-0.000027645,
    "4":-0.000054572,
    "5":-0.00001997,
    "6":-0.0000739885,
    "7":-0.00000842,
    "8":-0.0000592496,
    "9":-0.0000467338,
    "10":-0.000024913,
    "11":-0.00002595,
    "12":-0.0000381268,
    "13":-0.0001234098,
    "14":-0.0001259355,
    "15":-0.0000327587,
    "16":-0.0000679726,
    "17":-0.000018274,
    "18":-0.0000561092,
    "19":-0.0000753559,
    "20":-0.0000380362,
    "21":-0.0001424925,
    "22":-0.000053817,
    "23":-0.000018235,
    "24":-0.00002032,
    "25":-0.00000583,
    "26":-0.00002667,
    "27":-0.000024652,
    "28":-0.0000820641,
    "29":-0.00002699,
    "30":-0.00001016,
    "31":-0.00001235,
    "32":-0.000048984,
    "33":-0.0000501696,
    "34":-0.0000236918,
    "35":-0.000016751,
    "36":-0.00001951,
    "37":-0.000017501,
    "38":-0.0000872267,
    "39":-0.000014058,
    "40":-0.000025343,
    "41":-0.00001212,
    "42":-0.0000423447,
    "43":-0.00001818,
    "44":-0.000045675,
    "45":-0.0000737767,
    "46":-0.00001559,
    "47":-0.000043044,
    "48":-0.0000589527,
    "49":-0.000036663
  }
}