{
  "Astrahl":{
    "0":0.0,
    "1":0.0,
    "2":0.0,
    "3":0.0,
    "4":0.0000210857,
    "5":0.0001,
    "6":0.0000124148,
    "7":0.0001,
    "8":0.0000019,
    "9":0.0001097831,
    "10":0.000008759,
    "11":0.0001019,
    "12":0.0001040951,
    "13":0.0,
    "14":0.0,
    "15":0.0001030951,
    "16":0.0001186394,
    "17":0.00010361,
    "18":0.0000093197,
    "19":0.000005149,
    "20":0.0,
    "21":0.000005149,
    "22":0.0,
    "23":0.000010298,
    "24":0.0000040951,
    "25":0.0,
    "26":0.000215447,
    "27":0.000010317,
    "28":0.000310298,
    "29":0.000010298,
    "30":0.00001083,
    "31":0.0001,
    "32":0.0001058807,
    "33":0.0000019,
    "34":0.000023278,
    "35":0.0000019,
    "36":0.0002097831,
    "37":0.00019,
    "38":0.0,
    "39":0.0,
    "40":0.0,
    "41":0.000103249,
    "42":0.0,
    "43":0.0,
    "44":0.00010171,
    "45":0.00010813,
    "46":0.0000093197,
    "47":0.00010271,
    "48":0.00000271,
    "49":0.0001081902
  },
  "Uniform":{
    "0":0.00120551,
    "1":0.00070922,
    "2":0.0010038,
    "3":0.001632174,
    "4":0.0013373669,
    "5":0.002480759,
    "6":0.00091012,
    "7":0.0032508,
    "8":0.0015029,
    "9":0.002957679,
    "10":0.002450759,
    "11":0.00248361,
    "12":0.0025665397,
    "13":0.0027538,
    "14":0.001514459,
    "15":0.00238532,
    "16":0.0031718331,
    "17":0.0111799003,
    "18":0.0034842877,
    "19":0.00121021,
    "20":0.0016067,
    "21":0.0008019,
    "22":0.00236851,
    "23":0.001226009,
    "24":0.0013103151,
    "25":0.00130841,
    "26":0.004776757,
    "27":0.002758057,
    "28":0.00416471,
    "29":0.00207986,
    "30":0.0014059,
    "31":0.0017028,
    "32":0.00110661,
    "33":0.00070171,
    "34":0.0032965963,
    "35":0.0018009,
    "36":0.0052495987,
    "37":0.0043558,
    "38":0.00090651,
    "39":0.00140941,
    "40":0.00130461,
    "41":0.0008048,
    "42":0.00257011,
    "43":0.00293002,
    "44":0.002002,
    "45":0.004707179,
    "46":0.0017147541,
    "47":0.0015019,
    "48":0.0018707,
    "49":0.009873698
  },
  "Prop":{
    "0":0.0011039,
    "1":0.00071212,
    "2":0.00100461,
    "3":0.001521689,
    "4":0.0011479067,
    "5":0.00188632,
    "6":0.000841767,
    "7":0.0033521031,
    "8":0.00080271,
    "9":0.002679609,
    "10":0.00305344,
    "11":0.00148012,
    "12":0.0024958028,
    "13":0.0019578,
    "14":0.001110749,
    "15":0.00266002,
    "16":0.002935928,
    "17":0.009472854,
    "18":0.0029661811,
    "19":0.00131302,
    "20":0.0011049,
    "21":0.00060471,
    "22":0.002239049,
    "23":0.000722879,
    "24":0.00150532,
    "25":0.000908239,
    "26":0.003311468,
    "27":0.0019962321,
    "28":0.003545559,
    "29":0.00167561,
    "30":0.00090903,
    "31":0.001301,
    "32":0.001519689,
    "33":0.00140461,
    "34":0.0011690647,
    "35":0.001201,
    "36":0.0067398976,
    "37":0.004532939,
    "38":0.0006095,
    "39":0.0011049,
    "40":0.0013039,
    "41":0.000705,
    "42":0.00179021,
    "43":0.002279759,
    "44":0.00130641,
    "45":0.0042332521,
    "46":0.001528899,
    "47":0.001601,
    "48":0.002182769,
    "49":0.0083414869
  },
  "Delta_Uniform":{
    "0":-0.00120551,
    "1":-0.00070922,
    "2":-0.0010038,
    "3":-0.001632174,
    "4":-0.0013162812,
    "5":-0.002380759,
    "6":-0.0008977052,
    "7":-0.0031508,
    "8":-0.001501,
    "9":-0.0028478959,
    "10":-0.002442,
    "11":-0.00238171,
    "12":-0.0024624446,
    "13":-0.0027538,
    "14":-0.001514459,
    "15":-0.0022822249,
    "16":-0.0030531937,
    "17":-0.0110762903,
    "18":-0.003474968,
    "19":-0.001205061,
    "20":-0.0016067,
    "21":-0.000796751,
    "22":-0.00236851,
    "23":-0.001215711,
    "24":-0.00130622,
    "25":-0.00130841,
    "26":-0.00456131,
    "27":-0.00274774,
    "28":-0.003854412,
    "29":-0.002069562,
    "30":-0.00139507,
    "31":-0.0016028,
    "32":-0.0010007293,
    "33":-0.00069981,
    "34":-0.0032733183,
    "35":-0.001799,
    "36":-0.0050398156,
    "37":-0.0041658,
    "38":-0.00090651,
    "39":-0.00140941,
    "40":-0.00130461,
    "41":-0.000701551,
    "42":-0.00257011,
    "43":-0.00293002,
    "44":-0.00190029,
    "45":-0.004599049,
    "46":-0.0017054344,
    "47":-0.00139919,
    "48":-0.00186799,
    "49":-0.0097655078
  },
  "Delta_Prop":{
    "0":-0.0011039,
    "1":-0.00071212,
    "2":-0.00100461,
    "3":-0.001521689,
    "4":-0.001126821,
    "5":-0.00178632,
    "6":-0.0008293522,
    "7":-0.0032521031,
    "8":-0.00080081,
    "9":-0.0025698259,
    "10":-0.003044681,
    "11":-0.00137822,
    "12":-0.0023917077,
    "13":-0.0019578,
    "14":-0.001110749,
    "15":-0.0025569249,
    "16":-0.0028172886,
    "17":-0.009369244,
    "18":-0.0029568614,
    "19":-0.001307871,
    "20":-0.0011049,
    "21":-0.000599561,
    "22":-0.002239049,
    "23":-0.000712581,
    "24":-0.0015012249,
    "25":-0.000908239,
    "26":-0.003096021,
    "27":-0.0019859151,
    "28":-0.003235261,
    "29":-0.001665312,
    "30":-0.0008982,
    "31":-0.001201,
    "32":-0.0014138083,
    "33":-0.00140271,
    "34":-0.0011457867,
    "35":-0.0011991,
    "36":-0.0065301145,
    "37":-0.004342939,
    "38":-0.0006095,
    "39":-0.0011049,
    "40":-0.0013039,
    "41":-0.000601751,
    "42":-0.00179021,
    "43":-0.002279759,
    "44":-0.0012047,
    "45":-0.0041251221,
    "46":-0.0015195793,
    "47":-0.00149829,
    "48":-0.002180059,
    "49":-0.0082332967
  }
}