{
  "Astrahl":{
    "0":0.0000019,
    "1":0.0,
    "2":0.0,
    "3":0.00000109,
    "4":0.0,
    "5":0.0,
    "6":0.00000109,
    "7":0.0,
    "8":0.0000066569,
    "9":0.0,
    "10":0.0,
    "11":0.00000019,
    "12":0.0,
    "13":0.0,
    "14":0.0,
    "15":0.0,
    "16":0.0,
    "17":0.00000109,
    "18":0.0000020539,
    "19":0.000004161,
    "20":0.000001981,
    "21":0.00000209,
    "22":0.0,
    "23":0.0000001,
    "24":0.0,
    "25":0.0,
    "26":0.0,
    "27":0.00000038,
    "28":0.0,
    "29":0.00000119,
    "30":0.0,
    "31":0.0,
    "32":0.0000042273,
    "33":0.0,
    "34":0.0,
    "35":0.0,
    "36":0.0000039024,
    "37":0.0,
    "38":0.00000109,
    "39":0.0,
    "40":0.0,
    "41":0.0000022249,
    "42":0.0,
    "43":0.000003513,
    "44":0.0000019,
    "45":0.0,
    "46":0.00000109,
    "47":0.00000109,
    "48":0.0,
    "49":0.0
  },
  "Uniform":{
    "0":0.00000218,
    "1":0.00001231,
    "2":0.0000088349,
    "3":0.0000029,
    "4":0.00000319,
    "5":0.000001,
    "6":0.0000430431,
    "7":0.000001,
    "8":0.0000474965,
    "9":0.000007049,
    "10":0.0,
    "11":0.0000032,
    "12":0.000002,
    "13":0.0000021,
    "14":0.00000219,
    "15":0.0000068,
    "16":0.0000001,
    "17":0.000009871,
    "18":0.0000047,
    "19":0.0000238,
    "20":0.0000011,
    "21":0.000002,
    "22":0.00000448,
    "23":0.000002,
    "24":0.00000361,
    "25":0.000004971,
    "26":0.000001,
    "27":0.00000419,
    "28":0.0000002,
    "29":0.00000969,
    "30":0.000001,
    "31":0.000001,
    "32":0.0000065569,
    "33":0.0000029,
    "34":0.000014932,
    "35":0.00000609,
    "36":0.000010971,
    "37":0.00000109,
    "38":0.00001331,
    "39":0.00000309,
    "40":0.0000001,
    "41":0.000007,
    "42":0.000005361,
    "43":0.0000021,
    "44":0.00000418,
    "45":0.00000219,
    "46":0.0,
    "47":0.0000011,
    "48":0.0000029,
    "49":0.00000209
  },
  "Prop":{
    "0":0.000002,
    "1":0.000007971,
    "2":0.000009142,
    "3":0.000006971,
    "4":0.00000309,
    "5":0.000002,
    "6":0.0000419139,
    "7":0.000004351,
    "8":0.000022952,
    "9":0.0000128249,
    "10":0.000001,
    "11":0.00000509,
    "12":0.0000029,
    "13":0.000003,
    "14":0.000001,
    "15":0.000001,
    "16":0.00000299,
    "17":0.0000096,
    "18":0.00000209,
    "19":0.0000275639,
    "20":0.0,
    "21":0.0,
    "22":0.00001531,
    "23":0.0000011,
    "24":0.00000238,
    "25":0.0000031,
    "26":0.0,
    "27":0.00000628,
    "28":0.000003,
    "29":0.00000338,
    "30":0.000001,
    "31":0.000003271,
    "32":0.00001117,
    "33":0.0000040539,
    "34":0.000000271,
    "35":0.0000051,
    "36":0.0000001,
    "37":0.0000012439,
    "38":0.00000638,
    "39":0.0000087,
    "40":0.000001,
    "41":0.00000209,
    "42":0.000003,
    "43":0.00000418,
    "44":0.0000021,
    "45":0.000003,
    "46":0.0000011,
    "47":0.0,
    "48":0.00000589,
    "49":0.000003
  },
  "Delta_Uniform":{
    "0":-0.00000028,
    "1":-0.00001231,
    "2":-0.0000088349,
    "3":-0.00000181,
    "4":-0.00000319,
    "5":-0.000001,
    "6":-0.0000419531,
    "7":-0.000001,
    "8":-0.0000408396,
    "9":-0.000007049,
    "10":0.0,
    "11":-0.00000301,
    "12":-0.000002,
    "13":-0.0000021,
    "14":-0.00000219,
    "15":-0.0000068,
    "16":-0.0000001,
    "17":-0.000008781,
    "18":-0.0000026461,
    "19":-0.000019639,
    "20":0.000000881,
    "21":0.00000009,
    "22":-0.00000448,
    "23":-0.0000019,
    "24":-0.00000361,
    "25":-0.000004971,
    "26":-0.000001,
    "27":-0.00000381,
    "28":-0.0000002,
    "29":-0.0000085,
    "30":-0.000001,
    "31":-0.000001,
    "32":-0.0000023296,
    "33":-0.0000029,
    "34":-0.000014932,
    "35":-0.00000609,
    "36":-0.0000070686,
    "37":-0.00000109,
    "38":-0.00001222,
    "39":-0.00000309,
    "40":-0.0000001,
    "41":-0.0000047751,
    "42":-0.000005361,
    "43":0.000001413,
    "44":-0.00000228,
    "45":-0.00000219,
    "46":0.00000109,
    "47":-0.00000001,
    "48":-0.0000029,
    "49":-0.00000209
  },
  "Delta_Prop":{
    "0":-0.0000001,
    "1":-0.000007971,
    "2":-0.000009142,
    "3":-0.000005881,
    "4":-0.00000309,
    "5":-0.000002,
    "6":-0.0000408239,
    "7":-0.000004351,
    "8":-0.0000162951,
    "9":-0.0000128249,
    "10":-0.000001,
    "11":-0.0000049,
    "12":-0.0000029,
    "13":-0.000003,
    "14":-0.000001,
    "15":-0.000001,
    "16":-0.00000299,
    "17":-0.00000851,
    "18":-0.0000000361,
    "19":-0.0000234029,
    "20":0.000001981,
    "21":0.00000209,
    "22":-0.00001531,
    "23":-0.000001,
    "24":-0.00000238,
    "25":-0.0000031,
    "26":0.0,
    "27":-0.0000059,
    "28":-0.000003,
    "29":-0.00000219,
    "30":-0.000001,
    "31":-0.000003271,
    "32":-0.0000069427,
    "33":-0.0000040539,
    "34":-0.000000271,
    "35":-0.0000051,
    "36":0.0000038024,
    "37":-0.0000012439,
    "38":-0.00000529,
    "39":-0.0000087,
    "40":-0.000001,
    "41":0.0000001349,
    "42":-0.000003,
    "43":-0.000000667,
    "44":-0.0000002,
    "45":-0.000003,
    "46":-0.00000001,
    "47":0.00000109,
    "48":-0.00000589,
    "49":-0.000003
  }
}