{
  "Astrahl":{
    "0":0.0002726768,
    "1":0.0001556138,
    "2":0.0001082112,
    "3":0.0,
    "4":0.0,
    "5":0.0,
    "6":0.0,
    "7":0.0001269795,
    "8":0.0,
    "9":0.0000890262,
    "10":0.0003548016,
    "11":0.0,
    "12":0.0001780524,
    "13":0.000391128,
    "14":0.0000991236,
    "15":0.000065341,
    "16":0.000073441,
    "17":0.0,
    "18":0.0002973708,
    "19":0.0002106661,
    "20":0.000130682,
    "21":0.0,
    "22":0.0000991236,
    "23":0.0001163901,
    "24":0.0,
    "25":0.0,
    "26":0.000065341,
    "27":0.0000991236,
    "28":0.0,
    "29":0.0001082112,
    "30":0.0,
    "31":0.00010298,
    "32":0.0,
    "33":0.0,
    "34":0.0,
    "35":0.0001780524,
    "36":0.0,
    "37":0.000065341,
    "38":0.0002827631,
    "39":0.000065341,
    "40":0.0,
    "41":0.0,
    "42":0.000065341,
    "43":0.0,
    "44":0.0,
    "45":0.0,
    "46":0.0003727876,
    "47":0.000130682,
    "48":0.000166009,
    "49":0.000065341
  },
  "Uniform":{
    "0":0.0015263128,
    "1":0.001134474,
    "2":0.0012128818,
    "3":0.0010027599,
    "4":0.001297908,
    "5":0.00065357,
    "6":0.0009088201,
    "7":0.0011559219,
    "8":0.00042879,
    "9":0.000774583,
    "10":0.000882371,
    "11":0.000683781,
    "12":0.0013571899,
    "13":0.0029148529,
    "14":0.0019716187,
    "15":0.00046748,
    "16":0.00054348,
    "17":0.0015168192,
    "18":0.0027021622,
    "19":0.00195952,
    "20":0.00100385,
    "21":0.000964081,
    "22":0.000591403,
    "23":0.0014224344,
    "24":0.00057348,
    "25":0.0028599885,
    "26":0.0004586,
    "27":0.000970372,
    "28":0.00074158,
    "29":0.0010294855,
    "30":0.0020427215,
    "31":0.000769221,
    "32":0.00066178,
    "33":0.0037138248,
    "34":0.0008554582,
    "35":0.0019347498,
    "36":0.00069247,
    "37":0.0015767588,
    "38":0.0011885733,
    "39":0.00058688,
    "40":0.0003465,
    "41":0.0017827783,
    "42":0.001230524,
    "43":0.000943573,
    "44":0.0004396,
    "45":0.000658631,
    "46":0.0025576339,
    "47":0.0006792,
    "48":0.0016522379,
    "49":0.00057968
  },
  "Prop":{
    "0":0.0013330615,
    "1":0.0012337579,
    "2":0.0007080327,
    "3":0.0008549199,
    "4":0.0008606029,
    "5":0.000474262,
    "6":0.0009123316,
    "7":0.0012444642,
    "8":0.0002443,
    "9":0.0008195848,
    "10":0.001322345,
    "11":0.0005996079,
    "12":0.0013949947,
    "13":0.0020610452,
    "14":0.001423564,
    "15":0.00055227,
    "16":0.00048368,
    "17":0.0018054756,
    "18":0.0025332252,
    "19":0.0018976166,
    "20":0.000861471,
    "21":0.0006556569,
    "22":0.0008535705,
    "23":0.0011925079,
    "24":0.00042818,
    "25":0.0020176172,
    "26":0.000566311,
    "27":0.000735021,
    "28":0.00049738,
    "29":0.0006045648,
    "30":0.0012766373,
    "31":0.00056778,
    "32":0.00052709,
    "33":0.003559854,
    "34":0.0009521367,
    "35":0.0015360287,
    "36":0.000684042,
    "37":0.000983322,
    "38":0.0010474,
    "39":0.00040499,
    "40":0.00031769,
    "41":0.0013371607,
    "42":0.00067917,
    "43":0.0010042829,
    "44":0.00042019,
    "45":0.000592601,
    "46":0.0021041988,
    "47":0.00037267,
    "48":0.0010117182,
    "49":0.00051156
  },
  "Delta_Uniform":{
    "0":-0.0012536361,
    "1":-0.0009788602,
    "2":-0.0011046706,
    "3":-0.0010027599,
    "4":-0.001297908,
    "5":-0.00065357,
    "6":-0.0009088201,
    "7":-0.0010289424,
    "8":-0.00042879,
    "9":-0.0006855568,
    "10":-0.0005275694,
    "11":-0.000683781,
    "12":-0.0011791375,
    "13":-0.002523725,
    "14":-0.0018724951,
    "15":-0.000402139,
    "16":-0.000470039,
    "17":-0.0015168192,
    "18":-0.0024047915,
    "19":-0.0017488539,
    "20":-0.000873168,
    "21":-0.000964081,
    "22":-0.0004922794,
    "23":-0.0013060443,
    "24":-0.00057348,
    "25":-0.0028599885,
    "26":-0.000393259,
    "27":-0.0008712484,
    "28":-0.00074158,
    "29":-0.0009212743,
    "30":-0.0020427215,
    "31":-0.000666241,
    "32":-0.00066178,
    "33":-0.0037138248,
    "34":-0.0008554582,
    "35":-0.0017566974,
    "36":-0.00069247,
    "37":-0.0015114178,
    "38":-0.0009058102,
    "39":-0.000521539,
    "40":-0.0003465,
    "41":-0.0017827783,
    "42":-0.001165183,
    "43":-0.000943573,
    "44":-0.0004396,
    "45":-0.000658631,
    "46":-0.0021848463,
    "47":-0.000548518,
    "48":-0.0014862289,
    "49":-0.000514339
  },
  "Delta_Prop":{
    "0":-0.0010603848,
    "1":-0.0010781441,
    "2":-0.0005998215,
    "3":-0.0008549199,
    "4":-0.0008606029,
    "5":-0.000474262,
    "6":-0.0009123316,
    "7":-0.0011174847,
    "8":-0.0002443,
    "9":-0.0007305586,
    "10":-0.0009675434,
    "11":-0.0005996079,
    "12":-0.0012169423,
    "13":-0.0016699172,
    "14":-0.0013244404,
    "15":-0.000486929,
    "16":-0.000410239,
    "17":-0.0018054756,
    "18":-0.0022358544,
    "19":-0.0016869505,
    "20":-0.000730789,
    "21":-0.0006556569,
    "22":-0.0007544469,
    "23":-0.0010761178,
    "24":-0.00042818,
    "25":-0.0020176172,
    "26":-0.00050097,
    "27":-0.0006358974,
    "28":-0.00049738,
    "29":-0.0004963536,
    "30":-0.0012766373,
    "31":-0.0004648,
    "32":-0.00052709,
    "33":-0.003559854,
    "34":-0.0009521367,
    "35":-0.0013579763,
    "36":-0.000684042,
    "37":-0.000917981,
    "38":-0.0007646369,
    "39":-0.000339649,
    "40":-0.00031769,
    "41":-0.0013371607,
    "42":-0.000613829,
    "43":-0.0010042829,
    "44":-0.00042019,
    "45":-0.000592601,
    "46":-0.0017314112,
    "47":-0.000241988,
    "48":-0.0008457092,
    "49":-0.000446219
  }
}