{
  "Astrahl":{
    "0":0.0432865094,
    "1":0.0456475928,
    "2":0.0367854565,
    "3":0.0418538157,
    "4":0.0763590315,
    "5":0.045522574,
    "6":0.0444598179,
    "7":0.0352220622,
    "8":0.0343203049,
    "9":0.031605661,
    "10":0.0538072278,
    "11":0.0623144639,
    "12":0.0764112038,
    "13":0.0604554921,
    "14":0.029373373,
    "15":0.039446075,
    "16":0.0417989812,
    "17":0.0463603581,
    "18":0.0385647529,
    "19":0.0497144309,
    "20":0.0606002152,
    "21":0.0350196678,
    "22":0.0367446967,
    "23":0.03374295,
    "24":0.02713672,
    "25":0.0668836344,
    "26":0.0445757397,
    "27":0.0394729223,
    "28":0.0555025959,
    "29":0.035095245,
    "30":0.0664908305,
    "31":0.034308251,
    "32":0.0316520039,
    "33":0.0419835309,
    "34":0.0392872202,
    "35":0.0441079769,
    "36":0.040150233,
    "37":0.034785683,
    "38":0.071588092,
    "39":0.0672946071,
    "40":0.0539996132,
    "41":0.0478957145,
    "42":0.0412287872,
    "43":0.0330735056,
    "44":0.03293501,
    "45":0.0395789286,
    "46":0.082085639,
    "47":0.1007212158,
    "48":0.04522124,
    "49":0.04292673
  },
  "Uniform":{
    "0":0.0750638627,
    "1":0.0742600459,
    "2":0.065735703,
    "3":0.074649024,
    "4":0.1662749537,
    "5":0.0830943516,
    "6":0.0672649068,
    "7":0.0592608869,
    "8":0.0688994134,
    "9":0.06784815,
    "10":0.1136577684,
    "11":0.1555118952,
    "12":0.1732494588,
    "13":0.1305651055,
    "14":0.06090626,
    "15":0.068283834,
    "16":0.0794904828,
    "17":0.0693642907,
    "18":0.065741597,
    "19":0.0761542161,
    "20":0.1324772474,
    "21":0.0666206011,
    "22":0.0682018422,
    "23":0.05783809,
    "24":0.05368856,
    "25":0.1176372398,
    "26":0.0822457126,
    "27":0.0780008187,
    "28":0.109367581,
    "29":0.0693451979,
    "30":0.131858998,
    "31":0.056124992,
    "32":0.066657093,
    "33":0.063992944,
    "34":0.0705011421,
    "35":0.0872711385,
    "36":0.0731361443,
    "37":0.065108611,
    "38":0.145218431,
    "39":0.1391684378,
    "40":0.0867295627,
    "41":0.0700719965,
    "42":0.071822094,
    "43":0.068518875,
    "44":0.068891431,
    "45":0.0726710521,
    "46":0.1321922757,
    "47":0.2139811946,
    "48":0.115617143,
    "49":0.064551032
  },
  "Prop":{
    "0":0.0722436588,
    "1":0.0660668619,
    "2":0.0587231996,
    "3":0.0770231301,
    "4":0.1575736605,
    "5":0.0646234079,
    "6":0.0708502751,
    "7":0.0562693638,
    "8":0.0694903404,
    "9":0.06250106,
    "10":0.1081777895,
    "11":0.1402673397,
    "12":0.1530245248,
    "13":0.1097709882,
    "14":0.064910111,
    "15":0.0564524,
    "16":0.0718126838,
    "17":0.0693048401,
    "18":0.056229255,
    "19":0.074464816,
    "20":0.1310801787,
    "21":0.0724351056,
    "22":0.0738966373,
    "23":0.05791727,
    "24":0.061084743,
    "25":0.1157980551,
    "26":0.0683562707,
    "27":0.061976082,
    "28":0.0998615158,
    "29":0.0696557689,
    "30":0.105343901,
    "31":0.05731537,
    "32":0.0578412648,
    "33":0.058536052,
    "34":0.0635578403,
    "35":0.0722574496,
    "36":0.0587939158,
    "37":0.05577836,
    "38":0.1579257879,
    "39":0.1157272033,
    "40":0.0753546219,
    "41":0.0684882394,
    "42":0.0722949749,
    "43":0.0588536895,
    "44":0.046950642,
    "45":0.0600060019,
    "46":0.1327445708,
    "47":0.1900124115,
    "48":0.088133341,
    "49":0.05658554
  },
  "Delta_Uniform":{
    "0":-0.0317773533,
    "1":-0.0286124531,
    "2":-0.0289502465,
    "3":-0.0327952083,
    "4":-0.0899159222,
    "5":-0.0375717777,
    "6":-0.0228050889,
    "7":-0.0240388247,
    "8":-0.0345791085,
    "9":-0.036242489,
    "10":-0.0598505406,
    "11":-0.0931974313,
    "12":-0.096838255,
    "13":-0.0701096134,
    "14":-0.031532887,
    "15":-0.028837759,
    "16":-0.0376915016,
    "17":-0.0230039326,
    "18":-0.0271768441,
    "19":-0.0264397852,
    "20":-0.0718770322,
    "21":-0.0316009333,
    "22":-0.0314571455,
    "23":-0.02409514,
    "24":-0.02655184,
    "25":-0.0507536054,
    "26":-0.0376699729,
    "27":-0.0385278964,
    "28":-0.0538649851,
    "29":-0.0342499529,
    "30":-0.0653681675,
    "31":-0.021816741,
    "32":-0.0350050891,
    "33":-0.0220094131,
    "34":-0.0312139219,
    "35":-0.0431631616,
    "36":-0.0329859113,
    "37":-0.030322928,
    "38":-0.073630339,
    "39":-0.0718738307,
    "40":-0.0327299495,
    "41":-0.022176282,
    "42":-0.0305933068,
    "43":-0.0354453694,
    "44":-0.035956421,
    "45":-0.0330921235,
    "46":-0.0501066367,
    "47":-0.1132599788,
    "48":-0.070395903,
    "49":-0.021624302
  },
  "Delta_Prop":{
    "0":-0.0289571494,
    "1":-0.0204192691,
    "2":-0.0219377431,
    "3":-0.0351693144,
    "4":-0.081214629,
    "5":-0.0191008339,
    "6":-0.0263904572,
    "7":-0.0210473016,
    "8":-0.0351700356,
    "9":-0.030895399,
    "10":-0.0543705617,
    "11":-0.0779528758,
    "12":-0.076613321,
    "13":-0.049315496,
    "14":-0.035536738,
    "15":-0.017006325,
    "16":-0.0300137026,
    "17":-0.022944482,
    "18":-0.0176645021,
    "19":-0.0247503852,
    "20":-0.0704799635,
    "21":-0.0374154379,
    "22":-0.0371519406,
    "23":-0.02417432,
    "24":-0.033948023,
    "25":-0.0489144207,
    "26":-0.023780531,
    "27":-0.0225031597,
    "28":-0.0443589199,
    "29":-0.0345605239,
    "30":-0.0388530705,
    "31":-0.023007119,
    "32":-0.0261892609,
    "33":-0.0165525211,
    "34":-0.0242706201,
    "35":-0.0281494727,
    "36":-0.0186436828,
    "37":-0.020992677,
    "38":-0.0863376959,
    "39":-0.0484325962,
    "40":-0.0213550087,
    "41":-0.0205925249,
    "42":-0.0310661877,
    "43":-0.0257801839,
    "44":-0.014015632,
    "45":-0.0204270733,
    "46":-0.0506589318,
    "47":-0.0892911957,
    "48":-0.042912101,
    "49":-0.01365881
  }
}