{
  "Astrahl":{
    "0":0.000868571,
    "1":0.0002436507,
    "2":0.00016802,
    "3":0.0011745258,
    "4":0.0003566832,
    "5":0.0007300653,
    "6":0.0008128656,
    "7":0.0007926885,
    "8":0.0005884811,
    "9":0.000313243,
    "10":0.0004680699,
    "11":0.0002211354,
    "12":0.0004455469,
    "13":0.0002905066,
    "14":0.0002926589,
    "15":0.000280214,
    "16":0.000520138,
    "17":0.00045128,
    "18":0.00012737,
    "19":0.0006781895,
    "20":0.000209779,
    "21":0.0009416463,
    "22":0.0009458798,
    "23":0.0003793217,
    "24":0.000449642,
    "25":0.0013625602,
    "26":0.001127949,
    "27":0.0002660686,
    "28":0.0020739629,
    "29":0.000390263,
    "30":0.0005614307,
    "31":0.0002498011,
    "32":0.000192584,
    "33":0.0001965648,
    "34":0.0005695335,
    "35":0.0002170403,
    "36":0.0003189384,
    "37":0.0008554013,
    "38":0.0008899881,
    "39":0.00013008,
    "40":0.0002930947,
    "41":0.000185706,
    "42":0.0007817955,
    "43":0.000246339,
    "44":0.0009966179,
    "45":0.0003126343,
    "46":0.0018851284,
    "47":0.0012997684,
    "48":0.0002817197,
    "49":0.000245706
  },
  "Uniform":{
    "0":0.0012170292,
    "1":0.0003141638,
    "2":0.00018587,
    "3":0.0015610361,
    "4":0.0005435863,
    "5":0.000840902,
    "6":0.0010592216,
    "7":0.0010340837,
    "8":0.0006400421,
    "9":0.0004236837,
    "10":0.0005379788,
    "11":0.0002467901,
    "12":0.000548949,
    "13":0.0002937593,
    "14":0.0004366528,
    "15":0.00035038,
    "16":0.0006605754,
    "17":0.00049391,
    "18":0.00020179,
    "19":0.0007977598,
    "20":0.000251755,
    "21":0.0011706017,
    "22":0.0011612265,
    "23":0.0004548541,
    "24":0.0005819871,
    "25":0.0015643497,
    "26":0.0018097631,
    "27":0.0003556176,
    "28":0.002459234,
    "29":0.0005071284,
    "30":0.0006872597,
    "31":0.0002757045,
    "32":0.000213683,
    "33":0.0002923719,
    "34":0.0008265182,
    "35":0.0002623049,
    "36":0.0004029248,
    "37":0.0011966424,
    "38":0.0008902239,
    "39":0.00017308,
    "40":0.0004220815,
    "41":0.000250739,
    "42":0.0008994638,
    "43":0.000352981,
    "44":0.0012021553,
    "45":0.0004476347,
    "46":0.0023233167,
    "47":0.0014924115,
    "48":0.0003526572,
    "49":0.0002598773
  },
  "Prop":{
    "0":0.0012974146,
    "1":0.000333134,
    "2":0.00015734,
    "3":0.0016965589,
    "4":0.000496009,
    "5":0.000843429,
    "6":0.0009499271,
    "7":0.0010556103,
    "8":0.000658709,
    "9":0.0003833233,
    "10":0.0005478663,
    "11":0.0002889167,
    "12":0.0005376165,
    "13":0.0003341455,
    "14":0.0004673568,
    "15":0.000353332,
    "16":0.0006617143,
    "17":0.0005766728,
    "18":0.00016553,
    "19":0.0008001594,
    "20":0.000246687,
    "21":0.0011738879,
    "22":0.0012159143,
    "23":0.0004114513,
    "24":0.0005484826,
    "25":0.0016834354,
    "26":0.0020054603,
    "27":0.000339624,
    "28":0.0023828399,
    "29":0.0005415153,
    "30":0.0006256453,
    "31":0.0002925906,
    "32":0.000211693,
    "33":0.0002524288,
    "34":0.0008443659,
    "35":0.0002730501,
    "36":0.0003785699,
    "37":0.0012101023,
    "38":0.0009634709,
    "39":0.00018706,
    "40":0.0003981427,
    "41":0.000202637,
    "42":0.0009958116,
    "43":0.000363483,
    "44":0.001086039,
    "45":0.0004770882,
    "46":0.0022242371,
    "47":0.0015724136,
    "48":0.0003746397,
    "49":0.0002898552
  },
  "Delta_Uniform":{
    "0":-0.0003484581,
    "1":-0.0000705131,
    "2":-0.00001785,
    "3":-0.0003865103,
    "4":-0.0001869031,
    "5":-0.0001108367,
    "6":-0.000246356,
    "7":-0.0002413952,
    "8":-0.000051561,
    "9":-0.0001104407,
    "10":-0.0000699089,
    "11":-0.0000256547,
    "12":-0.0001034021,
    "13":-0.0000032528,
    "14":-0.0001439939,
    "15":-0.000070166,
    "16":-0.0001404374,
    "17":-0.00004263,
    "18":-0.00007442,
    "19":-0.0001195703,
    "20":-0.000041976,
    "21":-0.0002289554,
    "22":-0.0002153468,
    "23":-0.0000755324,
    "24":-0.0001323452,
    "25":-0.0002017895,
    "26":-0.0006818141,
    "27":-0.000089549,
    "28":-0.0003852712,
    "29":-0.0001168653,
    "30":-0.000125829,
    "31":-0.0000259034,
    "32":-0.000021099,
    "33":-0.0000958071,
    "34":-0.0002569848,
    "35":-0.0000452646,
    "36":-0.0000839864,
    "37":-0.000341241,
    "38":-0.0000002358,
    "39":-0.000043,
    "40":-0.0001289868,
    "41":-0.000065033,
    "42":-0.0001176683,
    "43":-0.000106642,
    "44":-0.0002055373,
    "45":-0.0001350004,
    "46":-0.0004381883,
    "47":-0.0001926431,
    "48":-0.0000709375,
    "49":-0.0000141713
  },
  "Delta_Prop":{
    "0":-0.0004288435,
    "1":-0.0000894834,
    "2":0.00001068,
    "3":-0.0005220331,
    "4":-0.0001393258,
    "5":-0.0001133637,
    "6":-0.0001370615,
    "7":-0.0002629218,
    "8":-0.0000702279,
    "9":-0.0000700803,
    "10":-0.0000797963,
    "11":-0.0000677813,
    "12":-0.0000920696,
    "13":-0.0000436389,
    "14":-0.0001746979,
    "15":-0.000073118,
    "16":-0.0001415763,
    "17":-0.0001253928,
    "18":-0.00003816,
    "19":-0.0001219699,
    "20":-0.000036908,
    "21":-0.0002322415,
    "22":-0.0002700345,
    "23":-0.0000321296,
    "24":-0.0000988406,
    "25":-0.0003208752,
    "26":-0.0008775113,
    "27":-0.0000735554,
    "28":-0.0003088771,
    "29":-0.0001512523,
    "30":-0.0000642146,
    "31":-0.0000427895,
    "32":-0.000019109,
    "33":-0.000055864,
    "34":-0.0002748324,
    "35":-0.0000560098,
    "36":-0.0000596315,
    "37":-0.000354701,
    "38":-0.0000734828,
    "39":-0.00005698,
    "40":-0.000105048,
    "41":-0.000016931,
    "42":-0.000214016,
    "43":-0.000117144,
    "44":-0.000089421,
    "45":-0.0001644538,
    "46":-0.0003391087,
    "47":-0.0002726452,
    "48":-0.00009292,
    "49":-0.0000441492
  }
}