{
  "Astrahl":{
    "0":0.0000179163,
    "1":0.0000564929,
    "2":0.000013625,
    "3":0.0000263592,
    "4":0.0000685997,
    "5":0.0000156731,
    "6":0.0000272258,
    "7":0.0000190873,
    "8":0.0000599137,
    "9":0.0000635847,
    "10":0.0000353428,
    "11":0.0000079494,
    "12":0.0000899157,
    "13":0.0000381043,
    "14":0.000020539,
    "15":0.0000463989,
    "16":0.0000298442,
    "17":0.0000623592,
    "18":0.000094472,
    "19":0.0000111951,
    "20":0.0000358561,
    "21":0.0000560546,
    "22":0.0000285093,
    "23":0.0000856868,
    "24":0.0000079788,
    "25":0.000016895,
    "26":0.000016786,
    "27":0.000032135,
    "28":0.0000470262,
    "29":0.000009368,
    "30":0.000017658,
    "31":0.0000514255,
    "32":0.0000451858,
    "33":0.000025762,
    "34":0.0000533227,
    "35":0.0000184161,
    "36":0.00000654,
    "37":0.0000573187,
    "38":0.0000568798,
    "39":0.0001080089,
    "40":0.000013249,
    "41":0.000030001,
    "42":0.000008197,
    "43":0.0000143773,
    "44":0.00000654,
    "45":0.000022236,
    "46":0.000063729,
    "47":0.0000230687,
    "48":0.0004756262,
    "49":0.00000654
  },
  "Uniform":{
    "0":0.0000404947,
    "1":0.000112654,
    "2":0.000036595,
    "3":0.000081124,
    "4":0.0000951592,
    "5":0.0000404906,
    "6":0.0001144612,
    "7":0.0000333549,
    "8":0.0001353836,
    "9":0.0001222676,
    "10":0.0000634744,
    "11":0.0000254441,
    "12":0.0001643252,
    "13":0.0001096271,
    "14":0.0000509804,
    "15":0.0001044045,
    "16":0.0000504756,
    "17":0.000114325,
    "18":0.0002377687,
    "19":0.0000155809,
    "20":0.0000708487,
    "21":0.0000948982,
    "22":0.0001123845,
    "23":0.0001351357,
    "24":0.0000530199,
    "25":0.000048859,
    "26":0.000034983,
    "27":0.0000422686,
    "28":0.0000937273,
    "29":0.000019781,
    "30":0.000038856,
    "31":0.0001363175,
    "32":0.0000660106,
    "33":0.0000364278,
    "34":0.000183733,
    "35":0.0000406099,
    "36":0.00001601,
    "37":0.0000814296,
    "38":0.0001400489,
    "39":0.0001489209,
    "40":0.0000250447,
    "41":0.0000532139,
    "42":0.000021075,
    "43":0.0000505446,
    "44":0.00001812,
    "45":0.000043796,
    "46":0.0001751866,
    "47":0.000037253,
    "48":0.0010169607,
    "49":0.00002459
  },
  "Prop":{
    "0":0.0000538832,
    "1":0.0001104627,
    "2":0.00004966,
    "3":0.0000953748,
    "4":0.0001274886,
    "5":0.0000384994,
    "6":0.0000792775,
    "7":0.0000282497,
    "8":0.000139947,
    "9":0.0001494722,
    "10":0.0000905641,
    "11":0.0000218168,
    "12":0.0001379003,
    "13":0.0000841449,
    "14":0.0000419946,
    "15":0.0000982203,
    "16":0.0000469239,
    "17":0.0001371736,
    "18":0.0002125073,
    "19":0.0000196548,
    "20":0.0000631929,
    "21":0.0001238698,
    "22":0.0001276904,
    "23":0.0001239928,
    "24":0.00005838,
    "25":0.000047845,
    "26":0.000046736,
    "27":0.000041991,
    "28":0.0001235267,
    "29":0.000014763,
    "30":0.000034272,
    "31":0.0001467452,
    "32":0.00007776,
    "33":0.0000369947,
    "34":0.0001700248,
    "35":0.0000395251,
    "36":0.00001985,
    "37":0.0000950017,
    "38":0.0001177188,
    "39":0.0001946058,
    "40":0.0000290463,
    "41":0.000053446,
    "42":0.000020126,
    "43":0.0000380729,
    "44":0.0000184,
    "45":0.000035055,
    "46":0.0001366093,
    "47":0.0000308309,
    "48":0.0011961562,
    "49":0.00002576
  },
  "Delta_Uniform":{
    "0":-0.0000225784,
    "1":-0.0000561612,
    "2":-0.00002297,
    "3":-0.0000547648,
    "4":-0.0000265595,
    "5":-0.0000248175,
    "6":-0.0000872355,
    "7":-0.0000142676,
    "8":-0.0000754699,
    "9":-0.0000586829,
    "10":-0.0000281316,
    "11":-0.0000174947,
    "12":-0.0000744095,
    "13":-0.0000715228,
    "14":-0.0000304414,
    "15":-0.0000580056,
    "16":-0.0000206314,
    "17":-0.0000519659,
    "18":-0.0001432967,
    "19":-0.0000043858,
    "20":-0.0000349926,
    "21":-0.0000388437,
    "22":-0.0000838752,
    "23":-0.0000494489,
    "24":-0.0000450411,
    "25":-0.000031964,
    "26":-0.000018197,
    "27":-0.0000101336,
    "28":-0.0000467011,
    "29":-0.000010413,
    "30":-0.000021198,
    "31":-0.000084892,
    "32":-0.0000208248,
    "33":-0.0000106658,
    "34":-0.0001304104,
    "35":-0.0000221938,
    "36":-0.00000947,
    "37":-0.0000241109,
    "38":-0.000083169,
    "39":-0.000040912,
    "40":-0.0000117957,
    "41":-0.0000232129,
    "42":-0.000012878,
    "43":-0.0000361673,
    "44":-0.00001158,
    "45":-0.00002156,
    "46":-0.0001114576,
    "47":-0.0000141843,
    "48":-0.0005413345,
    "49":-0.00001805
  },
  "Delta_Prop":{
    "0":-0.0000359669,
    "1":-0.0000539698,
    "2":-0.000036035,
    "3":-0.0000690156,
    "4":-0.0000588889,
    "5":-0.0000228263,
    "6":-0.0000520518,
    "7":-0.0000091624,
    "8":-0.0000800333,
    "9":-0.0000858875,
    "10":-0.0000552213,
    "11":-0.0000138674,
    "12":-0.0000479846,
    "13":-0.0000460406,
    "14":-0.0000214556,
    "15":-0.0000518214,
    "16":-0.0000170797,
    "17":-0.0000748144,
    "18":-0.0001180353,
    "19":-0.0000084597,
    "20":-0.0000273368,
    "21":-0.0000678152,
    "22":-0.0000991811,
    "23":-0.000038306,
    "24":-0.0000504012,
    "25":-0.00003095,
    "26":-0.00002995,
    "27":-0.000009856,
    "28":-0.0000765005,
    "29":-0.000005395,
    "30":-0.000016614,
    "31":-0.0000953196,
    "32":-0.0000325742,
    "33":-0.0000112327,
    "34":-0.0001167022,
    "35":-0.000021109,
    "36":-0.00001331,
    "37":-0.000037683,
    "38":-0.000060839,
    "39":-0.0000865969,
    "40":-0.0000157973,
    "41":-0.000023445,
    "42":-0.000011929,
    "43":-0.0000236956,
    "44":-0.00001186,
    "45":-0.000012819,
    "46":-0.0000728803,
    "47":-0.0000077622,
    "48":-0.00072053,
    "49":-0.00001922
  }
}