{
  "Astrahl":{
    "0":0.00091539,
    "1":0.0006352841,
    "2":0.0010588069,
    "3":0.0015533655,
    "4":0.0014122203,
    "5":0.000717073,
    "6":0.0006670399,
    "7":0.0023284119,
    "8":0.0005489644,
    "9":0.001229268,
    "10":0.0013694524,
    "11":0.001162772,
    "12":0.0016417901,
    "13":0.0061789217,
    "14":0.0002223466,
    "15":0.0023307095,
    "16":0.0017508461,
    "17":0.0012435002,
    "18":0.0011717557,
    "19":0.0041303012,
    "20":0.0009562342,
    "21":0.0018527836,
    "22":0.000765327,
    "23":0.0065257623,
    "24":0.00069562,
    "25":0.0008295288,
    "26":0.0006420157,
    "27":0.0014700264,
    "28":0.0023150892,
    "29":0.0006670399,
    "30":0.0015035934,
    "31":0.0024902916,
    "32":0.0016870339,
    "33":0.0006185706,
    "34":0.0035040576,
    "35":0.0051753169,
    "36":0.0025681363,
    "37":0.0007462678,
    "38":0.001061731,
    "39":0.0021102643,
    "40":0.000619494,
    "41":0.0002140052,
    "42":0.0008528775,
    "43":0.0005350131,
    "44":0.0008470345,
    "45":0.0010612103,
    "46":0.0022712696,
    "47":0.0007766828,
    "48":0.002586859,
    "49":0.0010940281
  },
  "Uniform":{
    "0":0.00363167,
    "1":0.0052214012,
    "2":0.0037063258,
    "3":0.0088635126,
    "4":0.0146275144,
    "5":0.004461572,
    "6":0.0043845288,
    "7":0.0178549507,
    "8":0.0040332242,
    "9":0.003656193,
    "10":0.005440384,
    "11":0.0088001913,
    "12":0.0128995249,
    "13":0.0193220982,
    "14":0.0049677759,
    "15":0.0079896931,
    "16":0.0084176127,
    "17":0.0062870886,
    "18":0.008497929,
    "19":0.0160422814,
    "20":0.0055596795,
    "21":0.0076887893,
    "22":0.0057224776,
    "23":0.0286088111,
    "24":0.0048180753,
    "25":0.0043601076,
    "26":0.0050232096,
    "27":0.0083227101,
    "28":0.0084613782,
    "29":0.005018667,
    "30":0.0091304421,
    "31":0.0122111106,
    "32":0.011130854,
    "33":0.0035739823,
    "34":0.0174945869,
    "35":0.0221192243,
    "36":0.0086142788,
    "37":0.0043561917,
    "38":0.0044265205,
    "39":0.0073093417,
    "40":0.004577567,
    "41":0.0037497215,
    "42":0.0045231811,
    "43":0.0038204647,
    "44":0.0086597734,
    "45":0.0042681856,
    "46":0.0135753664,
    "47":0.0089865803,
    "48":0.0094265536,
    "49":0.0126031509
  },
  "Prop":{
    "0":0.00282945,
    "1":0.0037964353,
    "2":0.0043297049,
    "3":0.0083154691,
    "4":0.0129925895,
    "5":0.003344476,
    "6":0.0035230666,
    "7":0.0155395361,
    "8":0.0036490299,
    "9":0.002854831,
    "10":0.0041580403,
    "11":0.0059157911,
    "12":0.0113950484,
    "13":0.0129242636,
    "14":0.0041230475,
    "15":0.0075793123,
    "16":0.0083890944,
    "17":0.0059612564,
    "18":0.0056112575,
    "19":0.0148685917,
    "20":0.0041398145,
    "21":0.0075325478,
    "22":0.0038597952,
    "23":0.0263430973,
    "24":0.0039311067,
    "25":0.003533146,
    "26":0.0041168562,
    "27":0.007054135,
    "28":0.0076264616,
    "29":0.0033399234,
    "30":0.0068869053,
    "31":0.0108220053,
    "32":0.0129065804,
    "33":0.0032453023,
    "34":0.0143592703,
    "35":0.0180140835,
    "36":0.0060000778,
    "37":0.0036999965,
    "38":0.0037589844,
    "39":0.0064490992,
    "40":0.003974083,
    "41":0.0044037622,
    "42":0.0043619153,
    "43":0.0037501506,
    "44":0.0075100192,
    "45":0.0037999921,
    "46":0.011677847,
    "47":0.0062776662,
    "48":0.0077734594,
    "49":0.0093789683
  },
  "Delta_Uniform":{
    "0":-0.00271628,
    "1":-0.004586117,
    "2":-0.0026475189,
    "3":-0.007310147,
    "4":-0.0132152941,
    "5":-0.003744499,
    "6":-0.0037174889,
    "7":-0.0155265388,
    "8":-0.0034842598,
    "9":-0.002426925,
    "10":-0.0040709317,
    "11":-0.0076374193,
    "12":-0.0112577347,
    "13":-0.0131431765,
    "14":-0.0047454293,
    "15":-0.0056589836,
    "16":-0.0066667666,
    "17":-0.0050435884,
    "18":-0.0073261733,
    "19":-0.0119119803,
    "20":-0.0046034453,
    "21":-0.0058360056,
    "22":-0.0049571506,
    "23":-0.0220830488,
    "24":-0.0041224553,
    "25":-0.0035305787,
    "26":-0.0043811939,
    "27":-0.0068526837,
    "28":-0.006146289,
    "29":-0.0043516271,
    "30":-0.0076268487,
    "31":-0.009720819,
    "32":-0.0094438201,
    "33":-0.0029554117,
    "34":-0.0139905294,
    "35":-0.0169439074,
    "36":-0.0060461425,
    "37":-0.0036099238,
    "38":-0.0033647895,
    "39":-0.0051990774,
    "40":-0.003958073,
    "41":-0.0035357163,
    "42":-0.0036703036,
    "43":-0.0032854516,
    "44":-0.007812739,
    "45":-0.0032069752,
    "46":-0.0113040968,
    "47":-0.0082098975,
    "48":-0.0068396946,
    "49":-0.0115091227
  },
  "Delta_Prop":{
    "0":-0.00191406,
    "1":-0.0031611512,
    "2":-0.003270898,
    "3":-0.0067621036,
    "4":-0.0115803691,
    "5":-0.002627403,
    "6":-0.0028560267,
    "7":-0.0132111242,
    "8":-0.0031000655,
    "9":-0.001625563,
    "10":-0.0027885879,
    "11":-0.0047530192,
    "12":-0.0097532583,
    "13":-0.0067453419,
    "14":-0.0039007008,
    "15":-0.0052486027,
    "16":-0.0066382483,
    "17":-0.0047177562,
    "18":-0.0044395017,
    "19":-0.0107382905,
    "20":-0.0031835804,
    "21":-0.0056797641,
    "22":-0.0030944682,
    "23":-0.0198173351,
    "24":-0.0032354867,
    "25":-0.0027036172,
    "26":-0.0034748405,
    "27":-0.0055841086,
    "28":-0.0053113724,
    "29":-0.0026728836,
    "30":-0.0053833119,
    "31":-0.0083317137,
    "32":-0.0112195465,
    "33":-0.0026267317,
    "34":-0.0108552128,
    "35":-0.0128387666,
    "36":-0.0034319415,
    "37":-0.0029537287,
    "38":-0.0026972534,
    "39":-0.0043388349,
    "40":-0.003354589,
    "41":-0.004189757,
    "42":-0.0035090378,
    "43":-0.0032151375,
    "44":-0.0066629847,
    "45":-0.0027387818,
    "46":-0.0094065774,
    "47":-0.0055009834,
    "48":-0.0051866004,
    "49":-0.0082849401
  }
}