{
  "Astrahl":{
    "0":0.0028709326,
    "1":0.0008257641,
    "2":0.0018306562,
    "3":0.000379129,
    "4":0.00030362,
    "5":0.0017252551,
    "6":0.0011418558,
    "7":0.000557989,
    "8":0.001129257,
    "9":0.0015766135,
    "10":0.001161242,
    "11":0.0008531351,
    "12":0.0023198677,
    "13":0.0017009638,
    "14":0.0011539992,
    "15":0.0046996438,
    "16":0.0050550549,
    "17":0.002237647,
    "18":0.00085462,
    "19":0.00054872,
    "20":0.000399,
    "21":0.0008484431,
    "22":0.0005662,
    "23":0.00037943,
    "24":0.000541729,
    "25":0.001005681,
    "26":0.0011350182,
    "27":0.0125801911,
    "28":0.001582757,
    "29":0.0035547314,
    "30":0.0004607,
    "31":0.001611542,
    "32":0.001994183,
    "33":0.00058463,
    "34":0.0032064614,
    "35":0.00059622,
    "36":0.0005662,
    "37":0.0011583082,
    "38":0.0005434,
    "39":0.0014803831,
    "40":0.001129528,
    "41":0.000954161,
    "42":0.0051580412,
    "43":0.000418,
    "44":0.00051072,
    "45":0.00037829,
    "46":0.00067792,
    "47":0.0022057232,
    "48":0.0022987277,
    "49":0.0053669882
  },
  "Uniform":{
    "0":0.0018439432,
    "1":0.000762959,
    "2":0.0012335521,
    "3":0.00055572,
    "4":0.00034261,
    "5":0.000890068,
    "6":0.0010998311,
    "7":0.0007305241,
    "8":0.000637719,
    "9":0.0014919811,
    "10":0.0010981162,
    "11":0.00076072,
    "12":0.0013623149,
    "13":0.001260697,
    "14":0.0009161841,
    "15":0.0023714242,
    "16":0.0037060165,
    "17":0.0014321117,
    "18":0.000707587,
    "19":0.000607998,
    "20":0.00038771,
    "21":0.0011254331,
    "22":0.0004242,
    "23":0.00033062,
    "24":0.0004541,
    "25":0.0010952158,
    "26":0.001117038,
    "27":0.0085313998,
    "28":0.0010757148,
    "29":0.0026198888,
    "30":0.00038281,
    "31":0.0011854991,
    "32":0.0015965843,
    "33":0.00071621,
    "34":0.0021829468,
    "35":0.00047772,
    "36":0.00037141,
    "37":0.0005455,
    "38":0.00058153,
    "39":0.001067998,
    "40":0.00065361,
    "41":0.0007306117,
    "42":0.0041732684,
    "43":0.000244,
    "44":0.00055584,
    "45":0.00043809,
    "46":0.0003268,
    "47":0.0016878527,
    "48":0.00097585,
    "49":0.0030994615
  },
  "Prop":{
    "0":0.0037653191,
    "1":0.001010239,
    "2":0.0023438338,
    "3":0.0003821,
    "4":0.0002928,
    "5":0.001326259,
    "6":0.0012083693,
    "7":0.0010653631,
    "8":0.0008190531,
    "9":0.0017066789,
    "10":0.0013213669,
    "11":0.000831358,
    "12":0.0015306791,
    "13":0.0012045492,
    "14":0.0013195761,
    "15":0.004422418,
    "16":0.0048499828,
    "17":0.0016950312,
    "18":0.0008689541,
    "19":0.0002948,
    "20":0.00043771,
    "21":0.0009607563,
    "22":0.000631649,
    "23":0.00037961,
    "24":0.00049062,
    "25":0.0012225867,
    "26":0.001690508,
    "27":0.0130345586,
    "28":0.001453457,
    "29":0.004224916,
    "30":0.00062391,
    "31":0.001850479,
    "32":0.0020410149,
    "33":0.000778988,
    "34":0.0038181538,
    "35":0.00062501,
    "36":0.000722369,
    "37":0.001071309,
    "38":0.00066292,
    "39":0.0012256721,
    "40":0.000884369,
    "41":0.00078666,
    "42":0.0041697926,
    "43":0.00040051,
    "44":0.00068033,
    "45":0.000666039,
    "46":0.00048701,
    "47":0.0023718228,
    "48":0.0021450837,
    "49":0.0059490183
  },
  "Delta_Uniform":{
    "0":0.0010269894,
    "1":0.0000628051,
    "2":0.0005971041,
    "3":-0.000176591,
    "4":-0.00003899,
    "5":0.0008351871,
    "6":0.0000420247,
    "7":-0.0001725351,
    "8":0.000491538,
    "9":0.0000846324,
    "10":0.0000631258,
    "11":0.0000924151,
    "12":0.0009575528,
    "13":0.0004402668,
    "14":0.0002378151,
    "15":0.0023282196,
    "16":0.0013490384,
    "17":0.0008055353,
    "18":0.000147033,
    "19":-0.000059278,
    "20":0.00001129,
    "21":-0.00027699,
    "22":0.000142,
    "23":0.00004881,
    "24":0.000087629,
    "25":-0.0000895348,
    "26":0.0000179802,
    "27":0.0040487913,
    "28":0.0005070422,
    "29":0.0009348426,
    "30":0.00007789,
    "31":0.0004260429,
    "32":0.0003975987,
    "33":-0.00013158,
    "34":0.0010235146,
    "35":0.0001185,
    "36":0.00019479,
    "37":0.0006128082,
    "38":-0.00003813,
    "39":0.0004123851,
    "40":0.000475918,
    "41":0.0002235493,
    "42":0.0009847728,
    "43":0.000174,
    "44":-0.00004512,
    "45":-0.0000598,
    "46":0.00035112,
    "47":0.0005178705,
    "48":0.0013228777,
    "49":0.0022675267
  },
  "Delta_Prop":{
    "0":-0.0008943866,
    "1":-0.0001844749,
    "2":-0.0005131776,
    "3":-0.000002971,
    "4":0.00001082,
    "5":0.0003989961,
    "6":-0.0000665135,
    "7":-0.0005073741,
    "8":0.0003102039,
    "9":-0.0001300654,
    "10":-0.0001601249,
    "11":0.0000217771,
    "12":0.0007891886,
    "13":0.0004964146,
    "14":-0.0001655769,
    "15":0.0002772258,
    "16":0.0002050721,
    "17":0.0005426158,
    "18":-0.0000143341,
    "19":0.00025392,
    "20":-0.00003871,
    "21":-0.0001123132,
    "22":-0.000065449,
    "23":-0.00000018,
    "24":0.000051109,
    "25":-0.0002169057,
    "26":-0.0005554898,
    "27":-0.0004543676,
    "28":0.0001293,
    "29":-0.0006701847,
    "30":-0.00016321,
    "31":-0.000238937,
    "32":-0.0000468319,
    "33":-0.000194358,
    "34":-0.0006116924,
    "35":-0.00002879,
    "36":-0.000156169,
    "37":0.0000869992,
    "38":-0.00011952,
    "39":0.000254711,
    "40":0.000245159,
    "41":0.000167501,
    "42":0.0009882485,
    "43":0.00001749,
    "44":-0.00016961,
    "45":-0.000287749,
    "46":0.00019091,
    "47":-0.0001660996,
    "48":0.000153644,
    "49":-0.0005820302
  }
}