{
  "Astrahl":{
    "0":0.033751634,
    "1":0.017020752,
    "2":0.0368578501,
    "3":0.0315436113,
    "4":0.0213443906,
    "5":0.014081474,
    "6":0.0211053759,
    "7":0.0497531945,
    "8":0.0183992025,
    "9":0.0278584068,
    "10":0.0183379189,
    "11":0.0210561859,
    "12":0.0239134597,
    "13":0.0519165916,
    "14":0.014554567,
    "15":0.013942329,
    "16":0.0553596607,
    "17":0.011173216,
    "18":0.0246954546,
    "19":0.0213463174,
    "20":0.0244955777,
    "21":0.0158377156,
    "22":0.0146831729,
    "23":0.0371835616,
    "24":0.01093512,
    "25":0.009905,
    "26":0.032391345,
    "27":0.0245836157,
    "28":0.0116780278,
    "29":0.0270440854,
    "30":0.0233234849,
    "31":0.0225412047,
    "32":0.0258993959,
    "33":0.0494337414,
    "34":0.016781051,
    "35":0.0448247547,
    "36":0.0447849405,
    "37":0.0349282955,
    "38":0.0170416029,
    "39":0.0296279729,
    "40":0.01071721,
    "41":0.0190827849,
    "42":0.014286972,
    "43":0.0485870636,
    "44":0.01186619,
    "45":0.0254649334,
    "46":0.0191010241,
    "47":0.0200210881,
    "48":0.022759709,
    "49":0.0265410418
  },
  "Uniform":{
    "0":0.0547260104,
    "1":0.025743277,
    "2":0.0489434471,
    "3":0.0421280583,
    "4":0.0345182478,
    "5":0.023676155,
    "6":0.0293731137,
    "7":0.0646982191,
    "8":0.0327507774,
    "9":0.0390076878,
    "10":0.0299310327,
    "11":0.0348255999,
    "12":0.0362706765,
    "13":0.0659724324,
    "14":0.024039933,
    "15":0.023586875,
    "16":0.0883557999,
    "17":0.017680806,
    "18":0.0339433536,
    "19":0.0313585448,
    "20":0.0314235086,
    "21":0.0256615395,
    "22":0.0259906357,
    "23":0.0598626141,
    "24":0.0160655,
    "25":0.01560704,
    "26":0.0374679996,
    "27":0.0360991107,
    "28":0.0187513392,
    "29":0.0458846982,
    "30":0.0341039854,
    "31":0.0304678237,
    "32":0.0368369594,
    "33":0.0641599185,
    "34":0.022559073,
    "35":0.0636325617,
    "36":0.0521883219,
    "37":0.0435216156,
    "38":0.026038189,
    "39":0.0425499047,
    "40":0.01578558,
    "41":0.0262247424,
    "42":0.02455251,
    "43":0.0640668653,
    "44":0.01771778,
    "45":0.0360125676,
    "46":0.0268623684,
    "47":0.0260040812,
    "48":0.0307362685,
    "49":0.0306950264
  },
  "Prop":{
    "0":0.0535211661,
    "1":0.024047985,
    "2":0.0482915883,
    "3":0.0486089099,
    "4":0.0343340734,
    "5":0.025235404,
    "6":0.0307997019,
    "7":0.0688937639,
    "8":0.0327595889,
    "9":0.0364709538,
    "10":0.0310947246,
    "11":0.0372347446,
    "12":0.0358214206,
    "13":0.0681611902,
    "14":0.025326423,
    "15":0.025108484,
    "16":0.0836096946,
    "17":0.016822634,
    "18":0.0346239167,
    "19":0.0319766299,
    "20":0.0348938108,
    "21":0.0247697856,
    "22":0.0269082188,
    "23":0.0555343003,
    "24":0.0178433,
    "25":0.01748058,
    "26":0.0406879702,
    "27":0.0412456897,
    "28":0.0181727462,
    "29":0.0443054755,
    "30":0.0380194864,
    "31":0.0319058626,
    "32":0.0381745846,
    "33":0.0715982268,
    "34":0.026465846,
    "35":0.0638104753,
    "36":0.057701934,
    "37":0.043551145,
    "38":0.0253383328,
    "39":0.0480758753,
    "40":0.01443386,
    "41":0.0252856828,
    "42":0.022727852,
    "43":0.0639741904,
    "44":0.01767763,
    "45":0.0394361282,
    "46":0.0271750833,
    "47":0.027959168,
    "48":0.0312237623,
    "49":0.0406599301
  },
  "Delta_Uniform":{
    "0":-0.0209743764,
    "1":-0.008722525,
    "2":-0.012085597,
    "3":-0.0105844469,
    "4":-0.0131738572,
    "5":-0.009594681,
    "6":-0.0082677378,
    "7":-0.0149450247,
    "8":-0.0143515749,
    "9":-0.011149281,
    "10":-0.0115931138,
    "11":-0.013769414,
    "12":-0.0123572168,
    "13":-0.0140558408,
    "14":-0.009485366,
    "15":-0.009644546,
    "16":-0.0329961391,
    "17":-0.00650759,
    "18":-0.009247899,
    "19":-0.0100122274,
    "20":-0.0069279309,
    "21":-0.0098238239,
    "22":-0.0113074627,
    "23":-0.0226790524,
    "24":-0.00513038,
    "25":-0.00570204,
    "26":-0.0050766546,
    "27":-0.011515495,
    "28":-0.0070733114,
    "29":-0.0188406128,
    "30":-0.0107805005,
    "31":-0.007926619,
    "32":-0.0109375635,
    "33":-0.0147261771,
    "34":-0.005778022,
    "35":-0.018807807,
    "36":-0.0074033815,
    "37":-0.0085933202,
    "38":-0.0089965861,
    "39":-0.0129219318,
    "40":-0.00506837,
    "41":-0.0071419575,
    "42":-0.010265538,
    "43":-0.0154798018,
    "44":-0.00585159,
    "45":-0.0105476343,
    "46":-0.0077613443,
    "47":-0.0059829931,
    "48":-0.0079765595,
    "49":-0.0041539846
  },
  "Delta_Prop":{
    "0":-0.0197695322,
    "1":-0.007027233,
    "2":-0.0114337382,
    "3":-0.0170652986,
    "4":-0.0129896828,
    "5":-0.01115393,
    "6":-0.009694326,
    "7":-0.0191405695,
    "8":-0.0143603864,
    "9":-0.008612547,
    "10":-0.0127568057,
    "11":-0.0161785587,
    "12":-0.0119079609,
    "13":-0.0162445986,
    "14":-0.010771856,
    "15":-0.011166155,
    "16":-0.0282500339,
    "17":-0.005649418,
    "18":-0.0099284621,
    "19":-0.0106303125,
    "20":-0.0103982331,
    "21":-0.00893207,
    "22":-0.0122250459,
    "23":-0.0183507386,
    "24":-0.00690818,
    "25":-0.00757558,
    "26":-0.0082966252,
    "27":-0.016662074,
    "28":-0.0064947185,
    "29":-0.01726139,
    "30":-0.0146960015,
    "31":-0.0093646579,
    "32":-0.0122751887,
    "33":-0.0221644853,
    "34":-0.009684795,
    "35":-0.0189857206,
    "36":-0.0129169936,
    "37":-0.0086228496,
    "38":-0.0082967299,
    "39":-0.0184479023,
    "40":-0.00371665,
    "41":-0.0062028979,
    "42":-0.00844088,
    "43":-0.0153871269,
    "44":-0.00581144,
    "45":-0.0139711948,
    "46":-0.0080740592,
    "47":-0.0079380799,
    "48":-0.0084640533,
    "49":-0.0141188883
  }
}