{
  "Astrahl":{
    "0":0.014991146,
    "1":0.0260334165,
    "2":0.0148875263,
    "3":0.0080790689,
    "4":0.0047502848,
    "5":0.0343132366,
    "6":0.0163613746,
    "7":0.0065594143,
    "8":0.037358143,
    "9":0.0307898264,
    "10":0.004557589,
    "11":0.0253218438,
    "12":0.0333913665,
    "13":0.0112879909,
    "14":0.0148499868,
    "15":0.0077024957,
    "16":0.0171053871,
    "17":0.0229825641,
    "18":0.0061005645,
    "19":0.0166726543,
    "20":0.0089409609,
    "21":0.0340294854,
    "22":0.0281128599,
    "23":0.0060894242,
    "24":0.0100339843,
    "25":0.0124339087,
    "26":0.0103420707,
    "27":0.0079104998,
    "28":0.0172135742,
    "29":0.0309590326,
    "30":0.0206655174,
    "31":0.0101584083,
    "32":0.0208766175,
    "33":0.0137408421,
    "34":0.0410858924,
    "35":0.0317824289,
    "36":0.0144443207,
    "37":0.0163035264,
    "38":0.0200336736,
    "39":0.0053793094,
    "40":0.0228661277,
    "41":0.0085283397,
    "42":0.0229186454,
    "43":0.014540603,
    "44":0.0095849081,
    "45":0.0058959867,
    "46":0.0033809477,
    "47":0.0183476093,
    "48":0.0051774245,
    "49":0.0149736265,
    "50":0.021464152,
    "51":0.0038558811,
    "52":0.0099172181,
    "53":0.0032789559,
    "54":0.0194996404,
    "55":0.0126388321,
    "56":0.0081808999,
    "57":0.0213515691,
    "58":0.0085528767,
    "59":0.0082394621,
    "60":0.0343061681,
    "61":0.0065195182,
    "62":0.0281099143,
    "63":0.0040643577,
    "64":0.0139049421,
    "65":0.0086454337,
    "66":0.0102924638,
    "67":0.0077971194,
    "68":0.006128068,
    "69":0.0276223982,
    "70":0.0362808642,
    "71":0.0165241994,
    "72":0.0033435848,
    "73":0.0132071451,
    "74":0.0084628888,
    "75":0.0232866959,
    "76":0.0158415984,
    "77":0.0039071326,
    "78":0.0116656423,
    "79":0.0060888436,
    "80":0.0306146549,
    "81":0.0454931506,
    "82":0.0311515864,
    "83":0.0152764091,
    "84":0.0127130355,
    "85":0.0228692124,
    "86":0.0129701672,
    "87":0.013233359,
    "88":0.0056024996,
    "89":0.0071067529,
    "90":0.0206694987,
    "91":0.0103316922,
    "92":0.0079022027,
    "93":0.0266123814,
    "94":0.0087309625,
    "95":0.0110899673,
    "96":0.0098119535,
    "97":0.0263478517,
    "98":0.0435957036,
    "99":0.0074958887
  },
  "Uniform":{
    "0":0.0295004979,
    "1":0.0513044514,
    "2":0.0288132231,
    "3":0.0158600955,
    "4":0.0092719717,
    "5":0.0672406005,
    "6":0.0319521548,
    "7":0.0127867663,
    "8":0.0732744721,
    "9":0.0596308748,
    "10":0.0089084771,
    "11":0.0495334431,
    "12":0.0655523316,
    "13":0.0220387067,
    "14":0.0289776631,
    "15":0.0147483013,
    "16":0.0338666728,
    "17":0.0459190952,
    "18":0.011974493,
    "19":0.0328786474,
    "20":0.0171730936,
    "21":0.0672330428,
    "22":0.0554297132,
    "23":0.0119506847,
    "24":0.0197131031,
    "25":0.0247941255,
    "26":0.0206277672,
    "27":0.0151801816,
    "28":0.0339191595,
    "29":0.0610524693,
    "30":0.0407683507,
    "31":0.0193617816,
    "32":0.0406495545,
    "33":0.0269378951,
    "34":0.0813967227,
    "35":0.0624549094,
    "36":0.0285063012,
    "37":0.0324699239,
    "38":0.0392701768,
    "39":0.0104617772,
    "40":0.0449029669,
    "41":0.0165980873,
    "42":0.0455995337,
    "43":0.0286396349,
    "44":0.0188269869,
    "45":0.0109724448,
    "46":0.0063645279,
    "47":0.0347906328,
    "48":0.0101258069,
    "49":0.0295806894,
    "50":0.0421797296,
    "51":0.0074842158,
    "52":0.0195581014,
    "53":0.006358147,
    "54":0.0381967126,
    "55":0.0240172805,
    "56":0.0160917366,
    "57":0.041385947,
    "58":0.0162671852,
    "59":0.0160369951,
    "60":0.0660261727,
    "61":0.0126753999,
    "62":0.0551337016,
    "63":0.0077206939,
    "64":0.0266771769,
    "65":0.0169452586,
    "66":0.0202170544,
    "67":0.015346173,
    "68":0.0119847692,
    "69":0.0546978255,
    "70":0.0713535061,
    "71":0.0328445522,
    "72":0.0065069091,
    "73":0.0261160182,
    "74":0.0166765946,
    "75":0.0456926085,
    "76":0.0306738247,
    "77":0.0074037766,
    "78":0.022080017,
    "79":0.0117466221,
    "80":0.0600621052,
    "81":0.0904350717,
    "82":0.0583877717,
    "83":0.0299796111,
    "84":0.0253408193,
    "85":0.045288572,
    "86":0.02553184,
    "87":0.0257776178,
    "88":0.0106898602,
    "89":0.0138048876,
    "90":0.0406734558,
    "91":0.0203881199,
    "92":0.0152254478,
    "93":0.0505313697,
    "94":0.0169694366,
    "95":0.0216986398,
    "96":0.0188412754,
    "97":0.051297196,
    "98":0.0860050969,
    "99":0.014857689
  },
  "Prop":{
    "0":0.0309989544,
    "1":0.0466680281,
    "2":0.0276876679,
    "3":0.0157896539,
    "4":0.0086060892,
    "5":0.0636731378,
    "6":0.0333927103,
    "7":0.0123048665,
    "8":0.0608638585,
    "9":0.0589773962,
    "10":0.0090578868,
    "11":0.0436648628,
    "12":0.0638971032,
    "13":0.0185849399,
    "14":0.028083219,
    "15":0.0147707338,
    "16":0.0302969691,
    "17":0.0447306075,
    "18":0.0102228314,
    "19":0.0310399007,
    "20":0.0160255262,
    "21":0.0651105213,
    "22":0.0467313891,
    "23":0.0112393484,
    "24":0.0200982703,
    "25":0.0251856316,
    "26":0.0204293899,
    "27":0.0149698456,
    "28":0.0301540664,
    "29":0.0572387971,
    "30":0.0423516073,
    "31":0.0199759151,
    "32":0.0366365778,
    "33":0.0264461256,
    "34":0.0703580151,
    "35":0.0574367367,
    "36":0.0269214673,
    "37":0.0318049904,
    "38":0.0363735356,
    "39":0.0108591697,
    "40":0.0443181608,
    "41":0.0174521463,
    "42":0.04154981,
    "43":0.0269413208,
    "44":0.0173468504,
    "45":0.0116104497,
    "46":0.0069265917,
    "47":0.0339751769,
    "48":0.0104372311,
    "49":0.0294747391,
    "50":0.0406021308,
    "51":0.0077052416,
    "52":0.0181732167,
    "53":0.0067675554,
    "54":0.0362635774,
    "55":0.0236954507,
    "56":0.0152054724,
    "57":0.0398675339,
    "58":0.0165553124,
    "59":0.0172604484,
    "60":0.0637310647,
    "61":0.0133934902,
    "62":0.0509839626,
    "63":0.0084760573,
    "64":0.0236784916,
    "65":0.0167775889,
    "66":0.0177861903,
    "67":0.0161921186,
    "68":0.0125889382,
    "69":0.049919332,
    "70":0.0671194423,
    "71":0.0323436204,
    "72":0.0065009574,
    "73":0.0275073357,
    "74":0.0172391173,
    "75":0.0385135764,
    "76":0.0291253826,
    "77":0.0080148878,
    "78":0.0232374276,
    "79":0.0124173855,
    "80":0.0553854427,
    "81":0.0865235072,
    "82":0.0533421669,
    "83":0.0305101892,
    "84":0.0252720548,
    "85":0.0476484708,
    "86":0.022110904,
    "87":0.02581351,
    "88":0.0113000908,
    "89":0.0137221206,
    "90":0.0413503007,
    "91":0.0180242188,
    "92":0.0157628554,
    "93":0.0453128557,
    "94":0.0178276123,
    "95":0.0213958254,
    "96":0.0197650198,
    "97":0.0455087491,
    "98":0.0791188585,
    "99":0.0155112172
  },
  "Delta_Uniform":{
    "0":-0.0145093518,
    "1":-0.0252710349,
    "2":-0.0139256968,
    "3":-0.0077810266,
    "4":-0.0045216869,
    "5":-0.0329273638,
    "6":-0.0155907802,
    "7":-0.006227352,
    "8":-0.0359163292,
    "9":-0.0288410484,
    "10":-0.0043508882,
    "11":-0.0242115993,
    "12":-0.0321609652,
    "13":-0.0107507158,
    "14":-0.0141276763,
    "15":-0.0070458056,
    "16":-0.0167612857,
    "17":-0.022936531,
    "18":-0.0058739285,
    "19":-0.0162059931,
    "20":-0.0082321327,
    "21":-0.0332035574,
    "22":-0.0273168533,
    "23":-0.0058612605,
    "24":-0.0096791189,
    "25":-0.0123602168,
    "26":-0.0102856965,
    "27":-0.0072696818,
    "28":-0.0167055853,
    "29":-0.0300934368,
    "30":-0.0201028333,
    "31":-0.0092033733,
    "32":-0.019772937,
    "33":-0.013197053,
    "34":-0.0403108303,
    "35":-0.0306724805,
    "36":-0.0140619805,
    "37":-0.0161663975,
    "38":-0.0192365033,
    "39":-0.0050824679,
    "40":-0.0220368391,
    "41":-0.0080697476,
    "42":-0.0226808883,
    "43":-0.0140990319,
    "44":-0.0092420787,