{
  "Astrahl":{
    "0":0.002811354,
    "1":0.0067383746,
    "2":0.00443631,
    "3":0.0057387341,
    "4":0.0084990536,
    "5":0.0041214545,
    "6":0.00327608,
    "7":0.00286657,
    "8":0.00468559,
    "9":0.0027512,
    "10":0.0079165058,
    "11":0.0063863771,
    "12":0.0046953279,
    "13":0.014693946,
    "14":0.0063863771,
    "15":0.0036142191,
    "16":0.0051257951,
    "17":0.009256659,
    "18":0.0057387341,
    "19":0.0041736248,
    "20":0.0015651093,
    "21":0.003279913,
    "22":0.004217031,
    "23":0.0042880566,
    "24":0.00163804,
    "25":0.0087124418,
    "26":0.003748472,
    "27":0.00450461,
    "28":0.0017195,
    "29":0.00163804,
    "30":0.002342795,
    "31":0.006091267,
    "32":0.00286657,
    "33":0.0107300011,
    "34":0.006511209,
    "35":0.0020634,
    "36":0.00450461,
    "37":0.0056383746,
    "38":0.00672997,
    "39":0.003644639,
    "40":0.0035997514,
    "41":0.00306071,
    "42":0.0092774682,
    "43":0.00286657,
    "44":0.003644639,
    "45":0.0088167824,
    "46":0.00573314,
    "47":0.0085761132,
    "48":0.002811354,
    "49":0.00532363
  },
  "Uniform":{
    "0":0.011867979,
    "1":0.0247258032,
    "2":0.02056981,
    "3":0.0212748111,
    "4":0.0315208595,
    "5":0.013933089,
    "6":0.01309262,
    "7":0.008197069,
    "8":0.0200863381,
    "9":0.01198621,
    "10":0.0190415211,
    "11":0.0210617485,
    "12":0.014764078,
    "13":0.0439268529,
    "14":0.0422899818,
    "15":0.0185685618,
    "16":0.019596996,
    "17":0.0271426387,
    "18":0.019128217,
    "19":0.014321689,
    "20":0.01265184,
    "21":0.01852446,
    "22":0.0106725,
    "23":0.016444116,
    "24":0.01112032,
    "25":0.018773009,
    "26":0.01415712,
    "27":0.01030001,
    "28":0.0098649,
    "29":0.00928321,
    "30":0.01400533,
    "31":0.020308019,
    "32":0.01202661,
    "33":0.019369417,
    "34":0.00881441,
    "35":0.0080546,
    "36":0.0100237,
    "37":0.0205877901,
    "38":0.014476089,
    "39":0.0138445,
    "40":0.01384433,
    "41":0.0101018,
    "42":0.0287176401,
    "43":0.01247993,
    "44":0.0077297,
    "45":0.0200576432,
    "46":0.0109647,
    "47":0.0192042451,
    "48":0.01128783,
    "49":0.01893271
  },
  "Prop":{
    "0":0.01266033,
    "1":0.0274169355,
    "2":0.01491281,
    "3":0.0215551591,
    "4":0.0299925714,
    "5":0.012064779,
    "6":0.01531824,
    "7":0.01123842,
    "8":0.0217498521,
    "9":0.0089269,
    "10":0.016781516,
    "11":0.0267132471,
    "12":0.012941919,
    "13":0.0482756411,
    "14":0.0301483484,
    "15":0.0179663181,
    "16":0.018855996,
    "17":0.0270132304,
    "18":0.0206565101,
    "19":0.01395277,
    "20":0.0122503449,
    "21":0.021050467,
    "22":0.01233353,
    "23":0.015330457,
    "24":0.01023241,
    "25":0.01740216,
    "26":0.01010612,
    "27":0.0076475,
    "28":0.0086279,
    "29":0.00978221,
    "30":0.013184258,
    "31":0.017958499,
    "32":0.00877872,
    "33":0.01816083,
    "34":0.01095661,
    "35":0.00695041,
    "36":0.01024131,
    "37":0.015828647,
    "38":0.01366872,
    "39":0.01190381,
    "40":0.01146451,
    "41":0.0081607,
    "42":0.036125376,
    "43":0.00947993,
    "44":0.01271744,
    "45":0.0226566771,
    "46":0.00883931,
    "47":0.0175930122,
    "48":0.01147302,
    "49":0.015441069
  },
  "Delta_Uniform":{
    "0":-0.009056625,
    "1":-0.0179874286,
    "2":-0.0161335,
    "3":-0.015536077,
    "4":-0.0230218058,
    "5":-0.0098116345,
    "6":-0.00981654,
    "7":-0.005330499,
    "8":-0.0154007481,
    "9":-0.00923501,
    "10":-0.0111250153,
    "11":-0.0146753713,
    "12":-0.0100687501,
    "13":-0.0292329069,
    "14":-0.0359036046,
    "15":-0.0149543427,
    "16":-0.0144712009,
    "17":-0.0178859797,
    "18":-0.0133894829,
    "19":-0.0101480642,
    "20":-0.0110867307,
    "21":-0.015244547,
    "22":-0.006455469,
    "23":-0.0121560594,
    "24":-0.00948228,
    "25":-0.0100605672,
    "26":-0.010408648,
    "27":-0.0057954,
    "28":-0.0081454,
    "29":-0.00764517,
    "30":-0.011662535,
    "31":-0.014216752,
    "32":-0.00916004,
    "33":-0.0086394159,
    "34":-0.002303201,
    "35":-0.0059912,
    "36":-0.00551909,
    "37":-0.0149494155,
    "38":-0.007746119,
    "39":-0.010199861,
    "40":-0.0102445786,
    "41":-0.00704109,
    "42":-0.0194401719,
    "43":-0.00961336,
    "44":-0.004085061,
    "45":-0.0112408608,
    "46":-0.00523156,
    "47":-0.0106281319,
    "48":-0.008476476,
    "49":-0.01360908
  },
  "Delta_Prop":{
    "0":-0.009848976,
    "1":-0.0206785609,
    "2":-0.0104765,
    "3":-0.015816425,
    "4":-0.0214935177,
    "5":-0.0079433245,
    "6":-0.01204216,
    "7":-0.00837185,
    "8":-0.0170642621,
    "9":-0.0061757,
    "10":-0.0088650102,
    "11":-0.02032687,
    "12":-0.0082465911,
    "13":-0.0335816951,
    "14":-0.0237619712,
    "15":-0.014352099,
    "16":-0.0137302009,
    "17":-0.0177565715,
    "18":-0.014917776,
    "19":-0.0097791452,
    "20":-0.0106852356,
    "21":-0.017770554,
    "22":-0.008116499,
    "23":-0.0110424004,
    "24":-0.00859437,
    "25":-0.0086897182,
    "26":-0.006357648,
    "27":-0.00314289,
    "28":-0.0069084,
    "29":-0.00814417,
    "30":-0.010841463,
    "31":-0.011867232,
    "32":-0.00591215,
    "33":-0.0074308289,
    "34":-0.004445401,
    "35":-0.00488701,
    "36":-0.0057367,
    "37":-0.0101902724,
    "38":-0.00693875,
    "39":-0.008259171,
    "40":-0.0078647586,
    "41":-0.00509999,
    "42":-0.0268479078,
    "43":-0.00661336,
    "44":-0.009072801,
    "45":-0.0138398947,
    "46":-0.00310617,
    "47":-0.009016899,
    "48":-0.008661666,
    "49":-0.010117439
  }
}