{
  "Astrahl":{
    "0":0.000132526,
    "1":0.0013641575,
    "2":0.0007031714,
    "3":0.0004692821,
    "4":0.00011144,
    "5":0.0002461595,
    "6":0.000199199,
    "7":0.0004073734,
    "8":0.000146931,
    "9":0.000152693,
    "10":0.0004003312,
    "11":0.0004454032,
    "12":0.0007132304,
    "13":0.0002062424,
    "14":0.000158455,
    "15":0.0003307244,
    "16":0.0002889643,
    "17":0.0003102837,
    "18":0.00084219,
    "19":0.0002808975,
    "20":0.00009751,
    "21":0.000184145,
    "22":0.0002734069,
    "23":0.000167098,
    "24":0.000152693,
    "25":0.00010746,
    "26":0.0002552766,
    "27":0.0005064257,
    "28":0.00010149,
    "29":0.0003858523,
    "30":0.000407552,
    "31":0.0003436146,
    "32":0.000167098,
    "33":0.00011144,
    "34":0.00021691,
    "35":0.000210144,
    "36":0.00019701,
    "37":0.00008159,
    "38":0.0003456431,
    "39":0.000342878,
    "40":0.0003186386,
    "41":0.0003390164,
    "42":0.0004006895,
    "43":0.0002610186,
    "44":0.000149812,
    "45":0.000201189,
    "46":0.000262171,
    "47":0.0004014361,
    "48":0.000644172,
    "49":0.0004110116
  },
  "Uniform":{
    "0":0.000199778,
    "1":0.0017846103,
    "2":0.0007837348,
    "3":0.0005903664,
    "4":0.00012946,
    "5":0.0003042057,
    "6":0.000265112,
    "7":0.0005317183,
    "8":0.000189277,
    "9":0.000193741,
    "10":0.0004322083,
    "11":0.0005189173,
    "12":0.0008711292,
    "13":0.0002676638,
    "14":0.000176726,
    "15":0.00045475,
    "16":0.0003440726,
    "17":0.000386161,
    "18":0.0009966826,
    "19":0.0003754416,
    "20":0.0001325,
    "21":0.0002497618,
    "22":0.0003511331,
    "23":0.000174755,
    "24":0.000193931,
    "25":0.00010461,
    "26":0.0003082233,
    "27":0.0006958609,
    "28":0.00013348,
    "29":0.0005176637,
    "30":0.0005003671,
    "31":0.0004611397,
    "32":0.00018089,
    "33":0.00012948,
    "34":0.00023603,
    "35":0.000256797,
    "36":0.000215951,
    "37":0.00012652,
    "38":0.0005052806,
    "39":0.00044406,
    "40":0.0003613347,
    "41":0.0003835451,
    "42":0.0005124147,
    "43":0.0003747454,
    "44":0.000168087,
    "45":0.00024118,
    "46":0.0003851741,
    "47":0.0004612702,
    "48":0.0007964701,
    "49":0.0004347719
  },
  "Prop":{
    "0":0.000185961,
    "1":0.0016998966,
    "2":0.0008207369,
    "3":0.0005910201,
    "4":0.00013347,
    "5":0.0002721992,
    "6":0.000213278,
    "7":0.0005481367,
    "8":0.000197917,
    "9":0.000208301,
    "10":0.0004242232,
    "11":0.0005823846,
    "12":0.0008865542,
    "13":0.0002436883,
    "14":0.000201561,
    "15":0.0004696511,
    "16":0.0003599072,
    "17":0.0004071588,
    "18":0.0010406252,
    "19":0.0003740077,
    "20":0.00013941,
    "21":0.0002416399,
    "22":0.0003446649,
    "23":0.000209137,
    "24":0.000187249,
    "25":0.0001235,
    "26":0.0003106393,
    "27":0.0006517706,
    "28":0.00014437,
    "29":0.0005283804,
    "30":0.0005239428,
    "31":0.0004142499,
    "32":0.000202821,
    "33":0.00013843,
    "34":0.00026182,
    "35":0.000233556,
    "36":0.000264914,
    "37":0.00012449,
    "38":0.0004361538,
    "39":0.0004315817,
    "40":0.0003694377,
    "41":0.0003575587,
    "42":0.0005401457,
    "43":0.000380535,
    "44":0.000187234,
    "45":0.000257588,
    "46":0.000399171,
    "47":0.0004753792,
    "48":0.0008152886,
    "49":0.0004286245
  },
  "Delta_Uniform":{
    "0":-0.000067252,
    "1":-0.0004204528,
    "2":-0.0000805633,
    "3":-0.0001210843,
    "4":-0.00001802,
    "5":-0.0000580461,
    "6":-0.000065913,
    "7":-0.0001243449,
    "8":-0.000042346,
    "9":-0.000041048,
    "10":-0.000031877,
    "11":-0.0000735141,
    "12":-0.0001578988,
    "13":-0.0000614214,
    "14":-0.000018271,
    "15":-0.0001240256,
    "16":-0.0000551083,
    "17":-0.0000758773,
    "18":-0.0001544926,
    "19":-0.0000945441,
    "20":-0.00003499,
    "21":-0.0000656168,
    "22":-0.0000777262,
    "23":-0.000007657,
    "24":-0.000041238,
    "25":0.00000285,
    "26":-0.0000529467,
    "27":-0.0001894352,
    "28":-0.00003199,
    "29":-0.0001318114,
    "30":-0.0000928151,
    "31":-0.0001175252,
    "32":-0.000013792,
    "33":-0.00001804,
    "34":-0.00001912,
    "35":-0.000046653,
    "36":-0.000018941,
    "37":-0.00004493,
    "38":-0.0001596375,
    "39":-0.000101182,
    "40":-0.0000426961,
    "41":-0.0000445287,
    "42":-0.0001117252,
    "43":-0.0001137268,
    "44":-0.000018275,
    "45":-0.000039991,
    "46":-0.0001230031,
    "47":-0.0000598341,
    "48":-0.0001522981,
    "49":-0.0000237602
  },
  "Delta_Prop":{
    "0":-0.000053435,
    "1":-0.0003357391,
    "2":-0.0001175655,
    "3":-0.000121738,
    "4":-0.00002203,
    "5":-0.0000260397,
    "6":-0.000014079,
    "7":-0.0001407633,
    "8":-0.000050986,
    "9":-0.000055608,
    "10":-0.000023892,
    "11":-0.0001369814,
    "12":-0.0001733238,
    "13":-0.0000374459,
    "14":-0.000043106,
    "15":-0.0001389267,
    "16":-0.0000709429,
    "17":-0.0000968751,
    "18":-0.0001984352,
    "19":-0.0000931102,
    "20":-0.0000419,
    "21":-0.0000574949,
    "22":-0.000071258,
    "23":-0.000042039,
    "24":-0.000034556,
    "25":-0.00001604,
    "26":-0.0000553628,
    "27":-0.0001453449,
    "28":-0.00004288,
    "29":-0.0001425281,
    "30":-0.0001163908,
    "31":-0.0000706354,
    "32":-0.000035723,
    "33":-0.00002699,
    "34":-0.00004491,
    "35":-0.000023412,
    "36":-0.000067904,
    "37":-0.0000429,
    "38":-0.0000905107,
    "39":-0.0000887037,
    "40":-0.0000507991,
    "41":-0.0000185423,
    "42":-0.0001394562,
    "43":-0.0001195164,
    "44":-0.000037422,
    "45":-0.000056399,
    "46":-0.000137,
    "47":-0.0000739431,
    "48":-0.0001711166,
    "49":-0.0000176129
  }
}