{
  "Astrahl":{
    "0":0.1512340923,
    "1":0.10689541,
    "2":0.12524311,
    "3":0.2321265877,
    "4":0.147498309,
    "5":0.154226817,
    "6":0.1498574202,
    "7":0.179376506,
    "8":0.115985254,
    "9":0.142748359,
    "10":0.2086393851,
    "11":0.3809035009,
    "12":0.14873478,
    "13":0.1459430821,
    "14":0.1803446164,
    "15":0.2434828292,
    "16":0.15159355,
    "17":0.1382885,
    "18":0.2638033004,
    "19":0.171920059,
    "20":0.136075458,
    "21":0.110575789,
    "22":0.10509971,
    "23":0.1796584673,
    "24":0.1552606691,
    "25":0.1539711486,
    "26":0.11991061,
    "27":0.1976566701,
    "28":0.1854433591,
    "29":0.181273138,
    "30":0.10998024,
    "31":0.1026555,
    "32":0.17089962,
    "33":0.1701790073,
    "34":0.2379539125,
    "35":0.196430379,
    "36":0.1758918481,
    "37":0.2283063294,
    "38":0.1775721587,
    "39":0.1815873271,
    "40":0.124469196,
    "41":0.127975839,
    "42":0.198245328,
    "43":0.1316987791,
    "44":0.140918955,
    "45":0.2239809569,
    "46":0.2201890224,
    "47":0.1995777533,
    "48":0.145062039,
    "49":0.1660230691
  },
  "Uniform":{
    "0":0.1819277171,
    "1":0.1336779,
    "2":0.1704028,
    "3":0.2826048852,
    "4":0.1899457921,
    "5":0.2315564531,
    "6":0.174513376,
    "7":0.2092139231,
    "8":0.11421493,
    "9":0.16875923,
    "10":0.2353419105,
    "11":0.471616482,
    "12":0.174882279,
    "13":0.19439965,
    "14":0.2008133489,
    "15":0.3046863222,
    "16":0.208249359,
    "17":0.18294441,
    "18":0.3054415796,
    "19":0.200983459,
    "20":0.19774894,
    "21":0.135752019,
    "22":0.1335347,
    "23":0.2005016397,
    "24":0.18698903,
    "25":0.1711225291,
    "26":0.1590974,
    "27":0.2529182521,
    "28":0.246127498,
    "29":0.239750869,
    "30":0.1266877,
    "31":0.134325,
    "32":0.226951339,
    "33":0.2069711439,
    "34":0.2582784908,
    "35":0.231100288,
    "36":0.277772459,
    "37":0.271101231,
    "38":0.208624092,
    "39":0.2009040519,
    "40":0.1694096031,
    "41":0.16108722,
    "42":0.231233369,
    "43":0.1154438131,
    "44":0.15790672,
    "45":0.279906957,
    "46":0.2542258728,
    "47":0.225063358,
    "48":0.15788592,
    "49":0.2377005431
  },
  "Prop":{
    "0":0.180276892,
    "1":0.1186018,
    "2":0.14279351,
    "3":0.3327420259,
    "4":0.186045879,
    "5":0.20881554,
    "6":0.15688008,
    "7":0.1951385641,
    "8":0.13864414,
    "9":0.16679471,
    "10":0.2456237031,
    "11":0.4798678765,
    "12":0.17775012,
    "13":0.2083962318,
    "14":0.1853379817,
    "15":0.2920381982,
    "16":0.209086018,
    "17":0.1634371,
    "18":0.3046943722,
    "19":0.248736328,
    "20":0.2006579428,
    "21":0.140022289,
    "22":0.1257347,
    "23":0.2092582552,
    "24":0.192683489,
    "25":0.1597366571,
    "26":0.17296471,
    "27":0.2556739491,
    "28":0.231332938,
    "29":0.226676148,
    "30":0.13515981,
    "31":0.13475051,
    "32":0.2024562541,
    "33":0.1795677991,
    "34":0.2550959373,
    "35":0.253466098,
    "36":0.2381709511,
    "37":0.2817547263,
    "38":0.203611489,
    "39":0.1961029863,
    "40":0.1540149021,
    "41":0.15353573,
    "42":0.245036718,
    "43":0.132254478,
    "44":0.15467095,
    "45":0.2936861029,
    "46":0.268906819,
    "47":0.217253138,
    "48":0.174611179,
    "49":0.2151066031
  },
  "Delta_Uniform":{
    "0":-0.0306936248,
    "1":-0.02678249,
    "2":-0.04515969,
    "3":-0.0504782975,
    "4":-0.0424474831,
    "5":-0.0773296361,
    "6":-0.0246559558,
    "7":-0.0298374171,
    "8":0.001770324,
    "9":-0.026010871,
    "10":-0.0267025254,
    "11":-0.0907129811,
    "12":-0.026147499,
    "13":-0.0484565679,
    "14":-0.0204687324,
    "15":-0.061203493,
    "16":-0.056655809,
    "17":-0.04465591,
    "18":-0.0416382792,
    "19":-0.0290634,
    "20":-0.061673482,
    "21":-0.02517623,
    "22":-0.02843499,
    "23":-0.0208431724,
    "24":-0.0317283609,
    "25":-0.0171513805,
    "26":-0.03918679,
    "27":-0.055261582,
    "28":-0.0606841389,
    "29":-0.058477731,
    "30":-0.01670746,
    "31":-0.0316695,
    "32":-0.056051719,
    "33":-0.0367921366,
    "34":-0.0203245783,
    "35":-0.034669909,
    "36":-0.1018806109,
    "37":-0.0427949016,
    "38":-0.0310519333,
    "39":-0.0193167248,
    "40":-0.0449404071,
    "41":-0.033111381,
    "42":-0.032988041,
    "43":0.016254966,
    "44":-0.016987765,
    "45":-0.0559260001,
    "46":-0.0340368504,
    "47":-0.0254856047,
    "48":-0.012823881,
    "49":-0.071677474
  },
  "Delta_Prop":{
    "0":-0.0290427997,
    "1":-0.01170639,
    "2":-0.0175504,
    "3":-0.1006154382,
    "4":-0.03854757,
    "5":-0.054588723,
    "6":-0.0070226598,
    "7":-0.0157620581,
    "8":-0.022658886,
    "9":-0.024046351,
    "10":-0.036984318,
    "11":-0.0989643756,
    "12":-0.02901534,
    "13":-0.0624531497,
    "14":-0.0049933652,
    "15":-0.048555369,
    "16":-0.057492468,
    "17":-0.0251486,
    "18":-0.0408910718,
    "19":-0.076816269,
    "20":-0.0645824848,
    "21":-0.0294465,
    "22":-0.02063499,
    "23":-0.0295997879,
    "24":-0.0374228199,
    "25":-0.0057655085,
    "26":-0.0530541,
    "27":-0.058017279,
    "28":-0.0458895789,
    "29":-0.04540301,
    "30":-0.02517957,
    "31":-0.03209501,
    "32":-0.0315566341,
    "33":-0.0093887918,
    "34":-0.0171420248,
    "35":-0.057035719,
    "36":-0.062279103,
    "37":-0.0534483969,
    "38":-0.0260393303,
    "39":-0.0145156592,
    "40":-0.0295457061,
    "41":-0.025559891,
    "42":-0.04679139,
    "43":-0.0005556989,
    "44":-0.013751995,
    "45":-0.069705146,
    "46":-0.0487177965,
    "47":-0.0176753847,
    "48":-0.02954914,
    "49":-0.049083534
  }
}