{
  "Astrahl":{
    "0":0.0000927389,
    "1":0.0000710282,
    "2":0.0001143037,
    "3":0.000059623,
    "4":0.0002246058,
    "5":0.00011851,
    "6":0.0000975074,
    "7":0.000067354,
    "8":0.000029275,
    "9":0.00005123,
    "10":0.0001804874,
    "11":0.0000355825,
    "12":0.000063111,
    "13":0.0000636709,
    "14":0.0000301187,
    "15":0.0002052668,
    "16":0.0000923596,
    "17":0.000033959,
    "18":0.0001181009,
    "19":0.0001191567,
    "20":0.000054391,
    "21":0.0000853034,
    "22":0.0002305597,
    "23":0.000051506,
    "24":0.0000728362,
    "25":0.00002616,
    "26":0.0000790944,
    "27":0.0001304226,
    "28":0.0003449959,
    "29":0.0001103417,
    "30":0.000059732,
    "31":0.0003420669,
    "32":0.00003513,
    "33":0.0000974652,
    "34":0.0000687377,
    "35":0.0001030363,
    "36":0.00005232,
    "37":0.0004699728,
    "38":0.000062784,
    "39":0.00002616,
    "40":0.000067295,
    "41":0.0001348524,
    "42":0.0000753868,
    "43":0.0001934199,
    "44":0.0000800485,
    "45":0.0001632157,
    "46":0.000044036,
    "47":0.000258261,
    "48":0.0000674194,
    "49":0.0000327377
  },
  "Uniform":{
    "0":0.0001858988,
    "1":0.000104255,
    "2":0.0001706265,
    "3":0.000095004,
    "4":0.00031273,
    "5":0.0001733386,
    "6":0.0001381645,
    "7":0.000086461,
    "8":0.000048894,
    "9":0.000079484,
    "10":0.0003146908,
    "11":0.0000485685,
    "12":0.000085189,
    "13":0.0000814569,
    "14":0.0000451418,
    "15":0.0002765627,
    "16":0.0001389493,
    "17":0.00005174,
    "18":0.0001829006,
    "19":0.000169466,
    "20":0.000089974,
    "21":0.0001084613,
    "22":0.0003650853,
    "23":0.000089423,
    "24":0.0001009859,
    "25":0.00005545,
    "26":0.0001022977,
    "27":0.0002061192,
    "28":0.0005443827,
    "29":0.0001171801,
    "30":0.000094715,
    "31":0.0005266341,
    "32":0.000048471,
    "33":0.0001299476,
    "34":0.00009949,
    "35":0.0001475206,
    "36":0.000106822,
    "37":0.0007248803,
    "38":0.000090224,
    "39":0.00004596,
    "40":0.0001094275,
    "41":0.0001930295,
    "42":0.0000953061,
    "43":0.0002395734,
    "44":0.0001104139,
    "45":0.0002499153,
    "46":0.000086235,
    "47":0.0004265374,
    "48":0.000108478,
    "49":0.0000439089
  },
  "Prop":{
    "0":0.0001744581,
    "1":0.0001102051,
    "2":0.0001641022,
    "3":0.000091112,
    "4":0.0002487476,
    "5":0.0001808893,
    "6":0.0001149451,
    "7":0.0000815,
    "8":0.000049673,
    "9":0.000087908,
    "10":0.0002879604,
    "11":0.0000520771,
    "12":0.00008441,
    "13":0.0000887497,
    "14":0.0000519257,
    "15":0.000281917,
    "16":0.0001164101,
    "17":0.000048331,
    "18":0.0001684867,
    "19":0.0001395327,
    "20":0.000097379,
    "21":0.0001163825,
    "22":0.0003166856,
    "23":0.00008498,
    "24":0.0000873813,
    "25":0.00003807,
    "26":0.0001112963,
    "27":0.0001636104,
    "28":0.0005174725,
    "29":0.000168856,
    "30":0.000092093,
    "31":0.0005273663,
    "32":0.000047298,
    "33":0.0001647279,
    "34":0.000091486,
    "35":0.0001477259,
    "36":0.00010568,
    "37":0.0006952948,
    "38":0.000088484,
    "39":0.00004174,
    "40":0.0000952133,
    "41":0.0001796843,
    "42":0.0001201312,
    "43":0.0002373434,
    "44":0.0001210344,
    "45":0.0002474223,
    "46":0.000091202,
    "47":0.000437573,
    "48":0.0001043317,
    "49":0.0000573422
  },
  "Delta_Uniform":{
    "0":-0.0000931599,
    "1":-0.0000332268,
    "2":-0.0000563228,
    "3":-0.000035381,
    "4":-0.0000881242,
    "5":-0.0000548286,
    "6":-0.000040657,
    "7":-0.000019107,
    "8":-0.000019619,
    "9":-0.000028254,
    "10":-0.0001342034,
    "11":-0.000012986,
    "12":-0.000022078,
    "13":-0.000017786,
    "14":-0.0000150231,
    "15":-0.0000712959,
    "16":-0.0000465898,
    "17":-0.000017781,
    "18":-0.0000647997,
    "19":-0.0000503093,
    "20":-0.000035583,
    "21":-0.0000231579,
    "22":-0.0001345256,
    "23":-0.000037917,
    "24":-0.0000281497,
    "25":-0.00002929,
    "26":-0.0000232033,
    "27":-0.0000756965,
    "28":-0.0001993868,
    "29":-0.0000068384,
    "30":-0.000034983,
    "31":-0.0001845672,
    "32":-0.000013341,
    "33":-0.0000324824,
    "34":-0.0000307523,
    "35":-0.0000444844,
    "36":-0.000054502,
    "37":-0.0002549074,
    "38":-0.00002744,
    "39":-0.0000198,
    "40":-0.0000421325,
    "41":-0.0000581771,
    "42":-0.0000199193,
    "43":-0.0000461535,
    "44":-0.0000303653,
    "45":-0.0000866997,
    "46":-0.000042199,
    "47":-0.0001682764,
    "48":-0.0000410586,
    "49":-0.0000111712
  },
  "Delta_Prop":{
    "0":-0.0000817192,
    "1":-0.0000391769,
    "2":-0.0000497985,
    "3":-0.000031489,
    "4":-0.0000241418,
    "5":-0.0000623793,
    "6":-0.0000174377,
    "7":-0.000014146,
    "8":-0.000020398,
    "9":-0.000036678,
    "10":-0.000107473,
    "11":-0.0000164946,
    "12":-0.000021299,
    "13":-0.0000250788,
    "14":-0.000021807,
    "15":-0.0000766503,
    "16":-0.0000240505,
    "17":-0.000014372,
    "18":-0.0000503859,
    "19":-0.0000203759,
    "20":-0.000042988,
    "21":-0.0000310791,
    "22":-0.0000861259,
    "23":-0.000033474,
    "24":-0.0000145451,
    "25":-0.00001191,
    "26":-0.0000322019,
    "27":-0.0000331877,
    "28":-0.0001724766,
    "29":-0.0000585143,
    "30":-0.000032361,
    "31":-0.0001852994,
    "32":-0.000012168,
    "33":-0.0000672627,
    "34":-0.0000227483,
    "35":-0.0000446896,
    "36":-0.00005336,
    "37":-0.0002253219,
    "38":-0.0000257,
    "39":-0.00001558,
    "40":-0.0000279183,
    "41":-0.000044832,
    "42":-0.0000447444,
    "43":-0.0000439235,
    "44":-0.0000409859,
    "45":-0.0000842067,
    "46":-0.000047166,
    "47":-0.000179312,
    "48":-0.0000369123,
    "49":-0.0000246045
  }
}