{
  "Astrahl":{
    "0":0.0002832023,
    "1":0.0004043824,
    "2":0.00020298,
    "3":0.0002847776,
    "4":0.0005275476,
    "5":0.0003723412,
    "6":0.0007137387,
    "7":0.0003048098,
    "8":0.0010746371,
    "9":0.0011953866,
    "10":0.0003627656,
    "11":0.0002607123,
    "12":0.0007222309,
    "13":0.000561651,
    "14":0.0001919589,
    "15":0.0008866719,
    "16":0.0003068978,
    "17":0.0009662812,
    "18":0.0010213285,
    "19":0.0001915108,
    "20":0.0002664925,
    "21":0.0009205515,
    "22":0.0004653573,
    "23":0.0018791181,
    "24":0.0002705803,
    "25":0.000194025,
    "26":0.000185866,
    "27":0.0005815043,
    "28":0.0004257648,
    "29":0.000141169,
    "30":0.000208353,
    "31":0.0006762524,
    "32":0.0003270829,
    "33":0.0003125885,
    "34":0.0010457935,
    "35":0.0002992776,
    "36":0.0000995,
    "37":0.0005574806,
    "38":0.0011185741,
    "39":0.0035311868,
    "40":0.0002195472,
    "41":0.0004571571,
    "42":0.000138288,
    "43":0.0002032506,
    "44":0.00010746,
    "45":0.00022288,
    "46":0.0005347203,
    "47":0.0001806672,
    "48":0.0026173121,
    "49":0.00010149
  },
  "Uniform":{
    "0":0.0003803626,
    "1":0.0004506539,
    "2":0.000233092,
    "3":0.0003512808,
    "4":0.0005860796,
    "5":0.0004942554,
    "6":0.0007275277,
    "7":0.0004042053,
    "8":0.0012733633,
    "9":0.00141144,
    "10":0.0004487362,
    "11":0.0003056886,
    "12":0.0008798132,
    "13":0.0006519884,
    "14":0.0002589016,
    "15":0.0010571152,
    "16":0.0003760161,
    "17":0.0014034249,
    "18":0.0010925554,
    "19":0.0002205455,
    "20":0.0003601503,
    "21":0.0009610599,
    "22":0.0005107772,
    "23":0.0025003003,
    "24":0.0003664718,
    "25":0.000250789,
    "26":0.000260469,
    "27":0.0006564514,
    "28":0.000528439,
    "29":0.000189937,
    "30":0.000238617,
    "31":0.0008664365,
    "32":0.0004681228,
    "33":0.0003633823,
    "34":0.0013129922,
    "35":0.0003785458,
    "36":0.00013244,
    "37":0.0007263389,
    "38":0.0012504566,
    "39":0.0040855042,
    "40":0.0003102806,
    "41":0.0004679366,
    "42":0.000181744,
    "43":0.0002610639,
    "44":0.00012847,
    "45":0.000242147,
    "46":0.0006674916,
    "47":0.0002486871,
    "48":0.0035247637,
    "49":0.00012349
  },
  "Prop":{
    "0":0.0003363016,
    "1":0.0004737007,
    "2":0.000260919,
    "3":0.0003613365,
    "4":0.000625261,
    "5":0.0004329414,
    "6":0.0008564944,
    "7":0.0003725309,
    "8":0.0012973925,
    "9":0.0015720284,
    "10":0.0004850415,
    "11":0.0003132012,
    "12":0.0009328064,
    "13":0.0007421902,
    "14":0.0002650874,
    "15":0.0011015193,
    "16":0.0003840666,
    "17":0.0015305438,
    "18":0.0012133772,
    "19":0.0002474244,
    "20":0.0003416863,
    "21":0.0011057281,
    "22":0.0005828574,
    "23":0.0024729535,
    "24":0.0003722454,
    "25":0.00025756,
    "26":0.000246606,
    "27":0.0006869392,
    "28":0.000627103,
    "29":0.000190176,
    "30":0.000234225,
    "31":0.0008826925,
    "32":0.0004526425,
    "33":0.0003543358,
    "34":0.0013139259,
    "35":0.0003848628,
    "36":0.00012651,
    "37":0.0007001903,
    "38":0.0013158017,
    "39":0.0042664441,
    "40":0.0003199503,
    "41":0.0005655285,
    "42":0.000179439,
    "43":0.0002397551,
    "44":0.00014139,
    "45":0.000249146,
    "46":0.0006523876,
    "47":0.000239993,
    "48":0.0037980964,
    "49":0.00013645
  },
  "Delta_Uniform":{
    "0":-0.0000971603,
    "1":-0.0000462715,
    "2":-0.000030112,
    "3":-0.0000665032,
    "4":-0.000058532,
    "5":-0.0001219143,
    "6":-0.000013789,
    "7":-0.0000993955,
    "8":-0.0001987262,
    "9":-0.0002160534,
    "10":-0.0000859705,
    "11":-0.0000449763,
    "12":-0.0001575823,
    "13":-0.0000903375,
    "14":-0.0000669427,
    "15":-0.0001704433,
    "16":-0.0000691183,
    "17":-0.0004371436,
    "18":-0.0000712268,
    "19":-0.0000290347,
    "20":-0.0000936578,
    "21":-0.0000405084,
    "22":-0.0000454199,
    "23":-0.0006211822,
    "24":-0.0000958915,
    "25":-0.000056764,
    "26":-0.000074603,
    "27":-0.0000749472,
    "28":-0.0001026742,
    "29":-0.000048768,
    "30":-0.000030264,
    "31":-0.0001901841,
    "32":-0.0001410399,
    "33":-0.0000507938,
    "34":-0.0002671987,
    "35":-0.0000792683,
    "36":-0.00003294,
    "37":-0.0001688583,
    "38":-0.0001318826,
    "39":-0.0005543174,
    "40":-0.0000907334,
    "41":-0.0000107796,
    "42":-0.000043456,
    "43":-0.0000578133,
    "44":-0.00002101,
    "45":-0.000019267,
    "46":-0.0001327713,
    "47":-0.0000680199,
    "48":-0.0009074517,
    "49":-0.000022
  },
  "Delta_Prop":{
    "0":-0.0000530993,
    "1":-0.0000693183,
    "2":-0.000057939,
    "3":-0.0000765589,
    "4":-0.0000977134,
    "5":-0.0000606002,
    "6":-0.0001427557,
    "7":-0.0000677211,
    "8":-0.0002227554,
    "9":-0.0003766418,
    "10":-0.0001222758,
    "11":-0.0000524889,
    "12":-0.0002105755,
    "13":-0.0001805393,
    "14":-0.0000731285,
    "15":-0.0002148474,
    "16":-0.0000771688,
    "17":-0.0005642626,
    "18":-0.0001920487,
    "19":-0.0000559136,
    "20":-0.0000751938,
    "21":-0.0001851766,
    "22":-0.0001175001,
    "23":-0.0005938354,
    "24":-0.0001016651,
    "25":-0.000063535,
    "26":-0.00006074,
    "27":-0.0001054349,
    "28":-0.0002013382,
    "29":-0.000049007,
    "30":-0.000025872,
    "31":-0.0002064402,
    "32":-0.0001255596,
    "33":-0.0000417473,
    "34":-0.0002681324,
    "35":-0.0000855852,
    "36":-0.00002701,
    "37":-0.0001427097,
    "38":-0.0001972276,
    "39":-0.0007352573,
    "40":-0.0001004031,
    "41":-0.0001083714,
    "42":-0.000041151,
    "43":-0.0000365045,
    "44":-0.00003393,
    "45":-0.000026266,
    "46":-0.0001176673,
    "47":-0.0000593258,
    "48":-0.0011807843,
    "49":-0.00003496
  }
}