{
  "Astrahl":{
    "0":0.000017286,
    "1":0.0000220974,
    "2":0.00000597,
    "3":0.0000105473,
    "4":0.0000237785,
    "5":0.0,
    "6":0.0000339958,
    "7":0.000011524,
    "8":0.0000324095,
    "9":0.0000980574,
    "10":0.0000180462,
    "11":0.0000137217,
    "12":0.000029651,
    "13":0.0000198789,
    "14":0.0000075278,
    "15":0.0000415498,
    "16":0.0000227059,
    "17":0.0000407188,
    "18":0.0000273983,
    "19":0.0000073658,
    "20":0.000011524,
    "21":0.0000443962,
    "22":0.0000166199,
    "23":0.0000818119,
    "24":0.000023681,
    "25":0.00000597,
    "26":0.00000398,
    "27":0.0000095329,
    "28":0.0000227926,
    "29":0.0,
    "30":0.00000796,
    "31":0.0000402737,
    "32":0.0000188195,
    "33":0.0000169979,
    "34":0.0000342839,
    "35":0.0000108828,
    "36":0.00000398,
    "37":0.0000199,
    "38":0.0000397753,
    "39":0.0001619409,
    "40":0.0000137217,
    "41":0.0000256409,
    "42":0.000008643,
    "43":0.0000112917,
    "44":0.00000597,
    "45":0.00001194,
    "46":0.0000283583,
    "47":0.0000150556,
    "48":0.000195353,
    "49":0.00000398
  },
  "Uniform":{
    "0":0.000050262,
    "1":0.0000579325,
    "2":0.00003388,
    "3":0.0000530641,
    "4":0.0000814561,
    "5":0.0000594094,
    "6":0.0001144714,
    "7":0.000052482,
    "8":0.0001678232,
    "9":0.00019608,
    "10":0.0000716127,
    "11":0.000046662,
    "12":0.0001038552,
    "13":0.000113218,
    "14":0.0000309779,
    "15":0.0001622822,
    "16":0.000033453,
    "17":0.0002630941,
    "18":0.0001379076,
    "19":0.000033843,
    "20":0.0000362639,
    "21":0.0001064124,
    "22":0.0000771546,
    "23":0.0003414496,
    "24":0.000034861,
    "25":0.000030743,
    "26":0.000027052,
    "27":0.000073194,
    "28":0.0000610488,
    "29":0.0000168,
    "30":0.000029281,
    "31":0.0001100281,
    "32":0.0000761109,
    "33":0.0000401879,
    "34":0.0001772202,
    "35":0.000055339,
    "36":0.000006,
    "37":0.0000817088,
    "38":0.0001585029,
    "39":0.0005315637,
    "40":0.00003511,
    "41":0.0000681517,
    "42":0.000015662,
    "43":0.0000386069,
    "44":0.00001296,
    "45":0.000032871,
    "46":0.0000772146,
    "47":0.000021642,
    "48":0.0005421162,
    "49":0.00001698
  },
  "Prop":{
    "0":0.0000476069,
    "1":0.0000538819,
    "2":0.0000289,
    "3":0.0000450157,
    "4":0.0000799406,
    "5":0.0000629678,
    "6":0.0000822148,
    "7":0.000038471,
    "8":0.0001756818,
    "9":0.0002232108,
    "10":0.000067815,
    "11":0.000047313,
    "12":0.0001023778,
    "13":0.0000906708,
    "14":0.0000387518,
    "15":0.0001958449,
    "16":0.0000489849,
    "17":0.0001875547,
    "18":0.0001695828,
    "19":0.00002429,
    "20":0.0000638879,
    "21":0.0001504982,
    "22":0.0000969319,
    "23":0.0003347759,
    "24":0.000046551,
    "25":0.000036742,
    "26":0.000042571,
    "27":0.0001200186,
    "28":0.0000726473,
    "29":0.000020681,
    "30":0.000021271,
    "31":0.0001405431,
    "32":0.0000783693,
    "33":0.000066344,
    "34":0.0001584418,
    "35":0.0000488979,
    "36":0.00002197,
    "37":0.0000776858,
    "38":0.0001761421,
    "39":0.0006795283,
    "40":0.00003271,
    "41":0.0000748145,
    "42":0.00003046,
    "43":0.000030132,
    "44":0.00002199,
    "45":0.00002908,
    "46":0.0000900599,
    "47":0.000036993,
    "48":0.0005869829,
    "49":0.00001497
  },
  "Delta_Uniform":{
    "0":-0.000032976,
    "1":-0.0000358351,
    "2":-0.00002791,
    "3":-0.0000425168,
    "4":-0.0000576776,
    "5":-0.0000594094,
    "6":-0.0000804756,
    "7":-0.000040958,
    "8":-0.0001354137,
    "9":-0.0000980225,
    "10":-0.0000535665,
    "11":-0.0000329403,
    "12":-0.0000742042,
    "13":-0.0000933391,
    "14":-0.0000234501,
    "15":-0.0001207324,
    "16":-0.0000107471,
    "17":-0.0002223754,
    "18":-0.0001105093,
    "19":-0.0000264772,
    "20":-0.0000247399,
    "21":-0.0000620162,
    "22":-0.0000605346,
    "23":-0.0002596377,
    "24":-0.00001118,
    "25":-0.000024773,
    "26":-0.000023072,
    "27":-0.0000636612,
    "28":-0.0000382563,
    "29":-0.0000168,
    "30":-0.000021321,
    "31":-0.0000697544,
    "32":-0.0000572914,
    "33":-0.00002319,
    "34":-0.0001429363,
    "35":-0.0000444562,
    "36":-0.00000202,
    "37":-0.0000618088,
    "38":-0.0001187275,
    "39":-0.0003696228,
    "40":-0.0000213883,
    "41":-0.0000425108,
    "42":-0.000007019,
    "43":-0.0000273152,
    "44":-0.00000699,
    "45":-0.000020931,
    "46":-0.0000488563,
    "47":-0.0000065864,
    "48":-0.0003467633,
    "49":-0.000013
  },
  "Delta_Prop":{
    "0":-0.0000303209,
    "1":-0.0000317845,
    "2":-0.00002293,
    "3":-0.0000344684,
    "4":-0.0000561621,
    "5":-0.0000629678,
    "6":-0.000048219,
    "7":-0.000026947,
    "8":-0.0001432723,
    "9":-0.0001251534,
    "10":-0.0000497688,
    "11":-0.0000335913,
    "12":-0.0000727268,
    "13":-0.0000707919,
    "14":-0.000031224,
    "15":-0.0001542951,
    "16":-0.000026279,
    "17":-0.000146836,
    "18":-0.0001421845,
    "19":-0.0000169242,
    "20":-0.0000523639,
    "21":-0.000106102,
    "22":-0.000080312,
    "23":-0.000252964,
    "24":-0.00002287,
    "25":-0.000030772,
    "26":-0.000038591,
    "27":-0.0001104858,
    "28":-0.0000498548,
    "29":-0.000020681,
    "30":-0.000013311,
    "31":-0.0001002694,
    "32":-0.0000595498,
    "33":-0.0000493461,
    "34":-0.0001241579,
    "35":-0.0000380151,
    "36":-0.00001799,
    "37":-0.0000577858,
    "38":-0.0001363667,
    "39":-0.0005175874,
    "40":-0.0000189883,
    "41":-0.0000491736,
    "42":-0.000021817,
    "43":-0.0000188403,
    "44":-0.00001602,
    "45":-0.00001714,
    "46":-0.0000617016,
    "47":-0.0000219374,
    "48":-0.0003916299,
    "49":-0.00001099
  }
}