{
  "Astrahl":{
    "0":0.2887760209,
    "1":0.2964066329,
    "2":0.2383383933,
    "3":0.1984584978,
    "4":0.2901699316,
    "5":0.298936876,
    "6":0.2442077627,
    "7":0.1822818371,
    "8":0.2016011295,
    "9":0.18505135,
    "10":0.2339139926,
    "11":0.2835775805,
    "12":0.2753664247,
    "13":0.3227284485,
    "14":0.239450311,
    "15":0.1944988399,
    "16":0.2505430277,
    "17":0.2953651548,
    "18":0.241214437,
    "19":0.2575267811,
    "20":0.2949136762,
    "21":0.2978016117,
    "22":0.3543670498,
    "23":0.18980101,
    "24":0.192856492,
    "25":0.2976865283,
    "26":0.347061295,
    "27":0.1993519871,
    "28":0.2424530791,
    "29":0.2843000164,
    "30":0.2921895601,
    "31":0.183244789,
    "32":0.242112727,
    "33":0.2494697221,
    "34":0.2916416429,
    "35":0.2930376854,
    "36":0.1938636181,
    "37":0.224728048,
    "38":0.2619926461,
    "39":0.2855058633,
    "40":0.2002080586,
    "41":0.2485130475,
    "42":0.1783341581,
    "43":0.1909618834,
    "44":0.181068931,
    "45":0.2378044948,
    "46":0.347544859,
    "47":0.3278098625,
    "48":0.235978786,
    "49":0.245421334
  },
  "Uniform":{
    "0":0.3536229644,
    "1":0.3418852359,
    "2":0.2846614906,
    "3":0.2282951732,
    "4":0.3349217618,
    "5":0.3456027492,
    "6":0.2814296951,
    "7":0.2187975352,
    "8":0.2201327207,
    "9":0.221622976,
    "10":0.2847370326,
    "11":0.3381764093,
    "12":0.3426854236,
    "13":0.4059716637,
    "14":0.271333846,
    "15":0.2248234984,
    "16":0.3011926241,
    "17":0.3484864808,
    "18":0.2865766069,
    "19":0.2928961914,
    "20":0.3513507771,
    "21":0.3498364016,
    "22":0.3984976488,
    "23":0.22696156,
    "24":0.226750833,
    "25":0.3417429361,
    "26":0.3933480917,
    "27":0.2255630616,
    "28":0.2912479498,
    "29":0.3498025591,
    "30":0.3531666731,
    "31":0.221520367,
    "32":0.2804616819,
    "33":0.2904202189,
    "34":0.3462025392,
    "35":0.3502222655,
    "36":0.2292267375,
    "37":0.282489076,
    "38":0.3491996599,
    "39":0.3435569073,
    "40":0.2254260634,
    "41":0.2936695123,
    "42":0.2210557602,
    "43":0.2382095676,
    "44":0.222932638,
    "45":0.2795720777,
    "46":0.4034045541,
    "47":0.4136603034,
    "48":0.283594654,
    "49":0.279994717
  },
  "Prop":{
    "0":0.3469292835,
    "1":0.3379555839,
    "2":0.2826286441,
    "3":0.2269109227,
    "4":0.3388632571,
    "5":0.3458831479,
    "6":0.2851892809,
    "7":0.2086457343,
    "8":0.2207945433,
    "9":0.217017953,
    "10":0.2864321415,
    "11":0.3377776506,
    "12":0.3496793873,
    "13":0.3895785896,
    "14":0.28170253,
    "15":0.2376162694,
    "16":0.2876035745,
    "17":0.334277285,
    "18":0.2882579418,
    "19":0.2814227023,
    "20":0.329732154,
    "21":0.3372860655,
    "22":0.3994101683,
    "23":0.22430053,
    "24":0.227878876,
    "25":0.3332462095,
    "26":0.3862797094,
    "27":0.2340600751,
    "28":0.2825001928,
    "29":0.3411203473,
    "30":0.3481697235,
    "31":0.220502224,
    "32":0.2877345181,
    "33":0.2856021445,
    "34":0.3464092682,
    "35":0.3440045005,
    "36":0.2265326479,
    "37":0.282784573,
    "38":0.3381140323,
    "39":0.3350682737,
    "40":0.2282130047,
    "41":0.2970622324,
    "42":0.2339838239,
    "43":0.2204506599,
    "44":0.223658101,
    "45":0.2821108364,
    "46":0.4097451509,
    "47":0.3851559303,
    "48":0.278930458,
    "49":0.279950167
  },
  "Delta_Uniform":{
    "0":-0.0648469435,
    "1":-0.045478603,
    "2":-0.0463230973,
    "3":-0.0298366754,
    "4":-0.0447518302,
    "5":-0.0466658732,
    "6":-0.0372219324,
    "7":-0.0365156981,
    "8":-0.0185315913,
    "9":-0.036571626,
    "10":-0.05082304,
    "11":-0.0545988287,
    "12":-0.0673189989,
    "13":-0.0832432152,
    "14":-0.031883535,
    "15":-0.0303246585,
    "16":-0.0506495964,
    "17":-0.053121326,
    "18":-0.0453621699,
    "19":-0.0353694103,
    "20":-0.0564371009,
    "21":-0.05203479,
    "22":-0.044130599,
    "23":-0.03716055,
    "24":-0.033894341,
    "25":-0.0440564077,
    "26":-0.0462867967,
    "27":-0.0262110746,
    "28":-0.0487948707,
    "29":-0.0655025427,
    "30":-0.060977113,
    "31":-0.038275578,
    "32":-0.0383489549,
    "33":-0.0409504968,
    "34":-0.0545608963,
    "35":-0.0571845801,
    "36":-0.0353631194,
    "37":-0.057761028,
    "38":-0.0872070138,
    "39":-0.058051044,
    "40":-0.0252180048,
    "41":-0.0451564647,
    "42":-0.0427216021,
    "43":-0.0472476842,
    "44":-0.041863707,
    "45":-0.041767583,
    "46":-0.0558596951,
    "47":-0.0858504409,
    "48":-0.047615868,
    "49":-0.034573383
  },
  "Delta_Prop":{
    "0":-0.0581532626,
    "1":-0.041548951,
    "2":-0.0442902507,
    "3":-0.0284524249,
    "4":-0.0486933255,
    "5":-0.0469462719,
    "6":-0.0409815183,
    "7":-0.0263638973,
    "8":-0.0191934138,
    "9":-0.031966603,
    "10":-0.0525181489,
    "11":-0.05420007,
    "12":-0.0743129626,
    "13":-0.0668501411,
    "14":-0.042252219,
    "15":-0.0431174295,
    "16":-0.0370605467,
    "17":-0.0389121303,
    "18":-0.0470435048,
    "19":-0.0238959212,
    "20":-0.0348184778,
    "21":-0.0394844539,
    "22":-0.0450431185,
    "23":-0.03449952,
    "24":-0.035022384,
    "25":-0.0355596812,
    "26":-0.0392184145,
    "27":-0.034708088,
    "28":-0.0400471137,
    "29":-0.0568203309,
    "30":-0.0559801634,
    "31":-0.037257435,
    "32":-0.0456217911,
    "33":-0.0361324224,
    "34":-0.0547676253,
    "35":-0.0509668151,
    "36":-0.0326690298,
    "37":-0.058056525,
    "38":-0.0761213862,
    "39":-0.0495624104,
    "40":-0.0280049461,
    "41":-0.0485491848,
    "42":-0.0556496658,
    "43":-0.0294887766,
    "44":-0.04258917,
    "45":-0.0443063417,
    "46":-0.0622002919,
    "47":-0.0573460678,
    "48":-0.042951672,
    "49":-0.034528833
  }
}