{
  "Astrahl":{
    "0":0.0012043546,
    "1":0.0009617669,
    "2":0.0015435151,
    "3":0.0003582511,
    "4":0.0000537216,
    "5":0.0013522256,
    "6":0.0029827715,
    "7":0.0000831849,
    "8":0.0026832092,
    "9":0.0024816152,
    "10":0.0001031117,
    "11":0.0011932881,
    "12":0.0048509441,
    "13":0.0001582308,
    "14":0.0013649438,
    "15":0.0003559156,
    "16":0.0004701885,
    "17":0.0013318222,
    "18":0.0000606287,
    "19":0.000410715,
    "20":0.0002216655,
    "21":0.0037267416,
    "22":0.0004817073,
    "23":0.0000804633,
    "24":0.0004150072,
    "25":0.0007329463,
    "26":0.0004197032,
    "27":0.000274684,
    "28":0.0006823913,
    "29":0.0031884211,
    "30":0.0029617345,
    "31":0.0010249101,
    "32":0.0015167203,
    "33":0.0007002004,
    "34":0.0026016447,
    "35":0.0043271414,
    "36":0.0009429579,
    "37":0.0017777446,
    "38":0.0007752784,
    "39":0.0001428143,
    "40":0.0036983292,
    "41":0.0003536408,
    "42":0.0008642937,
    "43":0.0006886435,
    "44":0.0002693301,
    "45":0.0002470176,
    "46":0.0001625791,
    "47":0.0020008918,
    "48":0.0002556871,
    "49":0.0008021785,
    "50":0.0044006879,
    "51":0.0001170769,
    "52":0.0004831282,
    "53":0.0001599617,
    "54":0.0009321035,
    "55":0.0004145606,
    "56":0.0001272145,
    "57":0.0011357762,
    "58":0.0002967782,
    "59":0.0006902116,
    "60":0.0035763896,
    "61":0.0005379234,
    "62":0.0012872809,
    "63":0.0001761973,
    "64":0.0006816574,
    "65":0.0013769346,
    "66":0.0003421174,
    "67":0.0007567896,
    "68":0.000342667,
    "69":0.0022691215,
    "70":0.0019643399,
    "71":0.0018925781,
    "72":0.000058724,
    "73":0.0020224976,
    "74":0.0004270464,
    "75":0.0007707524,
    "76":0.0008305229,
    "77":0.0001846255,
    "78":0.000797928,
    "79":0.0001515196,
    "80":0.0019537567,
    "81":0.0030192044,
    "82":0.001873099,
    "83":0.001179,
    "84":0.0006340992,
    "85":0.0017274691,
    "86":0.0002066377,
    "87":0.0005638381,
    "88":0.0002428958,
    "89":0.0003076619,
    "90":0.0026023265,
    "91":0.0001436047,
    "92":0.0001922118,
    "93":0.0013881925,
    "94":0.0003052416,
    "95":0.0006887295,
    "96":0.0011538356,
    "97":0.0008390401,
    "98":0.0022269019,
    "99":0.0012063602
  },
  "Uniform":{
    "0":0.0012088832,
    "1":0.0009651564,
    "2":0.0015488895,
    "3":0.0003595487,
    "4":0.0000539075,
    "5":0.0013571915,
    "6":0.0029931702,
    "7":0.0000834812,
    "8":0.0026925884,
    "9":0.0024909306,
    "10":0.0001034754,
    "11":0.0011973389,
    "12":0.0048686056,
    "13":0.0001587768,
    "14":0.0013696511,
    "15":0.0003571657,
    "16":0.0004717717,
    "17":0.0013366897,
    "18":0.0000608421,
    "19":0.0004121356,
    "20":0.0002224353,
    "21":0.003740499,
    "22":0.0004834404,
    "23":0.000080741,
    "24":0.0004165048,
    "25":0.0007356651,
    "26":0.000421235,
    "27":0.0002756543,
    "28":0.0006847006,
    "29":0.003199804,
    "30":0.002972607,
    "31":0.0010285058,
    "32":0.0015220418,
    "33":0.0007026635,
    "34":0.0026109153,
    "35":0.004342486,
    "36":0.0009461565,
    "37":0.0017840117,
    "38":0.0007778913,
    "39":0.0001433059,
    "40":0.003711526,
    "41":0.0003549079,
    "42":0.0008672543,
    "43":0.0006910659,
    "44":0.0002702291,
    "45":0.0002479163,
    "46":0.0001631344,
    "47":0.0020074873,
    "48":0.0002565569,
    "49":0.000805074,
    "50":0.0044162366,
    "51":0.0001174843,
    "52":0.0004847588,
    "53":0.0001605109,
    "54":0.0009353994,
    "55":0.0004160284,
    "56":0.0001276562,
    "57":0.0011398089,
    "58":0.0002977917,
    "59":0.0006926775,
    "60":0.0035895071,
    "61":0.0005396931,
    "62":0.0012920476,
    "63":0.0001768094,
    "64":0.0006840213,
    "65":0.0013816938,
    "66":0.0003433099,
    "67":0.000759504,
    "68":0.0003437654,
    "69":0.0022771134,
    "70":0.0019718024,
    "71":0.0018987424,
    "72":0.0000589266,
    "73":0.0020298322,
    "74":0.0004285002,
    "75":0.000773453,
    "76":0.0008333894,
    "77":0.0001852552,
    "78":0.0008008782,
    "79":0.0001520628,
    "80":0.0019608213,
    "81":0.0030305509,
    "82":0.001879982,
    "83":0.0011833229,
    "84":0.000636401,
    "85":0.0017336917,
    "86":0.0002073634,
    "87":0.0005658178,
    "88":0.0002437029,
    "89":0.0003087353,
    "90":0.002611643,
    "91":0.000144109,
    "92":0.000192915,
    "93":0.001393167,
    "94":0.0003064124,
    "95":0.0006911228,
    "96":0.0011579368,
    "97":0.0008420646,
    "98":0.0022350244,
    "99":0.0012106237
  },
  "Prop":{
    "0":0.0012099562,
    "1":0.0009648529,
    "2":0.001546435,
    "3":0.0003597326,
    "4":0.0000539004,
    "5":0.0013576807,
    "6":0.0029907817,
    "7":0.0000835628,
    "8":0.0026881439,
    "9":0.0024923943,
    "10":0.000103564,
    "11":0.0011961983,
    "12":0.0048650127,
    "13":0.0001586863,
    "14":0.0013672608,
    "15":0.0003569466,
    "16":0.0004714376,
    "17":0.0013367936,
    "18":0.0000608472,
    "19":0.0004122705,
    "20":0.0002223604,
    "21":0.0037398261,
    "22":0.0004834845,
    "23":0.000080745,
    "24":0.0004168439,
    "25":0.0007362742,
    "26":0.0004214026,
    "27":0.0002756094,
    "28":0.0006840662,
    "29":0.0031971425,
    "30":0.0029717049,
    "31":0.0010278549,
    "32":0.0015200474,
    "33":0.0007021783,
    "34":0.002608341,
    "35":0.0043375185,
    "36":0.0009456138,
    "37":0.0017816812,
    "38":0.00077767,
    "39":0.0001433555,
    "40":0.0037074272,
    "41":0.0003549947,
    "42":0.000866746,
    "43":0.0006906716,
    "44":0.0002700312,
    "45":0.0002482571,
    "46":0.0001631637,
    "47":0.0020062611,
    "48":0.0002563877,
    "49":0.0008048706,
    "50":0.0044094031,
    "51":0.0001174573,
    "52":0.0004843618,
    "53":0.0001603989,
    "54":0.0009345201,
    "55":0.0004162474,
    "56":0.0001277175,
    "57":0.0011400342,
    "58":0.0002978204,
    "59":0.0006925414,
    "60":0.0035895187,
    "61":0.0005393156,
    "62":0.0012924519,
    "63":0.0001769781,
    "64":0.0006831402,
    "65":0.0013795896,
    "66":0.0003430245,
    "67":0.0007594076,
    "68":0.000343668,
    "69":0.002274096,
    "70":0.0019733651,
    "71":0.0018967504,
    "72":0.0000589175,
    "73":0.002029105,
    "74":0.0004286716,
    "75":0.0007726096,
    "76":0.0008324143,
    "77":0.0001852748,
    "78":0.0008014464,
    "79":0.0001522603,
    "80":0.0019599608,
    "81":0.0030312589,
    "82":0.0018792277,
    "83":0.0011833396,
    "84":0.0006364651,
    "85":0.0017359333,
    "86":0.0002073905,
    "87":0.0005661024,
    "88":0.0002437355,
    "89":0.0003084987,
    "90":0.002610558,
    "91":0.0001440946,
    "92":0.0001931738,
    "93":0.0013920546,
    "94":0.0003071565,
    "95":0.0006903207,
    "96":0.001157244,
    "97":0.0008419738,
    "98":0.0022354403,
    "99":0.0012091237
  },
  "Delta_Uniform":{
    "0":-0.0000045286,
    "1":-0.0000033895,
    "2":-0.0000053745,
    "3":-0.0000012976,
    "4":-0.0000001858,
    "5":-0.0000049659,
    "6":-0.0000103987,
    "7":-0.0000002962,
    "8":-0.0000093791,
    "9":-0.0000093155,
    "10":-0.0000003637,
    "11":-0.0000040508,
    "12":-0.0000176615,
    "13":-0.0000005459,
    "14":-0.0000047074,
    "15":-0.0000012501,
    "16":-0.0000015832,
    "17":-0.0000048675,
    "18":-0.0000002134,
    "19":-0.0000014206,
    "20":-0.0000007697,
    "21":-0.0000137573,
    "22":-0.0000017332,
    "23":-0.0000002777,
    "24":-0.0000014976,
    "25":-0.0000027187,
    "26":-0.0000015318,
    "27":-0.0000009703,
    "28":-0.0000023092,
    "29":-0.0000113829,
    "30":-0.0000108725,
    "31":-0.0000035957,
    "32":-0.0000053215,
    "33":-0.0000024631,
    "34":-0.0000092705,
    "35":-0.0000153446,
    "36":-0.0000031986,
    "37":-0.0000062671,
    "38":-0.0000026129,
    "39":-0.0000004916,
    "40":-0.0000131967,
    "41":-0.0000012671,
    "42":-0.0000029606,
    "43":-0.0000024224,
    "44":-0.000000899,
    "45":-0.0000008987,