{
  "Astrahl":{
    "0":0.00001083,
    "1":0.0000503599,
    "2":0.0000366365,
    "3":0.0000533626,
    "4":0.0001492497,
    "5":0.000017404,
    "6":0.0000522813,
    "7":0.0003309927,
    "8":0.0000531911,
    "9":0.000017784,
    "10":0.0001054879,
    "11":0.0001011833,
    "12":0.0000580758,
    "13":0.0001461855,
    "14":0.000067589,
    "15":0.0000950599,
    "16":0.0000436697,
    "17":0.0001475638,
    "18":0.0000713811,
    "19":0.0000772494,
    "20":0.0001713344,
    "21":0.0002069838,
    "22":0.0001102925,
    "23":0.0001926569,
    "24":0.0000535311,
    "25":0.0000577662,
    "26":0.0000224908,
    "27":0.0000399268,
    "28":0.0000245255,
    "29":0.0000436128,
    "30":0.0001950906,
    "31":0.000088601,
    "32":0.0001451795,
    "33":0.0000314631,
    "34":0.000352337,
    "35":0.0000536058,
    "36":0.0001073707,
    "37":0.000022523,
    "38":0.0000278046,
    "39":0.000143629,
    "40":0.000014634,
    "41":0.0000413664,
    "42":0.0000233421,
    "43":0.0000473811,
    "44":0.0002042692,
    "45":0.0000575771,
    "46":0.0001904971,
    "47":0.0000333927,
    "48":0.0001950343,
    "49":0.0000693386
  },
  "Uniform":{
    "0":0.00001137,
    "1":0.0000554103,
    "2":0.0000412051,
    "3":0.0000566064,
    "4":0.0001694259,
    "5":0.000023413,
    "6":0.0000554774,
    "7":0.0003922092,
    "8":0.0000527992,
    "9":0.000023414,
    "10":0.0001229822,
    "11":0.0001074706,
    "12":0.0000589859,
    "13":0.0001767088,
    "14":0.0000785359,
    "15":0.0000987418,
    "16":0.0000609406,
    "17":0.0001849324,
    "18":0.0000790277,
    "19":0.0000946978,
    "20":0.0002009282,
    "21":0.0002230751,
    "22":0.0001177564,
    "23":0.0001950498,
    "24":0.000073508,
    "25":0.0000795835,
    "26":0.0000274485,
    "27":0.0000425504,
    "28":0.0000320674,
    "29":0.000046983,
    "30":0.0002218266,
    "31":0.00008671,
    "32":0.0001521418,
    "33":0.0000304481,
    "34":0.0003773638,
    "35":0.0000628809,
    "36":0.0001168115,
    "37":0.0000248419,
    "38":0.0000317684,
    "39":0.000179823,
    "40":0.000018188,
    "41":0.0000429957,
    "42":0.0000245826,
    "43":0.0000586184,
    "44":0.0002407932,
    "45":0.0000670307,
    "46":0.0001911851,
    "47":0.0000401347,
    "48":0.0002523143,
    "49":0.0000771541
  },
  "Prop":{
    "0":0.00001241,
    "1":0.0000554901,
    "2":0.0000438878,
    "3":0.000057954,
    "4":0.0001491926,
    "5":0.000015391,
    "6":0.0000598322,
    "7":0.0003535988,
    "8":0.0000493737,
    "9":0.000022515,
    "10":0.0001040189,
    "11":0.0001102007,
    "12":0.0000518044,
    "13":0.0001443325,
    "14":0.0000780052,
    "15":0.0001120008,
    "16":0.0000538521,
    "17":0.0001810547,
    "18":0.0000760242,
    "19":0.0001100392,
    "20":0.0001911369,
    "21":0.0002553699,
    "22":0.0001183675,
    "23":0.0002144945,
    "24":0.0000707865,
    "25":0.0000688142,
    "26":0.0000274853,
    "27":0.0000425936,
    "28":0.0000318584,
    "29":0.0000474804,
    "30":0.0002156756,
    "31":0.000089656,
    "32":0.0001597767,
    "33":0.000029601,
    "34":0.0003754906,
    "35":0.0000652594,
    "36":0.0001038991,
    "37":0.0000224917,
    "38":0.0000267733,
    "39":0.0001600842,
    "40":0.000015787,
    "41":0.000044627,
    "42":0.0000244007,
    "43":0.0000508782,
    "44":0.0002296835,
    "45":0.0000671062,
    "46":0.0001940798,
    "47":0.0000375549,
    "48":0.0002287598,
    "49":0.0000830667
  },
  "Delta_Uniform":{
    "0":-0.00000054,
    "1":-0.0000050503,
    "2":-0.0000045686,
    "3":-0.0000032438,
    "4":-0.0000201762,
    "5":-0.000006009,
    "6":-0.0000031961,
    "7":-0.0000612165,
    "8":0.0000003919,
    "9":-0.00000563,
    "10":-0.0000174943,
    "11":-0.0000062873,
    "12":-0.0000009102,
    "13":-0.0000305233,
    "14":-0.0000109469,
    "15":-0.0000036819,
    "16":-0.0000172709,
    "17":-0.0000373686,
    "18":-0.0000076466,
    "19":-0.0000174484,
    "20":-0.0000295938,
    "21":-0.0000160913,
    "22":-0.000007464,
    "23":-0.0000023929,
    "24":-0.0000199769,
    "25":-0.0000218173,
    "26":-0.0000049576,
    "27":-0.0000026236,
    "28":-0.0000075419,
    "29":-0.0000033701,
    "30":-0.0000267361,
    "31":0.000001891,
    "32":-0.0000069623,
    "33":0.000001015,
    "34":-0.0000250268,
    "35":-0.0000092751,
    "36":-0.0000094408,
    "37":-0.0000023189,
    "38":-0.0000039638,
    "39":-0.000036194,
    "40":-0.000003554,
    "41":-0.0000016293,
    "42":-0.0000012406,
    "43":-0.0000112373,
    "44":-0.000036524,
    "45":-0.0000094536,
    "46":-0.000000688,
    "47":-0.000006742,
    "48":-0.0000572799,
    "49":-0.0000078155
  },
  "Delta_Prop":{
    "0":-0.00000158,
    "1":-0.0000051301,
    "2":-0.0000072513,
    "3":-0.0000045914,
    "4":0.0000000571,
    "5":0.000002013,
    "6":-0.0000075509,
    "7":-0.0000226061,
    "8":0.0000038174,
    "9":-0.000004731,
    "10":0.000001469,
    "11":-0.0000090175,
    "12":0.0000062714,
    "13":0.0000018531,
    "14":-0.0000104162,
    "15":-0.0000169408,
    "16":-0.0000101824,
    "17":-0.0000334909,
    "18":-0.0000046431,
    "19":-0.0000327897,
    "20":-0.0000198025,
    "21":-0.0000483861,
    "22":-0.0000080751,
    "23":-0.0000218377,
    "24":-0.0000172554,
    "25":-0.0000110479,
    "26":-0.0000049945,
    "27":-0.0000026668,
    "28":-0.0000073329,
    "29":-0.0000038676,
    "30":-0.000020585,
    "31":-0.000001055,
    "32":-0.0000145972,
    "33":0.0000018621,
    "34":-0.0000231535,
    "35":-0.0000116535,
    "36":0.0000034717,
    "37":0.0000000314,
    "38":0.0000010313,
    "39":-0.0000164551,
    "40":-0.000001153,
    "41":-0.0000032606,
    "42":-0.0000010587,
    "43":-0.0000034971,
    "44":-0.0000254143,
    "45":-0.0000095291,
    "46":-0.0000035826,
    "47":-0.0000041622,
    "48":-0.0000337255,
    "49":-0.0000137281
  }
}