{
  "Astrahl":{
    "0":0.0002257425,
    "1":0.000092853,
    "2":0.0006362907,
    "3":0.0007896319,
    "4":0.0004400092,
    "5":0.0001579388,
    "6":0.0003103954,
    "7":0.0003721342,
    "8":0.0002164225,
    "9":0.0004578788,
    "10":0.0005020596,
    "11":0.0001870816,
    "12":0.00005149,
    "13":0.0001970547,
    "14":0.0007748925,
    "15":0.0001433285,
    "16":0.0002530772,
    "17":0.0005830235,
    "18":0.0001726378,
    "19":0.0002869348,
    "20":0.0001064726,
    "21":0.0000813,
    "22":0.0002768373,
    "23":0.000145527,
    "24":0.0000941873,
    "25":0.0001736322,
    "26":0.0002675472,
    "27":0.0005855461,
    "28":0.0008585905,
    "29":0.0006963443,
    "30":0.0002338302,
    "31":0.00008672,
    "32":0.000120365,
    "33":0.0002651464,
    "34":0.0001537233,
    "35":0.0005009272,
    "36":0.000356583,
    "37":0.0004334645,
    "38":0.0000813,
    "39":0.000118969,
    "40":0.0001515187,
    "41":0.000158806,
    "42":0.0004722988,
    "43":0.0003353266,
    "44":0.000174795,
    "45":0.0002803473,
    "46":0.0002659379,
    "47":0.00008401,
    "48":0.000148508,
    "49":0.000127912
  },
  "Uniform":{
    "0":0.0005353844,
    "1":0.000174626,
    "2":0.0009466352,
    "3":0.0011176922,
    "4":0.0006939654,
    "5":0.0003041253,
    "6":0.0004851199,
    "7":0.000468865,
    "8":0.0002548286,
    "9":0.0006343082,
    "10":0.0007442218,
    "11":0.0003244982,
    "12":0.00010875,
    "13":0.0002955638,
    "14":0.0012072682,
    "15":0.0001547182,
    "16":0.0004902085,
    "17":0.0011294171,
    "18":0.0003012435,
    "19":0.0004425548,
    "20":0.0001957465,
    "21":0.00008827,
    "22":0.0004567301,
    "23":0.000260926,
    "24":0.0001732252,
    "25":0.000325995,
    "26":0.0004211297,
    "27":0.000973892,
    "28":0.0014789497,
    "29":0.0011742045,
    "30":0.0003551012,
    "31":0.00011346,
    "32":0.000144975,
    "33":0.000328995,
    "34":0.0002598545,
    "35":0.000604798,
    "36":0.0005885936,
    "37":0.000829949,
    "38":0.00013225,
    "39":0.000244415,
    "40":0.0001683536,
    "41":0.000210289,
    "42":0.0005296316,
    "43":0.0005757768,
    "44":0.000233847,
    "45":0.0004082105,
    "46":0.0004263487,
    "47":0.0001148,
    "48":0.000199381,
    "49":0.000245149
  },
  "Prop":{
    "0":0.0004995402,
    "1":0.000187379,
    "2":0.0009524983,
    "3":0.0014005904,
    "4":0.0005919825,
    "5":0.000385069,
    "6":0.0005323435,
    "7":0.0005606477,
    "8":0.0002579717,
    "9":0.0007313989,
    "10":0.000890081,
    "11":0.0003020553,
    "12":0.00014807,
    "13":0.0002795405,
    "14":0.0011778904,
    "15":0.0001684626,
    "16":0.0005262292,
    "17":0.0010145107,
    "18":0.000283937,
    "19":0.0004477362,
    "20":0.0001999182,
    "21":0.00012154,
    "22":0.0004808021,
    "23":0.000272162,
    "24":0.0001586187,
    "25":0.0003407165,
    "26":0.0003674942,
    "27":0.0009741807,
    "28":0.0014627602,
    "29":0.0011236475,
    "30":0.0004258331,
    "31":0.0001197,
    "32":0.000152846,
    "33":0.0003389862,
    "34":0.0003035122,
    "35":0.000642367,
    "36":0.0005483873,
    "37":0.0008707205,
    "38":0.00013062,
    "39":0.000222741,
    "40":0.0001846359,
    "41":0.000234224,
    "42":0.0005508924,
    "43":0.0005361984,
    "44":0.000226206,
    "45":0.0004495331,
    "46":0.000393726,
    "47":0.00012901,
    "48":0.000214639,
    "49":0.000219677
  },
  "Delta_Uniform":{
    "0":-0.000309642,
    "1":-0.000081773,
    "2":-0.0003103446,
    "3":-0.0003280603,
    "4":-0.0002539563,
    "5":-0.0001461865,
    "6":-0.0001747245,
    "7":-0.0000967308,
    "8":-0.0000384061,
    "9":-0.0001764294,
    "10":-0.0002421622,
    "11":-0.0001374166,
    "12":-0.00005726,
    "13":-0.0000985091,
    "14":-0.0004323757,
    "15":-0.0000113897,
    "16":-0.0002371313,
    "17":-0.0005463936,
    "18":-0.0001286057,
    "19":-0.00015562,
    "20":-0.0000892739,
    "21":-0.00000697,
    "22":-0.0001798927,
    "23":-0.000115399,
    "24":-0.0000790379,
    "25":-0.0001523627,
    "26":-0.0001535826,
    "27":-0.0003883459,
    "28":-0.0006203592,
    "29":-0.0004778602,
    "30":-0.000121271,
    "31":-0.00002674,
    "32":-0.00002461,
    "33":-0.0000638486,
    "34":-0.0001061312,
    "35":-0.0001038708,
    "36":-0.0002320106,
    "37":-0.0003964845,
    "38":-0.00005095,
    "39":-0.000125446,
    "40":-0.0000168349,
    "41":-0.000051483,
    "42":-0.0000573328,
    "43":-0.0002404503,
    "44":-0.000059052,
    "45":-0.0001278632,
    "46":-0.0001604108,
    "47":-0.00003079,
    "48":-0.000050873,
    "49":-0.000117237
  },
  "Delta_Prop":{
    "0":-0.0002737977,
    "1":-0.000094526,
    "2":-0.0003162076,
    "3":-0.0006109585,
    "4":-0.0001519733,
    "5":-0.0002271302,
    "6":-0.0002219481,
    "7":-0.0001885135,
    "8":-0.0000415492,
    "9":-0.0002735201,
    "10":-0.0003880214,
    "11":-0.0001149737,
    "12":-0.00009658,
    "13":-0.0000824858,
    "14":-0.0004029979,
    "15":-0.0000251341,
    "16":-0.000273152,
    "17":-0.0004314872,
    "18":-0.0001112992,
    "19":-0.0001608014,
    "20":-0.0000934456,
    "21":-0.00004024,
    "22":-0.0002039648,
    "23":-0.000126635,
    "24":-0.0000644314,
    "25":-0.0001670843,
    "26":-0.000099947,
    "27":-0.0003886347,
    "28":-0.0006041698,
    "29":-0.0004273032,
    "30":-0.0001920029,
    "31":-0.00003298,
    "32":-0.000032481,
    "33":-0.0000738398,
    "34":-0.0001497889,
    "35":-0.0001414398,
    "36":-0.0001918043,
    "37":-0.000437256,
    "38":-0.00004932,
    "39":-0.000103772,
    "40":-0.0000331172,
    "41":-0.000075418,
    "42":-0.0000785936,
    "43":-0.0002008719,
    "44":-0.000051411,
    "45":-0.0001691858,
    "46":-0.0001277881,
    "47":-0.000045,
    "48":-0.000066131,
    "49":-0.000091765
  }
}