{
  "Astrahl":{
    "0":0.000007859,
    "1":0.000003439,
    "2":0.000018428,
    "3":0.0000099731,
    "4":0.00000542,
    "5":0.000007859,
    "6":0.000017086,
    "7":0.000006878,
    "8":0.0000056953,
    "9":0.000006878,
    "10":0.0000168511,
    "11":0.000006878,
    "12":0.00000271,
    "13":0.000006878,
    "14":0.000020867,
    "15":0.0,
    "16":0.0000081902,
    "17":0.0000159709,
    "18":0.0000065341,
    "19":0.000007859,
    "20":0.0000040951,
    "21":0.00000542,
    "22":0.000010569,
    "23":0.00000542,
    "24":0.0,
    "25":0.0,
    "26":0.0,
    "27":0.0000081902,
    "28":0.00000271,
    "29":0.0000309717,
    "30":0.0,
    "31":0.0000019,
    "32":0.000003439,
    "33":0.00000813,
    "34":0.000003439,
    "35":0.000020867,
    "36":0.0000168511,
    "37":0.000005149,
    "38":0.0,
    "39":0.00000542,
    "40":0.0,
    "41":0.00000542,
    "42":0.0000238906,
    "43":0.000010317,
    "44":0.0,
    "45":0.000006878,
    "46":0.000010317,
    "47":0.00000542,
    "48":0.00000542,
    "49":0.0
  },
  "Uniform":{
    "0":0.0000353621,
    "1":0.000010339,
    "2":0.0001097522,
    "3":0.000123035,
    "4":0.0000850281,
    "5":0.00003085,
    "6":0.0000500644,
    "7":0.0000536211,
    "8":0.0000325513,
    "9":0.0000786023,
    "10":0.0001290873,
    "11":0.000030579,
    "12":0.0000164,
    "13":0.000029218,
    "14":0.0000672591,
    "15":0.00002044,
    "16":0.0000408577,
    "17":0.0000653049,
    "18":0.000025159,
    "19":0.000028759,
    "20":0.00001431,
    "21":0.0000019,
    "22":0.0000596042,
    "23":0.000022808,
    "24":0.00001701,
    "25":0.0000256131,
    "26":0.0000273231,
    "27":0.0000748781,
    "28":0.0001598962,
    "29":0.0001300723,
    "30":0.000038965,
    "31":0.0000097,
    "32":0.0000048,
    "33":0.0000245131,
    "34":0.000030028,
    "35":0.000073728,
    "36":0.000026128,
    "37":0.0000692421,
    "38":0.0000105,
    "39":0.00002081,
    "40":0.0000170251,
    "41":0.00002523,
    "42":0.0000380306,
    "43":0.000052788,
    "44":0.000023169,
    "45":0.000045019,
    "46":0.00003597,
    "47":0.00001332,
    "48":0.000018649,
    "49":0.00001521
  },
  "Prop":{
    "0":0.000053595,
    "1":0.00001773,
    "2":0.000131752,
    "3":0.000142566,
    "4":0.0000566001,
    "5":0.000034989,
    "6":0.000025115,
    "7":0.0000525411,
    "8":0.0000187616,
    "9":0.0000724439,
    "10":0.0001147551,
    "11":0.00003175,
    "12":0.00000961,
    "13":0.0000643261,
    "14":0.0000812153,
    "15":0.00001502,
    "16":0.0000390872,
    "17":0.0001580151,
    "18":0.000033987,
    "19":0.0000378231,
    "20":0.000015659,
    "21":0.000002,
    "22":0.0000310472,
    "23":0.000014659,
    "24":0.00001873,
    "25":0.0000543411,
    "26":0.0000491262,
    "27":0.0001173305,
    "28":0.0001205897,
    "29":0.0001270329,
    "30":0.0000441401,
    "31":0.00001512,
    "32":0.00001041,
    "33":0.00002034,
    "34":0.000030569,
    "35":0.0000708052,
    "36":0.0000596898,
    "37":0.0000650775,
    "38":0.00001541,
    "39":0.000027259,
    "40":0.000019188,
    "41":0.00001944,
    "42":0.0000892188,
    "43":0.0000375401,
    "44":0.00001963,
    "45":0.00003559,
    "46":0.0000466631,
    "47":0.0000108,
    "48":0.00001731,
    "49":0.00002172
  },
  "Delta_Uniform":{
    "0":-0.0000275031,
    "1":-0.0000069,
    "2":-0.0000913242,
    "3":-0.0001130619,
    "4":-0.0000796081,
    "5":-0.000022991,
    "6":-0.0000329784,
    "7":-0.0000467431,
    "8":-0.000026856,
    "9":-0.0000717243,
    "10":-0.0001122362,
    "11":-0.000023701,
    "12":-0.00001369,
    "13":-0.00002234,
    "14":-0.0000463921,
    "15":-0.00002044,
    "16":-0.0000326675,
    "17":-0.000049334,
    "18":-0.0000186249,
    "19":-0.0000209,
    "20":-0.0000102149,
    "21":0.00000352,
    "22":-0.0000490352,
    "23":-0.000017388,
    "24":-0.00001701,
    "25":-0.0000256131,
    "26":-0.0000273231,
    "27":-0.0000666879,
    "28":-0.0001571862,
    "29":-0.0000991005,
    "30":-0.000038965,
    "31":-0.0000078,
    "32":-0.000001361,
    "33":-0.0000163831,
    "34":-0.000026589,
    "35":-0.000052861,
    "36":-0.0000092769,
    "37":-0.0000640931,
    "38":-0.0000105,
    "39":-0.00001539,
    "40":-0.0000170251,
    "41":-0.00001981,
    "42":-0.00001414,
    "43":-0.000042471,
    "44":-0.000023169,
    "45":-0.000038141,
    "46":-0.000025653,
    "47":-0.0000079,
    "48":-0.000013229,
    "49":-0.00001521
  },
  "Delta_Prop":{
    "0":-0.000045736,
    "1":-0.000014291,
    "2":-0.000113324,
    "3":-0.0001325929,
    "4":-0.0000511801,
    "5":-0.00002713,
    "6":-0.000008029,
    "7":-0.0000456631,
    "8":-0.0000130663,
    "9":-0.0000655659,
    "10":-0.000097904,
    "11":-0.000024872,
    "12":-0.0000069,
    "13":-0.0000574481,
    "14":-0.0000603483,
    "15":-0.00001502,
    "16":-0.000030897,
    "17":-0.0001420442,
    "18":-0.0000274529,
    "19":-0.0000299641,
    "20":-0.0000115639,
    "21":0.00000342,
    "22":-0.0000204782,
    "23":-0.000009239,
    "24":-0.00001873,
    "25":-0.0000543411,
    "26":-0.0000491262,
    "27":-0.0001091403,
    "28":-0.0001178797,
    "29":-0.0000960611,
    "30":-0.0000441401,
    "31":-0.00001322,
    "32":-0.000006971,
    "33":-0.00001221,
    "34":-0.00002713,
    "35":-0.0000499382,
    "36":-0.0000428387,
    "37":-0.0000599285,
    "38":-0.00001541,
    "39":-0.000021839,
    "40":-0.000019188,
    "41":-0.00001402,
    "42":-0.0000653282,
    "43":-0.0000272231,
    "44":-0.00001963,
    "45":-0.000028712,
    "46":-0.0000363461,
    "47":-0.00000538,
    "48":-0.00001189,
    "49":-0.00002172
  }
}