{
  "Astrahl":{
    "0":0.00405855,
    "1":0.003143773,
    "2":0.00208197,
    "3":0.004092509,
    "4":0.002194803,
    "5":0.00705943,
    "6":0.0000636854,
    "7":0.00119293,
    "8":0.001166974,
    "9":0.003160427,
    "10":0.00414933,
    "11":0.0040545,
    "12":0.0040669511,
    "13":0.003074634,
    "14":0.0040423902,
    "15":0.0073178995,
    "16":0.004271397,
    "17":0.003103048,
    "18":0.00509905,
    "19":0.00417829,
    "20":0.00303962,
    "21":0.0101138711,
    "22":0.001221379,
    "23":0.0000654,
    "24":0.0046205867,
    "25":0.0021059755,
    "26":0.0156452128,
    "27":0.00407521,
    "28":0.0041211801,
    "29":0.002149888,
    "30":0.007991338,
    "31":0.00607521,
    "32":0.001083487,
    "33":0.0023675852,
    "34":0.010196418,
    "35":0.006149888,
    "36":0.0042035291,
    "37":0.0159763,
    "38":0.0139914181,
    "39":0.0051993957,
    "40":0.00419184,
    "41":0.0054443676,
    "42":0.004104219,
    "43":0.004149268,
    "44":0.0041886364,
    "45":0.0032518821,
    "46":0.001123234,
    "47":0.0061786893,
    "48":0.0034181891,
    "49":0.0010327
  },
  "Uniform":{
    "0":0.0380319,
    "1":0.0351079,
    "2":0.0400489,
    "3":0.069924149,
    "4":0.0351211,
    "5":0.0727711461,
    "6":0.02700912,
    "7":0.039174,
    "8":0.078422809,
    "9":0.02710861,
    "10":0.07403381,
    "11":0.0310509,
    "12":0.03608403,
    "13":0.02705061,
    "14":0.0400651,
    "15":0.036190408,
    "16":0.06495209,
    "17":0.04210141,
    "18":0.0716361,
    "19":0.0360699,
    "20":0.03013272,
    "21":0.0608051834,
    "22":0.04117452,
    "23":0.04003981,
    "24":0.065109061,
    "25":0.0380371,
    "26":0.1342306297,
    "27":0.0290309,
    "28":0.0370989,
    "29":0.03203881,
    "30":0.09999862,
    "31":0.0745379,
    "32":0.03516172,
    "33":0.0262476056,
    "34":0.0645704,
    "35":0.06284441,
    "36":0.03509581,
    "37":0.10056962,
    "38":0.061945158,
    "39":0.022067539,
    "40":0.03707771,
    "41":0.033397051,
    "42":0.06984361,
    "43":0.03106151,
    "44":0.03525094,
    "45":0.044116298,
    "46":0.040063929,
    "47":0.0301041,
    "48":0.042258919,
    "49":0.030011
  },
  "Prop":{
    "0":0.02805781,
    "1":0.024088539,
    "2":0.029069,
    "3":0.05915961,
    "4":0.0261041,
    "5":0.05396591,
    "6":0.0250519511,
    "7":0.0210588,
    "8":0.062323358,
    "9":0.02410871,
    "10":0.0572059,
    "11":0.0320318,
    "12":0.021154349,
    "13":0.02604523,
    "14":0.02807242,
    "15":0.037119839,
    "16":0.070087351,
    "17":0.03206,
    "18":0.063419929,
    "19":0.022029,
    "20":0.02910971,
    "21":0.0592475465,
    "22":0.03428901,
    "23":0.03409981,
    "24":0.053551603,
    "25":0.02506541,
    "26":0.0825497859,
    "27":0.0280608,
    "28":0.03213191,
    "29":0.0290799,
    "30":0.07686971,
    "31":0.06282,
    "32":0.0291301,
    "33":0.030227619,
    "34":0.056502739,
    "35":0.055357,
    "36":0.0371489561,
    "37":0.0900509,
    "38":0.04712171,
    "39":0.027094739,
    "40":0.0320979,
    "41":0.022330258,
    "42":0.0583398,
    "43":0.0310219,
    "44":0.0321495851,
    "45":0.03509154,
    "46":0.02013842,
    "47":0.02519501,
    "48":0.025216549,
    "49":0.0260519
  },
  "Delta_Uniform":{
    "0":-0.03397335,
    "1":-0.031964127,
    "2":-0.03796693,
    "3":-0.06583164,
    "4":-0.032926297,
    "5":-0.0657117161,
    "6":-0.0269454346,
    "7":-0.03798107,
    "8":-0.077255835,
    "9":-0.023948183,
    "10":-0.06988448,
    "11":-0.0269964,
    "12":-0.0320170789,
    "13":-0.023975976,
    "14":-0.0360227098,
    "15":-0.0288725086,
    "16":-0.060680693,
    "17":-0.038998362,
    "18":-0.06653705,
    "19":-0.03189161,
    "20":-0.0270931,
    "21":-0.0506913124,
    "22":-0.039953141,
    "23":-0.03997441,
    "24":-0.0604884743,
    "25":-0.0359311245,
    "26":-0.1185854169,
    "27":-0.02495569,
    "28":-0.0329777199,
    "29":-0.029888922,
    "30":-0.092007282,
    "31":-0.06846269,
    "32":-0.034078233,
    "33":-0.0238800204,
    "34":-0.054373982,
    "35":-0.056694522,
    "36":-0.0308922809,
    "37":-0.08459332,
    "38":-0.0479537399,
    "39":-0.0168681433,
    "40":-0.03288587,
    "41":-0.0279526834,
    "42":-0.065739391,
    "43":-0.026912242,
    "44":-0.0310623036,
    "45":-0.0408644159,
    "46":-0.038940695,
    "47":-0.0239254107,
    "48":-0.0388407299,
    "49":-0.0289783
  },
  "Delta_Prop":{
    "0":-0.02399926,
    "1":-0.020944766,
    "2":-0.02698703,
    "3":-0.055067101,
    "4":-0.023909297,
    "5":-0.04690648,
    "6":-0.0249882657,
    "7":-0.01986587,
    "8":-0.061156384,
    "9":-0.020948283,
    "10":-0.05305657,
    "11":-0.0279773,
    "12":-0.0170873979,
    "13":-0.022970596,
    "14":-0.0240300298,
    "15":-0.0298019396,
    "16":-0.065815954,
    "17":-0.028956952,
    "18":-0.058320879,
    "19":-0.01785071,
    "20":-0.02607009,
    "21":-0.0491336755,
    "22":-0.033067631,
    "23":-0.03403441,
    "24":-0.0489310163,
    "25":-0.0229594345,
    "26":-0.0669045731,
    "27":-0.02398559,
    "28":-0.0280107299,
    "29":-0.026930012,
    "30":-0.068878372,
    "31":-0.05674479,
    "32":-0.028046613,
    "33":-0.0278600338,
    "34":-0.046306321,
    "35":-0.049207112,
    "36":-0.032945427,
    "37":-0.0740746,
    "38":-0.0331302919,
    "39":-0.0218953433,
    "40":-0.02790606,
    "41":-0.0168858904,
    "42":-0.054235581,
    "43":-0.026872632,
    "44":-0.0279609487,
    "45":-0.0318396579,
    "46":-0.019015186,
    "47":-0.0190163207,
    "48":-0.0217983599,
    "49":-0.0250192
  }
}