{
  "Astrahl":{
    "0":0.0,
    "1":0.0,
    "2":0.0000154567,
    "3":0.0000036829,
    "4":0.0,
    "5":0.0000205098,
    "6":0.000001,
    "7":0.0,
    "8":0.000002881,
    "9":0.0,
    "10":0.0000123297,
    "11":0.000005762,
    "12":0.000002881,
    "13":0.00000199,
    "14":0.0,
    "15":0.0,
    "16":0.0,
    "17":0.0,
    "18":0.0,
    "19":0.0,
    "20":0.0,
    "21":0.00000389,
    "22":0.0000056639,
    "23":0.0,
    "24":0.0,
    "25":0.0,
    "26":0.0,
    "27":0.000005762,
    "28":0.000005149,
    "29":0.0,
    "30":0.00000361,
    "31":0.00000199,
    "32":0.0,
    "33":0.0000078436,
    "34":0.0,
    "35":0.0,
    "36":0.0,
    "37":0.000002881,
    "38":0.00000361,
    "39":0.000001,
    "40":0.0,
    "41":0.0000037639,
    "42":0.0,
    "43":0.0,
    "44":0.0,
    "45":0.0,
    "46":0.0,
    "47":0.0,
    "48":0.0,
    "49":0.0
  },
  "Uniform":{
    "0":0.000015561,
    "1":0.0000108,
    "2":0.00004779,
    "3":0.00000861,
    "4":0.0000161449,
    "5":0.000056419,
    "6":0.00001349,
    "7":0.0000078,
    "8":0.0000059,
    "9":0.0000068,
    "10":0.0000320439,
    "11":0.000013581,
    "12":0.000003,
    "13":0.00000589,
    "14":0.000011581,
    "15":0.000002,
    "16":0.000001,
    "17":0.00000589,
    "18":0.000004,
    "19":0.000002,
    "20":0.000003,
    "21":0.0000118,
    "22":0.00001721,
    "23":0.000008781,
    "24":0.0000192,
    "25":0.000004,
    "26":0.000017459,
    "27":0.00002912,
    "28":0.0000354039,
    "29":0.000002,
    "30":0.000016371,
    "31":0.0000097,
    "32":0.000003,
    "33":0.0000505935,
    "34":0.0000068,
    "35":0.0000106,
    "36":0.000006,
    "37":0.000016291,
    "38":0.000022701,
    "39":0.000005,
    "40":0.000008781,
    "41":0.0000049,
    "42":0.000004,
    "43":0.0000058,
    "44":0.000006,
    "45":0.0000068,
    "46":0.0000164,
    "47":0.0000039,
    "48":0.000001,
    "49":0.0000100839
  },
  "Prop":{
    "0":0.0000079,
    "1":0.000014001,
    "2":0.0000679314,
    "3":0.0000078,
    "4":0.000006681,
    "5":0.0000630525,
    "6":0.00001251,
    "7":0.0000088,
    "8":0.0000039,
    "9":0.000023081,
    "10":0.000024679,
    "11":0.00001778,
    "12":0.000005,
    "13":0.00000698,
    "14":0.0000105,
    "15":0.00000699,
    "16":0.00000499,
    "17":0.0000092929,
    "18":0.000002,
    "19":0.000002,
    "20":0.000004,
    "21":0.000018381,
    "22":0.0000049,
    "23":0.000004,
    "24":0.000018062,
    "25":0.0000059,
    "26":0.000024,
    "27":0.000037889,
    "28":0.000031581,
    "29":0.0,
    "30":0.0000170639,
    "31":0.000020601,
    "32":0.000001,
    "33":0.00001701,
    "34":0.000003,
    "35":0.000020081,
    "36":0.000003,
    "37":0.000027318,
    "38":0.00002514,
    "39":0.00001241,
    "40":0.000010681,
    "41":0.00000989,
    "42":0.000002,
    "43":0.000007,
    "44":0.000004,
    "45":0.00000371,
    "46":0.00001892,
    "47":0.000002,
    "48":0.000003,
    "49":0.0000258012
  },
  "Delta_Uniform":{
    "0":-0.000015561,
    "1":-0.0000108,
    "2":-0.0000323333,
    "3":-0.0000049271,
    "4":-0.0000161449,
    "5":-0.0000359092,
    "6":-0.00001249,
    "7":-0.0000078,
    "8":-0.000003019,
    "9":-0.0000068,
    "10":-0.0000197142,
    "11":-0.000007819,
    "12":-0.000000119,
    "13":-0.0000039,
    "14":-0.000011581,
    "15":-0.000002,
    "16":-0.000001,
    "17":-0.00000589,
    "18":-0.000004,
    "19":-0.000002,
    "20":-0.000003,
    "21":-0.00000791,
    "22":-0.0000115461,
    "23":-0.000008781,
    "24":-0.0000192,
    "25":-0.000004,
    "26":-0.000017459,
    "27":-0.000023358,
    "28":-0.0000302549,
    "29":-0.000002,
    "30":-0.000012761,
    "31":-0.00000771,
    "32":-0.000003,
    "33":-0.0000427499,
    "34":-0.0000068,
    "35":-0.0000106,
    "36":-0.000006,
    "37":-0.00001341,
    "38":-0.000019091,
    "39":-0.000004,
    "40":-0.000008781,
    "41":-0.0000011361,
    "42":-0.000004,
    "43":-0.0000058,
    "44":-0.000006,
    "45":-0.0000068,
    "46":-0.0000164,
    "47":-0.0000039,
    "48":-0.000001,
    "49":-0.0000100839
  },
  "Delta_Prop":{
    "0":-0.0000079,
    "1":-0.000014001,
    "2":-0.0000524747,
    "3":-0.0000041171,
    "4":-0.000006681,
    "5":-0.0000425427,
    "6":-0.00001151,
    "7":-0.0000088,
    "8":-0.000001019,
    "9":-0.000023081,
    "10":-0.0000123493,
    "11":-0.000012018,
    "12":-0.000002119,
    "13":-0.00000499,
    "14":-0.0000105,
    "15":-0.00000699,
    "16":-0.00000499,
    "17":-0.0000092929,
    "18":-0.000002,
    "19":-0.000002,
    "20":-0.000004,
    "21":-0.000014491,
    "22":0.0000007639,
    "23":-0.000004,
    "24":-0.000018062,
    "25":-0.0000059,
    "26":-0.000024,
    "27":-0.000032127,
    "28":-0.000026432,
    "29":0.0,
    "30":-0.0000134539,
    "31":-0.000018611,
    "32":-0.000001,
    "33":-0.0000091664,
    "34":-0.000003,
    "35":-0.000020081,
    "36":-0.000003,
    "37":-0.000024437,
    "38":-0.00002153,
    "39":-0.00001141,
    "40":-0.000010681,
    "41":-0.0000061261,
    "42":-0.000002,
    "43":-0.000007,
    "44":-0.000004,
    "45":-0.00000371,
    "46":-0.00001892,
    "47":-0.000002,
    "48":-0.000003,
    "49":-0.0000258012
  }
}