{
  "Astrahl":{
    "0":0.0711610248,
    "1":0.079623017,
    "2":0.0939360289,
    "3":0.0932249389,
    "4":0.06399257,
    "5":0.0896667254,
    "6":0.1058744247,
    "7":0.0797721118,
    "8":0.073262382,
    "9":0.06305557,
    "10":0.0837614985,
    "11":0.0788297144,
    "12":0.0936118582,
    "13":0.07296159,
    "14":0.07188907,
    "15":0.1495802303,
    "16":0.0541878,
    "17":0.1056756928,
    "18":0.07226645,
    "19":0.06456177,
    "20":0.0622894549,
    "21":0.0891562934,
    "22":0.1150855767,
    "23":0.0821492591,
    "24":0.1209414234,
    "25":0.1462934192,
    "26":0.1011227137,
    "27":0.076015202,
    "28":0.098566111,
    "29":0.09508349,
    "30":0.1031186205,
    "31":0.1245414541,
    "32":0.06843579,
    "33":0.0754899727,
    "34":0.0988910341,
    "35":0.0848481959,
    "36":0.06880618,
    "37":0.07156693,
    "38":0.077509078,
    "39":0.0812346216,
    "40":0.067141004,
    "41":0.075025943,
    "42":0.0823433912,
    "43":0.06324876,
    "44":0.1223713068,
    "45":0.0774346658,
    "46":0.1117251374,
    "47":0.1267766819,
    "48":0.067105025,
    "49":0.0648304468
  },
  "Uniform":{
    "0":0.1134905018,
    "1":0.107597671,
    "2":0.161245131,
    "3":0.1343841495,
    "4":0.11282267,
    "5":0.1150930631,
    "6":0.1650096592,
    "7":0.1178726551,
    "8":0.12291546,
    "9":0.11773188,
    "10":0.1172832647,
    "11":0.1232898709,
    "12":0.1219282527,
    "13":0.11421559,
    "14":0.11517178,
    "15":0.2422241556,
    "16":0.11634206,
    "17":0.1642932917,
    "18":0.11557428,
    "19":0.10862316,
    "20":0.117851713,
    "21":0.1170291657,
    "22":0.1633240086,
    "23":0.1275621061,
    "24":0.134400129,
    "25":0.2165511507,
    "26":0.1596336779,
    "27":0.09911527,
    "28":0.171909412,
    "29":0.149139741,
    "30":0.1628018343,
    "31":0.1604841408,
    "32":0.11395088,
    "33":0.1208532599,
    "34":0.1249682249,
    "35":0.160997134,
    "36":0.11205116,
    "37":0.108453421,
    "38":0.121150524,
    "39":0.102999023,
    "40":0.123110221,
    "41":0.109616841,
    "42":0.1241493367,
    "43":0.11068898,
    "44":0.2072499506,
    "45":0.129345938,
    "46":0.1555713727,
    "47":0.2181260274,
    "48":0.112451541,
    "49":0.1136123628
  },
  "Prop":{
    "0":0.104621015,
    "1":0.0896914689,
    "2":0.1426589808,
    "3":0.1270014008,
    "4":0.10102977,
    "5":0.1097159824,
    "6":0.1534819428,
    "7":0.0981209178,
    "8":0.093789631,
    "9":0.10540078,
    "10":0.1164838868,
    "11":0.1231536251,
    "12":0.1149210177,
    "13":0.10360437,
    "14":0.09669759,
    "15":0.2236377778,
    "16":0.10832826,
    "17":0.1416910549,
    "18":0.08769387,
    "19":0.09209169,
    "20":0.098188545,
    "21":0.0994569967,
    "22":0.1479131953,
    "23":0.1235642206,
    "24":0.1408850523,
    "25":0.214659426,
    "26":0.1623334928,
    "27":0.09383056,
    "28":0.13830247,
    "29":0.141644961,
    "30":0.1640984064,
    "31":0.1536032943,
    "32":0.10441287,
    "33":0.1056286189,
    "34":0.0943579209,
    "35":0.145777251,
    "36":0.10007916,
    "37":0.105053922,
    "38":0.1055037699,
    "39":0.1058181427,
    "40":0.11157176,
    "41":0.103473954,
    "42":0.1139414685,
    "43":0.08692249,
    "44":0.1890993498,
    "45":0.085725013,
    "46":0.1582099714,
    "47":0.1937799718,
    "48":0.10063076,
    "49":0.116372029
  },
  "Delta_Uniform":{
    "0":-0.042329477,
    "1":-0.027974654,
    "2":-0.0673091021,
    "3":-0.0411592106,
    "4":-0.0488301,
    "5":-0.0254263377,
    "6":-0.0591352345,
    "7":-0.0381005433,
    "8":-0.049653078,
    "9":-0.05467631,
    "10":-0.0335217662,
    "11":-0.0444601565,
    "12":-0.0283163945,
    "13":-0.041254,
    "14":-0.04328271,
    "15":-0.0926439253,
    "16":-0.06215426,
    "17":-0.0586175989,
    "18":-0.04330783,
    "19":-0.04406139,
    "20":-0.0555622581,
    "21":-0.0278728723,
    "22":-0.048238432,
    "23":-0.045412847,
    "24":-0.0134587056,
    "25":-0.0702577315,
    "26":-0.0585109642,
    "27":-0.023100068,
    "28":-0.073343301,
    "29":-0.054056251,
    "30":-0.0596832138,
    "31":-0.0359426867,
    "32":-0.04551509,
    "33":-0.0453632872,
    "34":-0.0260771908,
    "35":-0.0761489381,
    "36":-0.04324498,
    "37":-0.036886491,
    "38":-0.043641446,
    "39":-0.0217644014,
    "40":-0.055969217,
    "41":-0.034590898,
    "42":-0.0418059455,
    "43":-0.04744022,
    "44":-0.0848786438,
    "45":-0.0519112722,
    "46":-0.0438462353,
    "47":-0.0913493455,
    "48":-0.045346516,
    "49":-0.048781916
  },
  "Delta_Prop":{
    "0":-0.0334599902,
    "1":-0.0100684519,
    "2":-0.0487229519,
    "3":-0.0337764619,
    "4":-0.0370372,
    "5":-0.020049257,
    "6":-0.0476075181,
    "7":-0.018348806,
    "8":-0.020527249,
    "9":-0.04234521,
    "10":-0.0327223883,
    "11":-0.0443239107,
    "12":-0.0213091595,
    "13":-0.03064278,
    "14":-0.02480852,
    "15":-0.0740575475,
    "16":-0.05414046,
    "17":-0.0360153621,
    "18":-0.01542742,
    "19":-0.02752992,
    "20":-0.0358990901,
    "21":-0.0103007033,
    "22":-0.0328276187,
    "23":-0.0414149615,
    "24":-0.0199436289,
    "25":-0.0683660068,
    "26":-0.0612107791,
    "27":-0.017815358,
    "28":-0.039736359,
    "29":-0.046561471,
    "30":-0.0609797859,
    "31":-0.0290618402,
    "32":-0.03597708,
    "33":-0.0301386462,
    "34":0.0045331132,
    "35":-0.0609290551,
    "36":-0.03127298,
    "37":-0.033486992,
    "38":-0.0279946919,
    "39":-0.0245835211,
    "40":-0.044430756,
    "41":-0.028448011,
    "42":-0.0315980773,
    "43":-0.02367373,
    "44":-0.066728043,
    "45":-0.0082903472,
    "46":-0.046484834,
    "47":-0.0670032899,
    "48":-0.033525735,
    "49":-0.0515415822
  }
}