{
  "Astrahl":{
    "0":0.0992546133,
    "1":0.091780875,
    "2":0.07986375,
    "3":0.084286246,
    "4":0.1013228657,
    "5":0.07277557,
    "6":0.1092623921,
    "7":0.07823453,
    "8":0.0989045965,
    "9":0.0958044898,
    "10":0.080558546,
    "11":0.0799513,
    "12":0.0889906606,
    "13":0.1111232248,
    "14":0.1894351607,
    "15":0.1044987373,
    "16":0.096715089,
    "17":0.086398272,
    "18":0.0870846967,
    "19":0.1808125192,
    "20":0.1085732803,
    "21":0.1431203792,
    "22":0.083903162,
    "23":0.082465542,
    "24":0.07534798,
    "25":0.08061143,
    "26":0.08194605,
    "27":0.083690907,
    "28":0.129489511,
    "29":0.07835961,
    "30":0.0817198,
    "31":0.07627112,
    "32":0.087161082,
    "33":0.0913662982,
    "34":0.0865133188,
    "35":0.152268817,
    "36":0.07966366,
    "37":0.083038446,
    "38":0.133953335,
    "39":0.083422196,
    "40":0.085053168,
    "41":0.08536608,
    "42":0.1494905912,
    "43":0.13636044,
    "44":0.0987525865,
    "45":0.1383983018,
    "46":0.08532666,
    "47":0.077829188,
    "48":0.1967471105,
    "49":0.079277252
  },
  "Uniform":{
    "0":0.121471057,
    "1":0.114453532,
    "2":0.09857429,
    "3":0.11084526,
    "4":0.1112659174,
    "5":0.10170946,
    "6":0.1281826764,
    "7":0.09831175,
    "8":0.1152750574,
    "9":0.1016442612,
    "10":0.102907611,
    "11":0.0990224,
    "12":0.1046993382,
    "13":0.1081296876,
    "14":0.2481111804,
    "15":0.1201237183,
    "16":0.1147322478,
    "17":0.113305176,
    "18":0.1072063531,
    "19":0.2280021454,
    "20":0.1174359124,
    "21":0.1842846713,
    "22":0.106138402,
    "23":0.108427132,
    "24":0.10428805,
    "25":0.09960714,
    "26":0.09373309,
    "27":0.102667626,
    "28":0.1777105041,
    "29":0.10140265,
    "30":0.10360835,
    "31":0.09583138,
    "32":0.106221941,
    "33":0.1143863857,
    "34":0.1044296413,
    "35":0.1880651075,
    "36":0.09588257,
    "37":0.108976717,
    "38":0.1373671588,
    "39":0.105268645,
    "40":0.11134972,
    "41":0.0983598,
    "42":0.1771513327,
    "43":0.170774972,
    "44":0.1210775761,
    "45":0.1488095191,
    "46":0.09583685,
    "47":0.101159506,
    "48":0.2453526518,
    "49":0.107651825
  },
  "Prop":{
    "0":0.1176821668,
    "1":0.105638086,
    "2":0.09811854,
    "3":0.103671559,
    "4":0.12390922,
    "5":0.10380205,
    "6":0.1326484606,
    "7":0.0975049,
    "8":0.125654626,
    "9":0.1088047143,
    "10":0.101584206,
    "11":0.098532,
    "12":0.114042583,
    "13":0.1254150242,
    "14":0.2397118218,
    "15":0.1210715578,
    "16":0.1241443625,
    "17":0.103303233,
    "18":0.1202079187,
    "19":0.2429640046,
    "20":0.1198439398,
    "21":0.1794397492,
    "22":0.103271443,
    "23":0.111113325,
    "24":0.10420982,
    "25":0.10215369,
    "26":0.10583749,
    "27":0.105636285,
    "28":0.1876992604,
    "29":0.10092691,
    "30":0.10005174,
    "31":0.09702486,
    "32":0.106986437,
    "33":0.1142961085,
    "34":0.1037013445,
    "35":0.1917766791,
    "36":0.09805544,
    "37":0.106987258,
    "38":0.1344075073,
    "39":0.106085719,
    "40":0.10325997,
    "41":0.09532285,
    "42":0.1931276188,
    "43":0.172857853,
    "44":0.1133414254,
    "45":0.1545842977,
    "46":0.0969237,
    "47":0.097746623,
    "48":0.2485763662,
    "49":0.101016675
  },
  "Delta_Uniform":{
    "0":-0.0222164437,
    "1":-0.022672657,
    "2":-0.01871054,
    "3":-0.026559014,
    "4":-0.0099430517,
    "5":-0.02893389,
    "6":-0.0189202843,
    "7":-0.02007722,
    "8":-0.0163704609,
    "9":-0.0058397714,
    "10":-0.022349065,
    "11":-0.0190711,
    "12":-0.0157086776,
    "13":0.0029935372,
    "14":-0.0586760197,
    "15":-0.015624981,
    "16":-0.0180171588,
    "17":-0.026906904,
    "18":-0.0201216564,
    "19":-0.0471896262,
    "20":-0.0088626321,
    "21":-0.0411642922,
    "22":-0.02223524,
    "23":-0.02596159,
    "24":-0.02894007,
    "25":-0.01899571,
    "26":-0.01178704,
    "27":-0.018976719,
    "28":-0.0482209931,
    "29":-0.02304304,
    "30":-0.02188855,
    "31":-0.01956026,
    "32":-0.019060859,
    "33":-0.0230200875,
    "34":-0.0179163225,
    "35":-0.0357962905,
    "36":-0.01621891,
    "37":-0.025938271,
    "38":-0.0034138238,
    "39":-0.021846449,
    "40":-0.026296552,
    "41":-0.01299372,
    "42":-0.0276607415,
    "43":-0.034414532,
    "44":-0.0223249896,
    "45":-0.0104112173,
    "46":-0.01051019,
    "47":-0.023330318,
    "48":-0.0486055414,
    "49":-0.028374573
  },
  "Delta_Prop":{
    "0":-0.0184275535,
    "1":-0.013857211,
    "2":-0.01825479,
    "3":-0.019385313,
    "4":-0.0225863543,
    "5":-0.03102648,
    "6":-0.0233860684,
    "7":-0.01927037,
    "8":-0.0267500295,
    "9":-0.0130002245,
    "10":-0.02102566,
    "11":-0.0185807,
    "12":-0.0250519224,
    "13":-0.0142917994,
    "14":-0.0502766611,
    "15":-0.0165728205,
    "16":-0.0274292735,
    "17":-0.016904961,
    "18":-0.033123222,
    "19":-0.0621514854,
    "20":-0.0112706595,
    "21":-0.03631937,
    "22":-0.019368281,
    "23":-0.028647783,
    "24":-0.02886184,
    "25":-0.02154226,
    "26":-0.02389144,
    "27":-0.021945378,
    "28":-0.0582097494,
    "29":-0.0225673,
    "30":-0.01833194,
    "31":-0.02075374,
    "32":-0.019825355,
    "33":-0.0229298103,
    "34":-0.0171880257,
    "35":-0.0395078621,
    "36":-0.01839178,
    "37":-0.023948812,
    "38":-0.0004541723,
    "39":-0.022663523,
    "40":-0.018206802,
    "41":-0.00995677,
    "42":-0.0436370276,
    "43":-0.036497413,
    "44":-0.0145888389,
    "45":-0.0161859959,
    "46":-0.01159704,
    "47":-0.019917435,
    "48":-0.0518292558,
    "49":-0.021739423
  }
}