{
  "Astrahl":{
    "0":0.02302249,
    "1":0.0825806101,
    "2":0.0751252323,
    "3":0.048279937,
    "4":0.02896169,
    "5":0.028492404,
    "6":0.0429268,
    "7":0.041511651,
    "8":0.02942649,
    "9":0.030203031,
    "10":0.034302094,
    "11":0.08124159,
    "12":0.051530822,
    "13":0.025611591,
    "14":0.019171,
    "15":0.0340712179,
    "16":0.0234047,
    "17":0.04777076,
    "18":0.0427679315,
    "19":0.03522276,
    "20":0.0222812,
    "21":0.026601556,
    "22":0.04688057,
    "23":0.02135528,
    "24":0.02138096,
    "25":0.0248672,
    "26":0.0216847049,
    "27":0.0405168953,
    "28":0.0259843,
    "29":0.03985486,
    "30":0.04638728,
    "31":0.0422808669,
    "32":0.02138868,
    "33":0.0171672,
    "34":0.0368185,
    "35":0.03954206,
    "36":0.03296999,
    "37":0.02715289,
    "38":0.07701697,
    "39":0.039339781,
    "40":0.03990108,
    "41":0.04063199,
    "42":0.05761826,
    "43":0.02905257,
    "44":0.0302237,
    "45":0.0404734,
    "46":0.039111921,
    "47":0.0366339269,
    "48":0.076542822,
    "49":0.03717006
  },
  "Uniform":{
    "0":0.07405249,
    "1":0.1903268963,
    "2":0.1833273993,
    "3":0.0935890069,
    "4":0.062925,
    "5":0.069017131,
    "6":0.1040693,
    "7":0.12271898,
    "8":0.068909031,
    "9":0.06911679,
    "10":0.110087611,
    "11":0.195575201,
    "12":0.132029221,
    "13":0.0733944,
    "14":0.076537,
    "15":0.09585179,
    "16":0.09857279,
    "17":0.0889713,
    "18":0.1350833887,
    "19":0.09064827,
    "20":0.06701849,
    "21":0.06225689,
    "22":0.11507809,
    "23":0.0613922,
    "24":0.0657742,
    "25":0.05527959,
    "26":0.0693993,
    "27":0.089439121,
    "28":0.0707693,
    "29":0.12565998,
    "30":0.13752778,
    "31":0.115620111,
    "32":0.08244808,
    "33":0.0777912,
    "34":0.10548859,
    "35":0.11092049,
    "36":0.0914951,
    "37":0.0686741,
    "38":0.15936398,
    "39":0.101865111,
    "40":0.093549941,
    "41":0.1258572,
    "42":0.14415565,
    "43":0.099306,
    "44":0.07184939,
    "45":0.1003041,
    "46":0.09815049,
    "47":0.110162223,
    "48":0.2074910199,
    "49":0.101188001
  },
  "Prop":{
    "0":0.0719651,
    "1":0.2436430858,
    "2":0.2250920528,
    "3":0.12200799,
    "4":0.067739,
    "5":0.085885692,
    "6":0.1239241,
    "7":0.1241498359,
    "8":0.0785112,
    "9":0.07452979,
    "10":0.11475647,
    "11":0.212899621,
    "12":0.140743072,
    "13":0.0640844,
    "14":0.0858651,
    "15":0.11010799,
    "16":0.11031038,
    "17":0.11557288,
    "18":0.1547422769,
    "19":0.10584498,
    "20":0.0730622,
    "21":0.07931469,
    "22":0.11605308,
    "23":0.069793,
    "24":0.0890145,
    "25":0.0844282,
    "26":0.07881578,
    "27":0.1147876863,
    "28":0.0677003,
    "29":0.164404782,
    "30":0.13908989,
    "31":0.09442858,
    "32":0.07651369,
    "33":0.067509,
    "34":0.100424,
    "35":0.1021562,
    "36":0.0864142,
    "37":0.0733461,
    "38":0.20268859,
    "39":0.11958666,
    "40":0.091185641,
    "41":0.14170688,
    "42":0.15942269,
    "43":0.13011637,
    "44":0.08581918,
    "45":0.122232851,
    "46":0.11473289,
    "47":0.119364931,
    "48":0.2368865769,
    "49":0.1238057569
  },
  "Delta_Uniform":{
    "0":-0.05103,
    "1":-0.1077462862,
    "2":-0.108202167,
    "3":-0.0453090699,
    "4":-0.03396331,
    "5":-0.040524727,
    "6":-0.0611425,
    "7":-0.081207329,
    "8":-0.039482541,
    "9":-0.038913759,
    "10":-0.075785517,
    "11":-0.114333611,
    "12":-0.080498399,
    "13":-0.047782809,
    "14":-0.057366,
    "15":-0.0617805721,
    "16":-0.07516809,
    "17":-0.04120054,
    "18":-0.0923154572,
    "19":-0.05542551,
    "20":-0.04473729,
    "21":-0.035655334,
    "22":-0.06819752,
    "23":-0.04003692,
    "24":-0.04439324,
    "25":-0.03041239,
    "26":-0.0477145951,
    "27":-0.0489222257,
    "28":-0.044785,
    "29":-0.08580512,
    "30":-0.0911405,
    "31":-0.0733392441,
    "32":-0.0610594,
    "33":-0.060624,
    "34":-0.06867009,
    "35":-0.07137843,
    "36":-0.05852511,
    "37":-0.04152121,
    "38":-0.08234701,
    "39":-0.06252533,
    "40":-0.053648861,
    "41":-0.08522521,
    "42":-0.08653739,
    "43":-0.07025343,
    "44":-0.04162569,
    "45":-0.0598307,
    "46":-0.059038569,
    "47":-0.0735282961,
    "48":-0.1309481979,
    "49":-0.064017941
  },
  "Delta_Prop":{
    "0":-0.04894261,
    "1":-0.1610624757,
    "2":-0.1499668205,
    "3":-0.073728053,
    "4":-0.03877731,
    "5":-0.057393288,
    "6":-0.0809973,
    "7":-0.0826381849,
    "8":-0.04908471,
    "9":-0.044326759,
    "10":-0.080454376,
    "11":-0.131658031,
    "12":-0.08921225,
    "13":-0.038472809,
    "14":-0.0666941,
    "15":-0.0760367721,
    "16":-0.08690568,
    "17":-0.06780212,
    "18":-0.1119743454,
    "19":-0.07062222,
    "20":-0.050781,
    "21":-0.052713134,
    "22":-0.06917251,
    "23":-0.04843772,
    "24":-0.06763354,
    "25":-0.059561,
    "26":-0.0571310751,
    "27":-0.074270791,
    "28":-0.041716,
    "29":-0.124549922,
    "30":-0.09270261,
    "31":-0.0521477131,
    "32":-0.05512501,
    "33":-0.0503418,
    "34":-0.0636055,
    "35":-0.06261414,
    "36":-0.05344421,
    "37":-0.04619321,
    "38":-0.12567162,
    "39":-0.080246879,
    "40":-0.051284561,
    "41":-0.10107489,
    "42":-0.10180443,
    "43":-0.1010638,
    "44":-0.05559548,
    "45":-0.081759451,
    "46":-0.075620969,
    "47":-0.0827310041,
    "48":-0.1603437549,
    "49":-0.0866356969
  }
}