{
  "Astrahl":{
    "0":0.001342237,
    "1":0.0013850741,
    "2":0.001651984,
    "3":0.001643912,
    "4":0.0010435708,
    "5":0.0004185364,
    "6":0.00081368,
    "7":0.00081368,
    "8":0.0019775845,
    "9":0.0031498278,
    "10":0.0021315581,
    "11":0.0024626852,
    "12":0.0029825854,
    "13":0.0019417069,
    "14":0.0086125008,
    "15":0.001342237,
    "16":0.000619494,
    "17":0.0010005598,
    "18":0.0043676094,
    "19":0.0019593297,
    "20":0.00188191,
    "21":0.0052052695,
    "22":0.00081368,
    "23":0.0007687804,
    "24":0.00359789,
    "25":0.0047035068,
    "26":0.002298468,
    "27":0.0009417069,
    "28":0.00103249,
    "29":0.0073153062,
    "30":0.0030398923,
    "31":0.0085528325,
    "32":0.0006185706,
    "33":0.002613947,
    "34":0.0022544646,
    "35":0.00081368,
    "36":0.0043862431,
    "37":0.0021579041,
    "38":0.0003210079,
    "39":0.0023134271,
    "40":0.0036324874,
    "41":0.0023715489,
    "42":0.0034562383,
    "43":0.0006185706,
    "44":0.0021358776,
    "45":0.0010838772,
    "46":0.001617189,
    "47":0.0007324387,
    "48":0.0016566351,
    "49":0.003115407
  },
  "Uniform":{
    "0":0.003466305,
    "1":0.0166594677,
    "2":0.0089246021,
    "3":0.0108695022,
    "4":0.0042743231,
    "5":0.0044866731,
    "6":0.00453215,
    "7":0.00352536,
    "8":0.0092371499,
    "9":0.0174692833,
    "10":0.015442142,
    "11":0.012222876,
    "12":0.0212528322,
    "13":0.0154891285,
    "14":0.0287046316,
    "15":0.004347716,
    "16":0.004369915,
    "17":0.0050176278,
    "18":0.0241325497,
    "19":0.0087803598,
    "20":0.019346945,
    "21":0.0281018099,
    "22":0.00412897,
    "23":0.0069659112,
    "24":0.0164525958,
    "25":0.0274075212,
    "26":0.015921857,
    "27":0.0042195005,
    "28":0.004962695,
    "29":0.0466740996,
    "30":0.0247270082,
    "31":0.0410178762,
    "32":0.0040748265,
    "33":0.0118394542,
    "34":0.008541547,
    "35":0.00373828,
    "36":0.0171168323,
    "37":0.0072135611,
    "38":0.0043435256,
    "39":0.0169838354,
    "40":0.0130103739,
    "41":0.0226424922,
    "42":0.0142267468,
    "43":0.0045796603,
    "44":0.0109986683,
    "45":0.0039904051,
    "46":0.008375647,
    "47":0.0043940115,
    "48":0.0087966268,
    "49":0.0140347975
  },
  "Prop":{
    "0":0.003145379,
    "1":0.0153150776,
    "2":0.0082403772,
    "3":0.014059275,
    "4":0.0049866403,
    "5":0.0045852094,
    "6":0.00503789,
    "7":0.00352484,
    "8":0.0080487445,
    "9":0.0162706753,
    "10":0.0167572192,
    "11":0.0137573133,
    "12":0.0245901089,
    "13":0.0173086142,
    "14":0.032803838,
    "15":0.004366951,
    "16":0.004572036,
    "17":0.0034683966,
    "18":0.0211109032,
    "19":0.0107162207,
    "20":0.023122313,
    "21":0.0267605998,
    "22":0.00372976,
    "23":0.0086532576,
    "24":0.0213821413,
    "25":0.0239717476,
    "26":0.0181771193,
    "27":0.0045039643,
    "28":0.003753696,
    "29":0.0480508823,
    "30":0.0217450472,
    "31":0.0488268467,
    "32":0.0044477093,
    "33":0.0107014712,
    "34":0.0087958168,
    "35":0.00442816,
    "36":0.0159208884,
    "37":0.0108337193,
    "38":0.0047367425,
    "39":0.0159988368,
    "40":0.0155860969,
    "41":0.0219200432,
    "42":0.0198777897,
    "43":0.0045764714,
    "44":0.0087697774,
    "45":0.004953354,
    "46":0.009182159,
    "47":0.0054898252,
    "48":0.0097952457,
    "49":0.014775508
  },
  "Delta_Uniform":{
    "0":-0.002124068,
    "1":-0.0152743936,
    "2":-0.0072726181,
    "3":-0.0092255903,
    "4":-0.0032307523,
    "5":-0.0040681367,
    "6":-0.00371847,
    "7":-0.00271168,
    "8":-0.0072595654,
    "9":-0.0143194555,
    "10":-0.0133105839,
    "11":-0.0097601908,
    "12":-0.0182702468,
    "13":-0.0135474216,
    "14":-0.0200921307,
    "15":-0.003005479,
    "16":-0.003750421,
    "17":-0.004017068,
    "18":-0.0197649403,
    "19":-0.0068210301,
    "20":-0.017465035,
    "21":-0.0228965403,
    "22":-0.00331529,
    "23":-0.0061971308,
    "24":-0.0128547058,
    "25":-0.0227040144,
    "26":-0.013623389,
    "27":-0.0032777936,
    "28":-0.003930205,
    "29":-0.0393587934,
    "30":-0.0216871159,
    "31":-0.0324650437,
    "32":-0.0034562559,
    "33":-0.0092255072,
    "34":-0.0062870824,
    "35":-0.0029246,
    "36":-0.0127305892,
    "37":-0.005055657,
    "38":-0.0040225177,
    "39":-0.0146704083,
    "40":-0.0093778865,
    "41":-0.0202709432,
    "42":-0.0107705085,
    "43":-0.0039610897,
    "44":-0.0088627907,
    "45":-0.0029065279,
    "46":-0.006758458,
    "47":-0.0036615728,
    "48":-0.0071399917,
    "49":-0.0109193906
  },
  "Delta_Prop":{
    "0":-0.001803142,
    "1":-0.0139300035,
    "2":-0.0065883932,
    "3":-0.012415363,
    "4":-0.0039430695,
    "5":-0.004166673,
    "6":-0.00422421,
    "7":-0.00271116,
    "8":-0.00607116,
    "9":-0.0131208476,
    "10":-0.0146256611,
    "11":-0.0112946281,
    "12":-0.0216075234,
    "13":-0.0153669073,
    "14":-0.0241913372,
    "15":-0.003024714,
    "16":-0.003952542,
    "17":-0.0024678368,
    "18":-0.0167432938,
    "19":-0.008756891,
    "20":-0.021240403,
    "21":-0.0215553302,
    "22":-0.00291608,
    "23":-0.0078844772,
    "24":-0.0177842513,
    "25":-0.0192682408,
    "26":-0.0158786513,
    "27":-0.0035622574,
    "28":-0.002721206,
    "29":-0.0407355762,
    "30":-0.0187051549,
    "31":-0.0402740142,
    "32":-0.0038291387,
    "33":-0.0080875242,
    "34":-0.0065413522,
    "35":-0.00361448,
    "36":-0.0115346453,
    "37":-0.0086758152,
    "38":-0.0044157346,
    "39":-0.0136854097,
    "40":-0.0119536095,
    "41":-0.0195484943,
    "42":-0.0164215514,
    "43":-0.0039579008,
    "44":-0.0066338998,
    "45":-0.0038694768,
    "46":-0.00756497,
    "47":-0.0047573865,
    "48":-0.0081386106,
    "49":-0.0116601011
  }
}