{
  "Astrahl":{
    "0":0.4466598976,
    "1":0.280381564,
    "2":0.3303309448,
    "3":0.464614786,
    "4":0.5194118695,
    "5":0.3696871026,
    "6":0.4033583408,
    "7":0.3282826168,
    "8":0.341928784,
    "9":0.279933247,
    "10":0.2616283,
    "11":0.4409936656,
    "12":0.327645163,
    "13":0.3445738876,
    "14":0.3936071404,
    "15":0.4203218063,
    "16":0.5157013968,
    "17":0.4330642,
    "18":0.5444246474,
    "19":0.4861116405,
    "20":0.3442599326,
    "21":0.3569490935,
    "22":0.4977254492,
    "23":0.288657322,
    "24":0.5905272439,
    "25":0.3703930264,
    "26":0.27678421,
    "27":0.3801850273,
    "28":0.5372241664,
    "29":0.48851272,
    "30":0.5856992292,
    "31":0.278697187,
    "32":0.4356022638,
    "33":0.6323458767,
    "34":0.5643522766,
    "35":0.3380969332,
    "36":0.5290363876,
    "37":0.4961610417,
    "38":0.5377233884,
    "39":0.310690324,
    "40":0.3719432674,
    "41":0.329795146,
    "42":0.3809283886,
    "43":0.43750162,
    "44":0.5364941532,
    "45":0.4019968676,
    "46":0.3532926397,
    "47":0.3434693797,
    "48":0.3111737806,
    "49":0.5385120887
  },
  "Uniform":{
    "0":0.461222726,
    "1":0.300341278,
    "2":0.3524014279,
    "3":0.4959345278,
    "4":0.5335642554,
    "5":0.3864698095,
    "6":0.412288641,
    "7":0.3450585106,
    "8":0.344412973,
    "9":0.296622955,
    "10":0.29109231,
    "11":0.4511884244,
    "12":0.353925208,
    "13":0.3354636628,
    "14":0.4050614962,
    "15":0.4501827398,
    "16":0.5425575434,
    "17":0.4569802128,
    "18":0.5293069454,
    "19":0.5307381868,
    "20":0.3683619871,
    "21":0.3769957814,
    "22":0.5353301973,
    "23":0.3100330851,
    "24":0.6049805349,
    "25":0.4021363837,
    "26":0.30436705,
    "27":0.410461345,
    "28":0.5801175599,
    "29":0.4948127562,
    "30":0.6425329627,
    "31":0.288986536,
    "32":0.4516025948,
    "33":0.647783051,
    "34":0.5749656954,
    "35":0.36235666,
    "36":0.5506933654,
    "37":0.5001539285,
    "38":0.535450972,
    "39":0.335947501,
    "40":0.3988691515,
    "41":0.347931208,
    "42":0.3978577369,
    "43":0.4680944484,
    "44":0.5854806157,
    "45":0.4074592641,
    "46":0.3625109544,
    "47":0.3549233548,
    "48":0.3511076149,
    "49":0.5352804131
  },
  "Prop":{
    "0":0.4640838717,
    "1":0.283348909,
    "2":0.3547109161,
    "3":0.4951152354,
    "4":0.5350180896,
    "5":0.3796911281,
    "6":0.404835375,
    "7":0.3532771189,
    "8":0.364155265,
    "9":0.303775354,
    "10":0.29162908,
    "11":0.4419092013,
    "12":0.351425224,
    "13":0.363565504,
    "14":0.415990081,
    "15":0.4527108097,
    "16":0.5389416371,
    "17":0.4642914355,
    "18":0.54319259,
    "19":0.5326420211,
    "20":0.3675302704,
    "21":0.3724773293,
    "22":0.5330154456,
    "23":0.3151294812,
    "24":0.611227617,
    "25":0.4006754677,
    "26":0.30283372,
    "27":0.4058658019,
    "28":0.5764684107,
    "29":0.5114509995,
    "30":0.6409785145,
    "31":0.291028465,
    "32":0.4540655017,
    "33":0.6553150425,
    "34":0.5809147522,
    "35":0.3599137729,
    "36":0.5404482239,
    "37":0.4951195158,
    "38":0.5294774812,
    "39":0.349206148,
    "40":0.3956605147,
    "41":0.358011172,
    "42":0.4102810552,
    "43":0.4628846076,
    "44":0.5817220767,
    "45":0.4118557345,
    "46":0.3641465155,
    "47":0.3571525558,
    "48":0.3458269648,
    "49":0.5417860782
  },
  "Delta_Uniform":{
    "0":-0.0145628284,
    "1":-0.019959714,
    "2":-0.0220704831,
    "3":-0.0313197418,
    "4":-0.014152386,
    "5":-0.0167827068,
    "6":-0.0089303002,
    "7":-0.0167758938,
    "8":-0.002484189,
    "9":-0.016689708,
    "10":-0.02946401,
    "11":-0.0101947588,
    "12":-0.026280045,
    "13":0.0091102248,
    "14":-0.0114543558,
    "15":-0.0298609335,
    "16":-0.0268561466,
    "17":-0.0239160129,
    "18":0.015117702,
    "19":-0.0446265463,
    "20":-0.0241020544,
    "21":-0.0200466879,
    "22":-0.0376047481,
    "23":-0.0213757631,
    "24":-0.014453291,
    "25":-0.0317433573,
    "26":-0.02758284,
    "27":-0.0302763177,
    "28":-0.0428933934,
    "29":-0.0063000362,
    "30":-0.0568337334,
    "31":-0.010289349,
    "32":-0.016000331,
    "33":-0.0154371744,
    "34":-0.0106134188,
    "35":-0.0242597268,
    "36":-0.0216569778,
    "37":-0.0039928868,
    "38":0.0022724163,
    "39":-0.025257177,
    "40":-0.0269258841,
    "41":-0.018136062,
    "42":-0.0169293483,
    "43":-0.0305928284,
    "44":-0.0489864625,
    "45":-0.0054623965,
    "46":-0.0092183146,
    "47":-0.0114539751,
    "48":-0.0399338343,
    "49":0.0032316757
  },
  "Delta_Prop":{
    "0":-0.0174239741,
    "1":-0.002967345,
    "2":-0.0243799713,
    "3":-0.0305004494,
    "4":-0.0156062202,
    "5":-0.0100040255,
    "6":-0.0014770342,
    "7":-0.0249945021,
    "8":-0.022226481,
    "9":-0.023842107,
    "10":-0.03000078,
    "11":-0.0009155357,
    "12":-0.023780061,
    "13":-0.0189916164,
    "14":-0.0223829406,
    "15":-0.0323890034,
    "16":-0.0232402404,
    "17":-0.0312272355,
    "18":0.0012320574,
    "19":-0.0465303805,
    "20":-0.0232703377,
    "21":-0.0155282358,
    "22":-0.0352899965,
    "23":-0.0264721592,
    "24":-0.0207003731,
    "25":-0.0302824413,
    "26":-0.02604951,
    "27":-0.0256807746,
    "28":-0.0392442442,
    "29":-0.0229382795,
    "30":-0.0552792853,
    "31":-0.012331278,
    "32":-0.0184632379,
    "33":-0.0229691658,
    "34":-0.0165624757,
    "35":-0.0218168397,
    "36":-0.0114118363,
    "37":0.0010415259,
    "38":0.0082459071,
    "39":-0.038515824,
    "40":-0.0237172473,
    "41":-0.028216026,
    "42":-0.0293526666,
    "43":-0.0253829876,
    "44":-0.0452279235,
    "45":-0.0098588669,
    "46":-0.0108538757,
    "47":-0.0136831761,
    "48":-0.0346531842,
    "49":-0.0032739895
  }
}