{
  "Astrahl":{
    "0":0.3716711004,
    "1":0.214638292,
    "2":0.2513430072,
    "3":0.3632370113,
    "4":0.4179607604,
    "5":0.3183932514,
    "6":0.3145527166,
    "7":0.2594101753,
    "8":0.260022754,
    "9":0.21945853,
    "10":0.22694148,
    "11":0.3734690014,
    "12":0.253335916,
    "13":0.2823540355,
    "14":0.307562428,
    "15":0.3354224718,
    "16":0.4132721234,
    "17":0.3616009342,
    "18":0.4473682094,
    "19":0.3867424594,
    "20":0.2625950466,
    "21":0.3016328528,
    "22":0.4085941289,
    "23":0.2192660001,
    "24":0.4917582203,
    "25":0.2862875251,
    "26":0.21227518,
    "27":0.3038975902,
    "28":0.4330460607,
    "29":0.3722829768,
    "30":0.5061344705,
    "31":0.208557784,
    "32":0.3475709906,
    "33":0.5270564778,
    "34":0.4626274128,
    "35":0.2681069383,
    "36":0.4357132128,
    "37":0.4020586903,
    "38":0.4466462531,
    "39":0.247689622,
    "40":0.3037909663,
    "41":0.269536456,
    "42":0.3006525043,
    "43":0.3499284632,
    "44":0.4506263163,
    "45":0.3141623746,
    "46":0.2740691691,
    "47":0.2885562397,
    "48":0.2372078286,
    "49":0.4477376651
  },
  "Uniform":{
    "0":0.397077383,
    "1":0.242023275,
    "2":0.2926423873,
    "3":0.4126252388,
    "4":0.4380260466,
    "5":0.3186536375,
    "6":0.3217806065,
    "7":0.2864559493,
    "8":0.283607947,
    "9":0.250240942,
    "10":0.24746977,
    "11":0.3676135728,
    "12":0.287266375,
    "13":0.2881651933,
    "14":0.3356738002,
    "15":0.3678267379,
    "16":0.4669767243,
    "17":0.3810681931,
    "18":0.4617859193,
    "19":0.460484106,
    "20":0.3023333917,
    "21":0.29402625,
    "22":0.4519452344,
    "23":0.2567052831,
    "24":0.5351336107,
    "25":0.3397891672,
    "26":0.23113529,
    "27":0.3267404641,
    "28":0.4805317832,
    "29":0.4183329186,
    "30":0.5633883489,
    "31":0.249976305,
    "32":0.3711213176,
    "33":0.5574377255,
    "34":0.5135298485,
    "35":0.2850065515,
    "36":0.4622693596,
    "37":0.4199302921,
    "38":0.4618708804,
    "39":0.304608745,
    "40":0.3390547816,
    "41":0.281576458,
    "42":0.3347953813,
    "43":0.3797290857,
    "44":0.4970056152,
    "45":0.3419126298,
    "46":0.3033422111,
    "47":0.2820615192,
    "48":0.3064095451,
    "49":0.4567642934
  },
  "Prop":{
    "0":0.3935375325,
    "1":0.254052045,
    "2":0.3014281423,
    "3":0.425586473,
    "4":0.4726224563,
    "5":0.3028899785,
    "6":0.3525382392,
    "7":0.2994734422,
    "8":0.300046897,
    "9":0.245307466,
    "10":0.24584949,
    "11":0.382401811,
    "12":0.291677095,
    "13":0.3037081303,
    "14":0.3356525143,
    "15":0.3803350458,
    "16":0.4565132139,
    "17":0.4045428826,
    "18":0.4715890004,
    "19":0.4544701908,
    "20":0.3097633253,
    "21":0.3110414197,
    "22":0.4594518153,
    "23":0.2496765609,
    "24":0.5325874747,
    "25":0.3205006542,
    "26":0.24162265,
    "27":0.3424797343,
    "28":0.490166203,
    "29":0.4221092974,
    "30":0.5796572959,
    "31":0.255145284,
    "32":0.4027044699,
    "33":0.5882911737,
    "34":0.5170277517,
    "35":0.2999332081,
    "36":0.4700785282,
    "37":0.4238301886,
    "38":0.4660922029,
    "39":0.284802796,
    "40":0.3379457143,
    "41":0.305237485,
    "42":0.3475443835,
    "43":0.3889889895,
    "44":0.5000559108,
    "45":0.3548798622,
    "46":0.300494434,
    "47":0.2902703752,
    "48":0.2884462651,
    "49":0.4831381784
  },
  "Delta_Uniform":{
    "0":-0.0254062826,
    "1":-0.027384983,
    "2":-0.0412993801,
    "3":-0.0493882275,
    "4":-0.0200652862,
    "5":-0.0002603861,
    "6":-0.0072278899,
    "7":-0.027045774,
    "8":-0.023585193,
    "9":-0.030782412,
    "10":-0.02052829,
    "11":0.0058554286,
    "12":-0.033930459,
    "13":-0.0058111578,
    "14":-0.0281113722,
    "15":-0.0324042661,
    "16":-0.0537046009,
    "17":-0.0194672588,
    "18":-0.0144177099,
    "19":-0.0737416466,
    "20":-0.0397383451,
    "21":0.0076066028,
    "22":-0.0433511055,
    "23":-0.037439283,
    "24":-0.0433753904,
    "25":-0.0535016421,
    "26":-0.01886011,
    "27":-0.0228428739,
    "28":-0.0474857225,
    "29":-0.0460499418,
    "30":-0.0572538784,
    "31":-0.041418521,
    "32":-0.0235503269,
    "33":-0.0303812477,
    "34":-0.0509024357,
    "35":-0.0168996132,
    "36":-0.0265561468,
    "37":-0.0178716019,
    "38":-0.0152246273,
    "39":-0.056919123,
    "40":-0.0352638153,
    "41":-0.012040002,
    "42":-0.034142877,
    "43":-0.0298006225,
    "44":-0.0463792989,
    "45":-0.0277502551,
    "46":-0.029273042,
    "47":0.0064947205,
    "48":-0.0692017165,
    "49":-0.0090266282
  },
  "Delta_Prop":{
    "0":-0.0218664321,
    "1":-0.039413753,
    "2":-0.0500851351,
    "3":-0.0623494618,
    "4":-0.0546616958,
    "5":0.0155032729,
    "6":-0.0379855226,
    "7":-0.0400632669,
    "8":-0.040024143,
    "9":-0.025848936,
    "10":-0.01890801,
    "11":-0.0089328096,
    "12":-0.038341179,
    "13":-0.0213540948,
    "14":-0.0280900863,
    "15":-0.044912574,
    "16":-0.0432410905,
    "17":-0.0429419484,
    "18":-0.024220791,
    "19":-0.0677277314,
    "20":-0.0471682787,
    "21":-0.0094085669,
    "22":-0.0508576863,
    "23":-0.0304105608,
    "24":-0.0408292544,
    "25":-0.0342131291,
    "26":-0.02934747,
    "27":-0.0385821441,
    "28":-0.0571201424,
    "29":-0.0498263206,
    "30":-0.0735228254,
    "31":-0.0465875,
    "32":-0.0551334793,
    "33":-0.0612346958,
    "34":-0.0544003389,
    "35":-0.0318262698,
    "36":-0.0343653154,
    "37":-0.0217714983,
    "38":-0.0194459498,
    "39":-0.037113174,
    "40":-0.034154748,
    "41":-0.035701029,
    "42":-0.0468918792,
    "43":-0.0390605264,
    "44":-0.0494295945,
    "45":-0.0407174876,
    "46":-0.0264252649,
    "47":-0.0017141355,
    "48":-0.0512384365,
    "49":-0.0354005133
  }
}