{
  "Astrahl":{
    "0":0.0000000892,
    "1":0.0000000835,
    "2":0.0000000244,
    "3":0.0000000216,
    "4":0.0000000029,
    "5":0.0000001582,
    "6":0.000000084,
    "7":0.0000000072,
    "8":0.00000008,
    "9":0.0000001739,
    "10":0.0000000076,
    "11":0.0000000511,
    "12":0.0000001849,
    "13":0.0000000087,
    "14":0.0000000353,
    "15":0.000000009,
    "16":0.0000000372,
    "17":0.0000001589,
    "18":0.0000000054,
    "19":0.0000000474,
    "20":0.000000008,
    "21":0.0000001933,
    "22":0.0000000631,
    "23":0.0000000062,
    "24":0.0000000322,
    "25":0.0000000894,
    "26":0.0000000592,
    "27":0.0000000082,
    "28":0.0000000342,
    "29":0.0000001362,
    "30":0.0000001184,
    "31":0.0000000207,
    "32":0.0000000379,
    "33":0.0000000418,
    "34":0.0000001576,
    "35":0.0000001064,
    "36":0.0000000485,
    "37":0.000000082,
    "38":0.000000052,
    "39":0.0000000077,
    "40":0.0000000932,
    "41":0.0000000193,
    "42":0.0000000955,
    "43":0.0000000348,
    "44":0.0000000137,
    "45":0.0000000196,
    "46":0.0000000056,
    "47":0.0000000474,
    "48":0.0000000077,
    "49":0.0000000707,
    "50":0.0000000777,
    "51":0.0000000035,
    "52":0.0000000227,
    "53":0.0000000032,
    "54":0.0000000551,
    "55":0.0000000203,
    "56":0.0000000141,
    "57":0.000000056,
    "58":0.0000000124,
    "59":0.0000000278,
    "60":0.0000001718,
    "61":0.0000000138,
    "62":0.000000074,
    "63":0.0000000088,
    "64":0.0000000138,
    "65":0.0000000223,
    "66":0.0000000165,
    "67":0.0000000315,
    "68":0.0000000121,
    "69":0.0000001044,
    "70":0.0000001629,
    "71":0.000000081,
    "72":0.0000000022,
    "73":0.0000000807,
    "74":0.000000034,
    "75":0.0000000382,
    "76":0.0000000269,
    "77":0.0000000076,
    "78":0.0000000483,
    "79":0.0000000104,
    "80":0.0000001091,
    "81":0.0000003548,
    "82":0.0000000813,
    "83":0.0000000515,
    "84":0.0000000784,
    "85":0.0000002378,
    "86":0.0000000202,
    "87":0.0000000282,
    "88":0.0000000077,
    "89":0.0000000083,
    "90":0.0000000972,
    "91":0.0000000158,
    "92":0.0000000137,
    "93":0.0000000411,
    "94":0.000000068,
    "95":0.0000000268,
    "96":0.0000000275,
    "97":0.0000000466,
    "98":0.0000002306,
    "99":0.0000000392
  },
  "Uniform":{
    "0":0.0000026913,
    "1":0.0000025962,
    "2":0.0000007919,
    "3":0.0000006853,
    "4":0.0000000869,
    "5":0.0000051436,
    "6":0.0000026816,
    "7":0.0000002196,
    "8":0.0000025001,
    "9":0.0000042864,
    "10":0.0000002333,
    "11":0.0000016078,
    "12":0.00000612,
    "13":0.000000262,
    "14":0.0000010862,
    "15":0.0000002829,
    "16":0.0000011217,
    "17":0.0000050374,
    "18":0.0000001624,
    "19":0.0000014567,
    "20":0.0000002465,
    "21":0.0000063724,
    "22":0.0000019324,
    "23":0.0000001843,
    "24":0.0000010202,
    "25":0.0000028583,
    "26":0.0000018306,
    "27":0.0000002583,
    "28":0.000001043,
    "29":0.0000043499,
    "30":0.0000039619,
    "31":0.000000483,
    "32":0.000001191,
    "33":0.0000012894,
    "34":0.0000048939,
    "35":0.0000034815,
    "36":0.0000015239,
    "37":0.0000025281,
    "38":0.000001637,
    "39":0.0000002366,
    "40":0.0000030492,
    "41":0.0000006113,
    "42":0.0000029239,
    "43":0.000001072,
    "44":0.0000004141,
    "45":0.0000002875,
    "46":0.0000001274,
    "47":0.0000009649,
    "48":0.0000002379,
    "49":0.000002193,
    "50":0.0000025498,
    "51":0.0000001069,
    "52":0.0000006965,
    "53":0.0000001002,
    "54":0.0000017033,
    "55":0.0000006567,
    "56":0.0000004263,
    "57":0.000001825,
    "58":0.0000003949,
    "59":0.0000007178,
    "60":0.0000038919,
    "61":0.0000004348,
    "62":0.0000024429,
    "63":0.0000002085,
    "64":0.0000004329,
    "65":0.0000007178,
    "66":0.0000005084,
    "67":0.0000010249,
    "68":0.0000003787,
    "69":0.0000032143,
    "70":0.0000054328,
    "71":0.0000025324,
    "72":0.0000000667,
    "73":0.0000026802,
    "74":0.0000010589,
    "75":0.0000011742,
    "76":0.0000008442,
    "77":0.0000001928,
    "78":0.0000008156,
    "79":0.0000003325,
    "80":0.0000034764,
    "81":0.0000117206,
    "82":0.000001651,
    "83":0.0000016973,
    "84":0.0000024495,
    "85":0.0000073387,
    "86":0.0000006108,
    "87":0.0000009163,
    "88":0.0000002424,
    "89":0.0000002588,
    "90":0.0000032098,
    "91":0.0000004726,
    "92":0.0000004387,
    "93":0.0000013181,
    "94":0.0000010517,
    "95":0.0000008288,
    "96":0.0000007067,
    "97":0.0000014916,
    "98":0.0000074222,
    "99":0.0000012399
  },
  "Prop":{
    "0":0.0000036346,
    "1":0.0000010282,
    "2":0.0000010125,
    "3":0.0000006076,
    "4":0.0000000556,
    "5":0.0000032448,
    "6":0.0000038148,
    "7":0.0000001938,
    "8":0.0000009486,
    "9":0.0000063624,
    "10":0.0000002351,
    "11":0.0000008864,
    "12":0.0000048002,
    "13":0.0000001098,
    "14":0.0000009847,
    "15":0.0000005172,
    "16":0.0000002656,
    "17":0.0000017973,
    "18":0.0000000547,
    "19":0.0000006465,
    "20":0.0000002768,
    "21":0.0000046276,
    "22":0.0000005287,
    "23":0.0000000874,
    "24":0.0000008817,
    "25":0.0000014119,
    "26":0.0000005606,
    "27":0.0000004478,
    "28":0.0000003703,
    "29":0.0000022237,
    "30":0.0000048029,
    "31":0.0000013576,
    "32":0.000000777,
    "33":0.0000009401,
    "34":0.0000013877,
    "35":0.0000026237,
    "36":0.0000008636,
    "37":0.0000009031,
    "38":0.0000009433,
    "39":0.0000003545,
    "40":0.0000030169,
    "41":0.0000012671,
    "42":0.0000007351,
    "43":0.0000005064,
    "44":0.0000001959,
    "45":0.0000019015,
    "46":0.0000007206,
    "47":0.0000021265,
    "48":0.0000002783,
    "49":0.0000012735,
    "50":0.000002437,
    "51":0.0000001604,
    "52":0.0000002929,
    "53":0.0000002146,
    "54":0.0000012896,
    "55":0.0000012844,
    "56":0.0000001801,
    "57":0.0000020502,
    "58":0.0000010841,
    "59":0.0000018321,
    "60":0.0000060181,
    "61":0.0000007311,
    "62":0.0000021522,
    "63":0.000000914,
    "64":0.0000003852,
    "65":0.0000008587,
    "66":0.0000002265,
    "67":0.0000013492,
    "68":0.0000005169,
    "69":0.0000010333,
    "70":0.0000041642,
    "71":0.000001136,
    "72":0.0000000763,
    "73":0.0000031533,
    "74":0.0000007576,
    "75":0.0000004313,
    "76":0.0000009866,
    "77":0.0000009261,
    "78":0.000003105,
    "79":0.0000007233,
    "80":0.000001979,
    "81":0.0000060723,
    "82":0.0000030074,
    "83":0.0000022392,
    "84":0.0000009816,
    "85":0.0000076102,
    "86":0.0000001997,
    "87":0.0000014436,
    "88":0.0000007296,
    "89":0.0000003467,
    "90":0.0000034946,
    "91":0.0000001193,
    "92":0.0000008791,
    "93":0.0000014838,
    "94":0.000002686,
    "95":0.0000008218,
    "96":0.0000017533,
    "97":0.0000011034,
    "98":0.0000038417,
    "99":0.0000009708
  },
  "Delta_Uniform":{
    "0":-0.0000026021,
    "1":-0.0000025128,
    "2":-0.0000007675,
    "3":-0.0000006637,
    "4":-0.000000084,
    "5":-0.0000049854,
    "6":-0.0000025976,
    "7":-0.0000002124,
    "8":-0.0000024201,
    "9":-0.0000041125,
    "10":-0.0000002258,
    "11":-0.0000015567,
    "12":-0.0000059351,
    "13":-0.0000002533,
    "14":-0.0000010509,
    "15":-0.000000274,
    "16":-0.0000010845,
    "17":-0.0000048785,
    "18":-0.000000157,
    "19":-0.0000014093,
    "20":-0.0000002385,
    "21":-0.0000061791,
    "22":-0.0000018693,
    "23":-0.0000001781,
    "24":-0.000000988,
    "25":-0.0000027689,
    "26":-0.0000017714,
    "27":-0.0000002501,
    "28":-0.0000010088,
    "29":-0.0000042136,
    "30":-0.0000038435,
    "31":-0.0000004623,
    "32":-0.0000011531,
    "33":-0.0000012476,
    "34":-0.0000047363,
    "35":-0.0000033751,
    "36":-0.0000014753,
    "37":-0.000002446,
    "38":-0.0000015849,
    "39":-0.0000002289,
    "40":-0.0000029559,
    "41":-0.000000592,
    "42":-0.0000028284,
    "43":-0.0000010372,
    "44":-0.0000004004,
    "45":-0.0000002679,