{
  "Astrahl":{
    "0":0.000163684,
    "1":0.0002895294,
    "2":0.0006328404,
    "3":0.00007588,
    "4":0.000185508,
    "5":0.0009863151,
    "6":0.00006504,
    "7":0.0002653632,
    "8":0.0001862041,
    "9":0.000085975,
    "10":0.0007645207,
    "11":0.000079097,
    "12":0.0005670032,
    "13":0.0003521536,
    "14":0.000611832,
    "15":0.0003105552,
    "16":0.0001863938,
    "17":0.0003914958,
    "18":0.00005962,
    "19":0.0003488534,
    "20":0.000147695,
    "21":0.0003866143,
    "22":0.00006775,
    "23":0.00055947,
    "24":0.00007046,
    "25":0.000143359,
    "26":0.0011086414,
    "27":0.001181211,
    "28":0.0002855513,
    "29":0.000161728,
    "30":0.0001908645,
    "31":0.0002166308,
    "32":0.0002710956,
    "33":0.0002911103,
    "34":0.000089414,
    "35":0.0005629265,
    "36":0.0002416109,
    "37":0.0001565109,
    "38":0.0007168389,
    "39":0.0005566961,
    "40":0.00007317,
    "41":0.000159348,
    "42":0.0001310432,
    "43":0.0003675229,
    "44":0.00014363,
    "45":0.0006868512,
    "46":0.0002686694,
    "47":0.0003169887,
    "48":0.000143901,
    "49":0.000164497
  },
  "Uniform":{
    "0":0.000241247,
    "1":0.000374938,
    "2":0.001022747,
    "3":0.00014183,
    "4":0.0003703366,
    "5":0.0012570673,
    "6":0.00011046,
    "7":0.0002752939,
    "8":0.000334945,
    "9":0.000134237,
    "10":0.0012084514,
    "11":0.000159356,
    "12":0.0007975635,
    "13":0.000568882,
    "14":0.0009665315,
    "15":0.0004267098,
    "16":0.0002906497,
    "17":0.0005456771,
    "18":0.00011879,
    "19":0.0005467021,
    "20":0.000208859,
    "21":0.000638251,
    "22":0.00010566,
    "23":0.000775352,
    "24":0.00010813,
    "25":0.000231888,
    "26":0.001931337,
    "27":0.0013716441,
    "28":0.0005243306,
    "29":0.0002211367,
    "30":0.0003239743,
    "31":0.0003745873,
    "32":0.0003867121,
    "33":0.0003908679,
    "34":0.000142242,
    "35":0.0007839208,
    "36":0.0003335572,
    "37":0.0002457056,
    "38":0.0011738727,
    "39":0.0010457266,
    "40":0.000129,
    "41":0.000205028,
    "42":0.0003795852,
    "43":0.000791371,
    "44":0.000214469,
    "45":0.0009967023,
    "46":0.0003065673,
    "47":0.0004539471,
    "48":0.000217326,
    "49":0.000248142
  },
  "Prop":{
    "0":0.000194381,
    "1":0.000459321,
    "2":0.0010591625,
    "3":0.00011119,
    "4":0.000323952,
    "5":0.0012946661,
    "6":0.0001171,
    "7":0.0003810776,
    "8":0.000326176,
    "9":0.000163667,
    "10":0.0011191872,
    "11":0.000143922,
    "12":0.0007285637,
    "13":0.0005566244,
    "14":0.000943059,
    "15":0.0004347548,
    "16":0.0002582326,
    "17":0.0005639209,
    "18":0.00011778,
    "19":0.0006436502,
    "20":0.000226826,
    "21":0.000727967,
    "22":0.00012249,
    "23":0.0008180138,
    "24":0.00011451,
    "25":0.000275115,
    "26":0.0019747311,
    "27":0.0011925325,
    "28":0.0005527576,
    "29":0.0002620602,
    "30":0.000302084,
    "31":0.0004181779,
    "32":0.0003540436,
    "33":0.0005067278,
    "34":0.000135461,
    "35":0.0007493841,
    "36":0.0003402093,
    "37":0.0002447786,
    "38":0.0012012709,
    "39":0.0009789503,
    "40":0.00011717,
    "41":0.000229985,
    "42":0.0003725469,
    "43":0.0006100462,
    "44":0.000256981,
    "45":0.0008985087,
    "46":0.0003217159,
    "47":0.0004393128,
    "48":0.00020684,
    "49":0.000210074
  },
  "Delta_Uniform":{
    "0":-0.000077563,
    "1":-0.0000854086,
    "2":-0.0003899066,
    "3":-0.00006595,
    "4":-0.0001848286,
    "5":-0.0002707522,
    "6":-0.00004542,
    "7":-0.0000099307,
    "8":-0.0001487409,
    "9":-0.000048262,
    "10":-0.0004439308,
    "11":-0.000080259,
    "12":-0.0002305603,
    "13":-0.0002167284,
    "14":-0.0003546995,
    "15":-0.0001161546,
    "16":-0.0001042559,
    "17":-0.0001541813,
    "18":-0.00005917,
    "19":-0.0001978487,
    "20":-0.000061164,
    "21":-0.0002516367,
    "22":-0.00003791,
    "23":-0.000215882,
    "24":-0.00003767,
    "25":-0.000088529,
    "26":-0.0008226956,
    "27":-0.0001904332,
    "28":-0.0002387793,
    "29":-0.0000594087,
    "30":-0.0001331098,
    "31":-0.0001579565,
    "32":-0.0001156165,
    "33":-0.0000997575,
    "34":-0.000052828,
    "35":-0.0002209943,
    "36":-0.0000919463,
    "37":-0.0000891947,
    "38":-0.0004570338,
    "39":-0.0004890305,
    "40":-0.00005583,
    "41":-0.00004568,
    "42":-0.000248542,
    "43":-0.0004238481,
    "44":-0.000070839,
    "45":-0.0003098511,
    "46":-0.0000378979,
    "47":-0.0001369584,
    "48":-0.000073425,
    "49":-0.000083645
  },
  "Delta_Prop":{
    "0":-0.000030697,
    "1":-0.0001697916,
    "2":-0.0004263221,
    "3":-0.00003531,
    "4":-0.000138444,
    "5":-0.000308351,
    "6":-0.00005206,
    "7":-0.0001157144,
    "8":-0.0001399719,
    "9":-0.000077692,
    "10":-0.0003546666,
    "11":-0.000064825,
    "12":-0.0001615604,
    "13":-0.0002044708,
    "14":-0.000331227,
    "15":-0.0001241997,
    "16":-0.0000718388,
    "17":-0.0001724251,
    "18":-0.00005816,
    "19":-0.0002947968,
    "20":-0.000079131,
    "21":-0.0003413527,
    "22":-0.00005474,
    "23":-0.0002585438,
    "24":-0.00004405,
    "25":-0.000131756,
    "26":-0.0008660897,
    "27":-0.0000113216,
    "28":-0.0002672063,
    "29":-0.0001003323,
    "30":-0.0001112195,
    "31":-0.0002015471,
    "32":-0.0000829479,
    "33":-0.0002156174,
    "34":-0.000046047,
    "35":-0.0001864576,
    "36":-0.0000985984,
    "37":-0.0000882676,
    "38":-0.000484432,
    "39":-0.0004222542,
    "40":-0.000044,
    "41":-0.000070637,
    "42":-0.0002415037,
    "43":-0.0002425232,
    "44":-0.000113351,
    "45":-0.0002116575,
    "46":-0.0000530465,
    "47":-0.0001223241,
    "48":-0.000062939,
    "49":-0.000045577
  }
}