{
  "Astrahl":{
    "0":0.000601026,
    "1":0.0013310773,
    "2":0.00110099,
    "3":0.0026745657,
    "4":0.0029872682,
    "5":0.0003013902,
    "6":0.0037858555,
    "7":0.0030652326,
    "8":0.00060054,
    "9":0.003991701,
    "10":0.002004878,
    "11":0.0010030951,
    "12":0.00060054,
    "13":0.001602736,
    "14":0.00200342,
    "15":0.0036870302,
    "16":0.00090081,
    "17":0.000500855,
    "18":0.0016828728,
    "19":0.0026421259,
    "20":0.001330567,
    "21":0.0011502476,
    "22":0.000300513,
    "23":0.002962664,
    "24":0.0026924194,
    "25":0.000950405,
    "26":0.000601026,
    "27":0.001781602,
    "28":0.002372133,
    "29":0.0022818468,
    "30":0.0009029241,
    "31":0.00080072,
    "32":0.0008029485,
    "33":0.0012037141,
    "34":0.000901539,
    "35":0.0032765934,
    "36":0.0008049385,
    "37":0.0011092265,
    "38":0.003368195,
    "39":0.00100171,
    "40":0.001003249,
    "41":0.00110099,
    "42":0.001101881,
    "43":0.00110099,
    "44":0.0014991979,
    "45":0.0022628314,
    "46":0.000601026,
    "47":0.0012029268,
    "48":0.0022818468,
    "49":0.0016388523
  },
  "Uniform":{
    "0":0.004201903,
    "1":0.0076013357,
    "2":0.00480118,
    "3":0.0130679957,
    "4":0.0155730507,
    "5":0.0044037795,
    "6":0.0159006596,
    "7":0.0158715136,
    "8":0.00400103,
    "9":0.0175945345,
    "10":0.0091884333,
    "11":0.0049038828,
    "12":0.00440102,
    "13":0.0083036798,
    "14":0.0128809389,
    "15":0.01933099,
    "16":0.00470114,
    "17":0.004502507,
    "18":0.0082538256,
    "19":0.0149770794,
    "20":0.009000945,
    "21":0.0086520631,
    "22":0.004102454,
    "23":0.0153637833,
    "24":0.0122020203,
    "25":0.009000884,
    "26":0.0089944937,
    "27":0.007762223,
    "28":0.0163869325,
    "29":0.0158906352,
    "30":0.003902836,
    "31":0.00410151,
    "32":0.0043051457,
    "33":0.0044045686,
    "34":0.004701914,
    "35":0.0160618607,
    "36":0.0049079059,
    "37":0.0042105319,
    "38":0.0181926878,
    "39":0.008152678,
    "40":0.0033040615,
    "41":0.00390085,
    "42":0.003701454,
    "43":0.00490085,
    "44":0.0081375513,
    "45":0.0161197199,
    "46":0.0093863163,
    "47":0.0047043037,
    "48":0.0077518387,
    "49":0.0185204701
  },
  "Prop":{
    "0":0.004702796,
    "1":0.0081108127,
    "2":0.00370084,
    "3":0.0117611214,
    "4":0.0158395459,
    "5":0.0038038344,
    "6":0.0160922381,
    "7":0.0155175581,
    "8":0.0045016,
    "9":0.0185020416,
    "10":0.0091137965,
    "11":0.0041032152,
    "12":0.0050017,
    "13":0.0091149592,
    "14":0.0131880285,
    "15":0.0209794758,
    "16":0.00500128,
    "17":0.003401452,
    "18":0.0082432649,
    "19":0.0161227145,
    "20":0.007800765,
    "21":0.0101901988,
    "22":0.003802968,
    "23":0.0149595635,
    "24":0.0121831032,
    "25":0.008901189,
    "26":0.0090838867,
    "27":0.008792076,
    "28":0.0149107952,
    "29":0.0166191048,
    "30":0.0042038888,
    "31":0.00510186,
    "32":0.005205527,
    "33":0.0040036765,
    "34":0.004902236,
    "35":0.0168362289,
    "36":0.0045117684,
    "37":0.0051105066,
    "38":0.0170768097,
    "39":0.0066942688,
    "40":0.0043039242,
    "41":0.00490166,
    "42":0.004301713,
    "43":0.00450121,
    "44":0.0098063599,
    "45":0.017819845,
    "46":0.008242616,
    "47":0.0056046395,
    "48":0.0096627866,
    "49":0.0194404922
  },
  "Delta_Uniform":{
    "0":-0.003600877,
    "1":-0.0062702584,
    "2":-0.00370019,
    "3":-0.01039343,
    "4":-0.0125857825,
    "5":-0.0041023893,
    "6":-0.0121148042,
    "7":-0.012806281,
    "8":-0.00340049,
    "9":-0.0136028335,
    "10":-0.0071835553,
    "11":-0.0039007877,
    "12":-0.00380048,
    "13":-0.0067009438,
    "14":-0.0108775189,
    "15":-0.0156439597,
    "16":-0.00380033,
    "17":-0.004001652,
    "18":-0.0065709528,
    "19":-0.0123349535,
    "20":-0.007670378,
    "21":-0.0075018154,
    "22":-0.003801941,
    "23":-0.0124011193,
    "24":-0.0095096009,
    "25":-0.008050479,
    "26":-0.0083934677,
    "27":-0.005980621,
    "28":-0.0140147995,
    "29":-0.0136087884,
    "30":-0.0029999119,
    "31":-0.00330079,
    "32":-0.0035021973,
    "33":-0.0032008545,
    "34":-0.003800375,
    "35":-0.0127852673,
    "36":-0.0041029674,
    "37":-0.0031013054,
    "38":-0.0148244928,
    "39":-0.007150968,
    "40":-0.0023008125,
    "41":-0.00279986,
    "42":-0.002599573,
    "43":-0.00379986,
    "44":-0.0066383534,
    "45":-0.0138568885,
    "46":-0.0087852903,
    "47":-0.0035013769,
    "48":-0.0054699919,
    "49":-0.0168816179
  },
  "Delta_Prop":{
    "0":-0.00410177,
    "1":-0.0067797354,
    "2":-0.00259985,
    "3":-0.0090865557,
    "4":-0.0128522777,
    "5":-0.0035024442,
    "6":-0.0123063826,
    "7":-0.0124523255,
    "8":-0.00390106,
    "9":-0.0145103406,
    "10":-0.0071089185,
    "11":-0.0031001201,
    "12":-0.00440116,
    "13":-0.0075122232,
    "14":-0.0111846085,
    "15":-0.0172924456,
    "16":-0.00410047,
    "17":-0.002900597,
    "18":-0.0065603921,
    "19":-0.0134805886,
    "20":-0.006470198,
    "21":-0.0090399511,
    "22":-0.003502455,
    "23":-0.0119968995,
    "24":-0.0094906839,
    "25":-0.007950784,
    "26":-0.0084828607,
    "27":-0.007010474,
    "28":-0.0125386622,
    "29":-0.014337258,
    "30":-0.0033009647,
    "31":-0.00430114,
    "32":-0.0044025785,
    "33":-0.0027999624,
    "34":-0.004000697,
    "35":-0.0135596355,
    "36":-0.0037068299,
    "37":-0.0040012801,
    "38":-0.0137086146,
    "39":-0.0056925588,
    "40":-0.0033006752,
    "41":-0.00380067,
    "42":-0.003199832,
    "43":-0.00340022,
    "44":-0.008307162,
    "45":-0.0155570136,
    "46":-0.00764159,
    "47":-0.0044017127,
    "48":-0.0073809398,
    "49":-0.0178016399
  }
}