{
  "Astrahl":{
    "0":0.000283411,
    "1":0.000409581,
    "2":0.000606,
    "3":0.0006078,
    "4":0.00011873,
    "5":0.00120152,
    "6":0.0012818488,
    "7":0.00041759,
    "8":0.001178781,
    "9":0.0004291351,
    "10":0.00012011,
    "11":0.000892,
    "12":0.0003410209,
    "13":0.0002079,
    "14":0.000706,
    "15":0.00082358,
    "16":0.00168369,
    "17":0.0000204,
    "18":0.0016717,
    "19":0.0011036519,
    "20":0.00031,
    "21":0.000343957,
    "22":0.0000088,
    "23":0.000686,
    "24":0.0002274839,
    "25":0.00040499,
    "26":0.0003427623,
    "27":0.000407,
    "28":0.0013509941,
    "29":0.0004098414,
    "30":0.000419901,
    "31":0.000307,
    "32":0.000203,
    "33":0.0004164,
    "34":0.00012191,
    "35":0.000516369,
    "36":0.000309,
    "37":0.001833143,
    "38":0.000548641,
    "39":0.00080689,
    "40":0.0004089,
    "41":0.0004445099,
    "42":0.00123104,
    "43":0.0009928,
    "44":0.00061532,
    "45":0.000341558,
    "46":0.0005337749,
    "47":0.0003099,
    "48":0.001015571,
    "49":0.000204
  },
  "Uniform":{
    "0":0.00102333,
    "1":0.001502,
    "2":0.002461,
    "3":0.00247299,
    "4":0.00201041,
    "5":0.001862881,
    "6":0.00467779,
    "7":0.001201,
    "8":0.0071043485,
    "9":0.00060461,
    "10":0.00245312,
    "11":0.002733,
    "12":0.001418988,
    "13":0.001,
    "14":0.0016,
    "15":0.0025767,
    "16":0.00419,
    "17":0.001508652,
    "18":0.0063797639,
    "19":0.007256469,
    "20":0.001405,
    "21":0.0009136075,
    "22":0.0011019,
    "23":0.00367299,
    "24":0.0010058,
    "25":0.000601,
    "26":0.0017798319,
    "27":0.0012,
    "28":0.0046016478,
    "29":0.0030277159,
    "30":0.0015069,
    "31":0.00120199,
    "32":0.0011,
    "33":0.0017049,
    "34":0.00100851,
    "35":0.0004069,
    "36":0.001301,
    "37":0.009587189,
    "38":0.0017128939,
    "39":0.00257299,
    "40":0.001404,
    "41":0.0013227419,
    "42":0.00321069,
    "43":0.005995781,
    "44":0.002103,
    "45":0.0016067,
    "46":0.001609381,
    "47":0.0012039,
    "48":0.0032985,
    "49":0.0009
  },
  "Prop":{
    "0":0.001214,
    "1":0.00180389,
    "2":0.00235199,
    "3":0.0025219,
    "4":0.001502881,
    "5":0.00246389,
    "6":0.0061114,
    "7":0.00130579,
    "8":0.0068526347,
    "9":0.00140271,
    "10":0.0039876088,
    "11":0.003452,
    "12":0.00101682,
    "13":0.001701,
    "14":0.0015,
    "15":0.0023503639,
    "16":0.004642,
    "17":0.00160661,
    "18":0.007653852,
    "19":0.0073308522,
    "20":0.000902,
    "21":0.0008087,
    "22":0.0013039,
    "23":0.003243,
    "24":0.0015067,
    "25":0.00190099,
    "26":0.00234,
    "27":0.001002,
    "28":0.0044692506,
    "29":0.004365,
    "30":0.00150689,
    "31":0.001402,
    "32":0.001202,
    "33":0.001510462,
    "34":0.0009049,
    "35":0.0014029,
    "36":0.001003,
    "37":0.009742298,
    "38":0.001111839,
    "39":0.0029419,
    "40":0.001103781,
    "41":0.0013153866,
    "42":0.00416479,
    "43":0.0068327,
    "44":0.00090479,
    "45":0.00070499,
    "46":0.0013059,
    "47":0.0011068,
    "48":0.002674281,
    "49":0.001602
  },
  "Delta_Uniform":{
    "0":-0.000739919,
    "1":-0.001092419,
    "2":-0.001855,
    "3":-0.00186519,
    "4":-0.00189168,
    "5":-0.000661361,
    "6":-0.0033959412,
    "7":-0.00078341,
    "8":-0.0059255675,
    "9":-0.0001754749,
    "10":-0.00233301,
    "11":-0.001841,
    "12":-0.0010779671,
    "13":-0.0007921,
    "14":-0.000894,
    "15":-0.00175312,
    "16":-0.00250631,
    "17":-0.001488252,
    "18":-0.0047080639,
    "19":-0.0061528171,
    "20":-0.001095,
    "21":-0.0005696505,
    "22":-0.0010931,
    "23":-0.00298699,
    "24":-0.0007783161,
    "25":-0.00019601,
    "26":-0.0014370696,
    "27":-0.000793,
    "28":-0.0032506537,
    "29":-0.0026178745,
    "30":-0.001086999,
    "31":-0.00089499,
    "32":-0.000897,
    "33":-0.0012885,
    "34":-0.0008866,
    "35":0.000109469,
    "36":-0.000992,
    "37":-0.007754046,
    "38":-0.0011642529,
    "39":-0.0017661,
    "40":-0.0009951,
    "41":-0.000878232,
    "42":-0.00197965,
    "43":-0.005002981,
    "44":-0.00148768,
    "45":-0.001265142,
    "46":-0.0010756061,
    "47":-0.000894,
    "48":-0.002282929,
    "49":-0.000696
  },
  "Delta_Prop":{
    "0":-0.000930589,
    "1":-0.001394309,
    "2":-0.00174599,
    "3":-0.0019141,
    "4":-0.001384151,
    "5":-0.00126237,
    "6":-0.0048295512,
    "7":-0.0008882,
    "8":-0.0056738537,
    "9":-0.0009735749,
    "10":-0.0038674988,
    "11":-0.00256,
    "12":-0.0006757991,
    "13":-0.0014931,
    "14":-0.000794,
    "15":-0.0015267839,
    "16":-0.00295831,
    "17":-0.00158621,
    "18":-0.005982152,
    "19":-0.0062272003,
    "20":-0.000592,
    "21":-0.000464743,
    "22":-0.0012951,
    "23":-0.002557,
    "24":-0.0012792161,
    "25":-0.001496,
    "26":-0.0019972377,
    "27":-0.000595,
    "28":-0.0031182565,
    "29":-0.0039551586,
    "30":-0.001086989,
    "31":-0.001095,
    "32":-0.000999,
    "33":-0.001094062,
    "34":-0.00078299,
    "35":-0.000886531,
    "36":-0.000694,
    "37":-0.007909155,
    "38":-0.000563198,
    "39":-0.00213501,
    "40":-0.000694881,
    "41":-0.0008708767,
    "42":-0.00293375,
    "43":-0.0058399,
    "44":-0.00028947,
    "45":-0.000363432,
    "46":-0.0007721251,
    "47":-0.0007969,
    "48":-0.00165871,
    "49":-0.001398
  }
}