{
  "Astrahl":{
    "0":0.094270274,
    "1":0.031583191,
    "2":0.054837463,
    "3":0.037763563,
    "4":0.0861870516,
    "5":0.0426286445,
    "6":0.054937091,
    "7":0.0344675099,
    "8":0.050296751,
    "9":0.03285773,
    "10":0.0293636,
    "11":0.0362382567,
    "12":0.03265646,
    "13":0.037551121,
    "14":0.05294588,
    "15":0.0229529866,
    "16":0.084427362,
    "17":0.070957932,
    "18":0.118412632,
    "19":0.0397933868,
    "20":0.0339080748,
    "21":0.0427242998,
    "22":0.0565076521,
    "23":0.0295374539,
    "24":0.1024422626,
    "25":0.0298426299,
    "26":0.0284655,
    "27":0.05877177,
    "28":0.0829876848,
    "29":0.0576659091,
    "30":0.1047884104,
    "31":0.03062655,
    "32":0.070358774,
    "33":0.1495445953,
    "34":0.1034645887,
    "35":0.048510341,
    "36":0.0680311176,
    "37":0.0845074699,
    "38":0.1188431439,
    "39":0.049879731,
    "40":0.04166533,
    "41":0.03743233,
    "42":0.045173163,
    "43":0.0729197148,
    "44":0.0944000542,
    "45":0.0553648585,
    "46":0.0512688063,
    "47":0.04196582,
    "48":0.040403561,
    "49":0.1151351898
  },
  "Uniform":{
    "0":0.1961687669,
    "1":0.08795738,
    "2":0.12190667,
    "3":0.0771132115,
    "4":0.235598465,
    "5":0.1258622495,
    "6":0.1745065669,
    "7":0.085820791,
    "8":0.13375008,
    "9":0.08806348,
    "10":0.07845888,
    "11":0.08174965,
    "12":0.094888231,
    "13":0.127099162,
    "14":0.10566975,
    "15":0.086139111,
    "16":0.2506878304,
    "17":0.1958767158,
    "18":0.2546348669,
    "19":0.1250815996,
    "20":0.0864864309,
    "21":0.083251355,
    "22":0.1171062708,
    "23":0.0923515879,
    "24":0.2565534831,
    "25":0.092145182,
    "26":0.0945282,
    "27":0.164407521,
    "28":0.2422988934,
    "29":0.1639848079,
    "30":0.2230606891,
    "31":0.0806146,
    "32":0.2084340079,
    "33":0.3521555485,
    "34":0.2405337191,
    "35":0.120611401,
    "36":0.1542892503,
    "37":0.2097562352,
    "38":0.2459819463,
    "39":0.11275488,
    "40":0.1157145769,
    "41":0.0757498,
    "42":0.12527986,
    "43":0.1705067248,
    "44":0.2719965518,
    "45":0.1237106334,
    "46":0.1241669273,
    "47":0.134570543,
    "48":0.134745182,
    "49":0.2170508938
  },
  "Prop":{
    "0":0.2118091131,
    "1":0.089309531,
    "2":0.124324231,
    "3":0.0858542317,
    "4":0.2438250459,
    "5":0.1168654712,
    "6":0.1759837809,
    "7":0.08719596,
    "8":0.139125831,
    "9":0.09954716,
    "10":0.0910401,
    "11":0.0833676048,
    "12":0.08539088,
    "13":0.134248924,
    "14":0.143847231,
    "15":0.090349314,
    "16":0.2497519176,
    "17":0.21367625,
    "18":0.2766874706,
    "19":0.1268260578,
    "20":0.091706531,
    "21":0.0798120642,
    "22":0.1318791032,
    "23":0.0926246079,
    "24":0.2785216833,
    "25":0.08815835,
    "26":0.0974614,
    "27":0.159330853,
    "28":0.2401267618,
    "29":0.165504185,
    "30":0.2323223814,
    "31":0.089061941,
    "32":0.2275694729,
    "33":0.378291834,
    "34":0.2530102265,
    "35":0.141336654,
    "36":0.1650443184,
    "37":0.2197160197,
    "38":0.2809863993,
    "39":0.12463069,
    "40":0.130650103,
    "41":0.089920911,
    "42":0.12494318,
    "43":0.1791703268,
    "44":0.2682396116,
    "45":0.1311140538,
    "46":0.1394570098,
    "47":0.136391031,
    "48":0.12147488,
    "49":0.246511482
  },
  "Delta_Uniform":{
    "0":-0.1018984929,
    "1":-0.056374189,
    "2":-0.067069207,
    "3":-0.0393496485,
    "4":-0.1494114134,
    "5":-0.083233605,
    "6":-0.1195694759,
    "7":-0.0513532811,
    "8":-0.083453329,
    "9":-0.05520575,
    "10":-0.04909528,
    "11":-0.0455113933,
    "12":-0.062231771,
    "13":-0.089548041,
    "14":-0.05272387,
    "15":-0.0631861244,
    "16":-0.1662604684,
    "17":-0.1249187838,
    "18":-0.1362222349,
    "19":-0.0852882128,
    "20":-0.0525783561,
    "21":-0.0405270552,
    "22":-0.0605986187,
    "23":-0.062814134,
    "24":-0.1541112205,
    "25":-0.0623025521,
    "26":-0.0660627,
    "27":-0.105635751,
    "28":-0.1593112087,
    "29":-0.1063188988,
    "30":-0.1182722786,
    "31":-0.04998805,
    "32":-0.1380752339,
    "33":-0.2026109532,
    "34":-0.1370691304,
    "35":-0.07210106,
    "36":-0.0862581327,
    "37":-0.1252487653,
    "38":-0.1271388024,
    "39":-0.062875149,
    "40":-0.0740492469,
    "41":-0.03831747,
    "42":-0.080106697,
    "43":-0.09758701,
    "44":-0.1775964976,
    "45":-0.0683457749,
    "46":-0.0728981211,
    "47":-0.092604723,
    "48":-0.094341621,
    "49":-0.101915704
  },
  "Delta_Prop":{
    "0":-0.1175388391,
    "1":-0.05772634,
    "2":-0.069486768,
    "3":-0.0480906687,
    "4":-0.1576379943,
    "5":-0.0742368267,
    "6":-0.1210466899,
    "7":-0.0527284501,
    "8":-0.08882908,
    "9":-0.06668943,
    "10":-0.0616765,
    "11":-0.0471293481,
    "12":-0.05273442,
    "13":-0.096697803,
    "14":-0.090901351,
    "15":-0.0673963274,
    "16":-0.1653245556,
    "17":-0.142718318,
    "18":-0.1582748386,
    "19":-0.087032671,
    "20":-0.0577984562,
    "21":-0.0370877644,
    "22":-0.0753714511,
    "23":-0.063087154,
    "24":-0.1760794207,
    "25":-0.0583157201,
    "26":-0.0689959,
    "27":-0.100559083,
    "28":-0.157139077,
    "29":-0.1078382759,
    "30":-0.1275339709,
    "31":-0.058435391,
    "32":-0.1572106989,
    "33":-0.2287472387,
    "34":-0.1495456378,
    "35":-0.092826313,
    "36":-0.0970132008,
    "37":-0.1352085498,
    "38":-0.1621432554,
    "39":-0.074750959,
    "40":-0.088984773,
    "41":-0.052488581,
    "42":-0.079770017,
    "43":-0.106250612,
    "44":-0.1738395574,
    "45":-0.0757491953,
    "46":-0.0881882035,
    "47":-0.094425211,
    "48":-0.081071319,
    "49":-0.1313762922
  }
}