{
  "Astrahl":{
    "0":0.3451048109,
    "1":0.1758411904,
    "2":0.2699785241,
    "3":0.232619739,
    "4":0.4141989272,
    "5":0.1320668604,
    "6":0.3559216629,
    "7":0.2548250728,
    "8":0.12705571,
    "9":0.1707956096,
    "10":0.1499212062,
    "11":0.2622071402,
    "12":0.2254374793,
    "13":0.224177911,
    "14":0.1819410587,
    "15":0.175220596,
    "16":0.132135652,
    "17":0.3563696348,
    "18":0.2919198268,
    "19":0.2678232046,
    "20":0.1684144468,
    "21":0.2327822767,
    "22":0.2669307205,
    "23":0.3536541139,
    "24":0.12371813,
    "25":0.2228990845,
    "26":0.180539605,
    "27":0.2250386851,
    "28":0.129283246,
    "29":0.2809014282,
    "30":0.2353639055,
    "31":0.136616419,
    "32":0.12542868,
    "33":0.3710916752,
    "34":0.2616560939,
    "35":0.1399442755,
    "36":0.1743736762,
    "37":0.1653372775,
    "38":0.23218426,
    "39":0.173164663,
    "40":0.13219138,
    "41":0.4163419673,
    "42":0.1255536262,
    "43":0.27906754,
    "44":0.141154912,
    "45":0.11808667,
    "46":0.17917579,
    "47":0.14529277,
    "48":0.2366971769,
    "49":0.141207679
  },
  "Uniform":{
    "0":0.4238729264,
    "1":0.2432595364,
    "2":0.344374125,
    "3":0.2777375688,
    "4":0.4919818418,
    "5":0.1751406026,
    "6":0.4023676795,
    "7":0.3587176748,
    "8":0.1742259,
    "9":0.2402153315,
    "10":0.1935496679,
    "11":0.34054521,
    "12":0.2842719116,
    "13":0.2938489717,
    "14":0.2465693435,
    "15":0.240337495,
    "16":0.17687707,
    "17":0.4467160233,
    "18":0.3816016486,
    "19":0.3344463814,
    "20":0.2383484175,
    "21":0.2876126518,
    "22":0.3355328076,
    "23":0.4139930875,
    "24":0.18266388,
    "25":0.2832193857,
    "26":0.236552077,
    "27":0.2884232471,
    "28":0.183954814,
    "29":0.369948819,
    "30":0.2821382449,
    "31":0.180163464,
    "32":0.196124489,
    "33":0.4601404563,
    "34":0.3218738284,
    "35":0.1857347504,
    "36":0.2559335176,
    "37":0.2325577956,
    "38":0.2900484143,
    "39":0.237906756,
    "40":0.19570301,
    "41":0.530129094,
    "42":0.1852878194,
    "43":0.3796112815,
    "44":0.186856776,
    "45":0.1803482685,
    "46":0.2888750754,
    "47":0.179366055,
    "48":0.2789491534,
    "49":0.184401619
  },
  "Prop":{
    "0":0.4371161914,
    "1":0.2512626479,
    "2":0.3539518979,
    "3":0.3104987846,
    "4":0.5208519067,
    "5":0.1907948754,
    "6":0.4452089591,
    "7":0.3510320601,
    "8":0.18516651,
    "9":0.2475120056,
    "10":0.189804686,
    "11":0.3599760132,
    "12":0.3056995394,
    "13":0.298744533,
    "14":0.2596814268,
    "15":0.249464467,
    "16":0.180696643,
    "17":0.4733492842,
    "18":0.4077179576,
    "19":0.3595923119,
    "20":0.2555559577,
    "21":0.3140116768,
    "22":0.349266249,
    "23":0.4433794878,
    "24":0.1949741,
    "25":0.2933875195,
    "26":0.243106902,
    "27":0.3165986616,
    "28":0.188407036,
    "29":0.3935041603,
    "30":0.3032203195,
    "31":0.180567242,
    "32":0.180451843,
    "33":0.4814690999,
    "34":0.3379993774,
    "35":0.1990701677,
    "36":0.2463399334,
    "37":0.2484135658,
    "38":0.2941552192,
    "39":0.244897676,
    "40":0.1914613,
    "41":0.5425363819,
    "42":0.1751920206,
    "43":0.3884719469,
    "44":0.183723793,
    "45":0.1945789164,
    "46":0.2669575196,
    "47":0.189785617,
    "48":0.3036707117,
    "49":0.182652406
  },
  "Delta_Uniform":{
    "0":-0.0787681154,
    "1":-0.0674183461,
    "2":-0.0743956009,
    "3":-0.0451178298,
    "4":-0.0777829146,
    "5":-0.0430737422,
    "6":-0.0464460167,
    "7":-0.103892602,
    "8":-0.04717019,
    "9":-0.0694197219,
    "10":-0.0436284617,
    "11":-0.0783380698,
    "12":-0.0588344322,
    "13":-0.0696710606,
    "14":-0.0646282848,
    "15":-0.065116899,
    "16":-0.044741418,
    "17":-0.0903463885,
    "18":-0.0896818218,
    "19":-0.0666231768,
    "20":-0.0699339707,
    "21":-0.0548303751,
    "22":-0.0686020872,
    "23":-0.0603389735,
    "24":-0.05894575,
    "25":-0.0603203012,
    "26":-0.056012472,
    "27":-0.063384562,
    "28":-0.054671568,
    "29":-0.0890473908,
    "30":-0.0467743394,
    "31":-0.043547045,
    "32":-0.070695809,
    "33":-0.0890487811,
    "34":-0.0602177345,
    "35":-0.0457904749,
    "36":-0.0815598414,
    "37":-0.0672205181,
    "38":-0.0578641543,
    "39":-0.064742093,
    "40":-0.06351163,
    "41":-0.1137871266,
    "42":-0.0597341932,
    "43":-0.1005437416,
    "44":-0.045701864,
    "45":-0.0622615985,
    "46":-0.1096992854,
    "47":-0.034073285,
    "48":-0.0422519765,
    "49":-0.04319394
  },
  "Delta_Prop":{
    "0":-0.0920113804,
    "1":-0.0754214575,
    "2":-0.0839733738,
    "3":-0.0778790456,
    "4":-0.1066529795,
    "5":-0.058728015,
    "6":-0.0892872962,
    "7":-0.0962069873,
    "8":-0.0581108,
    "9":-0.0767163959,
    "10":-0.0398834798,
    "11":-0.097768873,
    "12":-0.08026206,
    "13":-0.074566622,
    "14":-0.0777403681,
    "15":-0.074243871,
    "16":-0.048560991,
    "17":-0.1169796494,
    "18":-0.1157981308,
    "19":-0.0917691074,
    "20":-0.0871415109,
    "21":-0.0812294001,
    "22":-0.0823355285,
    "23":-0.0897253738,
    "24":-0.07125597,
    "25":-0.070488435,
    "26":-0.062567297,
    "27":-0.0915599765,
    "28":-0.05912379,
    "29":-0.1126027322,
    "30":-0.067856414,
    "31":-0.043950823,
    "32":-0.055023163,
    "33":-0.1103774248,
    "34":-0.0763432835,
    "35":-0.0591258922,
    "36":-0.0719662572,
    "37":-0.0830762883,
    "38":-0.0619709592,
    "39":-0.071733013,
    "40":-0.05926992,
    "41":-0.1261944145,
    "42":-0.0496383944,
    "43":-0.109404407,
    "44":-0.042568881,
    "45":-0.0764922464,
    "46":-0.0877817296,
    "47":-0.044492847,
    "48":-0.0669735348,
    "49":-0.041444727
  }
}