{
  "Astrahl":{
    "0":0.0084498293,
    "1":0.00326705,
    "2":0.0072463169,
    "3":0.0074932216,
    "4":0.0201401682,
    "5":0.0112756102,
    "6":0.0062681621,
    "7":0.0043571864,
    "8":0.003965814,
    "9":0.003659096,
    "10":0.00298642,
    "11":0.0061815534,
    "12":0.004112696,
    "13":0.0045666481,
    "14":0.0050326326,
    "15":0.0059133605,
    "16":0.019210687,
    "17":0.0111999048,
    "18":0.0076346032,
    "19":0.008056872,
    "20":0.0076346032,
    "21":0.0067719119,
    "22":0.0123226678,
    "23":0.0048964416,
    "24":0.0256015165,
    "25":0.0036569243,
    "26":0.00262599,
    "27":0.0080124131,
    "28":0.0226091942,
    "29":0.0060950155,
    "30":0.0298259151,
    "31":0.003463073,
    "32":0.012122389,
    "33":0.0436234763,
    "34":0.0091062598,
    "35":0.0048462388,
    "36":0.0095089259,
    "37":0.0064759539,
    "38":0.017740787,
    "39":0.005566069,
    "40":0.006683131,
    "41":0.004773665,
    "42":0.004659845,
    "43":0.0077456769,
    "44":0.0327350709,
    "45":0.0087014218,
    "46":0.007069077,
    "47":0.0054054202,
    "48":0.0066125092,
    "49":0.0074932216
  },
  "Uniform":{
    "0":0.0106403978,
    "1":0.005135787,
    "2":0.0093004943,
    "3":0.0104295686,
    "4":0.0307486315,
    "5":0.015282113,
    "6":0.0090081773,
    "7":0.0056217775,
    "8":0.005544189,
    "9":0.004897939,
    "10":0.00362479,
    "11":0.0075911875,
    "12":0.005515841,
    "13":0.0068342832,
    "14":0.0074710103,
    "15":0.0090540286,
    "16":0.0299640173,
    "17":0.0174598804,
    "18":0.0111391328,
    "19":0.011526952,
    "20":0.0110552717,
    "21":0.0111564386,
    "22":0.0205363453,
    "23":0.0068640368,
    "24":0.0330700375,
    "25":0.0055854672,
    "26":0.00392454,
    "27":0.0108739072,
    "28":0.0343689022,
    "29":0.0096216117,
    "30":0.0407921257,
    "31":0.004695082,
    "32":0.0177950214,
    "33":0.0579554723,
    "34":0.010811396,
    "35":0.0071656173,
    "36":0.0138073153,
    "37":0.0103770473,
    "38":0.0230145153,
    "39":0.007524095,
    "40":0.010245735,
    "41":0.005590991,
    "42":0.0066647041,
    "43":0.0098277413,
    "44":0.0448842828,
    "45":0.0126432556,
    "46":0.011055044,
    "47":0.0076812433,
    "48":0.0098226469,
    "49":0.0108966251
  },
  "Prop":{
    "0":0.0101518906,
    "1":0.005015276,
    "2":0.0090292104,
    "3":0.0108023735,
    "4":0.0292237163,
    "5":0.0147510141,
    "6":0.009150165,
    "7":0.005770035,
    "8":0.005530699,
    "9":0.00485783,
    "10":0.00370889,
    "11":0.008120462,
    "12":0.00552997,
    "13":0.0070989158,
    "14":0.0070905719,
    "15":0.0081818196,
    "16":0.0292780778,
    "17":0.0171426837,
    "18":0.0110303468,
    "19":0.0124386193,
    "20":0.0106339294,
    "21":0.0101386144,
    "22":0.0209835361,
    "23":0.0069979461,
    "24":0.0333124485,
    "25":0.0056275262,
    "26":0.0036835,
    "27":0.0104426079,
    "28":0.0329256317,
    "29":0.0091845388,
    "30":0.0420477033,
    "31":0.004591279,
    "32":0.0171740979,
    "33":0.0579049866,
    "34":0.0113363301,
    "35":0.0067285041,
    "36":0.0135591699,
    "37":0.0093096801,
    "38":0.022845372,
    "39":0.007259057,
    "40":0.0105121225,
    "41":0.005586836,
    "42":0.006992542,
    "43":0.0107117534,
    "44":0.0446437075,
    "45":0.0119428235,
    "46":0.0101245953,
    "47":0.0069441146,
    "48":0.009758501,
    "49":0.0103821539
  },
  "Delta_Uniform":{
    "0":-0.0021905685,
    "1":-0.001868737,
    "2":-0.0020541774,
    "3":-0.0029363469,
    "4":-0.0106084633,
    "5":-0.0040065029,
    "6":-0.0027400151,
    "7":-0.0012645911,
    "8":-0.001578375,
    "9":-0.001238843,
    "10":-0.00063837,
    "11":-0.001409634,
    "12":-0.001403145,
    "13":-0.0022676351,
    "14":-0.0024383777,
    "15":-0.0031406681,
    "16":-0.0107533302,
    "17":-0.0062599756,
    "18":-0.0035045296,
    "19":-0.00347008,
    "20":-0.0034206685,
    "21":-0.0043845267,
    "22":-0.0082136775,
    "23":-0.0019675952,
    "24":-0.0074685211,
    "25":-0.0019285429,
    "26":-0.00129855,
    "27":-0.0028614941,
    "28":-0.011759708,
    "29":-0.0035265962,
    "30":-0.0109662106,
    "31":-0.001232009,
    "32":-0.0056726324,
    "33":-0.014331996,
    "34":-0.0017051363,
    "35":-0.0023193785,
    "36":-0.0042983894,
    "37":-0.0039010934,
    "38":-0.0052737283,
    "39":-0.001958026,
    "40":-0.003562604,
    "41":-0.000817326,
    "42":-0.0020048591,
    "43":-0.0020820644,
    "44":-0.0121492119,
    "45":-0.0039418339,
    "46":-0.003985967,
    "47":-0.0022758231,
    "48":-0.0032101377,
    "49":-0.0034034035
  },
  "Delta_Prop":{
    "0":-0.0017020613,
    "1":-0.001748226,
    "2":-0.0017828935,
    "3":-0.0033091518,
    "4":-0.0090835481,
    "5":-0.003475404,
    "6":-0.0028820029,
    "7":-0.0014128486,
    "8":-0.001564885,
    "9":-0.001198734,
    "10":-0.00072247,
    "11":-0.0019389086,
    "12":-0.001417274,
    "13":-0.0025322677,
    "14":-0.0020579393,
    "15":-0.0022684591,
    "16":-0.0100673908,
    "17":-0.0059427789,
    "18":-0.0033957437,
    "19":-0.0043817473,
    "20":-0.0029993262,
    "21":-0.0033667026,
    "22":-0.0086608684,
    "23":-0.0021015046,
    "24":-0.007710932,
    "25":-0.0019706019,
    "26":-0.00105751,
    "27":-0.0024301948,
    "28":-0.0103164375,
    "29":-0.0030895233,
    "30":-0.0122217882,
    "31":-0.001128206,
    "32":-0.0050517089,
    "33":-0.0142815103,
    "34":-0.0022300703,
    "35":-0.0018822653,
    "36":-0.004050244,
    "37":-0.0028337262,
    "38":-0.005104585,
    "39":-0.001692988,
    "40":-0.0038289915,
    "41":-0.000813171,
    "42":-0.002332697,
    "43":-0.0029660765,
    "44":-0.0119086366,
    "45":-0.0032414017,
    "46":-0.0030555183,
    "47":-0.0015386944,
    "48":-0.0031459918,
    "49":-0.0028889322
  }
}