{
  "Astrahl":{
    "0":0.106663342,
    "1":0.11804609,
    "2":0.1932134047,
    "3":0.2381727949,
    "4":0.07583939,
    "5":0.1478858842,
    "6":0.092883812,
    "7":0.06712748,
    "8":0.072197512,
    "9":0.08286319,
    "10":0.073772051,
    "11":0.1288710739,
    "12":0.0675063,
    "13":0.2357234611,
    "14":0.0721863,
    "15":0.10010765,
    "16":0.1586830978,
    "17":0.096862873,
    "18":0.09694558,
    "19":0.10380839,
    "20":0.05951997,
    "21":0.10123797,
    "22":0.077201051,
    "23":0.1308070349,
    "24":0.066652721,
    "25":0.0790285,
    "26":0.132110241,
    "27":0.070362331,
    "28":0.0887153,
    "29":0.09850771,
    "30":0.117047032,
    "31":0.0927418603,
    "32":0.1034196579,
    "33":0.073075151,
    "34":0.06439888,
    "35":0.130767794,
    "36":0.115773461,
    "37":0.08682098,
    "38":0.05966629,
    "39":0.0979414049,
    "40":0.09543568,
    "41":0.102056251,
    "42":0.0587662,
    "43":0.3219608325,
    "44":0.05918649,
    "45":0.096687841,
    "46":0.1993362234,
    "47":0.092258441,
    "48":0.1779801085,
    "49":0.124684241
  },
  "Uniform":{
    "0":0.128766161,
    "1":0.16963117,
    "2":0.2348002568,
    "3":0.3251726766,
    "4":0.0802022,
    "5":0.165836011,
    "6":0.13076999,
    "7":0.08801538,
    "8":0.084925,
    "9":0.0925395,
    "10":0.09174339,
    "11":0.178918771,
    "12":0.08900039,
    "13":0.2940513042,
    "14":0.08173667,
    "15":0.13486697,
    "16":0.19296782,
    "17":0.127478099,
    "18":0.13100579,
    "19":0.1612235,
    "20":0.0834202,
    "21":0.12641769,
    "22":0.0994520069,
    "23":0.1722568289,
    "24":0.101767951,
    "25":0.13221628,
    "26":0.1794461378,
    "27":0.0970749,
    "28":0.1308802,
    "29":0.141059122,
    "30":0.160020201,
    "31":0.148266763,
    "32":0.133554143,
    "33":0.091324241,
    "34":0.08056129,
    "35":0.1716679959,
    "36":0.175852561,
    "37":0.12245799,
    "38":0.0860621,
    "39":0.130627341,
    "40":0.12849828,
    "41":0.1305324,
    "42":0.078584,
    "43":0.4403586948,
    "44":0.09682429,
    "45":0.1253709,
    "46":0.232215109,
    "47":0.131904364,
    "48":0.2381934778,
    "49":0.156978152
  },
  "Prop":{
    "0":0.15108289,
    "1":0.181181352,
    "2":0.2878458345,
    "3":0.3937362836,
    "4":0.11699929,
    "5":0.19699316,
    "6":0.142179671,
    "7":0.08780339,
    "8":0.09488658,
    "9":0.10437519,
    "10":0.09670809,
    "11":0.200742901,
    "12":0.0995315,
    "13":0.3630503058,
    "14":0.1090391,
    "15":0.1432917,
    "16":0.235590911,
    "17":0.14306644,
    "18":0.1519519,
    "19":0.19469491,
    "20":0.10822029,
    "21":0.155405142,
    "22":0.1073366349,
    "23":0.1906201159,
    "24":0.102930451,
    "25":0.14485509,
    "26":0.19878691,
    "27":0.1000501,
    "28":0.15650319,
    "29":0.151368412,
    "30":0.190896001,
    "31":0.160500551,
    "32":0.16135082,
    "33":0.1093678,
    "34":0.114079521,
    "35":0.20499984,
    "36":0.1832790873,
    "37":0.159135502,
    "38":0.10371549,
    "39":0.1507422,
    "40":0.16139488,
    "41":0.1527198959,
    "42":0.0946625,
    "43":0.5080497514,
    "44":0.1000441,
    "45":0.139332331,
    "46":0.28835965,
    "47":0.153564381,
    "48":0.2694438378,
    "49":0.18459404
  },
  "Delta_Uniform":{
    "0":-0.022102819,
    "1":-0.05158508,
    "2":-0.0415868521,
    "3":-0.0869998817,
    "4":-0.00436281,
    "5":-0.0179501268,
    "6":-0.037886178,
    "7":-0.0208879,
    "8":-0.012727488,
    "9":-0.00967631,
    "10":-0.017971339,
    "11":-0.0500476971,
    "12":-0.02149409,
    "13":-0.0583278431,
    "14":-0.00955037,
    "15":-0.03475932,
    "16":-0.0342847222,
    "17":-0.030615226,
    "18":-0.03406021,
    "19":-0.05741511,
    "20":-0.02390023,
    "21":-0.02517972,
    "22":-0.0222509559,
    "23":-0.041449794,
    "24":-0.03511523,
    "25":-0.05318778,
    "26":-0.0473358968,
    "27":-0.026712569,
    "28":-0.0421649,
    "29":-0.042551412,
    "30":-0.042973169,
    "31":-0.0555249027,
    "32":-0.0301344851,
    "33":-0.01824909,
    "34":-0.01616241,
    "35":-0.0409002019,
    "36":-0.0600791,
    "37":-0.03563701,
    "38":-0.02639581,
    "39":-0.0326859361,
    "40":-0.0330626,
    "41":-0.028476149,
    "42":-0.0198178,
    "43":-0.1183978623,
    "44":-0.0376378,
    "45":-0.028683059,
    "46":-0.0328788856,
    "47":-0.039645923,
    "48":-0.0602133693,
    "49":-0.032293911
  },
  "Delta_Prop":{
    "0":-0.044419548,
    "1":-0.063135262,
    "2":-0.0946324298,
    "3":-0.1555634887,
    "4":-0.0411599,
    "5":-0.0491072758,
    "6":-0.049295859,
    "7":-0.02067591,
    "8":-0.022689068,
    "9":-0.021512,
    "10":-0.022936039,
    "11":-0.0718718271,
    "12":-0.0320252,
    "13":-0.1273268447,
    "14":-0.0368528,
    "15":-0.04318405,
    "16":-0.0769078132,
    "17":-0.046203567,
    "18":-0.05500632,
    "19":-0.09088652,
    "20":-0.04870032,
    "21":-0.054167172,
    "22":-0.0301355839,
    "23":-0.059813081,
    "24":-0.03627773,
    "25":-0.06582659,
    "26":-0.066676669,
    "27":-0.029687769,
    "28":-0.06778789,
    "29":-0.052860702,
    "30":-0.073848969,
    "31":-0.0677586907,
    "32":-0.0579311621,
    "33":-0.036292649,
    "34":-0.049680641,
    "35":-0.074232046,
    "36":-0.0675056263,
    "37":-0.072314522,
    "38":-0.0440492,
    "39":-0.0528007951,
    "40":-0.0659592,
    "41":-0.0506636449,
    "42":-0.0358963,
    "43":-0.1860889189,
    "44":-0.04085761,
    "45":-0.04264449,
    "46":-0.0890234266,
    "47":-0.06130594,
    "48":-0.0914637293,
    "49":-0.059909799
  }
}