{
  "Astrahl":{
    "0":0.006032249,
    "1":0.0169578096,
    "2":0.0178596742,
    "3":0.0070209,
    "4":0.023031707,
    "5":0.0131676534,
    "6":0.0040152,
    "7":0.007044707,
    "8":0.002044707,
    "9":0.01001311,
    "10":0.0091035515,
    "11":0.00303249,
    "12":0.0061254551,
    "13":0.0190361095,
    "14":0.0042769311,
    "15":0.0040364464,
    "16":0.001041734,
    "17":0.0120436753,
    "18":0.00903021,
    "19":0.0247434081,
    "20":0.006043089,
    "21":0.006940951,
    "22":0.00502432,
    "23":0.00410033,
    "24":0.00503401,
    "25":0.00605149,
    "26":0.0120725167,
    "27":0.012140912,
    "28":0.0090643093,
    "29":0.005079382,
    "30":0.00806504,
    "31":0.0060984272,
    "32":0.0061157043,
    "33":0.0101254215,
    "34":0.008046588,
    "35":0.0091838145,
    "36":0.0071579388,
    "37":0.0110510741,
    "38":0.0040999204,
    "39":0.0104166487,
    "40":0.01101691,
    "41":0.00604294,
    "42":0.022028997,
    "43":0.0119868571,
    "44":0.005026829,
    "45":0.0050626044,
    "46":0.0100237291,
    "47":0.0030501621,
    "48":0.013021409,
    "49":0.006024119
  },
  "Uniform":{
    "0":0.0410086,
    "1":0.0810082441,
    "2":0.1289126038,
    "3":0.04501032,
    "4":0.12034622,
    "5":0.0759383118,
    "6":0.04200561,
    "7":0.041009949,
    "8":0.0380067,
    "9":0.08920613,
    "10":0.0410518868,
    "11":0.05100841,
    "12":0.0470518477,
    "13":0.0967123346,
    "14":0.0501542564,
    "15":0.043007949,
    "16":0.050017069,
    "17":0.073612298,
    "18":0.0400065,
    "19":0.1185540047,
    "20":0.0520019,
    "21":0.1255678543,
    "22":0.03701122,
    "23":0.0450258982,
    "24":0.0430057,
    "25":0.044011939,
    "26":0.0410425942,
    "27":0.079140296,
    "28":0.0940263867,
    "29":0.0390339041,
    "30":0.036011749,
    "31":0.0500249277,
    "32":0.0500428101,
    "33":0.0450261111,
    "34":0.04701696,
    "35":0.0360522234,
    "36":0.037027909,
    "37":0.0908331303,
    "38":0.0390404304,
    "39":0.0360990412,
    "40":0.0470096,
    "41":0.0420084,
    "42":0.1206687051,
    "43":0.0824268413,
    "44":0.0490029,
    "45":0.0440199221,
    "46":0.035015618,
    "47":0.04601202,
    "48":0.0450066,
    "49":0.04001021
  },
  "Prop":{
    "0":0.04400793,
    "1":0.080807859,
    "2":0.1141120303,
    "3":0.03800641,
    "4":0.1205555341,
    "5":0.0924388714,
    "6":0.0450048,
    "7":0.043008859,
    "8":0.04601093,
    "9":0.08680542,
    "10":0.037028274,
    "11":0.036017169,
    "12":0.0530724611,
    "13":0.0859064341,
    "14":0.0430755761,
    "15":0.048010759,
    "16":0.04700784,
    "17":0.099207317,
    "18":0.03700932,
    "19":0.1417456123,
    "20":0.04300922,
    "21":0.1317979914,
    "22":0.0340059,
    "23":0.041027016,
    "24":0.04500651,
    "25":0.03301473,
    "26":0.0380267838,
    "27":0.0876282634,
    "28":0.0805109541,
    "29":0.0400342477,
    "30":0.046015098,
    "31":0.0430336723,
    "32":0.038040817,
    "33":0.0450531749,
    "34":0.04201122,
    "35":0.0450376674,
    "36":0.0500367038,
    "37":0.083615088,
    "38":0.033029996,
    "39":0.0471082153,
    "40":0.0470068,
    "41":0.04600342,
    "42":0.12206064,
    "43":0.0879188911,
    "44":0.0380019,
    "45":0.0390099731,
    "46":0.03700841,
    "47":0.03601292,
    "48":0.0360038,
    "49":0.0500085
  },
  "Delta_Uniform":{
    "0":-0.034976351,
    "1":-0.0640504345,
    "2":-0.1110529296,
    "3":-0.03798942,
    "4":-0.097314513,
    "5":-0.0627706584,
    "6":-0.03799041,
    "7":-0.033965242,
    "8":-0.035961993,
    "9":-0.07919302,
    "10":-0.0319483352,
    "11":-0.04797592,
    "12":-0.0409263926,
    "13":-0.0776762251,
    "14":-0.0458773254,
    "15":-0.0389715026,
    "16":-0.048975335,
    "17":-0.0615686227,
    "18":-0.03097629,
    "19":-0.0938105967,
    "20":-0.045958811,
    "21":-0.1186269033,
    "22":-0.0319869,
    "23":-0.0409255682,
    "24":-0.03797169,
    "25":-0.037960449,
    "26":-0.0289700775,
    "27":-0.066999384,
    "28":-0.0849620774,
    "29":-0.0339545221,
    "30":-0.027946709,
    "31":-0.0439265005,
    "32":-0.0439271058,
    "33":-0.0349006896,
    "34":-0.038970372,
    "35":-0.0268684088,
    "36":-0.0298699702,
    "37":-0.0797820562,
    "38":-0.0349405099,
    "39":-0.0256823925,
    "40":-0.03599269,
    "41":-0.03596546,
    "42":-0.0986397081,
    "43":-0.0704399842,
    "44":-0.043976071,
    "45":-0.0389573177,
    "46":-0.0249918889,
    "47":-0.0429618579,
    "48":-0.031985191,
    "49":-0.033986091
  },
  "Delta_Prop":{
    "0":-0.037975681,
    "1":-0.0638500494,
    "2":-0.0962523561,
    "3":-0.03098551,
    "4":-0.0975238271,
    "5":-0.079271218,
    "6":-0.0409896,
    "7":-0.035964152,
    "8":-0.043966223,
    "9":-0.07679231,
    "10":-0.0279247225,
    "11":-0.032984679,
    "12":-0.046947006,
    "13":-0.0668703246,
    "14":-0.038798645,
    "15":-0.0439743126,
    "16":-0.045966106,
    "17":-0.0871636417,
    "18":-0.02797911,
    "19":-0.1170022042,
    "20":-0.036966131,
    "21":-0.1248570404,
    "22":-0.02898158,
    "23":-0.036926686,
    "24":-0.0399725,
    "25":-0.02696324,
    "26":-0.0259542671,
    "27":-0.0754873514,
    "28":-0.0714466448,
    "29":-0.0349548657,
    "30":-0.037950058,
    "31":-0.0369352451,
    "32":-0.0319251127,
    "33":-0.0349277534,
    "34":-0.033964632,
    "35":-0.0358538528,
    "36":-0.042878765,
    "37":-0.0725640139,
    "38":-0.0289300756,
    "39":-0.0366915666,
    "40":-0.03598989,
    "41":-0.03996048,
    "42":-0.100031643,
    "43":-0.075932034,
    "44":-0.032975071,
    "45":-0.0339473687,
    "46":-0.0269846809,
    "47":-0.0329627579,
    "48":-0.022982391,
    "49":-0.043984381
  }
}