{
  "Astrahl":{
    "0":0.044781126,
    "1":0.0357873031,
    "2":0.0453234907,
    "3":0.0245355896,
    "4":0.0146448243,
    "5":0.01849268,
    "6":0.0471958187,
    "7":0.021547745,
    "8":0.0306160827,
    "9":0.0571504581,
    "10":0.015796362,
    "11":0.017606912,
    "12":0.0147856734,
    "13":0.02440003,
    "14":0.0196851836,
    "15":0.036509198,
    "16":0.041795997,
    "17":0.0411756676,
    "18":0.043197324,
    "19":0.0255889983,
    "20":0.043243739,
    "21":0.018839944,
    "22":0.0194522799,
    "23":0.019780514,
    "24":0.0216221903,
    "25":0.012976633,
    "26":0.02041856,
    "27":0.0208407066,
    "28":0.0253669505,
    "29":0.0253945981,
    "30":0.0239098777,
    "31":0.025779895,
    "32":0.0229115623,
    "33":0.0512422941,
    "34":0.0403149937,
    "35":0.0355960063,
    "36":0.0436148706,
    "37":0.0200458441,
    "38":0.0211422525,
    "39":0.0201318015,
    "40":0.0174578,
    "41":0.0225193608,
    "42":0.0173336041,
    "43":0.0130287235,
    "44":0.022717122,
    "45":0.01933027,
    "46":0.01541965,
    "47":0.02244145,
    "48":0.0146284934,
    "49":0.02145453
  },
  "Uniform":{
    "0":0.123207924,
    "1":0.1259180314,
    "2":0.1222978021,
    "3":0.0633288976,
    "4":0.0668831162,
    "5":0.06332909,
    "6":0.1304200689,
    "7":0.0693659419,
    "8":0.0636913879,
    "9":0.1768668414,
    "10":0.064513543,
    "11":0.056571838,
    "12":0.0631538967,
    "13":0.06728027,
    "14":0.0669992522,
    "15":0.1350980232,
    "16":0.127198624,
    "17":0.134191218,
    "18":0.1206246813,
    "19":0.0701365509,
    "20":0.119688358,
    "21":0.062471685,
    "22":0.0702824395,
    "23":0.062494537,
    "24":0.0708918258,
    "25":0.068497767,
    "26":0.06132716,
    "27":0.0633029551,
    "28":0.0612928185,
    "29":0.0679019374,
    "30":0.0684898284,
    "31":0.064422025,
    "32":0.069130612,
    "33":0.1415325184,
    "34":0.1327164884,
    "35":0.1234568784,
    "36":0.128283667,
    "37":0.0676873242,
    "38":0.0615294761,
    "39":0.0697955341,
    "40":0.0603452,
    "41":0.0683249455,
    "42":0.0667178783,
    "43":0.0644894743,
    "44":0.066553025,
    "45":0.06725759,
    "46":0.07126279,
    "47":0.05729811,
    "48":0.0635904944,
    "49":0.05829929
  },
  "Prop":{
    "0":0.120592063,
    "1":0.1310536505,
    "2":0.1249577441,
    "3":0.0554155412,
    "4":0.0571272271,
    "5":0.07039383,
    "6":0.1187956492,
    "7":0.0615396065,
    "8":0.0692900904,
    "9":0.1784045966,
    "10":0.063640035,
    "11":0.055568884,
    "12":0.0642021864,
    "13":0.06324725,
    "14":0.069312727,
    "15":0.1123450534,
    "16":0.120685548,
    "17":0.1223935505,
    "18":0.121620117,
    "19":0.0633316026,
    "20":0.130453714,
    "21":0.051588646,
    "22":0.0586325847,
    "23":0.064467973,
    "24":0.0653542385,
    "25":0.072551805,
    "26":0.06334819,
    "27":0.0643087089,
    "28":0.0603711312,
    "29":0.0632234418,
    "30":0.0636848944,
    "31":0.061514814,
    "32":0.0774495646,
    "33":0.1195545663,
    "34":0.1207540011,
    "35":0.1232400422,
    "36":0.1253603975,
    "37":0.0707391232,
    "38":0.055232645,
    "39":0.0589584441,
    "40":0.06034844,
    "41":0.0533246813,
    "42":0.0677852085,
    "43":0.0646244443,
    "44":0.061587905,
    "45":0.06325286,
    "46":0.06423249,
    "47":0.07335058,
    "48":0.0605404671,
    "49":0.05321434
  },
  "Delta_Uniform":{
    "0":-0.078426798,
    "1":-0.0901307283,
    "2":-0.0769743114,
    "3":-0.038793308,
    "4":-0.0522382919,
    "5":-0.04483641,
    "6":-0.0832242502,
    "7":-0.0478181969,
    "8":-0.0330753052,
    "9":-0.1197163833,
    "10":-0.048717181,
    "11":-0.038964926,
    "12":-0.0483682233,
    "13":-0.04288024,
    "14":-0.0473140686,
    "15":-0.0985888252,
    "16":-0.085402627,
    "17":-0.0930155504,
    "18":-0.0774273573,
    "19":-0.0445475526,
    "20":-0.076444619,
    "21":-0.043631741,
    "22":-0.0508301596,
    "23":-0.042714023,
    "24":-0.0492696355,
    "25":-0.055521134,
    "26":-0.0409086,
    "27":-0.0424622485,
    "28":-0.035925868,
    "29":-0.0425073393,
    "30":-0.0445799507,
    "31":-0.03864213,
    "32":-0.0462190497,
    "33":-0.0902902243,
    "34":-0.0924014946,
    "35":-0.0878608721,
    "36":-0.0846687964,
    "37":-0.0476414801,
    "38":-0.0403872236,
    "39":-0.0496637326,
    "40":-0.0428874,
    "41":-0.0458055847,
    "42":-0.0493842742,
    "43":-0.0514607508,
    "44":-0.043835903,
    "45":-0.04792732,
    "46":-0.05584314,
    "47":-0.03485666,
    "48":-0.048962001,
    "49":-0.03684476
  },
  "Delta_Prop":{
    "0":-0.075810937,
    "1":-0.0952663474,
    "2":-0.0796342534,
    "3":-0.0308799517,
    "4":-0.0424824028,
    "5":-0.05190115,
    "6":-0.0715998305,
    "7":-0.0399918615,
    "8":-0.0386740076,
    "9":-0.1212541386,
    "10":-0.047843673,
    "11":-0.037961972,
    "12":-0.049416513,
    "13":-0.03884722,
    "14":-0.0496275434,
    "15":-0.0758358554,
    "16":-0.078889551,
    "17":-0.0812178829,
    "18":-0.078422793,
    "19":-0.0377426043,
    "20":-0.087209975,
    "21":-0.032748702,
    "22":-0.0391803048,
    "23":-0.044687459,
    "24":-0.0437320482,
    "25":-0.059575172,
    "26":-0.04292963,
    "27":-0.0434680023,
    "28":-0.0350041807,
    "29":-0.0378288437,
    "30":-0.0397750167,
    "31":-0.035734919,
    "32":-0.0545380023,
    "33":-0.0683122722,
    "34":-0.0804390074,
    "35":-0.0876440359,
    "36":-0.0817455269,
    "37":-0.0506932791,
    "38":-0.0340903925,
    "39":-0.0388266426,
    "40":-0.04289064,
    "41":-0.0308053205,
    "42":-0.0504516044,
    "43":-0.0515957208,
    "44":-0.038870783,
    "45":-0.04392259,
    "46":-0.04881284,
    "47":-0.05090913,
    "48":-0.0459119737,
    "49":-0.03175981
  }
}