{
  "Astrahl":{
    "0":0.07252404,
    "1":0.0821307901,
    "2":0.0827637419,
    "3":0.0348996334,
    "4":0.0390620317,
    "5":0.04682077,
    "6":0.071534814,
    "7":0.0439041304,
    "8":0.042704586,
    "9":0.1129272398,
    "10":0.02752537,
    "11":0.035493518,
    "12":0.0398429331,
    "13":0.03177172,
    "14":0.042065831,
    "15":0.0827409794,
    "16":0.074227528,
    "17":0.0821180905,
    "18":0.0806911314,
    "19":0.0404973004,
    "20":0.079232106,
    "21":0.03566404,
    "22":0.0322708775,
    "23":0.049362928,
    "24":0.044566293,
    "25":0.029495655,
    "26":0.02879243,
    "27":0.0412322527,
    "28":0.0299814371,
    "29":0.0361291166,
    "30":0.0335917725,
    "31":0.038644483,
    "32":0.0502035495,
    "33":0.0806510264,
    "34":0.0629499932,
    "35":0.0738346402,
    "36":0.0800989185,
    "37":0.0351916412,
    "38":0.0441534736,
    "39":0.045335652,
    "40":0.0418066,
    "41":0.0359459786,
    "42":0.0314254135,
    "43":0.0307911616,
    "44":0.041519427,
    "45":0.03588508,
    "46":0.03581641,
    "47":0.03683167,
    "48":0.0375383711,
    "49":0.04680878
  },
  "Uniform":{
    "0":0.157560981,
    "1":0.1583889964,
    "2":0.1617172847,
    "3":0.0805976717,
    "4":0.0888017,
    "5":0.08050872,
    "6":0.1571718662,
    "7":0.0797159908,
    "8":0.077017118,
    "9":0.2259325704,
    "10":0.075871608,
    "11":0.080023888,
    "12":0.091494952,
    "13":0.08355991,
    "14":0.0848592632,
    "15":0.1545266556,
    "16":0.156644558,
    "17":0.1474045958,
    "18":0.1592515129,
    "19":0.0831618223,
    "20":0.147777839,
    "21":0.071855287,
    "22":0.0849442578,
    "23":0.077885283,
    "24":0.0788602872,
    "25":0.081080131,
    "26":0.08158893,
    "27":0.0830005605,
    "28":0.0727083092,
    "29":0.0768118945,
    "30":0.0719674482,
    "31":0.081059251,
    "32":0.0841024436,
    "33":0.1492792137,
    "34":0.1601616594,
    "35":0.1611058186,
    "36":0.1544506757,
    "37":0.0914686567,
    "38":0.080260644,
    "39":0.0822652645,
    "40":0.07650456,
    "41":0.0776586415,
    "42":0.0803796619,
    "43":0.0879992744,
    "44":0.086017678,
    "45":0.07948206,
    "46":0.08354911,
    "47":0.07748286,
    "48":0.0769392081,
    "49":0.07863566
  },
  "Prop":{
    "0":0.146199239,
    "1":0.1586675806,
    "2":0.1489881714,
    "3":0.0826314709,
    "4":0.081092587,
    "5":0.07653413,
    "6":0.1577033282,
    "7":0.0810610868,
    "8":0.0825970568,
    "9":0.2183938278,
    "10":0.074057239,
    "11":0.083189831,
    "12":0.0778802577,
    "13":0.08255037,
    "14":0.0768153732,
    "15":0.1610575794,
    "16":0.155859784,
    "17":0.1562941607,
    "18":0.1526663236,
    "19":0.0889570222,
    "20":0.157149612,
    "21":0.074938772,
    "22":0.0788173862,
    "23":0.085059015,
    "24":0.0821714296,
    "25":0.072179554,
    "26":0.0785324,
    "27":0.0851720489,
    "28":0.0816015666,
    "29":0.0871078485,
    "30":0.0850692422,
    "31":0.084125976,
    "32":0.0848824377,
    "33":0.147214061,
    "34":0.1529325201,
    "35":0.1488846275,
    "36":0.151585105,
    "37":0.0725876549,
    "38":0.0735207508,
    "39":0.076768733,
    "40":0.0816108,
    "41":0.0816555125,
    "42":0.075666535,
    "43":0.0851085179,
    "44":0.071136112,
    "45":0.08756598,
    "46":0.07751437,
    "47":0.08155287,
    "48":0.0831250598,
    "49":0.073669
  },
  "Delta_Uniform":{
    "0":-0.085036941,
    "1":-0.0762582063,
    "2":-0.0789535428,
    "3":-0.0456980384,
    "4":-0.0497396683,
    "5":-0.03368795,
    "6":-0.0856370522,
    "7":-0.0358118604,
    "8":-0.034312532,
    "9":-0.1130053306,
    "10":-0.048346238,
    "11":-0.04453037,
    "12":-0.0516520189,
    "13":-0.05178819,
    "14":-0.0427934321,
    "15":-0.0717856762,
    "16":-0.08241703,
    "17":-0.0652865054,
    "18":-0.0785603815,
    "19":-0.0426645219,
    "20":-0.068545733,
    "21":-0.036191247,
    "22":-0.0526733803,
    "23":-0.028522355,
    "24":-0.0342939941,
    "25":-0.051584476,
    "26":-0.0527965,
    "27":-0.0417683077,
    "28":-0.0427268721,
    "29":-0.0406827778,
    "30":-0.0383756757,
    "31":-0.042414768,
    "32":-0.0338988941,
    "33":-0.0686281873,
    "34":-0.0972116663,
    "35":-0.0872711784,
    "36":-0.0743517572,
    "37":-0.0562770155,
    "38":-0.0361071704,
    "39":-0.0369296125,
    "40":-0.03469796,
    "41":-0.0417126629,
    "42":-0.0489542484,
    "43":-0.0572081128,
    "44":-0.044498251,
    "45":-0.04359698,
    "46":-0.0477327,
    "47":-0.04065119,
    "48":-0.039400837,
    "49":-0.03182688
  },
  "Delta_Prop":{
    "0":-0.073675199,
    "1":-0.0765367905,
    "2":-0.0662244296,
    "3":-0.0477318375,
    "4":-0.0420305553,
    "5":-0.02971336,
    "6":-0.0861685142,
    "7":-0.0371569564,
    "8":-0.0398924708,
    "9":-0.105466588,
    "10":-0.046531869,
    "11":-0.047696313,
    "12":-0.0380373246,
    "13":-0.05077865,
    "14":-0.0347495422,
    "15":-0.0783166,
    "16":-0.081632256,
    "17":-0.0741760703,
    "18":-0.0719751922,
    "19":-0.0484597219,
    "20":-0.077917506,
    "21":-0.039274732,
    "22":-0.0465465087,
    "23":-0.035696087,
    "24":-0.0376051365,
    "25":-0.042683899,
    "26":-0.04973997,
    "27":-0.0439397961,
    "28":-0.0516201295,
    "29":-0.0509787318,
    "30":-0.0514774697,
    "31":-0.045481493,
    "32":-0.0346788882,
    "33":-0.0665630346,
    "34":-0.089982527,
    "35":-0.0750499873,
    "36":-0.0714861865,
    "37":-0.0373960137,
    "38":-0.0293672772,
    "39":-0.031433081,
    "40":-0.0398042,
    "41":-0.0457095339,
    "42":-0.0442411215,
    "43":-0.0543173563,
    "44":-0.029616685,
    "45":-0.0516809,
    "46":-0.04169796,
    "47":-0.0447212,
    "48":-0.0455866887,
    "49":-0.02686022
  }
}