{
  "Astrahl":{
    "0":0.000973161,
    "1":0.0012463669,
    "2":0.0007002621,
    "3":0.001509286,
    "4":0.001122482,
    "5":0.0010208299,
    "6":0.00046341,
    "7":0.00041192,
    "8":0.001176138,
    "9":0.0019793416,
    "10":0.0009703857,
    "11":0.0011671035,
    "12":0.002020895,
    "13":0.0012697949,
    "14":0.0026862493,
    "15":0.00077235,
    "16":0.000355281,
    "17":0.0016799171,
    "18":0.0024126103,
    "19":0.0023591946,
    "20":0.0017313797,
    "21":0.0016087643,
    "22":0.0005149,
    "23":0.0006523783,
    "24":0.0010682132,
    "25":0.0011639011,
    "26":0.0003890345,
    "27":0.000881292,
    "28":0.000522728,
    "29":0.001673616,
    "30":0.0006173735,
    "31":0.0011639011,
    "32":0.0008387721,
    "33":0.000778069,
    "34":0.0026933904,
    "35":0.00066937,
    "36":0.0003112276,
    "37":0.00065341,
    "38":0.0019828799,
    "39":0.0012674744,
    "40":0.0007768405,
    "41":0.0035680436,
    "42":0.0018440235,
    "43":0.0008387721,
    "44":0.0015616499,
    "45":0.0022546387,
    "46":0.000718751,
    "47":0.0010251659,
    "48":0.00202355,
    "49":0.0009668246
  },
  "Uniform":{
    "0":0.003005455,
    "1":0.0055476579,
    "2":0.0024176249,
    "3":0.0047886481,
    "4":0.0043875118,
    "5":0.003839531,
    "6":0.00163951,
    "7":0.00190917,
    "8":0.0052539252,
    "9":0.0087301313,
    "10":0.0049438828,
    "11":0.0050409064,
    "12":0.0056031479,
    "13":0.0045993659,
    "14":0.0087145839,
    "15":0.002930914,
    "16":0.00258851,
    "17":0.0076781678,
    "18":0.0044615728,
    "19":0.0103158011,
    "20":0.0061518774,
    "21":0.0075099661,
    "22":0.00157269,
    "23":0.0032819967,
    "24":0.0062877313,
    "25":0.0036914989,
    "26":0.0022893398,
    "27":0.0045359689,
    "28":0.001681685,
    "29":0.0064975333,
    "30":0.0054486813,
    "31":0.0039827312,
    "32":0.0032001365,
    "33":0.0020036626,
    "34":0.0109828505,
    "35":0.00150492,
    "36":0.0019489907,
    "37":0.0039816917,
    "38":0.0069243563,
    "39":0.0046790661,
    "40":0.0035721475,
    "41":0.0207862536,
    "42":0.0058108475,
    "43":0.0025198817,
    "44":0.0049772492,
    "45":0.0075747041,
    "46":0.001846345,
    "47":0.0030357028,
    "48":0.0099349294,
    "49":0.0052428978
  },
  "Prop":{
    "0":0.003002343,
    "1":0.0058811036,
    "2":0.0023028337,
    "3":0.006292331,
    "4":0.0044351014,
    "5":0.0045625265,
    "6":0.00132623,
    "7":0.00154092,
    "8":0.0062507308,
    "9":0.010063074,
    "10":0.0052801312,
    "11":0.0051838912,
    "12":0.0063478126,
    "13":0.0044733284,
    "14":0.0096554808,
    "15":0.003157786,
    "16":0.002905622,
    "17":0.0069726813,
    "18":0.0045879827,
    "19":0.0112159139,
    "20":0.0065407609,
    "21":0.0084090237,
    "22":0.00164062,
    "23":0.0033322694,
    "24":0.0079832923,
    "25":0.003631146,
    "26":0.0025242026,
    "27":0.0047248236,
    "28":0.002035357,
    "29":0.0066365595,
    "30":0.0055994761,
    "31":0.0033843138,
    "32":0.0030915685,
    "33":0.0022833709,
    "34":0.0102390072,
    "35":0.00192016,
    "36":0.0024091247,
    "37":0.0039707949,
    "38":0.0064312186,
    "39":0.0046584801,
    "40":0.00325266,
    "41":0.0230611627,
    "42":0.0074468232,
    "43":0.0024234267,
    "44":0.0062313198,
    "45":0.0084126484,
    "46":0.002216305,
    "47":0.0029183085,
    "48":0.0098604079,
    "49":0.0058533167
  },
  "Delta_Uniform":{
    "0":-0.002032294,
    "1":-0.0043012909,
    "2":-0.0017173628,
    "3":-0.0032793621,
    "4":-0.0032650298,
    "5":-0.0028187011,
    "6":-0.0011761,
    "7":-0.00149725,
    "8":-0.0040777872,
    "9":-0.0067507897,
    "10":-0.0039734971,
    "11":-0.0038738029,
    "12":-0.003582253,
    "13":-0.003329571,
    "14":-0.0060283347,
    "15":-0.002158564,
    "16":-0.002233229,
    "17":-0.0059982507,
    "18":-0.0020489625,
    "19":-0.0079566065,
    "20":-0.0044204977,
    "21":-0.0059012019,
    "22":-0.00105779,
    "23":-0.0026296184,
    "24":-0.0052195181,
    "25":-0.0025275979,
    "26":-0.0019003053,
    "27":-0.0036546769,
    "28":-0.001158957,
    "29":-0.0048239174,
    "30":-0.0048313078,
    "31":-0.0028188301,
    "32":-0.0023613644,
    "33":-0.0012255936,
    "34":-0.0082894601,
    "35":-0.00083555,
    "36":-0.0016377631,
    "37":-0.0033282817,
    "38":-0.0049414764,
    "39":-0.0034115916,
    "40":-0.002795307,
    "41":-0.01721821,
    "42":-0.0039668239,
    "43":-0.0016811096,
    "44":-0.0034155993,
    "45":-0.0053200654,
    "46":-0.001127594,
    "47":-0.0020105369,
    "48":-0.0079113794,
    "49":-0.0042760731
  },
  "Delta_Prop":{
    "0":-0.002029182,
    "1":-0.0046347366,
    "2":-0.0016025716,
    "3":-0.004783045,
    "4":-0.0033126194,
    "5":-0.0035416966,
    "6":-0.00086282,
    "7":-0.001129,
    "8":-0.0050745928,
    "9":-0.0080837324,
    "10":-0.0043097455,
    "11":-0.0040167877,
    "12":-0.0043269176,
    "13":-0.0032035335,
    "14":-0.0069692316,
    "15":-0.002385436,
    "16":-0.002550341,
    "17":-0.0052927641,
    "18":-0.0021753724,
    "19":-0.0088567193,
    "20":-0.0048093812,
    "21":-0.0068002595,
    "22":-0.00112572,
    "23":-0.0026798911,
    "24":-0.0069150791,
    "25":-0.0024672449,
    "26":-0.0021351681,
    "27":-0.0038435316,
    "28":-0.001512629,
    "29":-0.0049629436,
    "30":-0.0049821025,
    "31":-0.0022204128,
    "32":-0.0022527964,
    "33":-0.0015053019,
    "34":-0.0075456168,
    "35":-0.00125079,
    "36":-0.0020978971,
    "37":-0.0033173849,
    "38":-0.0044483387,
    "39":-0.0033910057,
    "40":-0.0024758195,
    "41":-0.0194931191,
    "42":-0.0056027997,
    "43":-0.0015846546,
    "44":-0.0046696699,
    "45":-0.0061580097,
    "46":-0.001497554,
    "47":-0.0018931426,
    "48":-0.0078368579,
    "49":-0.004886492
  }
}