{
  "Astrahl":{
    "0":0.0,
    "1":0.0,
    "2":0.0,
    "3":0.0,
    "4":0.0,
    "5":0.0,
    "6":0.0,
    "7":0.0000064966,
    "8":0.0,
    "9":0.0000120427,
    "10":0.0,
    "11":0.0,
    "12":0.00000299,
    "13":0.0,
    "14":0.000002881,
    "15":0.0000019,
    "16":0.0,
    "17":0.0,
    "18":0.000002881,
    "19":0.0,
    "20":0.000005762,
    "21":0.0,
    "22":0.0,
    "23":0.0000053466,
    "24":0.0,
    "25":0.0,
    "26":0.0,
    "27":0.0,
    "28":0.0,
    "29":0.0,
    "30":0.0,
    "31":0.0,
    "32":0.0,
    "33":0.0000045585,
    "34":0.0,
    "35":0.0,
    "36":0.0,
    "37":0.0,
    "38":0.0,
    "39":0.0,
    "40":0.0,
    "41":0.0,
    "42":0.00000271,
    "43":0.0,
    "44":0.0,
    "45":0.0,
    "46":0.0,
    "47":0.000005149,
    "48":0.0,
    "49":0.0
  },
  "Uniform":{
    "0":0.000008681,
    "1":0.0000144,
    "2":0.000002,
    "3":0.00000599,
    "4":0.000042969,
    "5":0.0000610805,
    "6":0.0000130739,
    "7":0.00001122,
    "8":0.0000299292,
    "9":0.000047258,
    "10":0.000003,
    "11":0.0000141739,
    "12":0.00000671,
    "13":0.00000589,
    "14":0.0,
    "15":0.00000498,
    "16":0.00000461,
    "17":0.0000182259,
    "18":0.000009861,
    "19":0.0000049,
    "20":0.0000069,
    "21":0.000031059,
    "22":0.0000048,
    "23":0.0000356768,
    "24":0.00000299,
    "25":0.0000142729,
    "26":0.000014462,
    "27":0.000001,
    "28":0.0000412814,
    "29":0.0000039,
    "30":0.00000599,
    "31":0.0000133,
    "32":0.00001331,
    "33":0.0000161739,
    "34":0.000005881,
    "35":0.0000029,
    "36":0.0000559717,
    "37":0.000014649,
    "38":0.00001479,
    "39":0.00001612,
    "40":0.0000154,
    "41":0.00000879,
    "42":0.000012581,
    "43":0.0000057,
    "44":0.00001268,
    "45":0.0000019,
    "46":0.000010681,
    "47":0.0000304968,
    "48":0.000002,
    "49":0.0000079
  },
  "Prop":{
    "0":0.00000588,
    "1":0.00001611,
    "2":0.00000989,
    "3":0.000004,
    "4":0.000032725,
    "5":0.000051056,
    "6":0.000019069,
    "7":0.0,
    "8":0.0000208278,
    "9":0.000031189,
    "10":0.0000049,
    "11":0.0000038,
    "12":0.000010859,
    "13":0.0000059,
    "14":0.0000049,
    "15":0.000006,
    "16":0.000007149,
    "17":0.0000105629,
    "18":0.000005781,
    "19":0.000002,
    "20":0.000009681,
    "21":0.000040599,
    "22":0.000011671,
    "23":0.00002053,
    "24":0.000001,
    "25":0.00001151,
    "26":0.0000029,
    "27":0.00000399,
    "28":0.0000244649,
    "29":0.0000029,
    "30":0.000002,
    "31":0.0000078,
    "32":0.00000589,
    "33":0.0000162,
    "34":0.000007871,
    "35":0.0000341649,
    "36":0.0000314031,
    "37":0.0000192931,
    "38":0.00001459,
    "39":0.0000136,
    "40":0.00000761,
    "41":0.0000097,
    "42":0.0000019,
    "43":0.00000489,
    "44":0.000015471,
    "45":0.000007681,
    "46":0.000003,
    "47":0.0000325296,
    "48":0.0,
    "49":0.0000095
  },
  "Delta_Uniform":{
    "0":-0.000008681,
    "1":-0.0000144,
    "2":-0.000002,
    "3":-0.00000599,
    "4":-0.000042969,
    "5":-0.0000610805,
    "6":-0.0000130739,
    "7":-0.0000047234,
    "8":-0.0000299292,
    "9":-0.0000352153,
    "10":-0.000003,
    "11":-0.0000141739,
    "12":-0.00000372,
    "13":-0.00000589,
    "14":0.000002881,
    "15":-0.00000308,
    "16":-0.00000461,
    "17":-0.0000182259,
    "18":-0.00000698,
    "19":-0.0000049,
    "20":-0.000001138,
    "21":-0.000031059,
    "22":-0.0000048,
    "23":-0.0000303302,
    "24":-0.00000299,
    "25":-0.0000142729,
    "26":-0.000014462,
    "27":-0.000001,
    "28":-0.0000412814,
    "29":-0.0000039,
    "30":-0.00000599,
    "31":-0.0000133,
    "32":-0.00001331,
    "33":-0.0000116154,
    "34":-0.000005881,
    "35":-0.0000029,
    "36":-0.0000559717,
    "37":-0.000014649,
    "38":-0.00001479,
    "39":-0.00001612,
    "40":-0.0000154,
    "41":-0.00000879,
    "42":-0.000009871,
    "43":-0.0000057,
    "44":-0.00001268,
    "45":-0.0000019,
    "46":-0.000010681,
    "47":-0.0000253478,
    "48":-0.000002,
    "49":-0.0000079
  },
  "Delta_Prop":{
    "0":-0.00000588,
    "1":-0.00001611,
    "2":-0.00000989,
    "3":-0.000004,
    "4":-0.000032725,
    "5":-0.000051056,
    "6":-0.000019069,
    "7":0.0000064966,
    "8":-0.0000208278,
    "9":-0.0000191463,
    "10":-0.0000049,
    "11":-0.0000038,
    "12":-0.000007869,
    "13":-0.0000059,
    "14":-0.000002019,
    "15":-0.0000041,
    "16":-0.000007149,
    "17":-0.0000105629,
    "18":-0.0000029,
    "19":-0.000002,
    "20":-0.000003919,
    "21":-0.000040599,
    "22":-0.000011671,
    "23":-0.0000151834,
    "24":-0.000001,
    "25":-0.00001151,
    "26":-0.0000029,
    "27":-0.00000399,
    "28":-0.0000244649,
    "29":-0.0000029,
    "30":-0.000002,
    "31":-0.0000078,
    "32":-0.00000589,
    "33":-0.0000116415,
    "34":-0.000007871,
    "35":-0.0000341649,
    "36":-0.0000314031,
    "37":-0.0000192931,
    "38":-0.00001459,
    "39":-0.0000136,
    "40":-0.00000761,
    "41":-0.0000097,
    "42":0.00000081,
    "43":-0.00000489,
    "44":-0.000015471,
    "45":-0.000007681,
    "46":-0.000003,
    "47":-0.0000273806,
    "48":0.0,
    "49":-0.0000095
  }
}