{
  "Astrahl":{
    "0":0.0000671706,
    "1":0.0007435448,
    "2":0.0000696584,
    "3":0.0001436583,
    "4":0.0001204876,
    "5":0.000224902,
    "6":0.0001302152,
    "7":0.0001169829,
    "8":0.0000905199,
    "9":0.00014078,
    "10":0.000130746,
    "11":0.0001820539,
    "12":0.000332334,
    "13":0.0002262407,
    "14":0.0001315626,
    "15":0.0008562447,
    "16":0.0011655843,
    "17":0.000203391,
    "18":0.0002113463,
    "19":0.0000597072,
    "20":0.0001816763,
    "21":0.000374834,
    "22":0.0002626326,
    "23":0.000565718,
    "24":0.0002199478,
    "25":0.000195245,
    "26":0.0001908502,
    "27":0.0001417643,
    "28":0.0001623792,
    "29":0.0001481225,
    "30":0.0001170723,
    "31":0.000112334,
    "32":0.0005428193,
    "33":0.0001657309,
    "34":0.0000717071,
    "35":0.0000780079,
    "36":0.000063234,
    "37":0.0005754493,
    "38":0.0002919194,
    "39":0.000101031,
    "40":0.000199556,
    "41":0.0001084346,
    "42":0.00007026,
    "43":0.0002962906,
    "44":0.0001878726,
    "45":0.0001498034,
    "46":0.000109981,
    "47":0.000063234,
    "48":0.0001703997,
    "49":0.0002870134
  },
  "Uniform":{
    "0":0.0000774218,
    "1":0.000837851,
    "2":0.0000829642,
    "3":0.0001622458,
    "4":0.0001513539,
    "5":0.0002688927,
    "6":0.0001354127,
    "7":0.0001514454,
    "8":0.0001158659,
    "9":0.0001650397,
    "10":0.000128078,
    "11":0.0002424392,
    "12":0.0003102971,
    "13":0.0002714363,
    "14":0.0001673713,
    "15":0.001082392,
    "16":0.0012789677,
    "17":0.0002524116,
    "18":0.0002652709,
    "19":0.0000874552,
    "20":0.000258394,
    "21":0.0004623791,
    "22":0.0003671889,
    "23":0.0006591288,
    "24":0.0002628117,
    "25":0.0002652311,
    "26":0.0001752077,
    "27":0.0001532501,
    "28":0.0001545958,
    "29":0.0002201405,
    "30":0.0001301415,
    "31":0.0001408117,
    "32":0.0005684402,
    "33":0.000192994,
    "34":0.0000923143,
    "35":0.0000830008,
    "36":0.00007504,
    "37":0.0006353958,
    "38":0.0004037423,
    "39":0.000127872,
    "40":0.0002834594,
    "41":0.0001431507,
    "42":0.000081302,
    "43":0.0003314388,
    "44":0.0002540148,
    "45":0.0001978504,
    "46":0.000132978,
    "47":0.000071349,
    "48":0.0002158888,
    "49":0.0004120718
  },
  "Prop":{
    "0":0.0000794237,
    "1":0.0008427542,
    "2":0.0000840829,
    "3":0.0001346969,
    "4":0.0001570341,
    "5":0.000261499,
    "6":0.0001258899,
    "7":0.0001401612,
    "8":0.0000874831,
    "9":0.0001798718,
    "10":0.000128375,
    "11":0.0002447197,
    "12":0.0004049063,
    "13":0.0002740167,
    "14":0.0001704372,
    "15":0.0010841592,
    "16":0.0011894811,
    "17":0.0002419561,
    "18":0.0002471511,
    "19":0.0000861709,
    "20":0.0001817872,
    "21":0.0004438875,
    "22":0.0003789136,
    "23":0.000609822,
    "24":0.0002981861,
    "25":0.0002719924,
    "26":0.0001748729,
    "27":0.0001548295,
    "28":0.0001694813,
    "29":0.0001530469,
    "30":0.0001328299,
    "31":0.0001396144,
    "32":0.0006395268,
    "33":0.0001896068,
    "34":0.0000937915,
    "35":0.0000775515,
    "36":0.000067428,
    "37":0.0006336423,
    "38":0.0004107202,
    "39":0.000113959,
    "40":0.0002380467,
    "41":0.0001330802,
    "42":0.000067599,
    "43":0.0003125726,
    "44":0.0002174272,
    "45":0.0001765116,
    "46":0.000143611,
    "47":0.00007349,
    "48":0.0002193621,
    "49":0.0003253888
  },
  "Delta_Uniform":{
    "0":-0.0000102512,
    "1":-0.0000943062,
    "2":-0.0000133058,
    "3":-0.0000185875,
    "4":-0.0000308664,
    "5":-0.0000439907,
    "6":-0.0000051975,
    "7":-0.0000344625,
    "8":-0.000025346,
    "9":-0.0000242597,
    "10":0.000002668,
    "11":-0.0000603853,
    "12":0.0000220369,
    "13":-0.0000451956,
    "14":-0.0000358088,
    "15":-0.0002261473,
    "16":-0.0001133834,
    "17":-0.0000490206,
    "18":-0.0000539246,
    "19":-0.000027748,
    "20":-0.0000767177,
    "21":-0.0000875451,
    "22":-0.0001045562,
    "23":-0.0000934108,
    "24":-0.000042864,
    "25":-0.0000699861,
    "26":0.0000156424,
    "27":-0.0000114858,
    "28":0.0000077835,
    "29":-0.000072018,
    "30":-0.0000130692,
    "31":-0.0000284777,
    "32":-0.0000256209,
    "33":-0.0000272631,
    "34":-0.0000206072,
    "35":-0.000004993,
    "36":-0.000011806,
    "37":-0.0000599466,
    "38":-0.0001118229,
    "39":-0.000026841,
    "40":-0.0000839034,
    "41":-0.0000347161,
    "42":-0.000011042,
    "43":-0.0000351481,
    "44":-0.0000661422,
    "45":-0.000048047,
    "46":-0.000022997,
    "47":-0.000008115,
    "48":-0.0000454891,
    "49":-0.0001250585
  },
  "Delta_Prop":{
    "0":-0.0000122531,
    "1":-0.0000992094,
    "2":-0.0000144245,
    "3":0.0000089613,
    "4":-0.0000365465,
    "5":-0.000036597,
    "6":0.0000043253,
    "7":-0.0000231783,
    "8":0.0000030369,
    "9":-0.0000390918,
    "10":0.000002371,
    "11":-0.0000626658,
    "12":-0.0000725723,
    "13":-0.000047776,
    "14":-0.0000388747,
    "15":-0.0002279145,
    "16":-0.0000238967,
    "17":-0.0000385651,
    "18":-0.0000358048,
    "19":-0.0000264637,
    "20":-0.0000001109,
    "21":-0.0000690535,
    "22":-0.0001162809,
    "23":-0.000044104,
    "24":-0.0000782383,
    "25":-0.0000767474,
    "26":0.0000159773,
    "27":-0.0000130652,
    "28":-0.0000071021,
    "29":-0.0000049243,
    "30":-0.0000157576,
    "31":-0.0000272804,
    "32":-0.0000967075,
    "33":-0.0000238759,
    "34":-0.0000220844,
    "35":0.0000004563,
    "36":-0.000004194,
    "37":-0.000058193,
    "38":-0.0001188008,
    "39":-0.000012928,
    "40":-0.0000384907,
    "41":-0.0000246456,
    "42":0.000002661,
    "43":-0.0000162819,
    "44":-0.0000295546,
    "45":-0.0000267082,
    "46":-0.00003363,
    "47":-0.000010256,
    "48":-0.0000489624,
    "49":-0.0000383755
  }
}