{
  "Astrahl":{
    "0":0.0000242991,
    "1":0.000005176,
    "2":0.00000171,
    "3":0.0000017518,
    "4":0.00000038,
    "5":0.000000361,
    "6":0.000001102,
    "7":0.000000741,
    "8":0.000003226,
    "9":0.00000076,
    "10":0.0000060695,
    "11":0.000001653,
    "12":0.000000741,
    "13":0.000002033,
    "14":0.000000931,
    "15":0.000000361,
    "16":0.0000024377,
    "17":0.00000057,
    "18":0.0000023848,
    "19":0.000003726,
    "20":0.0000054579,
    "21":0.000000741,
    "22":0.0000019969,
    "23":0.0000010298,
    "24":0.000000542,
    "25":0.00000038,
    "26":0.00000038,
    "27":0.0000041876,
    "28":0.00000133,
    "29":0.00000019,
    "30":0.0000097777,
    "31":0.000001672,
    "32":0.000000361,
    "33":0.00000076,
    "34":0.00000019,
    "35":0.0000183517,
    "36":0.000000819,
    "37":0.0000186885,
    "38":0.000001292,
    "39":0.000002014,
    "40":0.0000039205,
    "41":0.000000361,
    "42":0.0000039205,
    "43":0.0000070948,
    "44":0.00000038,
    "45":0.0000020938,
    "46":0.00000038,
    "47":0.000000932,
    "48":0.000000912,
    "49":0.0000034599
  },
  "Uniform":{
    "0":0.0000543369,
    "1":0.0000101711,
    "2":0.000002552,
    "3":0.0000028389,
    "4":0.000001853,
    "5":0.000002371,
    "6":0.000002062,
    "7":0.00000144,
    "8":0.0000052092,
    "9":0.000001711,
    "10":0.0000096955,
    "11":0.0000049968,
    "12":0.00000117,
    "13":0.000001421,
    "14":0.000001411,
    "15":0.0000028099,
    "16":0.0000049406,
    "17":0.00000125,
    "18":0.0000042177,
    "19":0.0000083262,
    "20":0.0000091051,
    "21":0.000002362,
    "22":0.0000031579,
    "23":0.0000055737,
    "24":0.0000025769,
    "25":0.00000078,
    "26":0.00000039,
    "27":0.0000076379,
    "28":0.0000051619,
    "29":0.00000067,
    "30":0.0000062984,
    "31":0.00000153,
    "32":0.000001402,
    "33":0.0000044919,
    "34":0.000002814,
    "35":0.0000321067,
    "36":0.0000016835,
    "37":0.0000213395,
    "38":0.000003155,
    "39":0.000001241,
    "40":0.000007086,
    "41":0.000002684,
    "42":0.0000029828,
    "43":0.000012353,
    "44":0.00000059,
    "45":0.0000037262,
    "46":0.00000039,
    "47":0.0000105112,
    "48":0.000000461,
    "49":0.0000065654
  },
  "Prop":{
    "0":0.0000745813,
    "1":0.0000135854,
    "2":0.000004105,
    "3":0.000002561,
    "4":0.000001982,
    "5":0.0000033799,
    "6":0.00000124,
    "7":0.000001972,
    "8":0.0000056637,
    "9":0.0000040299,
    "10":0.0000086601,
    "11":0.0000029289,
    "12":0.000001521,
    "13":0.000002832,
    "14":0.000001221,
    "15":0.0000039048,
    "16":0.0000037948,
    "17":0.00000068,
    "18":0.0000033687,
    "19":0.0000055353,
    "20":0.0000100168,
    "21":0.000002371,
    "22":0.000002272,
    "23":0.0000064169,
    "24":0.0000032728,
    "25":0.00000086,
    "26":0.00000069,
    "27":0.0000047417,
    "28":0.0000050966,
    "29":0.0000008,
    "30":0.0000141798,
    "31":0.000002552,
    "32":0.00000117,
    "33":0.000001882,
    "34":0.0000025769,
    "35":0.0000369758,
    "36":0.000001701,
    "37":0.0000299099,
    "38":0.000002182,
    "39":0.000002021,
    "40":0.0000059428,
    "41":0.000003306,
    "42":0.0000031638,
    "43":0.0000129677,
    "44":0.00000127,
    "45":0.0000040782,
    "46":0.00000069,
    "47":0.0000117709,
    "48":0.000003416,
    "49":0.0000088972
  },
  "Delta_Uniform":{
    "0":-0.0000300379,
    "1":-0.0000049951,
    "2":-0.000000842,
    "3":-0.0000010871,
    "4":-0.000001473,
    "5":-0.00000201,
    "6":-0.00000096,
    "7":-0.000000699,
    "8":-0.0000019832,
    "9":-0.000000951,
    "10":-0.000003626,
    "11":-0.0000033438,
    "12":-0.000000429,
    "13":0.000000612,
    "14":-0.00000048,
    "15":-0.0000024489,
    "16":-0.0000025029,
    "17":-0.00000068,
    "18":-0.0000018329,
    "19":-0.0000046002,
    "20":-0.0000036472,
    "21":-0.000001621,
    "22":-0.000001161,
    "23":-0.0000045439,
    "24":-0.0000020349,
    "25":-0.0000004,
    "26":-0.00000001,
    "27":-0.0000034503,
    "28":-0.0000038319,
    "29":-0.00000048,
    "30":0.0000034793,
    "31":0.000000142,
    "32":-0.000001041,
    "33":-0.0000037319,
    "34":-0.000002624,
    "35":-0.000013755,
    "36":-0.0000008645,
    "37":-0.0000026511,
    "38":-0.000001863,
    "39":0.000000773,
    "40":-0.0000031656,
    "41":-0.000002323,
    "42":0.0000009377,
    "43":-0.0000052582,
    "44":-0.00000021,
    "45":-0.0000016324,
    "46":-0.00000001,
    "47":-0.0000095793,
    "48":0.000000451,
    "49":-0.0000031055
  },
  "Delta_Prop":{
    "0":-0.0000502822,
    "1":-0.0000084094,
    "2":-0.000002395,
    "3":-0.0000008092,
    "4":-0.000001602,
    "5":-0.0000030189,
    "6":-0.000000138,
    "7":-0.000001231,
    "8":-0.0000024377,
    "9":-0.0000032699,
    "10":-0.0000025906,
    "11":-0.0000012759,
    "12":-0.00000078,
    "13":-0.000000799,
    "14":-0.00000029,
    "15":-0.0000035438,
    "16":-0.0000013571,
    "17":-0.00000011,
    "18":-0.0000009839,
    "19":-0.0000018093,
    "20":-0.0000045589,
    "21":-0.00000163,
    "22":-0.0000002751,
    "23":-0.0000053871,
    "24":-0.0000027308,
    "25":-0.00000048,
    "26":-0.00000031,
    "27":-0.0000005541,
    "28":-0.0000037666,
    "29":-0.00000061,
    "30":-0.0000044022,
    "31":-0.00000088,
    "32":-0.000000809,
    "33":-0.000001122,
    "34":-0.0000023869,
    "35":-0.0000186242,
    "36":-0.000000882,
    "37":-0.0000112215,
    "38":-0.00000089,
    "39":-0.000000007,
    "40":-0.0000020223,
    "41":-0.000002945,
    "42":0.0000007567,
    "43":-0.0000058729,
    "44":-0.00000089,
    "45":-0.0000019844,
    "46":-0.00000031,
    "47":-0.0000108389,
    "48":-0.000002504,
    "49":-0.0000054373
  }
}