{
  "Astrahl":{
    "0":0.0108805222,
    "1":0.0197131339,
    "2":0.0050418627,
    "3":0.008042581,
    "4":0.0121346526,
    "5":0.0138437586,
    "6":0.0204600663,
    "7":0.005874154,
    "8":0.006845934,
    "9":0.00764666,
    "10":0.0103328538,
    "11":0.01265242,
    "12":0.008821793,
    "13":0.0078618876,
    "14":0.0139994821,
    "15":0.0127162758,
    "16":0.018548321,
    "17":0.006284934,
    "18":0.0139934994,
    "19":0.0058385381,
    "20":0.00974652,
    "21":0.0080255569,
    "22":0.0068493737,
    "23":0.004292651,
    "24":0.0131380709,
    "25":0.00451668,
    "26":0.0150691744,
    "27":0.0095994787,
    "28":0.0336511269,
    "29":0.0118325179,
    "30":0.00766647,
    "31":0.0308150619,
    "32":0.005816261,
    "33":0.010372195,
    "34":0.0094274009,
    "35":0.0174237369,
    "36":0.008265213,
    "37":0.0180453455,
    "38":0.008821793,
    "39":0.00629958,
    "40":0.0123378225,
    "41":0.0123625334,
    "42":0.0120451674,
    "43":0.0247814394,
    "44":0.0132374993,
    "45":0.0158664456,
    "46":0.008183511,
    "47":0.0076289488,
    "48":0.017109506,
    "49":0.0115485342
  },
  "Uniform":{
    "0":0.0181670076,
    "1":0.0419044711,
    "2":0.0143611129,
    "3":0.016203252,
    "4":0.0246084369,
    "5":0.0193124599,
    "6":0.0359869774,
    "7":0.012401771,
    "8":0.014427931,
    "9":0.01844245,
    "10":0.0156836122,
    "11":0.0252167301,
    "12":0.016784613,
    "13":0.0170809499,
    "14":0.0244947721,
    "15":0.0209217116,
    "16":0.0499696161,
    "17":0.011829782,
    "18":0.0431348917,
    "19":0.0126423898,
    "20":0.01668747,
    "21":0.019131492,
    "22":0.0174442834,
    "23":0.01150312,
    "24":0.020954301,
    "25":0.01059199,
    "26":0.0277575091,
    "27":0.0244540698,
    "28":0.0695709696,
    "29":0.015501834,
    "30":0.015299612,
    "31":0.0580534454,
    "32":0.016588632,
    "33":0.0169320547,
    "34":0.020689405,
    "35":0.0291500261,
    "36":0.014127421,
    "37":0.0455384462,
    "38":0.016012013,
    "39":0.01143455,
    "40":0.0238278397,
    "41":0.019275192,
    "42":0.020042151,
    "43":0.0570182831,
    "44":0.0229053378,
    "45":0.035237864,
    "46":0.016172311,
    "47":0.0182707517,
    "48":0.0347286922,
    "49":0.024007876
  },
  "Prop":{
    "0":0.0263754171,
    "1":0.0470976173,
    "2":0.0169404139,
    "3":0.013077023,
    "4":0.0236036919,
    "5":0.0252935735,
    "6":0.03785597,
    "7":0.011694151,
    "8":0.015661023,
    "9":0.015260711,
    "10":0.0167028391,
    "11":0.0260639027,
    "12":0.015257481,
    "13":0.016124171,
    "14":0.0243550689,
    "15":0.0230262907,
    "16":0.0494857724,
    "17":0.013202763,
    "18":0.0380270697,
    "19":0.0113832518,
    "20":0.016660352,
    "21":0.0176418938,
    "22":0.015394192,
    "23":0.01018945,
    "24":0.0235221509,
    "25":0.00904029,
    "26":0.0235838978,
    "27":0.0258697398,
    "28":0.0687036272,
    "29":0.016226304,
    "30":0.01646614,
    "31":0.0542151047,
    "32":0.018182863,
    "33":0.0138816679,
    "34":0.0218004689,
    "35":0.0307192419,
    "36":0.017999364,
    "37":0.0392562933,
    "38":0.01452865,
    "39":0.01030758,
    "40":0.0255955529,
    "41":0.0244989834,
    "42":0.0222110587,
    "43":0.0672322671,
    "44":0.0179899277,
    "45":0.0323940101,
    "46":0.017172291,
    "47":0.0184418239,
    "48":0.0325452815,
    "49":0.0320176352
  },
  "Delta_Uniform":{
    "0":-0.0072864854,
    "1":-0.0221913373,
    "2":-0.0093192502,
    "3":-0.008160671,
    "4":-0.0124737843,
    "5":-0.0054687013,
    "6":-0.015526911,
    "7":-0.006527617,
    "8":-0.007581997,
    "9":-0.01079579,
    "10":-0.0053507584,
    "11":-0.0125643101,
    "12":-0.00796282,
    "13":-0.0092190623,
    "14":-0.01049529,
    "15":-0.0082054358,
    "16":-0.0314212951,
    "17":-0.005544848,
    "18":-0.0291413923,
    "19":-0.0068038517,
    "20":-0.00694095,
    "21":-0.0111059351,
    "22":-0.0105949097,
    "23":-0.007210469,
    "24":-0.0078162301,
    "25":-0.00607531,
    "26":-0.0126883346,
    "27":-0.0148545911,
    "28":-0.0359198427,
    "29":-0.0036693161,
    "30":-0.007633142,
    "31":-0.0272383836,
    "32":-0.010772371,
    "33":-0.0065598597,
    "34":-0.0112620041,
    "35":-0.0117262892,
    "36":-0.005862208,
    "37":-0.0274931007,
    "38":-0.00719022,
    "39":-0.00513497,
    "40":-0.0114900172,
    "41":-0.0069126586,
    "42":-0.0079969836,
    "43":-0.0322368437,
    "44":-0.0096678385,
    "45":-0.0193714184,
    "46":-0.0079888,
    "47":-0.010641803,
    "48":-0.0176191862,
    "49":-0.0124593418
  },
  "Delta_Prop":{
    "0":-0.0154948949,
    "1":-0.0273844834,
    "2":-0.0118985512,
    "3":-0.005034442,
    "4":-0.0114690393,
    "5":-0.0114498149,
    "6":-0.0173959036,
    "7":-0.005819997,
    "8":-0.008815089,
    "9":-0.007614051,
    "10":-0.0063699853,
    "11":-0.0134114827,
    "12":-0.006435688,
    "13":-0.0082622834,
    "14":-0.0103555868,
    "15":-0.0103100149,
    "16":-0.0309374514,
    "17":-0.006917829,
    "18":-0.0240335703,
    "19":-0.0055447137,
    "20":-0.006913832,
    "21":-0.0096163369,
    "22":-0.0085448183,
    "23":-0.005896799,
    "24":-0.01038408,
    "25":-0.00452361,
    "26":-0.0085147234,
    "27":-0.0162702611,
    "28":-0.0350525003,
    "29":-0.0043937861,
    "30":-0.00879967,
    "31":-0.0234000429,
    "32":-0.012366602,
    "33":-0.0035094729,
    "34":-0.012373068,
    "35":-0.013295505,
    "36":-0.009734151,
    "37":-0.0212109478,
    "38":-0.005706857,
    "39":-0.004008,
    "40":-0.0132577304,
    "41":-0.01213645,
    "42":-0.0101658913,
    "43":-0.0424508277,
    "44":-0.0047524284,
    "45":-0.0165275645,
    "46":-0.00898878,
    "47":-0.0108128751,
    "48":-0.0154357755,
    "49":-0.020469101
  }
}