{
  "Astrahl":{
    "0":0.0001819984,
    "1":0.000030446,
    "2":0.0001275764,
    "3":0.0001230886,
    "4":0.0004743953,
    "5":0.0001303315,
    "6":0.0001178377,
    "7":0.0000357723,
    "8":0.000057007,
    "9":0.000075278,
    "10":0.00003488,
    "11":0.0001019412,
    "12":0.000069215,
    "13":0.0001065778,
    "14":0.0001003563,
    "15":0.0000950618,
    "16":0.0004584067,
    "17":0.0001761207,
    "18":0.0001583658,
    "19":0.0001436402,
    "20":0.0000812924,
    "21":0.0001169886,
    "22":0.0001926664,
    "23":0.0000981291,
    "24":0.0007182363,
    "25":0.0000298536,
    "26":0.00003161,
    "27":0.0001252301,
    "28":0.0004400086,
    "29":0.0002375688,
    "30":0.000600182,
    "31":0.000038643,
    "32":0.0003023779,
    "33":0.0011257525,
    "34":0.0003801436,
    "35":0.0001083607,
    "36":0.0003224372,
    "37":0.0002502898,
    "38":0.0004559178,
    "39":0.000057334,
    "40":0.0001048144,
    "41":0.000061694,
    "42":0.0000587842,
    "43":0.0001597318,
    "44":0.0014780311,
    "45":0.0003566291,
    "46":0.000212277,
    "47":0.0000611262,
    "48":0.000101031,
    "49":0.0003147999
  },
  "Uniform":{
    "0":0.0003287133,
    "1":0.000045122,
    "2":0.0001729187,
    "3":0.0001676246,
    "4":0.0005928741,
    "5":0.0001679103,
    "6":0.0001269928,
    "7":0.0000532868,
    "8":0.000062078,
    "9":0.000088252,
    "10":0.00004132,
    "11":0.0001659731,
    "12":0.000101115,
    "13":0.0001494566,
    "14":0.0001644304,
    "15":0.000141466,
    "16":0.0007713991,
    "17":0.0002242364,
    "18":0.000202017,
    "19":0.0001786527,
    "20":0.0001160515,
    "21":0.0001633421,
    "22":0.0003777289,
    "23":0.0001695533,
    "24":0.0008664538,
    "25":0.0000487161,
    "26":0.00005933,
    "27":0.0001518797,
    "28":0.0006951198,
    "29":0.0003041256,
    "30":0.0007085619,
    "31":0.000050133,
    "32":0.0003796977,
    "33":0.001423732,
    "34":0.0005072246,
    "35":0.0001758006,
    "36":0.0004955515,
    "37":0.0003025743,
    "38":0.0008292825,
    "39":0.000098631,
    "40":0.0001603454,
    "41":0.000077229,
    "42":0.0001171402,
    "43":0.0002229445,
    "44":0.0020604418,
    "45":0.0005473429,
    "46":0.0003831739,
    "47":0.0000919684,
    "48":0.0001829512,
    "49":0.0003509937
  },
  "Prop":{
    "0":0.0003725069,
    "1":0.000045545,
    "2":0.0001453704,
    "3":0.0002191351,
    "4":0.0006283875,
    "5":0.0001800948,
    "6":0.0001417441,
    "7":0.0000672553,
    "8":0.000098347,
    "9":0.000085245,
    "10":0.00004755,
    "11":0.0001545548,
    "12":0.000094496,
    "13":0.0001784487,
    "14":0.0001842208,
    "15":0.0001442009,
    "16":0.0006542411,
    "17":0.0002957361,
    "18":0.0002307843,
    "19":0.0002182896,
    "20":0.0000893237,
    "21":0.0001891069,
    "22":0.0003324963,
    "23":0.0001488283,
    "24":0.0009396223,
    "25":0.0000603459,
    "26":0.00005033,
    "27":0.0001812188,
    "28":0.0007576187,
    "29":0.0003461457,
    "30":0.000678612,
    "31":0.000047679,
    "32":0.0004938204,
    "33":0.0014928193,
    "34":0.0005026801,
    "35":0.0001514833,
    "36":0.0005939796,
    "37":0.0002870018,
    "38":0.0007042108,
    "39":0.000082235,
    "40":0.0001534578,
    "41":0.000087001,
    "42":0.0000845352,
    "43":0.000247244,
    "44":0.0021279305,
    "45":0.0005692765,
    "46":0.0003623912,
    "47":0.0000859968,
    "48":0.0001564356,
    "49":0.0003696559
  },
  "Delta_Uniform":{
    "0":-0.0001467149,
    "1":-0.000014676,
    "2":-0.0000453423,
    "3":-0.000044536,
    "4":-0.0001184789,
    "5":-0.0000375788,
    "6":-0.0000091551,
    "7":-0.0000175145,
    "8":-0.000005071,
    "9":-0.000012974,
    "10":-0.00000644,
    "11":-0.000064032,
    "12":-0.0000319,
    "13":-0.0000428788,
    "14":-0.0000640741,
    "15":-0.0000464042,
    "16":-0.0003129924,
    "17":-0.0000481157,
    "18":-0.0000436512,
    "19":-0.0000350125,
    "20":-0.0000347591,
    "21":-0.0000463535,
    "22":-0.0001850625,
    "23":-0.0000714242,
    "24":-0.0001482174,
    "25":-0.0000188625,
    "26":-0.00002772,
    "27":-0.0000266496,
    "28":-0.0002551112,
    "29":-0.0000665569,
    "30":-0.0001083799,
    "31":-0.00001149,
    "32":-0.0000773199,
    "33":-0.0002979795,
    "34":-0.000127081,
    "35":-0.0000674399,
    "36":-0.0001731142,
    "37":-0.0000522845,
    "38":-0.0003733647,
    "39":-0.000041297,
    "40":-0.000055531,
    "41":-0.000015535,
    "42":-0.000058356,
    "43":-0.0000632127,
    "44":-0.0005824108,
    "45":-0.0001907138,
    "46":-0.0001708969,
    "47":-0.0000308422,
    "48":-0.0000819202,
    "49":-0.0000361939
  },
  "Delta_Prop":{
    "0":-0.0001905085,
    "1":-0.000015099,
    "2":-0.000017794,
    "3":-0.0000960465,
    "4":-0.0001539922,
    "5":-0.0000497634,
    "6":-0.0000239064,
    "7":-0.000031483,
    "8":-0.00004134,
    "9":-0.000009967,
    "10":-0.00001267,
    "11":-0.0000526136,
    "12":-0.000025281,
    "13":-0.0000718709,
    "14":-0.0000838645,
    "15":-0.0000491391,
    "16":-0.0001958344,
    "17":-0.0001196154,
    "18":-0.0000724185,
    "19":-0.0000746494,
    "20":-0.0000080313,
    "21":-0.0000721183,
    "22":-0.0001398299,
    "23":-0.0000506992,
    "24":-0.000221386,
    "25":-0.0000304923,
    "26":-0.00001872,
    "27":-0.0000559887,
    "28":-0.0003176101,
    "29":-0.0001085769,
    "30":-0.0000784301,
    "31":-0.000009036,
    "32":-0.0001914425,
    "33":-0.0003670668,
    "34":-0.0001225366,
    "35":-0.0000431226,
    "36":-0.0002715424,
    "37":-0.000036712,
    "38":-0.000248293,
    "39":-0.000024901,
    "40":-0.0000486434,
    "41":-0.000025307,
    "42":-0.000025751,
    "43":-0.0000875122,
    "44":-0.0006498995,
    "45":-0.0002126474,
    "46":-0.0001501141,
    "47":-0.0000248706,
    "48":-0.0000554046,
    "49":-0.0000548561
  }
}