{
  "Astrahl":{
    "0":0.0005649812,
    "1":0.0208780482,
    "2":0.01194251,
    "3":0.00527829,
    "4":0.0044834337,
    "5":0.004104219,
    "6":0.00406431,
    "7":0.0041316705,
    "8":0.006109,
    "9":0.0061545483,
    "10":0.0114110636,
    "11":0.001074634,
    "12":0.003194803,
    "13":0.0041920201,
    "14":0.006127639,
    "15":0.009090167,
    "16":0.0050872,
    "17":0.0031367071,
    "18":0.0030872,
    "19":0.0022710686,
    "20":0.003082156,
    "21":0.00999905,
    "22":0.0041815113,
    "23":0.001061617,
    "24":0.00207521,
    "25":0.0021816094,
    "26":0.0063880639,
    "27":0.0050780482,
    "28":0.0123456843,
    "29":0.0030654,
    "30":0.008105992,
    "31":0.0035564592,
    "32":0.0070218,
    "33":0.0080981,
    "34":0.005057379,
    "35":0.0023661895,
    "36":0.0012382524,
    "37":0.0061483657,
    "38":0.0032444141,
    "39":0.0020872,
    "40":0.0032384618,
    "41":0.000184851,
    "42":0.00312862,
    "43":0.0070654,
    "44":0.00413867,
    "45":0.0020981,
    "46":0.00603513,
    "47":0.00610682,
    "48":0.0042221838,
    "49":0.001066245
  },
  "Uniform":{
    "0":0.027222698,
    "1":0.1156442,
    "2":0.1288541,
    "3":0.033240109,
    "4":0.0292234029,
    "5":0.059318,
    "6":0.0350419,
    "7":0.0535831,
    "8":0.060119,
    "9":0.0628727133,
    "10":0.1586675386,
    "11":0.037081339,
    "12":0.03613581,
    "13":0.03633319,
    "14":0.0733111,
    "15":0.03709612,
    "16":0.104495,
    "17":0.04102361,
    "18":0.07655581,
    "19":0.0361095341,
    "20":0.0400799,
    "21":0.137506829,
    "22":0.070193859,
    "23":0.026134049,
    "24":0.0370409,
    "25":0.04106933,
    "26":0.1039560748,
    "27":0.03413713,
    "28":0.1071974427,
    "29":0.0390508,
    "30":0.068758349,
    "31":0.0293774101,
    "32":0.08195,
    "33":0.03103981,
    "34":0.114496,
    "35":0.0352503077,
    "36":0.038128249,
    "37":0.06401981,
    "38":0.0372479441,
    "39":0.037064,
    "40":0.032076759,
    "41":0.03417461,
    "42":0.0380817,
    "43":0.070918,
    "44":0.03306781,
    "45":0.034023,
    "46":0.108989249,
    "47":0.0590869,
    "48":0.0341844,
    "49":0.03106931
  },
  "Prop":{
    "0":0.032254549,
    "1":0.142059222,
    "2":0.11753501,
    "3":0.04427261,
    "4":0.0372202168,
    "5":0.0681208,
    "6":0.0400789,
    "7":0.0692773466,
    "8":0.0629271,
    "9":0.067132498,
    "10":0.173579704,
    "11":0.0360309,
    "12":0.02516362,
    "13":0.03414721,
    "14":0.0606509,
    "15":0.03803261,
    "16":0.1016719,
    "17":0.0451310101,
    "18":0.0593588,
    "19":0.0341311731,
    "20":0.036059888,
    "21":0.138605729,
    "22":0.057193328,
    "23":0.03703261,
    "24":0.03511391,
    "25":0.036108547,
    "26":0.1000547759,
    "27":0.0351111,
    "28":0.094992688,
    "29":0.03506161,
    "30":0.061219539,
    "31":0.0381469192,
    "32":0.0551208,
    "33":0.03302,
    "34":0.091569,
    "35":0.038263449,
    "36":0.03512132,
    "37":0.0660098751,
    "38":0.0310860241,
    "39":0.033009,
    "40":0.0381376247,
    "41":0.033201349,
    "42":0.02809322,
    "43":0.066028,
    "44":0.031067,
    "45":0.03903971,
    "46":0.10149681,
    "47":0.08598624,
    "48":0.0381007,
    "49":0.03604351
  },
  "Delta_Uniform":{
    "0":-0.0266577168,
    "1":-0.0947661518,
    "2":-0.11691159,
    "3":-0.027961819,
    "4":-0.0247399692,
    "5":-0.055213781,
    "6":-0.03097759,
    "7":-0.0494514295,
    "8":-0.05401,
    "9":-0.056718165,
    "10":-0.1472564751,
    "11":-0.036006705,
    "12":-0.032941007,
    "13":-0.0321411699,
    "14":-0.067183461,
    "15":-0.028005953,
    "16":-0.0994078,
    "17":-0.0378869029,
    "18":-0.07346861,
    "19":-0.0338384655,
    "20":-0.036997744,
    "21":-0.127507779,
    "22":-0.0660123477,
    "23":-0.025072432,
    "24":-0.03496569,
    "25":-0.0388877206,
    "26":-0.0975680109,
    "27":-0.0290590818,
    "28":-0.0948517584,
    "29":-0.0359854,
    "30":-0.060652357,
    "31":-0.0258209509,
    "32":-0.0749282,
    "33":-0.02294171,
    "34":-0.109438621,
    "35":-0.0328841182,
    "36":-0.0368899966,
    "37":-0.0578714443,
    "38":-0.03400353,
    "39":-0.0349768,
    "40":-0.0288382972,
    "41":-0.033989759,
    "42":-0.03495308,
    "43":-0.0638526,
    "44":-0.02892914,
    "45":-0.0319249,
    "46":-0.102954119,
    "47":-0.05298008,
    "48":-0.0299622162,
    "49":-0.030003065
  },
  "Delta_Prop":{
    "0":-0.0316895678,
    "1":-0.1211811738,
    "2":-0.1055925,
    "3":-0.03899432,
    "4":-0.0327367831,
    "5":-0.064016581,
    "6":-0.03601459,
    "7":-0.0651456761,
    "8":-0.0568181,
    "9":-0.0609779497,
    "10":-0.1621686405,
    "11":-0.034956266,
    "12":-0.021968817,
    "13":-0.0299551899,
    "14":-0.054523261,
    "15":-0.028942443,
    "16":-0.0965847,
    "17":-0.041994303,
    "18":-0.0562716,
    "19":-0.0318601045,
    "20":-0.032977732,
    "21":-0.128606679,
    "22":-0.0530118167,
    "23":-0.035970993,
    "24":-0.0330387,
    "25":-0.0339269376,
    "26":-0.093666712,
    "27":-0.0300330518,
    "28":-0.0826470037,
    "29":-0.03199621,
    "30":-0.053113547,
    "31":-0.03459046,
    "32":-0.048099,
    "33":-0.0249219,
    "34":-0.086511621,
    "35":-0.0358972595,
    "36":-0.0338830676,
    "37":-0.0598615094,
    "38":-0.02784161,
    "39":-0.0309218,
    "40":-0.034899163,
    "41":-0.033016498,
    "42":-0.0249646,
    "43":-0.0589626,
    "44":-0.02692833,
    "45":-0.03694161,
    "46":-0.09546168,
    "47":-0.07987942,
    "48":-0.0338785162,
    "49":-0.034977265
  }
}