{
  "Astrahl":{
    "0":0.0007728891,
    "1":0.0002271938,
    "2":0.0002045385,
    "3":0.000104204,
    "4":0.0002283567,
    "5":0.0002049792,
    "6":0.0004116026,
    "7":0.000105403,
    "8":0.000095088,
    "9":0.000057379,
    "10":0.000415808,
    "11":0.0002284782,
    "12":0.000120445,
    "13":0.000192157,
    "14":0.0001962582,
    "15":0.0007388072,
    "16":0.0010271324,
    "17":0.000103223,
    "18":0.0007067822,
    "19":0.0002121369,
    "20":0.000053866,
    "21":0.000143444,
    "22":0.0008608148,
    "23":0.000110526,
    "24":0.0001293957,
    "25":0.00006104,
    "26":0.0003210223,
    "27":0.0002257236,
    "28":0.0010491846,
    "29":0.000125297,
    "30":0.000057379,
    "31":0.0003292081,
    "32":0.000110936,
    "33":0.0001267022,
    "34":0.0002022601,
    "35":0.0001250511,
    "36":0.000103986,
    "37":0.000553333,
    "38":0.000120445,
    "39":0.00006322,
    "40":0.0002841341,
    "41":0.0001845262,
    "42":0.0003607203,
    "43":0.0006321718,
    "44":0.0005572137,
    "45":0.0008061654,
    "46":0.000055037,
    "47":0.0005394386,
    "48":0.0001281829,
    "49":0.0001682213
  },
  "Uniform":{
    "0":0.0008943166,
    "1":0.0002621753,
    "2":0.0002439245,
    "3":0.000141302,
    "4":0.0002437041,
    "5":0.0002598383,
    "6":0.0004497538,
    "7":0.000128646,
    "8":0.000122198,
    "9":0.00008278,
    "10":0.0004824958,
    "11":0.0002682993,
    "12":0.000115066,
    "13":0.0002372346,
    "14":0.0002521438,
    "15":0.0009796648,
    "16":0.0012362895,
    "17":0.000141621,
    "18":0.000861059,
    "19":0.0002629402,
    "20":0.00006859,
    "21":0.0001715699,
    "22":0.0010768882,
    "23":0.000122941,
    "24":0.0001289716,
    "25":0.00006893,
    "26":0.0004377211,
    "27":0.0002446487,
    "28":0.0011176756,
    "29":0.0001410989,
    "30":0.000078409,
    "31":0.0004217248,
    "32":0.000125555,
    "33":0.000146363,
    "34":0.0002562426,
    "35":0.0001574951,
    "36":0.000122625,
    "37":0.0006025819,
    "38":0.000108338,
    "39":0.00007745,
    "40":0.0003663576,
    "41":0.0002768404,
    "42":0.0004581184,
    "43":0.000695888,
    "44":0.0006564854,
    "45":0.0009633163,
    "46":0.000073312,
    "47":0.0006640517,
    "48":0.0001809096,
    "49":0.0002102818
  },
  "Prop":{
    "0":0.0009760009,
    "1":0.000282606,
    "2":0.0002634186,
    "3":0.000145487,
    "4":0.0002941744,
    "5":0.0002600596,
    "6":0.0004578751,
    "7":0.000130536,
    "8":0.00013646,
    "9":0.000065627,
    "10":0.0005300861,
    "11":0.0002817179,
    "12":0.000138944,
    "13":0.0002745497,
    "14":0.0002390852,
    "15":0.0008945463,
    "16":0.0012492539,
    "17":0.000134306,
    "18":0.0008587043,
    "19":0.0002592127,
    "20":0.000078652,
    "21":0.0001815778,
    "22":0.0010646194,
    "23":0.000134182,
    "24":0.0001483504,
    "25":0.00007536,
    "26":0.0004561465,
    "27":0.000259946,
    "28":0.0013232559,
    "29":0.0001555991,
    "30":0.000080688,
    "31":0.0003528204,
    "32":0.000125699,
    "33":0.0001541404,
    "34":0.0002657799,
    "35":0.0001292634,
    "36":0.000132598,
    "37":0.0005981011,
    "38":0.000119417,
    "39":0.00007292,
    "40":0.000397887,
    "41":0.0002944224,
    "42":0.0004277929,
    "43":0.0006892617,
    "44":0.0006348698,
    "45":0.0010004113,
    "46":0.000075484,
    "47":0.0006747923,
    "48":0.0001865513,
    "49":0.0002483206
  },
  "Delta_Uniform":{
    "0":-0.0001214275,
    "1":-0.0000349814,
    "2":-0.000039386,
    "3":-0.000037098,
    "4":-0.0000153474,
    "5":-0.0000548591,
    "6":-0.0000381512,
    "7":-0.000023243,
    "8":-0.00002711,
    "9":-0.000025401,
    "10":-0.0000666878,
    "11":-0.0000398211,
    "12":0.000005379,
    "13":-0.0000450776,
    "14":-0.0000558856,
    "15":-0.0002408576,
    "16":-0.0002091572,
    "17":-0.000038398,
    "18":-0.0001542768,
    "19":-0.0000508033,
    "20":-0.000014724,
    "21":-0.0000281259,
    "22":-0.0002160735,
    "23":-0.000012415,
    "24":0.0000004241,
    "25":-0.00000789,
    "26":-0.0001166988,
    "27":-0.0000189251,
    "28":-0.000068491,
    "29":-0.0000158019,
    "30":-0.00002103,
    "31":-0.0000925166,
    "32":-0.000014619,
    "33":-0.0000196608,
    "34":-0.0000539825,
    "35":-0.0000324441,
    "36":-0.000018639,
    "37":-0.0000492489,
    "38":0.000012107,
    "39":-0.00001423,
    "40":-0.0000822235,
    "41":-0.0000923142,
    "42":-0.0000973981,
    "43":-0.0000637162,
    "44":-0.0000992717,
    "45":-0.000157151,
    "46":-0.000018275,
    "47":-0.0001246131,
    "48":-0.0000527267,
    "49":-0.0000420605
  },
  "Delta_Prop":{
    "0":-0.0002031117,
    "1":-0.0000554121,
    "2":-0.0000588801,
    "3":-0.000041283,
    "4":-0.0000658177,
    "5":-0.0000550804,
    "6":-0.0000462725,
    "7":-0.000025133,
    "8":-0.000041372,
    "9":-0.000008248,
    "10":-0.0001142781,
    "11":-0.0000532397,
    "12":-0.000018499,
    "13":-0.0000823927,
    "14":-0.000042827,
    "15":-0.0001557391,
    "16":-0.0002221215,
    "17":-0.000031083,
    "18":-0.0001519221,
    "19":-0.0000470758,
    "20":-0.000024786,
    "21":-0.0000381338,
    "22":-0.0002038046,
    "23":-0.000023656,
    "24":-0.0000189547,
    "25":-0.00001432,
    "26":-0.0001351242,
    "27":-0.0000342224,
    "28":-0.0002740713,
    "29":-0.0000303021,
    "30":-0.000023309,
    "31":-0.0000236123,
    "32":-0.000014763,
    "33":-0.0000274382,
    "34":-0.0000635198,
    "35":-0.0000042123,
    "36":-0.000028612,
    "37":-0.0000447681,
    "38":0.000001028,
    "39":-0.0000097,
    "40":-0.0001137529,
    "41":-0.0001098962,
    "42":-0.0000670726,
    "43":-0.00005709,
    "44":-0.0000776561,
    "45":-0.0001942459,
    "46":-0.000020447,
    "47":-0.0001353536,
    "48":-0.0000583683,
    "49":-0.0000800993
  }
}