{
  "Astrahl":{
    "0":0.0004897,
    "1":0.0016432122,
    "2":0.0038999362,
    "3":0.001233,
    "4":0.0017326,
    "5":0.0038192092,
    "6":0.00105162,
    "7":0.00091268,
    "8":0.00097512,
    "9":0.00205862,
    "10":0.0016426382,
    "11":0.001445939,
    "12":0.0023462016,
    "13":0.0014919922,
    "14":0.0028049755,
    "15":0.001091412,
    "16":0.00111463,
    "17":0.0015716061,
    "18":0.00108443,
    "19":0.0022610025,
    "20":0.001071,
    "21":0.002176789,
    "22":0.001071,
    "23":0.0016141059,
    "24":0.000814,
    "25":0.000779129,
    "26":0.002584099,
    "27":0.00393483,
    "28":0.0030923861,
    "29":0.003013259,
    "30":0.00171707,
    "31":0.0014222421,
    "32":0.0010181251,
    "33":0.0016813587,
    "34":0.00067721,
    "35":0.0022520569,
    "36":0.0021286358,
    "37":0.002097576,
    "38":0.0012050054,
    "39":0.0024625037,
    "40":0.00118962,
    "41":0.0005451,
    "42":0.002523358,
    "43":0.0030214925,
    "44":0.001170458,
    "45":0.0012738734,
    "46":0.0008439,
    "47":0.001133329,
    "48":0.0011439,
    "49":0.0008168
  },
  "Uniform":{
    "0":0.00246304,
    "1":0.0032769241,
    "2":0.004650346,
    "3":0.00261561,
    "4":0.006222256,
    "5":0.0056865325,
    "6":0.0024973,
    "7":0.0020385761,
    "8":0.002435659,
    "9":0.00382781,
    "10":0.002220691,
    "11":0.00288895,
    "12":0.003634965,
    "13":0.004238678,
    "14":0.0047430321,
    "15":0.0022998651,
    "16":0.00271192,
    "17":0.0036781192,
    "18":0.0017285,
    "19":0.0066798323,
    "20":0.00191371,
    "21":0.0047325261,
    "22":0.0019279,
    "23":0.0026954695,
    "24":0.00189,
    "25":0.0017521,
    "26":0.0023422924,
    "27":0.0085857427,
    "28":0.006621659,
    "29":0.0101578563,
    "30":0.00149531,
    "31":0.001894421,
    "32":0.0027050751,
    "33":0.0025814896,
    "34":0.001818378,
    "35":0.0042304421,
    "36":0.0038098741,
    "37":0.0056458381,
    "38":0.0021500012,
    "39":0.0045436075,
    "40":0.00202271,
    "41":0.002275039,
    "42":0.0042449582,
    "43":0.0070404811,
    "44":0.00245572,
    "45":0.002351771,
    "46":0.002581339,
    "47":0.00333755,
    "48":0.00164091,
    "49":0.00231253
  },
  "Prop":{
    "0":0.00182991,
    "1":0.004194329,
    "2":0.0064998856,
    "3":0.000789,
    "4":0.0059644687,
    "5":0.0057068879,
    "6":0.0008689,
    "7":0.00215833,
    "8":0.002566059,
    "9":0.0039638,
    "10":0.0025426601,
    "11":0.001545939,
    "12":0.0037733437,
    "13":0.0038514736,
    "14":0.0043431767,
    "15":0.0028905015,
    "16":0.00131319,
    "17":0.0033046721,
    "18":0.002175,
    "19":0.0060222171,
    "20":0.0023792,
    "21":0.0051355041,
    "22":0.00207571,
    "23":0.0019325522,
    "24":0.00180352,
    "25":0.001949939,
    "26":0.0028292858,
    "27":0.0071361654,
    "28":0.007116778,
    "29":0.007830339,
    "30":0.0021906,
    "31":0.0025116231,
    "32":0.002751659,
    "33":0.0022414291,
    "34":0.00186162,
    "35":0.003421619,
    "36":0.00246263,
    "37":0.0034033972,
    "38":0.0025777902,
    "39":0.0045557182,
    "40":0.0012848,
    "41":0.00172891,
    "42":0.0044540341,
    "43":0.0074410407,
    "44":0.00255461,
    "45":0.0016963881,
    "46":0.0014032561,
    "47":0.0018375,
    "48":0.00250562,
    "49":0.001701
  },
  "Delta_Uniform":{
    "0":-0.00197334,
    "1":-0.0016337119,
    "2":-0.0007504098,
    "3":-0.00138261,
    "4":-0.004489656,
    "5":-0.0018673233,
    "6":-0.00144568,
    "7":-0.0011258961,
    "8":-0.001460539,
    "9":-0.00176919,
    "10":-0.0005780528,
    "11":-0.001443011,
    "12":-0.0012887634,
    "13":-0.0027466858,
    "14":-0.0019380566,
    "15":-0.0012084531,
    "16":-0.00159729,
    "17":-0.0021065131,
    "18":-0.00064407,
    "19":-0.0044188298,
    "20":-0.00084271,
    "21":-0.0025557371,
    "22":-0.0008569,
    "23":-0.0010813636,
    "24":-0.001076,
    "25":-0.000972971,
    "26":0.0002418067,
    "27":-0.0046509127,
    "28":-0.0035292729,
    "29":-0.0071445973,
    "30":0.00022176,
    "31":-0.0004721789,
    "32":-0.00168695,
    "33":-0.0009001308,
    "34":-0.001141168,
    "35":-0.0019783852,
    "36":-0.0016812383,
    "37":-0.0035482621,
    "38":-0.0009449958,
    "39":-0.0020811038,
    "40":-0.00083309,
    "41":-0.001729939,
    "42":-0.0017216002,
    "43":-0.0040189886,
    "44":-0.001285262,
    "45":-0.0010778976,
    "46":-0.001737439,
    "47":-0.002204221,
    "48":-0.00049701,
    "49":-0.00149573
  },
  "Delta_Prop":{
    "0":-0.00134021,
    "1":-0.0025511168,
    "2":-0.0025999494,
    "3":0.000444,
    "4":-0.0042318687,
    "5":-0.0018876787,
    "6":0.00018272,
    "7":-0.00124565,
    "8":-0.001590939,
    "9":-0.00190518,
    "10":-0.0009000219,
    "11":-0.0001,
    "12":-0.0014271421,
    "13":-0.0023594814,
    "14":-0.0015382012,
    "15":-0.0017990895,
    "16":-0.00019856,
    "17":-0.001733066,
    "18":-0.00109057,
    "19":-0.0037612146,
    "20":-0.0013082,
    "21":-0.0029587151,
    "22":-0.00100471,
    "23":-0.0003184463,
    "24":-0.00098952,
    "25":-0.00117081,
    "26":-0.0002451868,
    "27":-0.0032013354,
    "28":-0.0040243919,
    "29":-0.00481708,
    "30":-0.00047353,
    "31":-0.001089381,
    "32":-0.0017335339,
    "33":-0.0005600704,
    "34":-0.00118441,
    "35":-0.0011695621,
    "36":-0.0003339942,
    "37":-0.0013058212,
    "38":-0.0013727848,
    "39":-0.0020932145,
    "40":-0.00009518,
    "41":-0.00118381,
    "42":-0.0019306761,
    "43":-0.0044195482,
    "44":-0.001384152,
    "45":-0.0004225147,
    "46":-0.0005593561,
    "47":-0.000704171,
    "48":-0.00136172,
    "49":-0.0008842
  }
}