{
  "Astrahl":{
    "0":0.1144937485,
    "1":0.0397969634,
    "2":0.0418414899,
    "3":0.0658022898,
    "4":0.0137703801,
    "5":0.0859831984,
    "6":0.0718794351,
    "7":0.0311741491,
    "8":0.0456813977,
    "9":0.1096393875,
    "10":0.0388177691,
    "11":0.0369943577,
    "12":0.0976942831,
    "13":0.0193521112,
    "14":0.0483014854,
    "15":0.0319782716,
    "16":0.0280433126,
    "17":0.0756359507,
    "18":0.0264733612,
    "19":0.0367205035,
    "20":0.0219310604,
    "21":0.0888768649,
    "22":0.0391699794,
    "23":0.0162832272,
    "24":0.0624301286,
    "25":0.1155076454,
    "26":0.0694354483,
    "27":0.0239582462,
    "28":0.026981491,
    "29":0.0582926495,
    "30":0.109942839,
    "31":0.0388433456,
    "32":0.0345242178,
    "33":0.0363385341,
    "34":0.0511054785,
    "35":0.0608488991,
    "36":0.0644022272,
    "37":0.0499904097,
    "38":0.0359005995,
    "39":0.0255507343,
    "40":0.0592853225,
    "41":0.0588952483,
    "42":0.0409263556,
    "43":0.0323339452,
    "44":0.0226061515,
    "45":0.0555639563,
    "46":0.0434937317,
    "47":0.0457280841,
    "48":0.0320909618,
    "49":0.0492214207,
    "50":0.0566279457,
    "51":0.0184237498,
    "52":0.0261454945,
    "53":0.0242364281,
    "54":0.043295701,
    "55":0.0366266806,
    "56":0.0288095932,
    "57":0.0605847596,
    "58":0.0267942515,
    "59":0.0740249588,
    "60":0.076087355,
    "61":0.0355067665,
    "62":0.1283538989,
    "63":0.0449226573,
    "64":0.0299251313,
    "65":0.0401812178,
    "66":0.0211880081,
    "67":0.0797139776,
    "68":0.0388153539,
    "69":0.0468169311,
    "70":0.1359556578,
    "71":0.0506885656,
    "72":0.0186133933,
    "73":0.1087076972,
    "74":0.0649088682,
    "75":0.0270927432,
    "76":0.0497133708,
    "77":0.0516996196,
    "78":0.0625033429,
    "79":0.0444607814,
    "80":0.0541804879,
    "81":0.123878745,
    "82":0.0733436107,
    "83":0.1000311458,
    "84":0.0737607006,
    "85":0.171663369,
    "86":0.0385585313,
    "87":0.079706754,
    "88":0.0404920576,
    "89":0.0303484031,
    "90":0.0852210048,
    "91":0.030124103,
    "92":0.0492881691,
    "93":0.0600080624,
    "94":0.2027356781,
    "95":0.0543209942,
    "96":0.0453935015,
    "97":0.0652657024,
    "98":0.095148277,
    "99":0.0597939288
  },
  "Uniform":{
    "0":0.1375651085,
    "1":0.0563199281,
    "2":0.1624321912,
    "3":0.1232263738,
    "4":0.0411454588,
    "5":0.0690026365,
    "6":0.2193153164,
    "7":0.0508920736,
    "8":0.0824797125,
    "9":0.1471588798,
    "10":0.0696349741,
    "11":0.0503441841,
    "12":0.2320329224,
    "13":0.0545986563,
    "14":0.2016607229,
    "15":0.1231154791,
    "16":0.0560267424,
    "17":0.0792699594,
    "18":0.0557421436,
    "19":0.0558233598,
    "20":0.0514493646,
    "21":0.137574304,
    "22":0.0615643774,
    "23":0.038856416,
    "24":0.0843503935,
    "25":0.1085406379,
    "26":0.0804851369,
    "27":0.0601881093,
    "28":0.0625068719,
    "29":0.1290935595,
    "30":0.1936834878,
    "31":0.1533310909,
    "32":0.0951207661,
    "33":0.0632194866,
    "34":0.0905457277,
    "35":0.1179704391,
    "36":0.1691381011,
    "37":0.154091393,
    "38":0.0498156169,
    "39":0.0508326054,
    "40":0.1953444312,
    "41":0.0878835675,
    "42":0.0532125516,
    "43":0.076664379,
    "44":0.0470957253,
    "45":0.0945048212,
    "46":0.1184429909,
    "47":0.1458411908,
    "48":0.0992754665,
    "49":0.068699114,
    "50":0.2137357693,
    "51":0.0702857114,
    "52":0.0675328924,
    "53":0.1028540406,
    "54":0.0560153321,
    "55":0.0580642933,
    "56":0.0481051002,
    "57":0.0953949371,
    "58":0.044801349,
    "59":0.2274050736,
    "60":0.1019565845,
    "61":0.1452563596,
    "62":0.1853710129,
    "63":0.0916410393,
    "64":0.1260264394,
    "65":0.1901435471,
    "66":0.0406291159,
    "67":0.2053726713,
    "68":0.1185762249,
    "69":0.139634426,
    "70":0.1428710275,
    "71":0.1484871908,
    "72":0.058641347,
    "73":0.2570777209,
    "74":0.0889970084,
    "75":0.0432216856,
    "76":0.2138103114,
    "77":0.1208731035,
    "78":0.1273950293,
    "79":0.0651452279,
    "80":0.0849137625,
    "81":0.0947635065,
    "82":0.162497228,
    "83":0.1839176566,
    "84":0.0685041326,
    "85":0.1281337055,
    "86":0.0644417259,
    "87":0.1374346204,
    "88":0.1168122033,
    "89":0.1153949168,
    "90":0.1915909005,
    "91":0.0462863686,
    "92":0.0714160809,
    "93":0.1548777183,
    "94":0.1706003778,
    "95":0.2075931505,
    "96":0.1552961514,
    "97":0.1103168456,
    "98":0.1000618818,
    "99":0.1998969431
  },
  "Prop":{
    "0":0.1354809333,
    "1":0.0672414236,
    "2":0.1336708918,
    "3":0.110957691,
    "4":0.0436640952,
    "5":0.0786686939,
    "6":0.1710871679,
    "7":0.0540675969,
    "8":0.0937360626,
    "9":0.1532450141,
    "10":0.0685910482,
    "11":0.061176709,
    "12":0.1907305048,
    "13":0.0592559082,
    "14":0.1259920373,
    "15":0.0976034565,
    "16":0.0634623208,
    "17":0.0892128913,
    "18":0.0552239637,
    "19":0.0612882325,
    "20":0.0584040052,
    "21":0.1444927741,
    "22":0.0656575208,
    "23":0.043296364,
    "24":0.0875371207,
    "25":0.1054520727,
    "26":0.0783448195,
    "27":0.0662607524,
    "28":0.0710812615,
    "29":0.1316120055,
    "30":0.1714706812,
    "31":0.1238846825,
    "32":0.0981665176,
    "33":0.0707531563,
    "34":0.1022801466,
    "35":0.1271451793,
    "36":0.1384694722,
    "37":0.1335871651,
    "38":0.060769664,
    "39":0.0560590575,
    "40":0.1592957668,
    "41":0.0882082231,
    "42":0.063373143,
    "43":0.0821084408,
    "44":0.0542858851,
    "45":0.1000794897,
    "46":0.1007549009,
    "47":0.1362137817,
    "48":0.081507759,
    "49":0.0755815293,
    "50":0.1671940316,
    "51":0.0635892083,
    "52":0.075283815,
    "53":0.0760735784,
    "54":0.0640751354,
    "55":0.0678524178,
    "56":0.0507028305,
    "57":0.1042643732,
    "58":0.0532223749,
    "59":0.1520952679,
    "60":0.1177457094,
    "61":0.1074546605,
    "62":0.1653734113,
    "63":0.0909019015,
    "64":0.1070726251,
    "65":0.1389624816,
    "66":0.0510874397,
    "67":0.1521241896,
    "68":0.0965201806,
    "69":0.1278796115,
    "70":0.1442723374,
    "71":0.1330276195,
    "72":0.0533796931,
    "73":0.1883462213,
    "74":0.089059054,
    "75":0.0535107408,
    "76":0.1366936378,
    "77":0.1058354827,
    "78":0.1271828672,
    "79":0.0695049501,
    "80":0.0970531181,
    "81":0.1062583753,
    "82":0.1591047065,
    "83":0.1545975034,
    "84":0.0757392002,
    "85":0.1294380829,
    "86":0.0652499971,
    "87":0.1258911856,
    "88":0.1000387517,
    "89":0.0891867847,
    "90":0.163611553,
    "91":0.0491421729,
    "92":0.0757196273,
    "93":0.1439161368,
    "94":0.1533100702,
    "95":0.1298718328,
    "96":0.1279739735,
    "97":0.114683126,
    "98":0.1077789613,
    "99":0.1468958085
  },
  "Delta_Uniform":{
    "0":-0.02307136,
    "1":-0.0165229646,
    "2":-0.1205907013,
    "3":-0.057424084,
    "4":-0.0273750788,
    "5":0.0169805619,
    "6":-0.1474358813,
    "7":-0.0197179245,
    "8":-0.0367983148,
    "9":-0.0375194924,
    "10":-0.030817205,
    "11":-0.0133498264,
    "12":-0.1343386392,
    "13":-0.0352465451,
    "14":-0.1533592375,
    "15":-0.0911372074,
    "16":-0.0279834297,
    "17":-0.0036340087,
    "18":-0.0292687824,
    "19":-0.0191028563,
    "20":-0.0295183042,
    "21":-0.0486974391,
    "22":-0.022394398,
    "23":-0.0225731888,
    "24":-0.0219202649,
    "25":0.0069670075,
    "26":-0.0110496886,
    "27":-0.0362298631,
    "28":-0.0355253809,
    "29":-0.07080091,
    "30":-0.0837406489,
    "31":-0.1144877454,
    "32":-0.0605965483,
    "33":-0.0268809525,
    "34":-0.0394402492,
    "35":-0.05712154,
    "36":-0.1047358738,
    "37":-0.1041009833,
    "38":-0.0139150174,
    "39":-0.0252818711,
    "40":-0.1360591087,
    "41":-0.0289883191,
    "42":-0.012286196,
    "43":-0.0443304338,
    "44":-0.0244895738,
    "45":-0.038940865,