{
  "Astrahl":{
    "0":0.0,
    "1":0.0000019,
    "2":0.0,
    "3":0.0,
    "4":0.0,
    "5":0.0,
    "6":0.0000097831,
    "7":0.0,
    "8":0.0,
    "9":0.00000271,
    "10":0.0,
    "11":0.00000271,
    "12":0.0000019,
    "13":0.0000126979,
    "14":0.0000077807,
    "15":0.0,
    "16":0.0,
    "17":0.0,
    "18":0.00000361,
    "19":0.0,
    "20":0.0,
    "21":0.0000073441,
    "22":0.0000019,
    "23":0.0,
    "24":0.00000361,
    "25":0.0000019,
    "26":0.0,
    "27":0.0000301352,
    "28":0.0,
    "29":0.000013908,
    "30":0.0,
    "31":0.0000152031,
    "32":0.00000271,
    "33":0.0,
    "34":0.0000019,
    "35":0.0000110977,
    "36":0.0000144687,
    "37":0.0,
    "38":0.0,
    "39":0.0,
    "40":0.0,
    "41":0.00000542,
    "42":0.0000161137,
    "43":0.0000176421,
    "44":0.000008759,
    "45":0.0,
    "46":0.0,
    "47":0.000013008,
    "48":0.0000130682,
    "49":0.0000019
  },
  "Uniform":{
    "0":0.00001241,
    "1":0.0000069,
    "2":0.000018359,
    "3":0.00001644,
    "4":0.00001083,
    "5":0.00000761,
    "6":0.0000473942,
    "7":0.0000109541,
    "8":0.00000761,
    "9":0.000087063,
    "10":0.000020269,
    "11":0.00001193,
    "12":0.000038397,
    "13":0.0002045108,
    "14":0.0000394967,
    "15":0.0000049,
    "16":0.000006,
    "17":0.00000642,
    "18":0.000020879,
    "19":0.0000612627,
    "20":0.00001202,
    "21":0.000024969,
    "22":0.00001431,
    "23":0.0000087,
    "24":0.00002552,
    "25":0.0000059,
    "26":0.0000048,
    "27":0.0000309421,
    "28":0.0000369041,
    "29":0.00001212,
    "30":0.000016998,
    "31":0.00002352,
    "32":0.000036877,
    "33":0.00000841,
    "34":0.000026969,
    "35":0.0000606491,
    "36":0.0000419601,
    "37":0.000020159,
    "38":0.0000213641,
    "39":0.0000601811,
    "40":0.000021586,
    "41":0.0000068,
    "42":0.0000817408,
    "43":0.00001621,
    "44":0.0000355431,
    "45":0.000013369,
    "46":0.0000038,
    "47":0.000028819,
    "48":0.0000558921,
    "49":0.00002282
  },
  "Prop":{
    "0":0.0000059,
    "1":0.00001031,
    "2":0.0000077,
    "3":0.000022069,
    "4":0.000029289,
    "5":0.0000029,
    "6":0.0000562354,
    "7":0.0000206351,
    "8":0.0000124,
    "9":0.0000660711,
    "10":0.0000155,
    "11":0.00001421,
    "12":0.00004167,
    "13":0.0002401485,
    "14":0.0000688236,
    "15":0.0000069,
    "16":0.0000115,
    "17":0.000016269,
    "18":0.00000271,
    "19":0.0000542411,
    "20":0.00000471,
    "21":0.00001892,
    "22":0.00001682,
    "23":0.0000068,
    "24":0.00001331,
    "25":0.0000029,
    "26":0.0000048,
    "27":0.0000461991,
    "28":0.0000531181,
    "29":0.0000019,
    "30":0.0000202741,
    "31":0.00002733,
    "32":0.000030999,
    "33":0.00001493,
    "34":0.00001421,
    "35":0.0000838587,
    "36":0.0000550752,
    "37":0.0000200392,
    "38":0.000028947,
    "39":0.0000672759,
    "40":0.0000260738,
    "41":0.0000105,
    "42":0.0000491695,
    "43":0.000037958,
    "44":0.0000590849,
    "45":0.000051701,
    "46":0.000013939,
    "47":0.0000564121,
    "48":0.000036438,
    "49":0.000034348
  },
  "Delta_Uniform":{
    "0":-0.00001241,
    "1":-0.000005,
    "2":-0.000018359,
    "3":-0.00001644,
    "4":-0.00001083,
    "5":-0.00000761,
    "6":-0.0000376111,
    "7":-0.0000109541,
    "8":-0.00000761,
    "9":-0.000084353,
    "10":-0.000020269,
    "11":-0.00000922,
    "12":-0.000036497,
    "13":-0.0001918128,
    "14":-0.000031716,
    "15":-0.0000049,
    "16":-0.000006,
    "17":-0.00000642,
    "18":-0.000017269,
    "19":-0.0000612627,
    "20":-0.00001202,
    "21":-0.0000176249,
    "22":-0.00001241,
    "23":-0.0000087,
    "24":-0.00002191,
    "25":-0.000004,
    "26":-0.0000048,
    "27":-0.0000008069,
    "28":-0.0000369041,
    "29":0.000001788,
    "30":-0.000016998,
    "31":-0.0000083169,
    "32":-0.000034167,
    "33":-0.00000841,
    "34":-0.000025069,
    "35":-0.0000495514,
    "36":-0.0000274914,
    "37":-0.000020159,
    "38":-0.0000213641,
    "39":-0.0000601811,
    "40":-0.000021586,
    "41":-0.00000138,
    "42":-0.000065627,
    "43":0.0000014321,
    "44":-0.0000267841,
    "45":-0.000013369,
    "46":-0.0000038,
    "47":-0.000015811,
    "48":-0.0000428239,
    "49":-0.00002092
  },
  "Delta_Prop":{
    "0":-0.0000059,
    "1":-0.00000841,
    "2":-0.0000077,
    "3":-0.000022069,
    "4":-0.000029289,
    "5":-0.0000029,
    "6":-0.0000464523,
    "7":-0.0000206351,
    "8":-0.0000124,
    "9":-0.0000633611,
    "10":-0.0000155,
    "11":-0.0000115,
    "12":-0.00003977,
    "13":-0.0002274505,
    "14":-0.0000610429,
    "15":-0.0000069,
    "16":-0.0000115,
    "17":-0.000016269,
    "18":0.0000009,
    "19":-0.0000542411,
    "20":-0.00000471,
    "21":-0.0000115759,
    "22":-0.00001492,
    "23":-0.0000068,
    "24":-0.0000097,
    "25":-0.000001,
    "26":-0.0000048,
    "27":-0.0000160639,
    "28":-0.0000531181,
    "29":0.000012008,
    "30":-0.0000202741,
    "31":-0.0000121269,
    "32":-0.000028289,
    "33":-0.00001493,
    "34":-0.00001231,
    "35":-0.000072761,
    "36":-0.0000406065,
    "37":-0.0000200392,
    "38":-0.000028947,
    "39":-0.0000672759,
    "40":-0.0000260738,
    "41":-0.00000508,
    "42":-0.0000330558,
    "43":-0.0000203159,
    "44":-0.0000503259,
    "45":-0.000051701,
    "46":-0.000013939,
    "47":-0.0000434041,
    "48":-0.0000233698,
    "49":-0.000032448
  }
}