{
  "Astrahl":{
    "0":0.0015848,
    "1":0.0027768259,
    "2":0.004146521,
    "3":0.0023964149,
    "4":0.0027829,
    "5":0.0009905,
    "6":0.0037813854,
    "7":0.005607376,
    "8":0.00425786,
    "9":0.0059227909,
    "10":0.00306119,
    "11":0.00222632,
    "12":0.002476781,
    "13":0.00215929,
    "14":0.005271441,
    "15":0.00445264,
    "16":0.0035658,
    "17":0.004906454,
    "18":0.003133361,
    "19":0.003829251,
    "20":0.0023772,
    "21":0.00139145,
    "22":0.0033233192,
    "23":0.00027829,
    "24":0.00350461,
    "25":0.00389606,
    "26":0.001981,
    "27":0.0036745779,
    "28":0.001695608,
    "29":0.0024945613,
    "30":0.002278808,
    "31":0.002476781,
    "32":0.0033082669,
    "33":0.0025753,
    "34":0.0034890708,
    "35":0.00445264,
    "36":0.003703063,
    "37":0.00570528,
    "38":0.0010690977,
    "39":0.0041704859,
    "40":0.0013867,
    "41":0.00219241,
    "42":0.00368466,
    "43":0.003703063,
    "44":0.00194803,
    "45":0.0017829,
    "46":0.0013867,
    "47":0.0013867,
    "48":0.0028200249,
    "49":0.0009905
  },
  "Uniform":{
    "0":0.0066482,
    "1":0.0085830589,
    "2":0.015650412,
    "3":0.00479875,
    "4":0.009906,
    "5":0.0053662,
    "6":0.0182450028,
    "7":0.0130194,
    "8":0.0154258651,
    "9":0.017949231,
    "10":0.00900098,
    "11":0.0070152,
    "12":0.010462021,
    "13":0.00372839,
    "14":0.012523351,
    "15":0.01088009,
    "16":0.00752359,
    "17":0.015578661,
    "18":0.0108403589,
    "19":0.012519493,
    "20":0.00748219,
    "21":0.00669488,
    "22":0.01298798,
    "23":0.0064993,
    "24":0.014373053,
    "25":0.00646898,
    "26":0.00538859,
    "27":0.0104837169,
    "28":0.0043938,
    "29":0.0086607489,
    "30":0.00858948,
    "31":0.0077492,
    "32":0.009169782,
    "33":0.0095175,
    "34":0.011173232,
    "35":0.01060839,
    "36":0.00800947,
    "37":0.008329031,
    "38":0.008218731,
    "39":0.00908839,
    "40":0.004129,
    "41":0.00560248,
    "42":0.00938556,
    "43":0.00491449,
    "44":0.0069371,
    "45":0.0044612,
    "46":0.0057614,
    "47":0.00508049,
    "48":0.006094731,
    "49":0.0049402
  },
  "Prop":{
    "0":0.00789039,
    "1":0.011539452,
    "2":0.0126237459,
    "3":0.005916182,
    "4":0.011629,
    "5":0.00610969,
    "6":0.020893771,
    "7":0.01579351,
    "8":0.019944094,
    "9":0.01797701,
    "10":0.0079902,
    "11":0.0059382,
    "12":0.00986949,
    "13":0.003488,
    "14":0.015220599,
    "15":0.0105001,
    "16":0.0071733,
    "17":0.0187609049,
    "18":0.01077805,
    "19":0.011939361,
    "20":0.00799039,
    "21":0.0078682,
    "22":0.01442588,
    "23":0.0068931,
    "24":0.0129347493,
    "25":0.009448,
    "26":0.0052061,
    "27":0.01248,
    "28":0.00563718,
    "29":0.0099323459,
    "30":0.006744921,
    "31":0.0068633,
    "32":0.0090127258,
    "33":0.01120969,
    "34":0.0128684648,
    "35":0.01143339,
    "36":0.01342597,
    "37":0.012211141,
    "38":0.01224449,
    "39":0.00915539,
    "40":0.004828,
    "41":0.0062085,
    "42":0.01071941,
    "43":0.0083238,
    "44":0.0079692,
    "45":0.0052671,
    "46":0.004957,
    "47":0.0061761,
    "48":0.00692659,
    "49":0.0057132
  },
  "Delta_Uniform":{
    "0":-0.0050634,
    "1":-0.005806233,
    "2":-0.011503891,
    "3":-0.0024023351,
    "4":-0.0071231,
    "5":-0.0043757,
    "6":-0.0144636174,
    "7":-0.007412024,
    "8":-0.0111680051,
    "9":-0.0120264401,
    "10":-0.00593979,
    "11":-0.00478888,
    "12":-0.00798524,
    "13":-0.0015691,
    "14":-0.00725191,
    "15":-0.00642745,
    "16":-0.00395779,
    "17":-0.010672207,
    "18":-0.0077069979,
    "19":-0.008690242,
    "20":-0.00510499,
    "21":-0.00530343,
    "22":-0.0096646608,
    "23":-0.00622101,
    "24":-0.010868443,
    "25":-0.00257292,
    "26":-0.00340759,
    "27":-0.006809139,
    "28":-0.002698192,
    "29":-0.0061661876,
    "30":-0.006310672,
    "31":-0.005272419,
    "32":-0.0058615151,
    "33":-0.0069422,
    "34":-0.0076841612,
    "35":-0.00615575,
    "36":-0.004306407,
    "37":-0.002623751,
    "38":-0.0071496333,
    "39":-0.0049179041,
    "40":-0.0027423,
    "41":-0.00341007,
    "42":-0.0057009,
    "43":-0.001211427,
    "44":-0.00498907,
    "45":-0.0026783,
    "46":-0.0043747,
    "47":-0.00369379,
    "48":-0.0032747061,
    "49":-0.0039497
  },
  "Delta_Prop":{
    "0":-0.00630559,
    "1":-0.0087626261,
    "2":-0.0084772249,
    "3":-0.0035197671,
    "4":-0.0088461,
    "5":-0.00511919,
    "6":-0.0171123856,
    "7":-0.010186134,
    "8":-0.015686234,
    "9":-0.0120542191,
    "10":-0.00492901,
    "11":-0.00371188,
    "12":-0.007392709,
    "13":-0.00132871,
    "14":-0.009949158,
    "15":-0.00604746,
    "16":-0.0036075,
    "17":-0.0138544509,
    "18":-0.007644689,
    "19":-0.00811011,
    "20":-0.00561319,
    "21":-0.00647675,
    "22":-0.0111025608,
    "23":-0.00661481,
    "24":-0.0094301393,
    "25":-0.00555194,
    "26":-0.0032251,
    "27":-0.0088054221,
    "28":-0.003941572,
    "29":-0.0074377846,
    "30":-0.004466113,
    "31":-0.004386519,
    "32":-0.0057044589,
    "33":-0.00863439,
    "34":-0.009379394,
    "35":-0.00698075,
    "36":-0.009722907,
    "37":-0.006505861,
    "38":-0.0111753923,
    "39":-0.0049849041,
    "40":-0.0034413,
    "41":-0.00401609,
    "42":-0.00703475,
    "43":-0.004620737,
    "44":-0.00602117,
    "45":-0.0034842,
    "46":-0.0035703,
    "47":-0.0047894,
    "48":-0.0041065651,
    "49":-0.0047227
  }
}