{
  "Astrahl":{
    "0":0.101469043,
    "1":0.0980603063,
    "2":0.1045612989,
    "3":0.0536187793,
    "4":0.0494896699,
    "5":0.05717917,
    "6":0.1098931345,
    "7":0.0506207395,
    "8":0.0467985975,
    "9":0.1512419883,
    "10":0.057255553,
    "11":0.05025745,
    "12":0.0474906997,
    "13":0.04518145,
    "14":0.0586155122,
    "15":0.102243358,
    "16":0.107569594,
    "17":0.102608719,
    "18":0.1112578491,
    "19":0.0548421879,
    "20":0.10517005,
    "21":0.043259347,
    "22":0.0443914916,
    "23":0.051257179,
    "24":0.0506207395,
    "25":0.046258534,
    "26":0.05017879,
    "27":0.0509293945,
    "28":0.0494896699,
    "29":0.0606142054,
    "30":0.060484006,
    "31":0.048257992,
    "32":0.0551744391,
    "33":0.1131202792,
    "34":0.0994618503,
    "35":0.1063422469,
    "36":0.1045612989,
    "37":0.0514886401,
    "38":0.0546181259,
    "39":0.0553249855,
    "40":0.04218202,
    "41":0.0586461178,
    "42":0.0574855507,
    "43":0.0474906997,
    "44":0.05025745,
    "45":0.05617936,
    "46":0.04818088,
    "47":0.05317993,
    "48":0.0554865805,
    "49":0.05218012
  },
  "Uniform":{
    "0":0.170199891,
    "1":0.1763477032,
    "2":0.1674840181,
    "3":0.0903704681,
    "4":0.0863069054,
    "5":0.09111087,
    "6":0.172301382,
    "7":0.0853908905,
    "8":0.088186949,
    "9":0.2482336903,
    "10":0.089148751,
    "11":0.090153122,
    "12":0.0903472587,
    "13":0.08811702,
    "14":0.0913672047,
    "15":0.1721449621,
    "16":0.173811547,
    "17":0.1703995596,
    "18":0.1793963342,
    "19":0.0885798861,
    "20":0.165601639,
    "21":0.085170002,
    "22":0.0872615141,
    "23":0.088172883,
    "24":0.0924329208,
    "25":0.091140038,
    "26":0.08710542,
    "27":0.0936018666,
    "28":0.0922789692,
    "29":0.0893727445,
    "30":0.094284206,
    "31":0.089150649,
    "32":0.0928187451,
    "33":0.1712947069,
    "34":0.168785852,
    "35":0.1710713539,
    "36":0.1722939422,
    "37":0.0863009244,
    "38":0.0854144136,
    "39":0.0911853969,
    "40":0.08911663,
    "41":0.092382983,
    "42":0.0962964846,
    "43":0.0943212808,
    "44":0.087170344,
    "45":0.09210823,
    "46":0.09012095,
    "47":0.08711726,
    "48":0.0833106495,
    "49":0.08412495
  },
  "Prop":{
    "0":0.16740784,
    "1":0.1735915589,
    "2":0.165878853,
    "3":0.0933974456,
    "4":0.0893152077,
    "5":0.08710908,
    "6":0.1704814193,
    "7":0.091387031,
    "8":0.0882050816,
    "9":0.2446937648,
    "10":0.091157162,
    "11":0.092180313,
    "12":0.0893006062,
    "13":0.08911493,
    "14":0.0933685481,
    "15":0.1674428491,
    "16":0.171991027,
    "17":0.1710904741,
    "18":0.1657990653,
    "19":0.0935716512,
    "20":0.172893034,
    "21":0.084162433,
    "22":0.095259863,
    "23":0.086154623,
    "24":0.0863773235,
    "25":0.091156633,
    "26":0.08712215,
    "27":0.0896491954,
    "28":0.0903044177,
    "29":0.0903845249,
    "30":0.0853018982,
    "31":0.089177254,
    "32":0.08987944,
    "33":0.165798973,
    "34":0.1623356561,
    "35":0.1658497051,
    "36":0.1738974488,
    "37":0.0943311031,
    "38":0.088387149,
    "39":0.0902101975,
    "40":0.08611603,
    "41":0.0934307623,
    "42":0.0892952414,
    "43":0.0902828098,
    "44":0.089156814,
    "45":0.08110976,
    "46":0.08710909,
    "47":0.08611692,
    "48":0.0913214969,
    "49":0.09010249
  },
  "Delta_Uniform":{
    "0":-0.068730848,
    "1":-0.0782873969,
    "2":-0.0629227192,
    "3":-0.0367516888,
    "4":-0.0368172355,
    "5":-0.0339317,
    "6":-0.0624082474,
    "7":-0.034770151,
    "8":-0.0413883515,
    "9":-0.096991702,
    "10":-0.031893198,
    "11":-0.039895672,
    "12":-0.042856559,
    "13":-0.04293557,
    "14":-0.0327516925,
    "15":-0.0699016041,
    "16":-0.066241953,
    "17":-0.0677908406,
    "18":-0.0681384851,
    "19":-0.0337376981,
    "20":-0.060431589,
    "21":-0.041910655,
    "22":-0.0428700225,
    "23":-0.036915704,
    "24":-0.0418121813,
    "25":-0.044881504,
    "26":-0.03692663,
    "27":-0.0426724721,
    "28":-0.0427892993,
    "29":-0.0287585391,
    "30":-0.0338002,
    "31":-0.040892657,
    "32":-0.0376443059,
    "33":-0.0581744277,
    "34":-0.0693240017,
    "35":-0.064729107,
    "36":-0.0677326433,
    "37":-0.0348122843,
    "38":-0.0307962877,
    "39":-0.0358604114,
    "40":-0.04693461,
    "41":-0.0337368652,
    "42":-0.0388109339,
    "43":-0.0468305811,
    "44":-0.036912894,
    "45":-0.03592887,
    "46":-0.04194007,
    "47":-0.03393733,
    "48":-0.027824069,
    "49":-0.03194483
  },
  "Delta_Prop":{
    "0":-0.065938797,
    "1":-0.0755312525,
    "2":-0.061317554,
    "3":-0.0397786663,
    "4":-0.0398255378,
    "5":-0.02992991,
    "6":-0.0605882847,
    "7":-0.0407662915,
    "8":-0.0414064841,
    "9":-0.0934517765,
    "10":-0.033901609,
    "11":-0.041922863,
    "12":-0.0418099065,
    "13":-0.04393348,
    "14":-0.0347530359,
    "15":-0.0651994911,
    "16":-0.064421433,
    "17":-0.0684817551,
    "18":-0.0545412163,
    "19":-0.0387294632,
    "20":-0.067722984,
    "21":-0.040903086,
    "22":-0.0508683715,
    "23":-0.034897444,
    "24":-0.035756584,
    "25":-0.044898099,
    "26":-0.03694336,
    "27":-0.0387198009,
    "28":-0.0408147478,
    "29":-0.0297703195,
    "30":-0.0248178922,
    "31":-0.040919262,
    "32":-0.0347050008,
    "33":-0.0526786938,
    "34":-0.0628738058,
    "35":-0.0595074582,
    "36":-0.0693361499,
    "37":-0.042842463,
    "38":-0.0337690232,
    "39":-0.034885212,
    "40":-0.04393401,
    "41":-0.0347846445,
    "42":-0.0318096907,
    "43":-0.0427921101,
    "44":-0.038899364,
    "45":-0.0249304,
    "46":-0.03892821,
    "47":-0.03293699,
    "48":-0.0358349164,
    "49":-0.03792237
  }
}