{
  "Astrahl":{
    "0":0.163813024,
    "1":0.12625462,
    "2":0.1636191487,
    "3":0.1994649121,
    "4":0.1815015298,
    "5":0.12863224,
    "6":0.2820782589,
    "7":0.2771480033,
    "8":0.123748048,
    "9":0.1898106762,
    "10":0.2058570379,
    "11":0.115054597,
    "12":0.1922687109,
    "13":0.2278289067,
    "14":0.2522564132,
    "15":0.12476611,
    "16":0.12303784,
    "17":0.1229732011,
    "18":0.207490303,
    "19":0.2478602119,
    "20":0.1265840428,
    "21":0.1574994463,
    "22":0.124336927,
    "23":0.1709861248,
    "24":0.2346454207,
    "25":0.13247839,
    "26":0.118448137,
    "27":0.3088106597,
    "28":0.1614381152,
    "29":0.2326477204,
    "30":0.2984148095,
    "31":0.1560447169,
    "32":0.2267911933,
    "33":0.2135576296,
    "34":0.1666903024,
    "35":0.1650032508,
    "36":0.2194402039,
    "37":0.2664464948,
    "38":0.1795963354,
    "39":0.1976270013,
    "40":0.1305190906,
    "41":0.1511533328,
    "42":0.2840173877,
    "43":0.1164628784,
    "44":0.2914226874,
    "45":0.2894940918,
    "46":0.1796372393,
    "47":0.208549488,
    "48":0.2393503854,
    "49":0.2896303317
  },
  "Uniform":{
    "0":0.220218597,
    "1":0.19146158,
    "2":0.2353826809,
    "3":0.2797436376,
    "4":0.224750938,
    "5":0.19103634,
    "6":0.3863910158,
    "7":0.3781669313,
    "8":0.185322848,
    "9":0.2893016211,
    "10":0.2772197829,
    "11":0.190954195,
    "12":0.2920943382,
    "13":0.3218990042,
    "14":0.3350135254,
    "15":0.182808564,
    "16":0.17876074,
    "17":0.1692363248,
    "18":0.2753200017,
    "19":0.3319713345,
    "20":0.1761933793,
    "21":0.2485236553,
    "22":0.194147116,
    "23":0.2425987126,
    "24":0.3270004677,
    "25":0.19527872,
    "26":0.176475067,
    "27":0.4170722522,
    "28":0.2486124608,
    "29":0.3461615232,
    "30":0.4110125504,
    "31":0.2386156221,
    "32":0.3339250044,
    "33":0.2797313607,
    "34":0.2396639916,
    "35":0.2459909103,
    "36":0.2853476319,
    "37":0.3710053218,
    "38":0.2391881263,
    "39":0.2954234423,
    "40":0.1962483086,
    "41":0.1806769219,
    "42":0.3765658002,
    "43":0.1851889865,
    "44":0.3760508654,
    "45":0.3757046712,
    "46":0.2355431091,
    "47":0.2869166406,
    "48":0.3308241618,
    "49":0.4290139698
  },
  "Prop":{
    "0":0.260961408,
    "1":0.18158218,
    "2":0.2497620897,
    "3":0.2779721694,
    "4":0.2403202613,
    "5":0.18310275,
    "6":0.3883523506,
    "7":0.3855000735,
    "8":0.188388342,
    "9":0.3147258343,
    "10":0.3003820596,
    "11":0.171661436,
    "12":0.2972006953,
    "13":0.3429371039,
    "14":0.3457996869,
    "15":0.182175017,
    "16":0.19611333,
    "17":0.1909949993,
    "18":0.3098896543,
    "19":0.3417515659,
    "20":0.1895629103,
    "21":0.2332513176,
    "22":0.183021604,
    "23":0.2415973987,
    "24":0.3370188232,
    "25":0.17664055,
    "26":0.186309597,
    "27":0.417373435,
    "28":0.2377213312,
    "29":0.3461496461,
    "30":0.4269292237,
    "31":0.2576304142,
    "32":0.3393571812,
    "33":0.3038833225,
    "34":0.2532849148,
    "35":0.2467425647,
    "36":0.2982271214,
    "37":0.4045215241,
    "38":0.2452794584,
    "39":0.3026781851,
    "40":0.1953449844,
    "41":0.1810739716,
    "42":0.3870435467,
    "43":0.2021936558,
    "44":0.3733704648,
    "45":0.3868542545,
    "46":0.2412412647,
    "47":0.2873010148,
    "48":0.3307454705,
    "49":0.4329129273
  },
  "Delta_Uniform":{
    "0":-0.056405573,
    "1":-0.06520696,
    "2":-0.0717635322,
    "3":-0.0802787255,
    "4":-0.0432494082,
    "5":-0.0624041,
    "6":-0.1043127569,
    "7":-0.1010189281,
    "8":-0.0615748,
    "9":-0.0994909449,
    "10":-0.071362745,
    "11":-0.075899598,
    "12":-0.0998256273,
    "13":-0.0940700974,
    "14":-0.0827571122,
    "15":-0.058042454,
    "16":-0.0557229,
    "17":-0.0462631237,
    "18":-0.0678296987,
    "19":-0.0841111227,
    "20":-0.0496093366,
    "21":-0.091024209,
    "22":-0.069810189,
    "23":-0.0716125878,
    "24":-0.092355047,
    "25":-0.06280033,
    "26":-0.05802693,
    "27":-0.1082615925,
    "28":-0.0871743457,
    "29":-0.1135138028,
    "30":-0.1125977409,
    "31":-0.0825709052,
    "32":-0.1071338111,
    "33":-0.0661737311,
    "34":-0.0729736892,
    "35":-0.0809876595,
    "36":-0.065907428,
    "37":-0.104558827,
    "38":-0.0595917909,
    "39":-0.0977964409,
    "40":-0.065729218,
    "41":-0.0295235891,
    "42":-0.0925484126,
    "43":-0.0687261081,
    "44":-0.0846281779,
    "45":-0.0862105794,
    "46":-0.0559058698,
    "47":-0.0783671526,
    "48":-0.0914737764,
    "49":-0.1393836381
  },
  "Delta_Prop":{
    "0":-0.097148384,
    "1":-0.05532756,
    "2":-0.086142941,
    "3":-0.0785072573,
    "4":-0.0588187315,
    "5":-0.05447051,
    "6":-0.1062740917,
    "7":-0.1083520703,
    "8":-0.064640294,
    "9":-0.1249151581,
    "10":-0.0945250217,
    "11":-0.056606839,
    "12":-0.1049319844,
    "13":-0.1151081972,
    "14":-0.0935432737,
    "15":-0.057408907,
    "16":-0.07307549,
    "17":-0.0680217982,
    "18":-0.1023993513,
    "19":-0.093891354,
    "20":-0.0629788675,
    "21":-0.0757518713,
    "22":-0.058684677,
    "23":-0.0706112739,
    "24":-0.1023734025,
    "25":-0.04416216,
    "26":-0.06786146,
    "27":-0.1085627753,
    "28":-0.076283216,
    "29":-0.1135019257,
    "30":-0.1285144142,
    "31":-0.1015856973,
    "32":-0.1125659879,
    "33":-0.0903256929,
    "34":-0.0865946124,
    "35":-0.0817393139,
    "36":-0.0787869176,
    "37":-0.1380750293,
    "38":-0.065683123,
    "39":-0.1050511838,
    "40":-0.0648258938,
    "41":-0.0299206389,
    "42":-0.103026159,
    "43":-0.0857307774,
    "44":-0.0819477774,
    "45":-0.0973601627,
    "46":-0.0616040254,
    "47":-0.0787515269,
    "48":-0.0913950851,
    "49":-0.1432825955
  }
}