{
  "Astrahl":{
    "0":0.0001408305,
    "1":0.0,
    "2":0.0,
    "3":0.0000991236,
    "4":0.0003019679,
    "5":0.0,
    "6":0.0002365344,
    "7":0.0,
    "8":0.0,
    "9":0.0,
    "10":0.0,
    "11":0.00015447,
    "12":0.00005149,
    "13":0.0000931969,
    "14":0.0,
    "15":0.000065341,
    "16":0.0,
    "17":0.0,
    "18":0.0001413815,
    "19":0.0003809385,
    "20":0.0004956179,
    "21":0.0001512939,
    "22":0.0000931969,
    "23":0.0001780524,
    "24":0.0008970685,
    "25":0.0,
    "26":0.0,
    "27":0.0000931969,
    "28":0.0,
    "29":0.0003727876,
    "30":0.0,
    "31":0.000261364,
    "32":0.000281661,
    "33":0.0002667227,
    "34":0.0001269795,
    "35":0.0,
    "36":0.0002365344,
    "37":0.0002219544,
    "38":0.0,
    "39":0.0,
    "40":0.000073441,
    "41":0.0,
    "42":0.0000931969,
    "43":0.0,
    "44":0.0004272853,
    "45":0.0001269795,
    "46":0.0002827631,
    "47":0.0,
    "48":0.0,
    "49":0.0001269795
  },
  "Uniform":{
    "0":0.0010740819,
    "1":0.00054609,
    "2":0.0011141389,
    "3":0.0013586078,
    "4":0.0035849105,
    "5":0.0012256694,
    "6":0.000941883,
    "7":0.000650221,
    "8":0.000955721,
    "9":0.00037728,
    "10":0.0004092,
    "11":0.0019708498,
    "12":0.0008715,
    "13":0.00071956,
    "14":0.001386451,
    "15":0.001581772,
    "16":0.0030611692,
    "17":0.0014335661,
    "18":0.0013234988,
    "19":0.0028494999,
    "20":0.001615866,
    "21":0.0018581109,
    "22":0.0039225969,
    "23":0.000783412,
    "24":0.0035717478,
    "25":0.00077203,
    "26":0.00029959,
    "27":0.000744221,
    "28":0.0019352545,
    "29":0.0028599558,
    "30":0.0028975981,
    "31":0.00055688,
    "32":0.0015273709,
    "33":0.003946039,
    "34":0.0038400536,
    "35":0.000898501,
    "36":0.0047249902,
    "37":0.0023370128,
    "38":0.0019503677,
    "39":0.00035779,
    "40":0.00126283,
    "41":0.00078749,
    "42":0.000814052,
    "43":0.0013049922,
    "44":0.0055301312,
    "45":0.0019657418,
    "46":0.0013505232,
    "47":0.000870252,
    "48":0.00100453,
    "49":0.0018927215
  },
  "Prop":{
    "0":0.0016406102,
    "1":0.000725631,
    "2":0.00072349,
    "3":0.0022790241,
    "4":0.0035693551,
    "5":0.0016115925,
    "6":0.001255143,
    "7":0.00059046,
    "8":0.00084896,
    "9":0.00061899,
    "10":0.00058099,
    "11":0.001747944,
    "12":0.00076539,
    "13":0.001205071,
    "14":0.001306581,
    "15":0.001866195,
    "16":0.003579254,
    "17":0.0012114589,
    "18":0.0019077892,
    "19":0.002272277,
    "20":0.0018561266,
    "21":0.0022993272,
    "22":0.0032418334,
    "23":0.001193,
    "24":0.003685382,
    "25":0.000647821,
    "26":0.00036569,
    "27":0.000952003,
    "28":0.0016379428,
    "29":0.0027615998,
    "30":0.0028978095,
    "31":0.000611941,
    "32":0.0016202198,
    "33":0.0039341843,
    "34":0.003906026,
    "35":0.0009945,
    "36":0.0053279188,
    "37":0.0023864119,
    "38":0.002415158,
    "39":0.00070929,
    "40":0.001326791,
    "41":0.00089696,
    "42":0.001462621,
    "43":0.0008675389,
    "44":0.0054705692,
    "45":0.0022426833,
    "46":0.0016520736,
    "47":0.000881953,
    "48":0.00123613,
    "49":0.002553171
  },
  "Delta_Uniform":{
    "0":-0.0009332514,
    "1":-0.00054609,
    "2":-0.0011141389,
    "3":-0.0012594842,
    "4":-0.0032829426,
    "5":-0.0012256694,
    "6":-0.0007053486,
    "7":-0.000650221,
    "8":-0.000955721,
    "9":-0.00037728,
    "10":-0.0004092,
    "11":-0.0018163798,
    "12":-0.00082001,
    "13":-0.0006263631,
    "14":-0.001386451,
    "15":-0.001516431,
    "16":-0.0030611692,
    "17":-0.0014335661,
    "18":-0.0011821173,
    "19":-0.0024685615,
    "20":-0.0011202481,
    "21":-0.001706817,
    "22":-0.0038294,
    "23":-0.0006053596,
    "24":-0.0026746794,
    "25":-0.00077203,
    "26":-0.00029959,
    "27":-0.0006510241,
    "28":-0.0019352545,
    "29":-0.0024871682,
    "30":-0.0028975981,
    "31":-0.000295516,
    "32":-0.0012457099,
    "33":-0.0036793163,
    "34":-0.0037130741,
    "35":-0.000898501,
    "36":-0.0044884557,
    "37":-0.0021150584,
    "38":-0.0019503677,
    "39":-0.00035779,
    "40":-0.001189389,
    "41":-0.00078749,
    "42":-0.0007208551,
    "43":-0.0013049922,
    "44":-0.0051028459,
    "45":-0.0018387623,
    "46":-0.0010677601,
    "47":-0.000870252,
    "48":-0.00100453,
    "49":-0.001765742
  },
  "Delta_Prop":{
    "0":-0.0014997797,
    "1":-0.000725631,
    "2":-0.00072349,
    "3":-0.0021799005,
    "4":-0.0032673872,
    "5":-0.0016115925,
    "6":-0.0010186086,
    "7":-0.00059046,
    "8":-0.00084896,
    "9":-0.00061899,
    "10":-0.00058099,
    "11":-0.001593474,
    "12":-0.0007139,
    "13":-0.0011118741,
    "14":-0.001306581,
    "15":-0.001800854,
    "16":-0.003579254,
    "17":-0.0012114589,
    "18":-0.0017664077,
    "19":-0.0018913385,
    "20":-0.0013605087,
    "21":-0.0021480333,
    "22":-0.0031486365,
    "23":-0.0010149476,
    "24":-0.0027883135,
    "25":-0.000647821,
    "26":-0.00036569,
    "27":-0.0008588061,
    "28":-0.0016379428,
    "29":-0.0023888122,
    "30":-0.0028978095,
    "31":-0.000350577,
    "32":-0.0013385588,
    "33":-0.0036674616,
    "34":-0.0037790465,
    "35":-0.0009945,
    "36":-0.0050913844,
    "37":-0.0021644575,
    "38":-0.002415158,
    "39":-0.00070929,
    "40":-0.00125335,
    "41":-0.00089696,
    "42":-0.0013694241,
    "43":-0.0008675389,
    "44":-0.0050432839,
    "45":-0.0021157038,
    "46":-0.0013693105,
    "47":-0.000881953,
    "48":-0.00123613,
    "49":-0.0024261915
  }
}