{
  "Astrahl":{
    "0":0.2573683254,
    "1":0.1402429,
    "2":0.16077703,
    "3":0.1513458928,
    "4":0.2029076412,
    "5":0.172467089,
    "6":0.193839945,
    "7":0.228560597,
    "8":0.228141738,
    "9":0.240610437,
    "10":0.2007989702,
    "11":0.3815518255,
    "12":0.164178329,
    "13":0.1801746782,
    "14":0.3251102582,
    "15":0.282886255,
    "16":0.1683967992,
    "17":0.132526919,
    "18":0.3143049156,
    "19":0.1628941662,
    "20":0.215068346,
    "21":0.242029256,
    "22":0.13966252,
    "23":0.2270079061,
    "24":0.229483293,
    "25":0.25548497,
    "26":0.15957882,
    "27":0.2832810371,
    "28":0.215378015,
    "29":0.2534141224,
    "30":0.15970851,
    "31":0.1265308,
    "32":0.190433375,
    "33":0.2479890484,
    "34":0.3393012692,
    "35":0.2170550132,
    "36":0.2613218428,
    "37":0.213848222,
    "38":0.2205542503,
    "39":0.3459170612,
    "40":0.2053268611,
    "41":0.2176661311,
    "42":0.220325923,
    "43":0.238573286,
    "44":0.200357485,
    "45":0.2365406924,
    "46":0.2649866974,
    "47":0.2346301855,
    "48":0.179406699,
    "49":0.237252607
  },
  "Uniform":{
    "0":0.2956313033,
    "1":0.1678979,
    "2":0.18484331,
    "3":0.1840570535,
    "4":0.239476437,
    "5":0.198136968,
    "6":0.235345867,
    "7":0.2687092217,
    "8":0.27329022,
    "9":0.2723408162,
    "10":0.2534036079,
    "11":0.4126200128,
    "12":0.18667383,
    "13":0.198609909,
    "14":0.3615949965,
    "15":0.317541533,
    "16":0.208928005,
    "17":0.16300101,
    "18":0.3376903796,
    "19":0.1718678102,
    "20":0.282446918,
    "21":0.2611489087,
    "22":0.19900543,
    "23":0.2543743099,
    "24":0.2736297873,
    "25":0.338736637,
    "26":0.20271641,
    "27":0.3248289603,
    "28":0.2421883414,
    "29":0.3109032073,
    "30":0.205298549,
    "31":0.1558469,
    "32":0.2328503201,
    "33":0.307953076,
    "34":0.3957975104,
    "35":0.249061308,
    "36":0.3650981501,
    "37":0.2707176779,
    "38":0.269452991,
    "39":0.3760478737,
    "40":0.2338722591,
    "41":0.263053708,
    "42":0.2644573832,
    "43":0.274567338,
    "44":0.240546049,
    "45":0.2694389024,
    "46":0.2916762126,
    "47":0.264060513,
    "48":0.19113171,
    "49":0.28610937
  },
  "Prop":{
    "0":0.3020210605,
    "1":0.1708967,
    "2":0.18504802,
    "3":0.1665932274,
    "4":0.2419200881,
    "5":0.1926363463,
    "6":0.2456037108,
    "7":0.26461711,
    "8":0.2814238521,
    "9":0.2818812311,
    "10":0.2533579489,
    "11":0.4525556791,
    "12":0.21315625,
    "13":0.202316477,
    "14":0.3805081986,
    "15":0.287187824,
    "16":0.191328346,
    "17":0.16340611,
    "18":0.3611126597,
    "19":0.1719063211,
    "20":0.28428749,
    "21":0.2835681831,
    "22":0.21241843,
    "23":0.2773908747,
    "24":0.2637211411,
    "25":0.3407282731,
    "26":0.19913961,
    "27":0.345484298,
    "28":0.2407933242,
    "29":0.2904215888,
    "30":0.21094684,
    "31":0.18254382,
    "32":0.248261228,
    "33":0.3083959428,
    "34":0.4319421669,
    "35":0.2923279281,
    "36":0.3289566954,
    "37":0.277191049,
    "38":0.3006646544,
    "39":0.3850936266,
    "40":0.243206107,
    "41":0.2789435241,
    "42":0.2718429049,
    "43":0.2952823628,
    "44":0.245210778,
    "45":0.294590115,
    "46":0.3222647953,
    "47":0.2922550509,
    "48":0.194436589,
    "49":0.3157760576
  },
  "Delta_Uniform":{
    "0":-0.0382629779,
    "1":-0.027655,
    "2":-0.02406628,
    "3":-0.0327111607,
    "4":-0.0365687958,
    "5":-0.025669879,
    "6":-0.041505922,
    "7":-0.0401486247,
    "8":-0.045148482,
    "9":-0.0317303792,
    "10":-0.0526046377,
    "11":-0.0310681874,
    "12":-0.022495501,
    "13":-0.0184352308,
    "14":-0.0364847383,
    "15":-0.034655278,
    "16":-0.0405312058,
    "17":-0.030474091,
    "18":-0.023385464,
    "19":-0.008973644,
    "20":-0.067378572,
    "21":-0.0191196527,
    "22":-0.05934291,
    "23":-0.0273664038,
    "24":-0.0441464943,
    "25":-0.083251667,
    "26":-0.04313759,
    "27":-0.0415479232,
    "28":-0.0268103263,
    "29":-0.0574890849,
    "30":-0.045590039,
    "31":-0.0293161,
    "32":-0.0424169451,
    "33":-0.0599640276,
    "34":-0.0564962412,
    "35":-0.0320062948,
    "36":-0.1037763073,
    "37":-0.056869456,
    "38":-0.0488987407,
    "39":-0.0301308125,
    "40":-0.028545398,
    "41":-0.0453875769,
    "42":-0.0441314602,
    "43":-0.035994052,
    "44":-0.040188564,
    "45":-0.03289821,
    "46":-0.0266895152,
    "47":-0.0294303275,
    "48":-0.011725011,
    "49":-0.048856763
  },
  "Delta_Prop":{
    "0":-0.0446527351,
    "1":-0.0306538,
    "2":-0.02427099,
    "3":-0.0152473346,
    "4":-0.0390124469,
    "5":-0.0201692573,
    "6":-0.0517637658,
    "7":-0.036056513,
    "8":-0.0532821141,
    "9":-0.0412707941,
    "10":-0.0525589787,
    "11":-0.0710038536,
    "12":-0.048977921,
    "13":-0.0221417988,
    "14":-0.0553979404,
    "15":-0.004301569,
    "16":-0.0229315468,
    "17":-0.030879191,
    "18":-0.0468077441,
    "19":-0.0090121549,
    "20":-0.069219144,
    "21":-0.0415389271,
    "22":-0.07275591,
    "23":-0.0503829686,
    "24":-0.0342378481,
    "25":-0.0852433031,
    "26":-0.03956079,
    "27":-0.0622032609,
    "28":-0.0254153092,
    "29":-0.0370074664,
    "30":-0.05123833,
    "31":-0.05601302,
    "32":-0.057827853,
    "33":-0.0604068944,
    "34":-0.0926408977,
    "35":-0.0752729149,
    "36":-0.0676348526,
    "37":-0.0633428271,
    "38":-0.0801104041,
    "39":-0.0391765654,
    "40":-0.0378792459,
    "41":-0.061277393,
    "42":-0.0515169819,
    "43":-0.0567090768,
    "44":-0.044853293,
    "45":-0.0580494226,
    "46":-0.0572780979,
    "47":-0.0576248654,
    "48":-0.01502989,
    "49":-0.0785234506
  }
}