{
  "Astrahl":{
    "0":0.21350359,
    "1":0.2996129161,
    "2":0.25886359,
    "3":0.2593264663,
    "4":0.278700661,
    "5":0.2797232599,
    "6":0.2695155769,
    "7":0.2015434,
    "8":0.2638324922,
    "9":0.244737676,
    "10":0.3796383763,
    "11":0.2334005071,
    "12":0.3323986209,
    "13":0.2013157,
    "14":0.270491626,
    "15":0.253389196,
    "16":0.223632298,
    "17":0.20947528,
    "18":0.2340502138,
    "19":0.3083509288,
    "20":0.3558694008,
    "21":0.20079027,
    "22":0.2751638641,
    "23":0.231699214,
    "24":0.2265762553,
    "25":0.393101032,
    "26":0.20019763,
    "27":0.244838188,
    "28":0.3711349751,
    "29":0.208429624,
    "30":0.2740035941,
    "31":0.2796763872,
    "32":0.21284811,
    "33":0.4588187655,
    "34":0.349578153,
    "35":0.202932406,
    "36":0.4506220578,
    "37":0.2649083527,
    "38":0.2451189754,
    "39":0.251158042,
    "40":0.2799409849,
    "41":0.2315937106,
    "42":0.234717409,
    "43":0.3548106425,
    "44":0.275120515,
    "45":0.257620366,
    "46":0.245392849,
    "47":0.2660222962,
    "48":0.21499957,
    "49":0.2742683068
  },
  "Uniform":{
    "0":0.23710644,
    "1":0.3403152055,
    "2":0.295716853,
    "3":0.2877934852,
    "4":0.2889594082,
    "5":0.2991723022,
    "6":0.2893385935,
    "7":0.24010165,
    "8":0.3147108294,
    "9":0.292987495,
    "10":0.4595442574,
    "11":0.2513654265,
    "12":0.342208106,
    "13":0.23478949,
    "14":0.282377458,
    "15":0.304612939,
    "16":0.246662801,
    "17":0.2469727,
    "18":0.2544334732,
    "19":0.3409773904,
    "20":0.4272800127,
    "21":0.23344406,
    "22":0.295115404,
    "23":0.285169618,
    "24":0.2688651772,
    "25":0.4422104499,
    "26":0.24048774,
    "27":0.290287126,
    "28":0.4231902659,
    "29":0.241769916,
    "30":0.2776461292,
    "31":0.3159587271,
    "32":0.24536133,
    "33":0.4958726271,
    "34":0.3266771962,
    "35":0.248952843,
    "36":0.456936771,
    "37":0.2926555894,
    "38":0.2970583983,
    "39":0.297472285,
    "40":0.3044548905,
    "41":0.249084873,
    "42":0.245472274,
    "43":0.393590017,
    "44":0.3407445955,
    "45":0.296861905,
    "46":0.301190455,
    "47":0.2954932084,
    "48":0.23367428,
    "49":0.2924812945
  },
  "Prop":{
    "0":0.22755824,
    "1":0.3402282862,
    "2":0.297041085,
    "3":0.2946247408,
    "4":0.2897449551,
    "5":0.3019722751,
    "6":0.2859764752,
    "7":0.24177707,
    "8":0.3082544093,
    "9":0.284923468,
    "10":0.4722599346,
    "11":0.2635249432,
    "12":0.3462715594,
    "13":0.24195365,
    "14":0.291666663,
    "15":0.289181583,
    "16":0.242478145,
    "17":0.24196618,
    "18":0.23819959,
    "19":0.3437781175,
    "20":0.4203731279,
    "21":0.23625018,
    "22":0.2979806212,
    "23":0.289960111,
    "24":0.2686578267,
    "25":0.4162386956,
    "26":0.23421466,
    "27":0.282170952,
    "28":0.4326239254,
    "29":0.241932295,
    "30":0.2739743611,
    "31":0.2950271935,
    "32":0.2515932,
    "33":0.5105455533,
    "34":0.3454375911,
    "35":0.240622435,
    "36":0.4638763342,
    "37":0.3003615496,
    "38":0.2833790653,
    "39":0.279989596,
    "40":0.2985977496,
    "41":0.2481987502,
    "42":0.219202856,
    "43":0.3748746016,
    "44":0.3341458269,
    "45":0.292691845,
    "46":0.271854369,
    "47":0.3084438286,
    "48":0.23609807,
    "49":0.2852615944
  },
  "Delta_Uniform":{
    "0":-0.02360285,
    "1":-0.0407022894,
    "2":-0.036853263,
    "3":-0.0284670189,
    "4":-0.0102587472,
    "5":-0.0194490423,
    "6":-0.0198230166,
    "7":-0.03855825,
    "8":-0.0508783372,
    "9":-0.048249819,
    "10":-0.0799058812,
    "11":-0.0179649194,
    "12":-0.0098094851,
    "13":-0.03347379,
    "14":-0.011885832,
    "15":-0.051223743,
    "16":-0.023030503,
    "17":-0.03749742,
    "18":-0.0203832594,
    "19":-0.0326264616,
    "20":-0.0714106119,
    "21":-0.03265379,
    "22":-0.0199515398,
    "23":-0.053470404,
    "24":-0.0422889218,
    "25":-0.0491094178,
    "26":-0.04029011,
    "27":-0.045448938,
    "28":-0.0520552907,
    "29":-0.033340292,
    "30":-0.0036425351,
    "31":-0.0362823399,
    "32":-0.03251322,
    "33":-0.0370538615,
    "34":0.0229009568,
    "35":-0.046020437,
    "36":-0.0063147132,
    "37":-0.0277472367,
    "38":-0.0519394229,
    "39":-0.046314243,
    "40":-0.0245139055,
    "41":-0.0174911624,
    "42":-0.010754865,
    "43":-0.0387793745,
    "44":-0.0656240805,
    "45":-0.039241539,
    "46":-0.055797606,
    "47":-0.0294709122,
    "48":-0.01867471,
    "49":-0.0182129877
  },
  "Delta_Prop":{
    "0":-0.01405465,
    "1":-0.0406153701,
    "2":-0.038177495,
    "3":-0.0352982745,
    "4":-0.0110442941,
    "5":-0.0222490152,
    "6":-0.0164608983,
    "7":-0.04023367,
    "8":-0.0444219171,
    "9":-0.040185792,
    "10":-0.0926215583,
    "11":-0.030124436,
    "12":-0.0138729384,
    "13":-0.04063795,
    "14":-0.021175037,
    "15":-0.035792387,
    "16":-0.018845847,
    "17":-0.0324909,
    "18":-0.0041493762,
    "19":-0.0354271887,
    "20":-0.0645037271,
    "21":-0.03545991,
    "22":-0.0228167571,
    "23":-0.058260897,
    "24":-0.0420815713,
    "25":-0.0231376636,
    "26":-0.03401703,
    "27":-0.037332764,
    "28":-0.0614889503,
    "29":-0.033502671,
    "30":0.000029233,
    "31":-0.0153508063,
    "32":-0.03874509,
    "33":-0.0517267877,
    "34":0.0041405619,
    "35":-0.037690029,
    "36":-0.0132542764,
    "37":-0.0354531969,
    "38":-0.0382600899,
    "39":-0.028831554,
    "40":-0.0186567646,
    "41":-0.0166050396,
    "42":0.015514553,
    "43":-0.0200639591,
    "44":-0.0590253119,
    "45":-0.035071479,
    "46":-0.02646152,
    "47":-0.0424215324,
    "48":-0.0210985,
    "49":-0.0109932876
  }
}