{
  "Astrahl":{
    "0":0.17645653,
    "1":0.2549796922,
    "2":0.21203281,
    "3":0.2124340651,
    "4":0.2255731462,
    "5":0.2091897881,
    "6":0.2141009002,
    "7":0.1447933,
    "8":0.237944656,
    "9":0.18628846,
    "10":0.3217147015,
    "11":0.1915117608,
    "12":0.2724215573,
    "13":0.15379331,
    "14":0.19535716,
    "15":0.19471616,
    "16":0.168757128,
    "17":0.17767565,
    "18":0.174286818,
    "19":0.2593586701,
    "20":0.2968986819,
    "21":0.15150893,
    "22":0.2020796074,
    "23":0.18334087,
    "24":0.1853452134,
    "25":0.3390981066,
    "26":0.17174213,
    "27":0.20560939,
    "28":0.3213641989,
    "29":0.181511423,
    "30":0.2169031381,
    "31":0.2164073945,
    "32":0.16730241,
    "33":0.394340292,
    "34":0.2668871885,
    "35":0.178314957,
    "36":0.3770332911,
    "37":0.2245299552,
    "38":0.2155650552,
    "39":0.195855589,
    "40":0.2287540577,
    "41":0.1670879673,
    "42":0.178232239,
    "43":0.248186826,
    "44":0.201351698,
    "45":0.19729799,
    "46":0.201857239,
    "47":0.181987216,
    "48":0.1605186,
    "49":0.2192446782
  },
  "Uniform":{
    "0":0.20638672,
    "1":0.279670455,
    "2":0.24374997,
    "3":0.249341552,
    "4":0.243768185,
    "5":0.2441660301,
    "6":0.254075985,
    "7":0.19423052,
    "8":0.2621975833,
    "9":0.23500464,
    "10":0.3788349,
    "11":0.2054423502,
    "12":0.2909616625,
    "13":0.20086461,
    "14":0.233986528,
    "15":0.246323239,
    "16":0.211163929,
    "17":0.20519251,
    "18":0.199621006,
    "19":0.2820625921,
    "20":0.3488169818,
    "21":0.20459652,
    "22":0.2401646643,
    "23":0.246305619,
    "24":0.2072318736,
    "25":0.3564138619,
    "26":0.198824,
    "27":0.243854848,
    "28":0.3694872998,
    "29":0.185459288,
    "30":0.2183385974,
    "31":0.2486085905,
    "32":0.20256242,
    "33":0.4359591135,
    "34":0.2675759268,
    "35":0.200448089,
    "36":0.3838706489,
    "37":0.2497364181,
    "38":0.2404967281,
    "39":0.242504749,
    "40":0.2394482814,
    "41":0.1887240181,
    "42":0.21056661,
    "43":0.3154544101,
    "44":0.272940148,
    "45":0.24481232,
    "46":0.249164919,
    "47":0.2482681401,
    "48":0.21201515,
    "49":0.2360414221
  },
  "Prop":{
    "0":0.18636613,
    "1":0.278856738,
    "2":0.241486209,
    "3":0.2442773291,
    "4":0.2474764732,
    "5":0.2394485091,
    "6":0.255328624,
    "7":0.20875742,
    "8":0.2585528111,
    "9":0.233806309,
    "10":0.3604339661,
    "11":0.2170986165,
    "12":0.3024505056,
    "13":0.20334742,
    "14":0.238920579,
    "15":0.250054146,
    "16":0.207355228,
    "17":0.20389586,
    "18":0.196242405,
    "19":0.284824413,
    "20":0.3607202144,
    "21":0.18103703,
    "22":0.2406442529,
    "23":0.242023158,
    "24":0.1972991628,
    "25":0.3632041135,
    "26":0.18995762,
    "27":0.23157286,
    "28":0.3723885157,
    "29":0.195255809,
    "30":0.2161990554,
    "31":0.2432346138,
    "32":0.20775932,
    "33":0.4182783869,
    "34":0.2546512379,
    "35":0.19287527,
    "36":0.4058150261,
    "37":0.228101967,
    "38":0.221288048,
    "39":0.23368402,
    "40":0.24363919,
    "41":0.1823640381,
    "42":0.18256234,
    "43":0.3027327112,
    "44":0.273270456,
    "45":0.24520257,
    "46":0.234261438,
    "47":0.2174754742,
    "48":0.19256893,
    "49":0.2601372682
  },
  "Delta_Uniform":{
    "0":-0.02993019,
    "1":-0.0246907628,
    "2":-0.03171716,
    "3":-0.0369074869,
    "4":-0.0181950388,
    "5":-0.034976242,
    "6":-0.0399750848,
    "7":-0.04943722,
    "8":-0.0242529273,
    "9":-0.04871618,
    "10":-0.0571201986,
    "11":-0.0139305894,
    "12":-0.0185401052,
    "13":-0.0470713,
    "14":-0.038629368,
    "15":-0.051607079,
    "16":-0.042406801,
    "17":-0.02751686,
    "18":-0.025334188,
    "19":-0.022703922,
    "20":-0.0519182999,
    "21":-0.05308759,
    "22":-0.0380850569,
    "23":-0.062964749,
    "24":-0.0218866602,
    "25":-0.0173157552,
    "26":-0.02708187,
    "27":-0.038245458,
    "28":-0.0481231009,
    "29":-0.003947865,
    "30":-0.0014354592,
    "31":-0.032201196,
    "32":-0.03526001,
    "33":-0.0416188216,
    "34":-0.0006887383,
    "35":-0.022133132,
    "36":-0.0068373578,
    "37":-0.0252064629,
    "38":-0.0249316729,
    "39":-0.04664916,
    "40":-0.0106942237,
    "41":-0.0216360508,
    "42":-0.032334371,
    "43":-0.0672675841,
    "44":-0.07158845,
    "45":-0.04751433,
    "46":-0.04730768,
    "47":-0.0662809241,
    "48":-0.05149655,
    "49":-0.0167967439
  },
  "Delta_Prop":{
    "0":-0.0099096,
    "1":-0.0238770458,
    "2":-0.029453399,
    "3":-0.031843264,
    "4":-0.021903327,
    "5":-0.030258721,
    "6":-0.0412277238,
    "7":-0.06396412,
    "8":-0.0206081551,
    "9":-0.047517849,
    "10":-0.0387192647,
    "11":-0.0255868557,
    "12":-0.0300289483,
    "13":-0.04955411,
    "14":-0.043563419,
    "15":-0.055337986,
    "16":-0.0385981,
    "17":-0.02622021,
    "18":-0.021955587,
    "19":-0.0254657429,
    "20":-0.0638215325,
    "21":-0.0295281,
    "22":-0.0385646455,
    "23":-0.058682288,
    "24":-0.0119539494,
    "25":-0.0241060068,
    "26":-0.01821549,
    "27":-0.02596347,
    "28":-0.0510243168,
    "29":-0.013744386,
    "30":0.0007040828,
    "31":-0.0268272193,
    "32":-0.04045691,
    "33":-0.0239380949,
    "34":0.0122359506,
    "35":-0.014560313,
    "36":-0.0287817351,
    "37":-0.0035720118,
    "38":-0.0057229928,
    "39":-0.037828431,
    "40":-0.0148851323,
    "41":-0.0152760708,
    "42":-0.004330101,
    "43":-0.0545458852,
    "44":-0.071918758,
    "45":-0.04790458,
    "46":-0.032404199,
    "47":-0.0354882582,
    "48":-0.03205033,
    "49":-0.04089259
  }
}