{
  "Astrahl":{
    "0":0.019612761,
    "1":0.003003896,
    "2":0.006002976,
    "3":0.02380135,
    "4":0.0040385658,
    "5":0.00200172,
    "6":0.0070042309,
    "7":0.00800261,
    "8":0.0060055015,
    "9":0.0190062642,
    "10":0.0040013,
    "11":0.00900158,
    "12":0.005003475,
    "13":0.005002323,
    "14":0.005005169,
    "15":0.0080107723,
    "16":0.0030026,
    "17":0.01580118,
    "18":0.002004884,
    "19":0.0326156696,
    "20":0.0080013,
    "21":0.0040463525,
    "22":0.0120047817,
    "23":0.0050163346,
    "24":0.0079181196,
    "25":0.006005226,
    "26":0.022804386,
    "27":0.0325152027,
    "28":0.00800089,
    "29":0.00300223,
    "30":0.0375064501,
    "31":0.00700212,
    "32":0.023803544,
    "33":0.0109082175,
    "34":0.004001802,
    "35":0.0040108254,
    "36":0.01100168,
    "37":0.0069015,
    "38":0.011006038,
    "39":0.0070108849,
    "40":0.00890099,
    "41":0.0090050709,
    "42":0.003006461,
    "43":0.00900299,
    "44":0.0090017,
    "45":0.002003726,
    "46":0.020902333,
    "47":0.00500257,
    "48":0.0010013,
    "49":0.0040133721
  },
  "Uniform":{
    "0":0.146957442,
    "1":0.0410007949,
    "2":0.044000271,
    "3":0.2054661,
    "4":0.0470067197,
    "5":0.04700038,
    "6":0.0470001,
    "7":0.04400018,
    "8":0.0370013098,
    "9":0.1313213998,
    "10":0.04700039,
    "11":0.0992,
    "12":0.04700039,
    "13":0.0440002,
    "14":0.05700037,
    "15":0.0888007973,
    "16":0.04000029,
    "17":0.113240271,
    "18":0.03400047,
    "19":0.3049916707,
    "20":0.046,
    "21":0.0370041848,
    "22":0.0756004959,
    "23":0.045001825,
    "24":0.0683037991,
    "25":0.049000651,
    "26":0.1644043439,
    "27":0.2581587249,
    "28":0.0380002,
    "29":0.05300009,
    "30":0.2213114539,
    "31":0.0370001,
    "32":0.170878171,
    "33":0.0754015447,
    "34":0.04200018,
    "35":0.0500019732,
    "36":0.075700261,
    "37":0.08140018,
    "38":0.04600067,
    "39":0.0794004959,
    "40":0.0887,
    "41":0.036000722,
    "42":0.046000622,
    "43":0.081500181,
    "44":0.0727001,
    "45":0.035000371,
    "46":0.127380171,
    "47":0.052000451,
    "48":0.03800009,
    "49":0.0400018554
  },
  "Prop":{
    "0":0.1977012195,
    "1":0.06300037,
    "2":0.06200009,
    "3":0.2412692,
    "4":0.0460037672,
    "5":0.047000551,
    "6":0.052,
    "7":0.05300019,
    "8":0.050000361,
    "9":0.15387018,
    "10":0.0540001,
    "11":0.1052,
    "12":0.05000019,
    "13":0.055000622,
    "14":0.058000342,
    "15":0.096700441,
    "16":0.0480001,
    "17":0.152840081,
    "18":0.05100047,
    "19":0.3751354531,
    "20":0.06,
    "21":0.0520025076,
    "22":0.107100171,
    "23":0.0550004095,
    "24":0.1121009469,
    "25":0.05500037,
    "26":0.1982225769,
    "27":0.314461358,
    "28":0.047,
    "29":0.0440003,
    "30":0.28278297,
    "31":0.052,
    "32":0.2113911539,
    "33":0.113100531,
    "34":0.04900018,
    "35":0.0510011044,
    "36":0.119400081,
    "37":0.0929001,
    "38":0.0540007149,
    "39":0.1064005444,
    "40":0.110600081,
    "41":0.053001002,
    "42":0.0540001,
    "43":0.110800442,
    "44":0.09520009,
    "45":0.056000171,
    "46":0.146750081,
    "47":0.041000342,
    "48":0.06000018,
    "49":0.0560011818
  },
  "Delta_Uniform":{
    "0":-0.127344681,
    "1":-0.0379968989,
    "2":-0.037997295,
    "3":-0.18166475,
    "4":-0.0429681539,
    "5":-0.04499866,
    "6":-0.0399958691,
    "7":-0.03599757,
    "8":-0.0309958083,
    "9":-0.1123151356,
    "10":-0.04299909,
    "11":-0.09019842,
    "12":-0.041996915,
    "13":-0.038997877,
    "14":-0.051995201,
    "15":-0.080790025,
    "16":-0.03699769,
    "17":-0.097439091,
    "18":-0.031995586,
    "19":-0.2723760011,
    "20":-0.0379987,
    "21":-0.0329578323,
    "22":-0.0635957142,
    "23":-0.0399854904,
    "24":-0.0603856795,
    "25":-0.042995425,
    "26":-0.1415999579,
    "27":-0.2256435222,
    "28":-0.02999931,
    "29":-0.04999786,
    "30":-0.1838050038,
    "31":-0.02999798,
    "32":-0.147074627,
    "33":-0.0644933272,
    "34":-0.037998378,
    "35":-0.0459911478,
    "36":-0.064698581,
    "37":-0.07449868,
    "38":-0.034994632,
    "39":-0.072389611,
    "40":-0.07979901,
    "41":-0.0269956511,
    "42":-0.042994161,
    "43":-0.072497191,
    "44":-0.0636984,
    "45":-0.032996645,
    "46":-0.106477838,
    "47":-0.046997881,
    "48":-0.03699879,
    "49":-0.0359884833
  },
  "Delta_Prop":{
    "0":-0.1780884585,
    "1":-0.059996474,
    "2":-0.055997114,
    "3":-0.21746785,
    "4":-0.0419652014,
    "5":-0.044998831,
    "6":-0.0449957691,
    "7":-0.04499758,
    "8":-0.0439948595,
    "9":-0.1348639158,
    "10":-0.0499988,
    "11":-0.09619842,
    "12":-0.044996715,
    "13":-0.049998299,
    "14":-0.052995173,
    "15":-0.0886896687,
    "16":-0.0449975,
    "17":-0.137038901,
    "18":-0.048995586,
    "19":-0.3425197835,
    "20":-0.0519987,
    "21":-0.0479561551,
    "22":-0.0950953893,
    "23":-0.049984075,
    "24":-0.1041828273,
    "25":-0.048995144,
    "26":-0.1754181909,
    "27":-0.2819461553,
    "28":-0.03899911,
    "29":-0.04099807,
    "30":-0.2452765199,
    "31":-0.04499788,
    "32":-0.1875876099,
    "33":-0.1021923135,
    "34":-0.044998378,
    "35":-0.046990279,
    "36":-0.108398401,
    "37":-0.0859986,
    "38":-0.0429946769,
    "39":-0.0993896595,
    "40":-0.101699091,
    "41":-0.0439959311,
    "42":-0.050993639,
    "43":-0.101797452,
    "44":-0.08619839,
    "45":-0.053996445,
    "46":-0.125847748,
    "47":-0.035997772,
    "48":-0.05899888,
    "49":-0.0519878097
  }
}