{
  "Astrahl":{
    "0":0.123461659,
    "1":0.2149651152,
    "2":0.1641911917,
    "3":0.1917360398,
    "4":0.12783178,
    "5":0.2210681921,
    "6":0.130280644,
    "7":0.1499838638,
    "8":0.177670954,
    "9":0.170110918,
    "10":0.1683373576,
    "11":0.1579025925,
    "12":0.2520858428,
    "13":0.2242937071,
    "14":0.132846211,
    "15":0.149362368,
    "16":0.1751008357,
    "17":0.1752767407,
    "18":0.1820627716,
    "19":0.1363248532,
    "20":0.12095326,
    "21":0.1439812342,
    "22":0.1906893505,
    "23":0.136375813,
    "24":0.176717376,
    "25":0.1267993,
    "26":0.20007157,
    "27":0.1768327283,
    "28":0.12150964,
    "29":0.1950464514,
    "30":0.1533476782,
    "31":0.2228253852,
    "32":0.180663283,
    "33":0.1277407,
    "34":0.136561699,
    "35":0.12841066,
    "36":0.138447541,
    "37":0.12559042,
    "38":0.1549429781,
    "39":0.2395173679,
    "40":0.1342433809,
    "41":0.1376176717,
    "42":0.1835171674,
    "43":0.1471379257,
    "44":0.163647198,
    "45":0.134716438,
    "46":0.1345987351,
    "47":0.1526293863,
    "48":0.200844359,
    "49":0.2280864673
  },
  "Uniform":{
    "0":0.171164098,
    "1":0.2650111834,
    "2":0.1921896992,
    "3":0.2580243087,
    "4":0.16910731,
    "5":0.3071324379,
    "6":0.175837024,
    "7":0.177229812,
    "8":0.239879386,
    "9":0.229564828,
    "10":0.179712819,
    "11":0.1872291615,
    "12":0.3049101917,
    "13":0.2895327514,
    "14":0.170916463,
    "15":0.1831087557,
    "16":0.238980997,
    "17":0.2428005133,
    "18":0.2191345356,
    "19":0.1756527443,
    "20":0.16615468,
    "21":0.1725554242,
    "22":0.2226974878,
    "23":0.172022419,
    "24":0.237892843,
    "25":0.17398161,
    "26":0.2551293808,
    "27":0.1914116319,
    "28":0.16007554,
    "29":0.2371799338,
    "30":0.187981381,
    "31":0.2978094594,
    "32":0.235145188,
    "33":0.16514083,
    "34":0.171100485,
    "35":0.167510017,
    "36":0.176463739,
    "37":0.16174449,
    "38":0.1726053812,
    "39":0.3148357234,
    "40":0.1715995594,
    "41":0.1771653943,
    "42":0.241819119,
    "43":0.1721947653,
    "44":0.227834929,
    "45":0.171546157,
    "46":0.1843943453,
    "47":0.189246801,
    "48":0.2476988299,
    "49":0.2994036018
  },
  "Prop":{
    "0":0.175870639,
    "1":0.2526424549,
    "2":0.1848601028,
    "3":0.2360335781,
    "4":0.15920045,
    "5":0.3063979428,
    "6":0.174283291,
    "7":0.1747456399,
    "8":0.231211477,
    "9":0.235221229,
    "10":0.1805044586,
    "11":0.1752552763,
    "12":0.3193566475,
    "13":0.2913776317,
    "14":0.174248767,
    "15":0.1863980948,
    "16":0.2353386079,
    "17":0.2340823681,
    "18":0.2045582484,
    "19":0.1672207561,
    "20":0.16663365,
    "21":0.1709593111,
    "22":0.2396738386,
    "23":0.172304857,
    "24":0.224693641,
    "25":0.16555427,
    "26":0.2298953518,
    "27":0.192942063,
    "28":0.15878305,
    "29":0.2386871762,
    "30":0.1849590451,
    "31":0.3019904753,
    "32":0.23476977,
    "33":0.16714639,
    "34":0.177660658,
    "35":0.163312281,
    "36":0.167464378,
    "37":0.16196212,
    "38":0.1697199478,
    "39":0.2880729708,
    "40":0.187417621,
    "41":0.1765378638,
    "42":0.2527578418,
    "43":0.1843220656,
    "44":0.222786604,
    "45":0.168324859,
    "46":0.1739059101,
    "47":0.185865801,
    "48":0.2433166624,
    "49":0.3048624064
  },
  "Delta_Uniform":{
    "0":-0.047702439,
    "1":-0.0500460682,
    "2":-0.0279985075,
    "3":-0.0662882689,
    "4":-0.04127553,
    "5":-0.0860642458,
    "6":-0.04555638,
    "7":-0.0272459481,
    "8":-0.062208432,
    "9":-0.05945391,
    "10":-0.0113754614,
    "11":-0.029326569,
    "12":-0.0528243489,
    "13":-0.0652390443,
    "14":-0.038070252,
    "15":-0.0337463878,
    "16":-0.0638801613,
    "17":-0.0675237726,
    "18":-0.037071764,
    "19":-0.0393278911,
    "20":-0.04520142,
    "21":-0.02857419,
    "22":-0.0320081373,
    "23":-0.035646606,
    "24":-0.061175467,
    "25":-0.04718231,
    "26":-0.0550578109,
    "27":-0.0145789036,
    "28":-0.0385659,
    "29":-0.0421334824,
    "30":-0.0346337028,
    "31":-0.0749840742,
    "32":-0.054481905,
    "33":-0.03740013,
    "34":-0.034538786,
    "35":-0.039099357,
    "36":-0.038016198,
    "37":-0.03615407,
    "38":-0.0176624032,
    "39":-0.0753183554,
    "40":-0.0373561785,
    "41":-0.0395477226,
    "42":-0.0583019516,
    "43":-0.0250568396,
    "44":-0.064187731,
    "45":-0.036829719,
    "46":-0.0497956102,
    "47":-0.0366174147,
    "48":-0.046854471,
    "49":-0.0713171345
  },
  "Delta_Prop":{
    "0":-0.05240898,
    "1":-0.0376773397,
    "2":-0.0206689111,
    "3":-0.0442975383,
    "4":-0.03136867,
    "5":-0.0853297508,
    "6":-0.044002647,
    "7":-0.024761776,
    "8":-0.053540523,
    "9":-0.065110311,
    "10":-0.0121671011,
    "11":-0.0173526838,
    "12":-0.0672708047,
    "13":-0.0670839246,
    "14":-0.041402556,
    "15":-0.0370357268,
    "16":-0.0602377722,
    "17":-0.0588056274,
    "18":-0.0224954768,
    "19":-0.0308959029,
    "20":-0.04568039,
    "21":-0.0269780769,
    "22":-0.0489844881,
    "23":-0.035929044,
    "24":-0.047976265,
    "25":-0.03875497,
    "26":-0.0298237819,
    "27":-0.0161093347,
    "28":-0.03727341,
    "29":-0.0436407248,
    "30":-0.0316113669,
    "31":-0.0791650901,
    "32":-0.054106487,
    "33":-0.03940569,
    "34":-0.041098959,
    "35":-0.034901621,
    "36":-0.029016837,
    "37":-0.0363717,
    "38":-0.0147769698,
    "39":-0.0485556028,
    "40":-0.0531742401,
    "41":-0.0389201921,
    "42":-0.0692406743,
    "43":-0.0371841399,
    "44":-0.059139406,
    "45":-0.033608421,
    "46":-0.039307175,
    "47":-0.0332364147,
    "48":-0.0424723035,
    "49":-0.0767759391
  }
}