{
  "Astrahl":{
    "0":0.4209287644,
    "1":0.31309246,
    "2":0.3853294345,
    "3":0.3753162463,
    "4":0.30627631,
    "5":0.3328310827,
    "6":0.31213018,
    "7":0.5061303809,
    "8":0.4420335987,
    "9":0.383876173,
    "10":0.31886614,
    "11":0.3840421663,
    "12":0.3891280567,
    "13":0.3388837875,
    "14":0.356852143,
    "15":0.320052223,
    "16":0.5999639376,
    "17":0.3832475563,
    "18":0.326985742,
    "19":0.5382554942,
    "20":0.3801088468,
    "21":0.30940372,
    "22":0.6689569406,
    "23":0.375576508,
    "24":0.6361563723,
    "25":0.591168072,
    "26":0.4822199862,
    "27":0.384958738,
    "28":0.3968588174,
    "29":0.4396075229,
    "30":0.4309416377,
    "31":0.3891989811,
    "32":0.376009534,
    "33":0.377308612,
    "34":0.320767372,
    "35":0.4874484208,
    "36":0.31589911,
    "37":0.4274097202,
    "38":0.4668256691,
    "39":0.4405520593,
    "40":0.4921644282,
    "41":0.31068676,
    "42":0.314966719,
    "43":0.3531184281,
    "44":0.3832826774,
    "45":0.5770889244,
    "46":0.4343742217,
    "47":0.31341322,
    "48":0.5877114203,
    "49":0.30298852
  },
  "Uniform":{
    "0":0.4375595872,
    "1":0.32797054,
    "2":0.3854067814,
    "3":0.3945535502,
    "4":0.32286106,
    "5":0.3363049491,
    "6":0.32385979,
    "7":0.4863966213,
    "8":0.4431289577,
    "9":0.382851928,
    "10":0.31642723,
    "11":0.3852604711,
    "12":0.3846824397,
    "13":0.3358297586,
    "14":0.379844074,
    "15":0.329941108,
    "16":0.5843288557,
    "17":0.3833741836,
    "18":0.340172316,
    "19":0.5459814878,
    "20":0.3856579948,
    "21":0.31841254,
    "22":0.6426784192,
    "23":0.378718417,
    "24":0.6184933556,
    "25":0.5685852307,
    "26":0.4890288607,
    "27":0.381794149,
    "28":0.3918121472,
    "29":0.4433682147,
    "30":0.4332614761,
    "31":0.3946871191,
    "32":0.383126032,
    "33":0.37615825,
    "34":0.331567345,
    "35":0.4905344987,
    "36":0.31918843,
    "37":0.4356168751,
    "38":0.495813125,
    "39":0.4302984556,
    "40":0.4937398556,
    "41":0.32598118,
    "42":0.322260364,
    "43":0.3531987812,
    "44":0.3998158377,
    "45":0.5730907344,
    "46":0.439689871,
    "47":0.31828861,
    "48":0.5718465129,
    "49":0.30661813
  },
  "Prop":{
    "0":0.4288313431,
    "1":0.32153266,
    "2":0.3811672738,
    "3":0.3949180342,
    "4":0.32182588,
    "5":0.3320646995,
    "6":0.32925439,
    "7":0.4931808667,
    "8":0.4472912561,
    "9":0.383793796,
    "10":0.32646232,
    "11":0.3910589371,
    "12":0.3824134564,
    "13":0.3348241468,
    "14":0.385541938,
    "15":0.326290276,
    "16":0.5907548235,
    "17":0.3920097718,
    "18":0.3404212849,
    "19":0.5398444273,
    "20":0.3926435644,
    "21":0.32122,
    "22":0.6445573656,
    "23":0.39020608,
    "24":0.6221626533,
    "25":0.5791785504,
    "26":0.4911233944,
    "27":0.371348308,
    "28":0.3852431282,
    "29":0.430363249,
    "30":0.4452929723,
    "31":0.3954861176,
    "32":0.379399384,
    "33":0.381503926,
    "34":0.328841695,
    "35":0.4949271603,
    "36":0.31757095,
    "37":0.4330818424,
    "38":0.4858925846,
    "39":0.4295938771,
    "40":0.4977587305,
    "41":0.31660381,
    "42":0.3223702,
    "43":0.3534501316,
    "44":0.400533159,
    "45":0.5724201621,
    "46":0.4436390098,
    "47":0.3123991,
    "48":0.5789490211,
    "49":0.30978199
  },
  "Delta_Uniform":{
    "0":-0.0166308228,
    "1":-0.01487808,
    "2":-0.0000773469,
    "3":-0.019237304,
    "4":-0.01658475,
    "5":-0.0034738664,
    "6":-0.01172961,
    "7":0.0197337597,
    "8":-0.001095359,
    "9":0.001024245,
    "10":0.00243891,
    "11":-0.0012183048,
    "12":0.004445617,
    "13":0.0030540289,
    "14":-0.022991931,
    "15":-0.009888885,
    "16":0.0156350819,
    "17":-0.0001266273,
    "18":-0.013186574,
    "19":-0.0077259936,
    "20":-0.005549148,
    "21":-0.00900882,
    "22":0.0262785213,
    "23":-0.003141909,
    "24":0.0176630167,
    "25":0.0225828413,
    "26":-0.0068088746,
    "27":0.003164589,
    "28":0.0050466702,
    "29":-0.0037606918,
    "30":-0.0023198384,
    "31":-0.005488138,
    "32":-0.007116498,
    "33":0.001150362,
    "34":-0.010799973,
    "35":-0.0030860779,
    "36":-0.00328932,
    "37":-0.0082071549,
    "38":-0.0289874559,
    "39":0.0102536037,
    "40":-0.0015754273,
    "41":-0.01529442,
    "42":-0.007293645,
    "43":-0.0000803531,
    "44":-0.0165331603,
    "45":0.0039981901,
    "46":-0.0053156493,
    "47":-0.00487539,
    "48":0.0158649074,
    "49":-0.00362961
  },
  "Delta_Prop":{
    "0":-0.0079025787,
    "1":-0.0084402,
    "2":0.0041621607,
    "3":-0.0196017879,
    "4":-0.01554957,
    "5":0.0007663832,
    "6":-0.01712421,
    "7":0.0129495142,
    "8":-0.0052576574,
    "9":0.000082377,
    "10":-0.00759618,
    "11":-0.0070167708,
    "12":0.0067146003,
    "13":0.0040596406,
    "14":-0.028689795,
    "15":-0.006238053,
    "16":0.0092091142,
    "17":-0.0087622155,
    "18":-0.0134355429,
    "19":-0.001588933,
    "20":-0.0125347176,
    "21":-0.01181628,
    "22":0.024399575,
    "23":-0.014629572,
    "24":0.0139937189,
    "25":0.0119895215,
    "26":-0.0089034082,
    "27":0.01361043,
    "28":0.0116156892,
    "29":0.0092442739,
    "30":-0.0143513346,
    "31":-0.0062871366,
    "32":-0.00338985,
    "33":-0.004195314,
    "34":-0.008074323,
    "35":-0.0074787395,
    "36":-0.00167184,
    "37":-0.0056721222,
    "38":-0.0190669155,
    "39":0.0109581822,
    "40":-0.0055943023,
    "41":-0.00591705,
    "42":-0.007403481,
    "43":-0.0003317035,
    "44":-0.0172504816,
    "45":0.0046687623,
    "46":-0.0092647881,
    "47":0.00101412,
    "48":0.0087623992,
    "49":-0.00679347
  }
}