{
  "Astrahl":{
    "0":0.2928589984,
    "1":0.20845639,
    "2":0.2693928925,
    "3":0.2709719799,
    "4":0.20907514,
    "5":0.2154465563,
    "6":0.18704368,
    "7":0.3831947544,
    "8":0.3240798362,
    "9":0.247560994,
    "10":0.20856628,
    "11":0.2599813747,
    "12":0.2759011398,
    "13":0.2467047401,
    "14":0.234905428,
    "15":0.206801101,
    "16":0.4469175113,
    "17":0.2620992556,
    "18":0.2151675586,
    "19":0.3939390958,
    "20":0.2630573983,
    "21":0.21049975,
    "22":0.5045995918,
    "23":0.264018754,
    "24":0.4557838328,
    "25":0.4296521596,
    "26":0.3176349562,
    "27":0.245469025,
    "28":0.2639725467,
    "29":0.3287884753,
    "30":0.3020950154,
    "31":0.2621088905,
    "32":0.267065083,
    "33":0.260969851,
    "34":0.234768988,
    "35":0.3497769056,
    "36":0.20018494,
    "37":0.2971734085,
    "38":0.3390534582,
    "39":0.3073778452,
    "40":0.344125001,
    "41":0.20247913,
    "42":0.22409767,
    "43":0.261252318,
    "44":0.250575327,
    "45":0.4092882155,
    "46":0.3118684042,
    "47":0.2082376,
    "48":0.4261417398,
    "49":0.20149966
  },
  "Uniform":{
    "0":0.3330220393,
    "1":0.21986424,
    "2":0.3001304484,
    "3":0.2944619861,
    "4":0.23247655,
    "5":0.2320167882,
    "6":0.23147614,
    "7":0.3805250938,
    "8":0.3396658619,
    "9":0.295073425,
    "10":0.24145037,
    "11":0.2815630532,
    "12":0.2949436614,
    "13":0.2460044982,
    "14":0.295822351,
    "15":0.233065304,
    "16":0.4599308754,
    "17":0.2974926025,
    "18":0.2547480133,
    "19":0.4401195306,
    "20":0.2903854843,
    "21":0.2334213,
    "22":0.5205674784,
    "23":0.292698595,
    "24":0.5053968479,
    "25":0.4491645164,
    "26":0.3718359572,
    "27":0.278762608,
    "28":0.2904031732,
    "29":0.3409930687,
    "30":0.3495804068,
    "31":0.3077920022,
    "32":0.291711106,
    "33":0.279771238,
    "34":0.235752507,
    "35":0.3835763476,
    "36":0.22883733,
    "37":0.3499847767,
    "38":0.3762635283,
    "39":0.3530893771,
    "40":0.3814744809,
    "41":0.22822523,
    "42":0.248275405,
    "43":0.2733537264,
    "44":0.2978230582,
    "45":0.4538854598,
    "46":0.3296080891,
    "47":0.25307254,
    "48":0.458938839,
    "49":0.24097168
  },
  "Prop":{
    "0":0.3469393783,
    "1":0.23378895,
    "2":0.2899524942,
    "3":0.288755963,
    "4":0.24026886,
    "5":0.2506875428,
    "6":0.24147757,
    "7":0.3810499994,
    "8":0.3465498955,
    "9":0.288808254,
    "10":0.23119597,
    "11":0.2866154941,
    "12":0.2891954289,
    "13":0.2618561713,
    "14":0.291159126,
    "15":0.239109723,
    "16":0.4910264067,
    "17":0.2815995095,
    "18":0.2338952491,
    "19":0.4252601166,
    "20":0.3026309365,
    "21":0.2325619,
    "22":0.5313329888,
    "23":0.305777827,
    "24":0.5040370203,
    "25":0.4598935556,
    "26":0.37461763,
    "27":0.282494683,
    "28":0.299680736,
    "29":0.3292329741,
    "30":0.3346885803,
    "31":0.3074094545,
    "32":0.279762561,
    "33":0.286934536,
    "34":0.237900293,
    "35":0.3773573368,
    "36":0.22855679,
    "37":0.3325775833,
    "38":0.3608972417,
    "39":0.3378836575,
    "40":0.3918003763,
    "41":0.2425552,
    "42":0.238680874,
    "43":0.261577723,
    "44":0.2854650651,
    "45":0.4623084105,
    "46":0.3302760502,
    "47":0.24232717,
    "48":0.4703026047,
    "49":0.23958405
  },
  "Delta_Uniform":{
    "0":-0.0401630409,
    "1":-0.01140785,
    "2":-0.0307375559,
    "3":-0.0234900062,
    "4":-0.02340141,
    "5":-0.0165702319,
    "6":-0.04443246,
    "7":0.0026696607,
    "8":-0.0155860257,
    "9":-0.047512431,
    "10":-0.03288409,
    "11":-0.0215816785,
    "12":-0.0190425216,
    "13":0.0007002419,
    "14":-0.060916923,
    "15":-0.026264203,
    "16":-0.0130133641,
    "17":-0.0353933469,
    "18":-0.0395804547,
    "19":-0.0461804348,
    "20":-0.027328086,
    "21":-0.02292155,
    "22":-0.0159678866,
    "23":-0.028679841,
    "24":-0.0496130151,
    "25":-0.0195123568,
    "26":-0.054201001,
    "27":-0.033293583,
    "28":-0.0264306264,
    "29":-0.0122045934,
    "30":-0.0474853914,
    "31":-0.0456831117,
    "32":-0.024646023,
    "33":-0.018801387,
    "34":-0.000983519,
    "35":-0.033799442,
    "36":-0.02865239,
    "37":-0.0528113682,
    "38":-0.0372100701,
    "39":-0.0457115319,
    "40":-0.0373494799,
    "41":-0.0257461,
    "42":-0.024177735,
    "43":-0.0121014084,
    "44":-0.0472477312,
    "45":-0.0445972443,
    "46":-0.0177396849,
    "47":-0.04483494,
    "48":-0.0327970992,
    "49":-0.03947202
  },
  "Delta_Prop":{
    "0":-0.0540803799,
    "1":-0.02533256,
    "2":-0.0205596017,
    "3":-0.0177839831,
    "4":-0.03119372,
    "5":-0.0352409865,
    "6":-0.05443389,
    "7":0.002144755,
    "8":-0.0224700592,
    "9":-0.04124726,
    "10":-0.02262969,
    "11":-0.0266341194,
    "12":-0.0132942891,
    "13":-0.0151514311,
    "14":-0.056253698,
    "15":-0.032308622,
    "16":-0.0441088954,
    "17":-0.0195002539,
    "18":-0.0187276905,
    "19":-0.0313210208,
    "20":-0.0395735382,
    "21":-0.02206215,
    "22":-0.026733397,
    "23":-0.041759073,
    "24":-0.0482531875,
    "25":-0.030241396,
    "26":-0.0569826738,
    "27":-0.037025658,
    "28":-0.0357081892,
    "29":-0.0004444988,
    "30":-0.0325935649,
    "31":-0.045300564,
    "32":-0.012697478,
    "33":-0.025964685,
    "34":-0.003131305,
    "35":-0.0275804312,
    "36":-0.02837185,
    "37":-0.0354041748,
    "38":-0.0218437834,
    "39":-0.0305058123,
    "40":-0.0476753753,
    "41":-0.04007607,
    "42":-0.014583204,
    "43":-0.0003254049,
    "44":-0.0348897381,
    "45":-0.053020195,
    "46":-0.018407646,
    "47":-0.03408957,
    "48":-0.0441608649,
    "49":-0.03808439
  }
}