{
  "Astrahl":{
    "0":0.0002445878,
    "1":0.0001639956,
    "2":0.00006504,
    "3":0.0003489025,
    "4":0.0001311965,
    "5":0.0002096691,
    "6":0.0004709414,
    "7":0.0002361537,
    "8":0.0002765026,
    "9":0.0002895452,
    "10":0.0002092596,
    "11":0.0001269481,
    "12":0.0001311965,
    "13":0.0001405677,
    "14":0.0001963669,
    "15":0.000110048,
    "16":0.0005977407,
    "17":0.000224821,
    "18":0.0000813,
    "19":0.0006725068,
    "20":0.000116926,
    "21":0.0005150969,
    "22":0.0003735141,
    "23":0.0001853621,
    "24":0.0003979267,
    "25":0.0002739453,
    "26":0.0003803648,
    "27":0.0001565109,
    "28":0.0005019292,
    "29":0.0004847614,
    "30":0.0002414339,
    "31":0.0001146628,
    "32":0.000099731,
    "33":0.0001990766,
    "34":0.0001196019,
    "35":0.0001351383,
    "36":0.0002801546,
    "37":0.0002822414,
    "38":0.0002160057,
    "39":0.00008672,
    "40":0.0004908234,
    "41":0.000075658,
    "42":0.000274107,
    "43":0.000155283,
    "44":0.000238906,
    "45":0.0003669351,
    "46":0.000662579,
    "47":0.0006498678,
    "48":0.000161728,
    "49":0.0001433285
  },
  "Uniform":{
    "0":0.0004050119,
    "1":0.0002118207,
    "2":0.00012429,
    "3":0.0006718075,
    "4":0.0001868637,
    "5":0.0003752342,
    "6":0.0007683679,
    "7":0.0004052339,
    "8":0.0004425014,
    "9":0.0004528561,
    "10":0.0003447298,
    "11":0.0002069845,
    "12":0.0002200054,
    "13":0.0002449287,
    "14":0.0002996239,
    "15":0.000143339,
    "16":0.0008068741,
    "17":0.000366522,
    "18":0.00014236,
    "19":0.0007701331,
    "20":0.000151678,
    "21":0.0008562684,
    "22":0.0004527961,
    "23":0.0002961217,
    "24":0.0005197088,
    "25":0.0004831474,
    "26":0.0007871394,
    "27":0.000237175,
    "28":0.000924169,
    "29":0.0005962782,
    "30":0.0003798225,
    "31":0.0001824408,
    "32":0.000146662,
    "33":0.0003401472,
    "34":0.0002774384,
    "35":0.0001771051,
    "36":0.0004577089,
    "37":0.0004247494,
    "38":0.0003896275,
    "39":0.00014335,
    "40":0.000737564,
    "41":0.000169763,
    "42":0.0004195153,
    "43":0.000209814,
    "44":0.0002535051,
    "45":0.0004857557,
    "46":0.0009304115,
    "47":0.0010056449,
    "48":0.0002467208,
    "49":0.0001452112
  },
  "Prop":{
    "0":0.000363824,
    "1":0.0001894025,
    "2":0.00012193,
    "3":0.0006277929,
    "4":0.0002017534,
    "5":0.0003665022,
    "6":0.0006116279,
    "7":0.0003615875,
    "8":0.000441157,
    "9":0.0005000074,
    "10":0.0003312366,
    "11":0.0001770252,
    "12":0.0001778608,
    "13":0.0001862861,
    "14":0.0003169437,
    "15":0.00015254,
    "16":0.0007590759,
    "17":0.0003518689,
    "18":0.00010538,
    "19":0.0007671537,
    "20":0.000151323,
    "21":0.0007316675,
    "22":0.0004923675,
    "23":0.0002894711,
    "24":0.0004671448,
    "25":0.000485656,
    "26":0.0006626045,
    "27":0.0002349891,
    "28":0.0008281496,
    "29":0.0005411889,
    "30":0.0004479653,
    "31":0.0001490307,
    "32":0.000179976,
    "33":0.0003045047,
    "34":0.0002128591,
    "35":0.0001682807,
    "36":0.0003663253,
    "37":0.0004263423,
    "38":0.0003292625,
    "39":0.00011813,
    "40":0.0007115492,
    "41":0.00013999,
    "42":0.0003508666,
    "43":0.000227653,
    "44":0.0002912229,
    "45":0.000570814,
    "46":0.0010047853,
    "47":0.0009887401,
    "48":0.000243211,
    "49":0.0001518022
  },
  "Delta_Uniform":{
    "0":-0.0001604241,
    "1":-0.000047825,
    "2":-0.00005925,
    "3":-0.000322905,
    "4":-0.0000556672,
    "5":-0.000165565,
    "6":-0.0002974265,
    "7":-0.0001690801,
    "8":-0.0001659987,
    "9":-0.0001633109,
    "10":-0.0001354702,
    "11":-0.0000800364,
    "12":-0.0000888089,
    "13":-0.000104361,
    "14":-0.000103257,
    "15":-0.000033291,
    "16":-0.0002091333,
    "17":-0.000141701,
    "18":-0.00006106,
    "19":-0.0000976263,
    "20":-0.000034752,
    "21":-0.0003411715,
    "22":-0.000079282,
    "23":-0.0001107596,
    "24":-0.0001217821,
    "25":-0.0002092022,
    "26":-0.0004067745,
    "27":-0.000080664,
    "28":-0.0004222397,
    "29":-0.0001115168,
    "30":-0.0001383886,
    "31":-0.000067778,
    "32":-0.000046931,
    "33":-0.0001410706,
    "34":-0.0001578366,
    "35":-0.0000419668,
    "36":-0.0001775544,
    "37":-0.000142508,
    "38":-0.0001736218,
    "39":-0.00005663,
    "40":-0.0002467406,
    "41":-0.000094105,
    "42":-0.0001454083,
    "43":-0.000054531,
    "44":-0.0000145991,
    "45":-0.0001188205,
    "46":-0.0002678325,
    "47":-0.0003557771,
    "48":-0.0000849928,
    "49":-0.0000018827
  },
  "Delta_Prop":{
    "0":-0.0001192362,
    "1":-0.0000254068,
    "2":-0.00005689,
    "3":-0.0002788903,
    "4":-0.0000705569,
    "5":-0.0001568331,
    "6":-0.0001406865,
    "7":-0.0001254338,
    "8":-0.0001646544,
    "9":-0.0002104621,
    "10":-0.000121977,
    "11":-0.0000500771,
    "12":-0.0000466642,
    "13":-0.0000457184,
    "14":-0.0001205768,
    "15":-0.000042492,
    "16":-0.0001613352,
    "17":-0.0001270479,
    "18":-0.00002408,
    "19":-0.0000946469,
    "20":-0.000034397,
    "21":-0.0002165706,
    "22":-0.0001188534,
    "23":-0.000104109,
    "24":-0.0000692181,
    "25":-0.0002117107,
    "26":-0.0002822397,
    "27":-0.0000784782,
    "28":-0.0003262204,
    "29":-0.0000564275,
    "30":-0.0002065314,
    "31":-0.0000343679,
    "32":-0.000080245,
    "33":-0.0001054281,
    "34":-0.0000932572,
    "35":-0.0000331424,
    "36":-0.0000861707,
    "37":-0.0001441009,
    "38":-0.0001132568,
    "39":-0.00003141,
    "40":-0.0002207258,
    "41":-0.000064332,
    "42":-0.0000767596,
    "43":-0.00007237,
    "44":-0.0000523169,
    "45":-0.0002038789,
    "46":-0.0003422063,
    "47":-0.0003388723,
    "48":-0.000081483,
    "49":-0.0000084737
  }
}