{
  "Astrahl":{
    "0":0.00918213,
    "1":0.011343427,
    "2":0.010196799,
    "3":0.008968269,
    "4":0.0130375987,
    "5":0.0366445063,
    "6":0.0141244132,
    "7":0.0071645372,
    "8":0.0090533697,
    "9":0.0229578668,
    "10":0.00532363,
    "11":0.0065129701,
    "12":0.016854539,
    "13":0.00990432,
    "14":0.006559826,
    "15":0.005282679,
    "16":0.0073509541,
    "17":0.0148078525,
    "18":0.0083872061,
    "19":0.0098601886,
    "20":0.013390977,
    "21":0.0173779303,
    "22":0.006091267,
    "23":0.0145181344,
    "24":0.005692189,
    "25":0.0078255465,
    "26":0.008902621,
    "27":0.00655216,
    "28":0.0128029118,
    "29":0.006511209,
    "30":0.00655216,
    "31":0.0115265514,
    "32":0.007698788,
    "33":0.0103297214,
    "34":0.00532363,
    "35":0.0153204321,
    "36":0.0164685457,
    "37":0.0177036866,
    "38":0.0130727961,
    "39":0.0109035948,
    "40":0.0103297214,
    "41":0.006091267,
    "42":0.00672997,
    "43":0.0073038434,
    "44":0.0128432022,
    "45":0.0065129701,
    "46":0.0097460272,
    "47":0.0098601886,
    "48":0.00512411,
    "49":0.008149249
  },
  "Uniform":{
    "0":0.02370425,
    "1":0.0337808911,
    "2":0.02415202,
    "3":0.016821009,
    "4":0.0446238001,
    "5":0.0890120492,
    "6":0.0363111713,
    "7":0.0314794533,
    "8":0.0286309071,
    "9":0.0470309169,
    "10":0.0140622,
    "11":0.020005599,
    "12":0.0343472989,
    "13":0.019748289,
    "14":0.01904778,
    "15":0.018626,
    "16":0.0255602693,
    "17":0.0234441591,
    "18":0.016749199,
    "19":0.020541538,
    "20":0.026143626,
    "21":0.0435149422,
    "22":0.020086796,
    "23":0.0425327544,
    "24":0.01688206,
    "25":0.0203969519,
    "26":0.027785899,
    "27":0.017088209,
    "28":0.042430404,
    "29":0.01444302,
    "30":0.01624645,
    "31":0.021729368,
    "32":0.025966729,
    "33":0.0339965062,
    "34":0.01662874,
    "35":0.0363652393,
    "36":0.0496651502,
    "37":0.0482171405,
    "38":0.0313464371,
    "39":0.03120282,
    "40":0.0311922471,
    "41":0.01750194,
    "42":0.020006717,
    "43":0.022890236,
    "44":0.0380659051,
    "45":0.02018926,
    "46":0.026971999,
    "47":0.0356850251,
    "48":0.0138653,
    "49":0.0227816911
  },
  "Prop":{
    "0":0.0202367,
    "1":0.029628817,
    "2":0.023647009,
    "3":0.016023409,
    "4":0.042352104,
    "5":0.0833774317,
    "6":0.0348767242,
    "7":0.0270900719,
    "8":0.0295538462,
    "9":0.0444416492,
    "10":0.016952299,
    "11":0.016761479,
    "12":0.030714284,
    "13":0.01967625,
    "14":0.018219119,
    "15":0.013327979,
    "16":0.0270111806,
    "17":0.0273849683,
    "18":0.015803709,
    "19":0.0180688411,
    "20":0.025191136,
    "21":0.0416741776,
    "22":0.01861031,
    "23":0.0377545092,
    "24":0.01276801,
    "25":0.0190777801,
    "26":0.029425057,
    "27":0.01378853,
    "28":0.0422739008,
    "29":0.01366041,
    "30":0.01653885,
    "31":0.0303871112,
    "32":0.0264151201,
    "33":0.0320429713,
    "34":0.01526413,
    "35":0.0394917644,
    "36":0.0416661201,
    "37":0.0484222916,
    "38":0.027823777,
    "39":0.0336549362,
    "40":0.0250781571,
    "41":0.0215228901,
    "42":0.021486917,
    "43":0.0206915311,
    "44":0.0349315441,
    "45":0.01849136,
    "46":0.028789745,
    "47":0.0333193642,
    "48":0.01541741,
    "49":0.025232198
  },
  "Delta_Uniform":{
    "0":-0.01452212,
    "1":-0.0224374641,
    "2":-0.013955221,
    "3":-0.00785274,
    "4":-0.0315862014,
    "5":-0.0523675429,
    "6":-0.0221867581,
    "7":-0.0243149161,
    "8":-0.0195775374,
    "9":-0.0240730501,
    "10":-0.00873857,
    "11":-0.0134926289,
    "12":-0.0174927599,
    "13":-0.009843969,
    "14":-0.012487954,
    "15":-0.013343321,
    "16":-0.0182093152,
    "17":-0.0086363066,
    "18":-0.0083619929,
    "19":-0.0106813494,
    "20":-0.012752649,
    "21":-0.0261370119,
    "22":-0.013995529,
    "23":-0.02801462,
    "24":-0.011189871,
    "25":-0.0125714054,
    "26":-0.018883278,
    "27":-0.010536049,
    "28":-0.0296274922,
    "29":-0.007931811,
    "30":-0.00969429,
    "31":-0.0102028166,
    "32":-0.018267941,
    "33":-0.0236667848,
    "34":-0.01130511,
    "35":-0.0210448072,
    "36":-0.0331966045,
    "37":-0.0305134539,
    "38":-0.018273641,
    "39":-0.0202992252,
    "40":-0.0208625257,
    "41":-0.011410673,
    "42":-0.013276747,
    "43":-0.0155863926,
    "44":-0.0252227029,
    "45":-0.0136762899,
    "46":-0.0172259718,
    "47":-0.0258248365,
    "48":-0.00874119,
    "49":-0.0146324421
  },
  "Delta_Prop":{
    "0":-0.01105457,
    "1":-0.01828539,
    "2":-0.01345021,
    "3":-0.00705514,
    "4":-0.0293145053,
    "5":-0.0467329253,
    "6":-0.020752311,
    "7":-0.0199255347,
    "8":-0.0205004766,
    "9":-0.0214837825,
    "10":-0.011628669,
    "11":-0.0102485089,
    "12":-0.013859745,
    "13":-0.00977193,
    "14":-0.011659293,
    "15":-0.0080453,
    "16":-0.0196602265,
    "17":-0.0125771158,
    "18":-0.0074165029,
    "19":-0.0082086525,
    "20":-0.011800159,
    "21":-0.0242962473,
    "22":-0.012519043,
    "23":-0.0232363748,
    "24":-0.007075821,
    "25":-0.0112522336,
    "26":-0.020522436,
    "27":-0.00723637,
    "28":-0.0294709891,
    "29":-0.007149201,
    "30":-0.00998669,
    "31":-0.0188605598,
    "32":-0.0187163321,
    "33":-0.0217132499,
    "34":-0.0099405,
    "35":-0.0241713323,
    "36":-0.0251975744,
    "37":-0.030718605,
    "38":-0.0147509809,
    "39":-0.0227513414,
    "40":-0.0147484357,
    "41":-0.0154316231,
    "42":-0.014756947,
    "43":-0.0133876877,
    "44":-0.0220883419,
    "45":-0.0119783899,
    "46":-0.0190437178,
    "47":-0.0234591756,
    "48":-0.0102933,
    "49":-0.017082949
  }
}