{
  "Astrahl":{
    "0":0.335898496,
    "1":0.26927308,
    "2":0.3877212835,
    "3":0.4134330843,
    "4":0.4509101856,
    "5":0.27486856,
    "6":0.4923676447,
    "7":0.5204699738,
    "8":0.328741984,
    "9":0.40932043,
    "10":0.3266686756,
    "11":0.3236419,
    "12":0.2959769891,
    "13":0.575780248,
    "14":0.5634468237,
    "15":0.322353514,
    "16":0.26970868,
    "17":0.3864149884,
    "18":0.3707209144,
    "19":0.4992072225,
    "20":0.3898739841,
    "21":0.3867628227,
    "22":0.281566612,
    "23":0.3730889251,
    "24":0.2918901843,
    "25":0.28331524,
    "26":0.32199355,
    "27":0.3950050374,
    "28":0.4586610275,
    "29":0.4381393828,
    "30":0.5238593982,
    "31":0.3774569684,
    "32":0.3814286428,
    "33":0.3837991015,
    "34":0.2883979333,
    "35":0.455844876,
    "36":0.4446050514,
    "37":0.5233698407,
    "38":0.4464354392,
    "39":0.4393311122,
    "40":0.6133371781,
    "41":0.3141206772,
    "42":0.559410125,
    "43":0.3327413995,
    "44":0.5034884022,
    "45":0.5891325291,
    "46":0.4219261676,
    "47":0.3959540015,
    "48":0.4022751131,
    "49":0.3550207501
  },
  "Uniform":{
    "0":0.346400875,
    "1":0.29385649,
    "2":0.4068748837,
    "3":0.4513038908,
    "4":0.4897793859,
    "5":0.2979892,
    "6":0.4910645048,
    "7":0.5401532199,
    "8":0.353059561,
    "9":0.4245552965,
    "10":0.3448650988,
    "11":0.345539683,
    "12":0.3107331892,
    "13":0.579615615,
    "14":0.5702271325,
    "15":0.343573003,
    "16":0.28924687,
    "17":0.4145067118,
    "18":0.4102710679,
    "19":0.5387341567,
    "20":0.4586634957,
    "21":0.3947369673,
    "22":0.296347312,
    "23":0.4112700247,
    "24":0.2995296507,
    "25":0.30229831,
    "26":0.350468776,
    "27":0.4028584146,
    "28":0.4915964044,
    "29":0.4532144321,
    "30":0.5416074609,
    "31":0.4140957867,
    "32":0.3986508087,
    "33":0.3977187895,
    "34":0.3058009858,
    "35":0.4960163568,
    "36":0.4525882269,
    "37":0.5325196774,
    "38":0.4482312943,
    "39":0.4552566655,
    "40":0.6451828206,
    "41":0.3527234507,
    "42":0.6106728573,
    "43":0.3629547015,
    "44":0.5046085097,
    "45":0.6011703458,
    "46":0.4520577424,
    "47":0.4012823806,
    "48":0.4118832952,
    "49":0.3568107312
  },
  "Prop":{
    "0":0.350427952,
    "1":0.2915451,
    "2":0.4015759285,
    "3":0.454550084,
    "4":0.4839902548,
    "5":0.29299798,
    "6":0.5087711492,
    "7":0.5434428987,
    "8":0.344319409,
    "9":0.4360142497,
    "10":0.3473376481,
    "11":0.359613271,
    "12":0.3060844494,
    "13":0.5832513154,
    "14":0.5746133106,
    "15":0.355536703,
    "16":0.28675774,
    "17":0.4054884715,
    "18":0.3966418297,
    "19":0.5293723983,
    "20":0.4354544612,
    "21":0.4066020336,
    "22":0.286799131,
    "23":0.3886718266,
    "24":0.3088198291,
    "25":0.28980406,
    "26":0.344882035,
    "27":0.4195605739,
    "28":0.4947362996,
    "29":0.4585379254,
    "30":0.5460758877,
    "31":0.4123460287,
    "32":0.4148490457,
    "33":0.4036513186,
    "34":0.313114816,
    "35":0.4844743835,
    "36":0.455452339,
    "37":0.5415966609,
    "38":0.4502746521,
    "39":0.459505453,
    "40":0.6491668821,
    "41":0.3492674067,
    "42":0.5971972947,
    "43":0.3555963231,
    "44":0.5055029121,
    "45":0.6055171071,
    "46":0.4585329099,
    "47":0.408252394,
    "48":0.4200742656,
    "49":0.3520035238
  },
  "Delta_Uniform":{
    "0":-0.010502379,
    "1":-0.02458341,
    "2":-0.0191536002,
    "3":-0.0378708064,
    "4":-0.0388692004,
    "5":-0.02312064,
    "6":0.0013031399,
    "7":-0.019683246,
    "8":-0.024317577,
    "9":-0.0152348665,
    "10":-0.0181964232,
    "11":-0.021897783,
    "12":-0.0147562001,
    "13":-0.003835367,
    "14":-0.0067803087,
    "15":-0.021219489,
    "16":-0.01953819,
    "17":-0.0280917234,
    "18":-0.0395501535,
    "19":-0.0395269342,
    "20":-0.0687895116,
    "21":-0.0079741446,
    "22":-0.0147807,
    "23":-0.0381810996,
    "24":-0.0076394664,
    "25":-0.01898307,
    "26":-0.028475226,
    "27":-0.0078533772,
    "28":-0.0329353769,
    "29":-0.0150750493,
    "30":-0.0177480627,
    "31":-0.0366388183,
    "32":-0.0172221659,
    "33":-0.013919688,
    "34":-0.0174030525,
    "35":-0.0401714807,
    "36":-0.0079831756,
    "37":-0.0091498368,
    "38":-0.001795855,
    "39":-0.0159255533,
    "40":-0.0318456424,
    "41":-0.0386027735,
    "42":-0.0512627323,
    "43":-0.030213302,
    "44":-0.0011201074,
    "45":-0.0120378167,
    "46":-0.0301315747,
    "47":-0.0053283791,
    "48":-0.0096081821,
    "49":-0.001789981
  },
  "Delta_Prop":{
    "0":-0.014529456,
    "1":-0.02227202,
    "2":-0.013854645,
    "3":-0.0411169997,
    "4":-0.0330800692,
    "5":-0.01812942,
    "6":-0.0164035045,
    "7":-0.0229729249,
    "8":-0.015577425,
    "9":-0.0266938197,
    "10":-0.0206689725,
    "11":-0.035971371,
    "12":-0.0101074603,
    "13":-0.0074710674,
    "14":-0.0111664869,
    "15":-0.033183189,
    "16":-0.01704906,
    "17":-0.0190734831,
    "18":-0.0259209153,
    "19":-0.0301651758,
    "20":-0.0455804771,
    "21":-0.0198392109,
    "22":-0.005232519,
    "23":-0.0155829015,
    "24":-0.0169296448,
    "25":-0.00648882,
    "26":-0.022888485,
    "27":-0.0245555364,
    "28":-0.0360752721,
    "29":-0.0203985427,
    "30":-0.0222164895,
    "31":-0.0348890603,
    "32":-0.0334204029,
    "33":-0.0198522171,
    "34":-0.0247168827,
    "35":-0.0286295074,
    "36":-0.0108472876,
    "37":-0.0182268202,
    "38":-0.0038392129,
    "39":-0.0201743408,
    "40":-0.035829704,
    "41":-0.0351467294,
    "42":-0.0377871697,
    "43":-0.0228549236,
    "44":-0.0020145098,
    "45":-0.0163845779,
    "46":-0.0366067423,
    "47":-0.0122983925,
    "48":-0.0177991525,
    "49":0.0030172263
  }
}