{
  "Astrahl":{
    "0":0.099387064,
    "1":0.1095628789,
    "2":0.09739819,
    "3":0.2325767183,
    "4":0.3092367387,
    "5":0.1268348619,
    "6":0.215961746,
    "7":0.295657749,
    "8":0.0917146,
    "9":0.1753818967,
    "10":0.1770034079,
    "11":0.1151877492,
    "12":0.09933364,
    "13":0.1691142877,
    "14":0.2375965321,
    "15":0.137392814,
    "16":0.09131266,
    "17":0.096208624,
    "18":0.1663538383,
    "19":0.1659541924,
    "20":0.100407304,
    "21":0.1435139041,
    "22":0.100910809,
    "23":0.2706621401,
    "24":0.2451651995,
    "25":0.106649101,
    "26":0.1553090518,
    "27":0.152745031,
    "28":0.2775600839,
    "29":0.1913764248,
    "30":0.1102450708,
    "31":0.08635078,
    "32":0.1186559615,
    "33":0.1148690979,
    "34":0.100583515,
    "35":0.2975920831,
    "36":0.1140235546,
    "37":0.1261280821,
    "38":0.295690789,
    "39":0.1727155783,
    "40":0.1219689208,
    "41":0.08992846,
    "42":0.104975452,
    "43":0.09795556,
    "44":0.1981912838,
    "45":0.1807638,
    "46":0.1744945822,
    "47":0.1075769047,
    "48":0.1144439425,
    "49":0.2151830185
  },
  "Uniform":{
    "0":0.117172413,
    "1":0.1236299482,
    "2":0.11127322,
    "3":0.2741295452,
    "4":0.3379506922,
    "5":0.1469235901,
    "6":0.2072370465,
    "7":0.3305772319,
    "8":0.10855711,
    "9":0.194342815,
    "10":0.2002008143,
    "11":0.1298834678,
    "12":0.1138807,
    "13":0.1934731162,
    "14":0.2788871239,
    "15":0.1424447504,
    "16":0.11208241,
    "17":0.113845528,
    "18":0.1959335731,
    "19":0.1977585445,
    "20":0.118120897,
    "21":0.1612457668,
    "22":0.123693931,
    "23":0.3329180961,
    "24":0.2754444935,
    "25":0.119465569,
    "26":0.1966528945,
    "27":0.196315651,
    "28":0.3316207604,
    "29":0.1967811765,
    "30":0.118452484,
    "31":0.11405962,
    "32":0.136906935,
    "33":0.1242181136,
    "34":0.117091549,
    "35":0.3304837282,
    "36":0.1307584458,
    "37":0.1375059472,
    "38":0.3406499362,
    "39":0.1937512144,
    "40":0.1346993317,
    "41":0.11263096,
    "42":0.11149021,
    "43":0.10978903,
    "44":0.2210543014,
    "45":0.2012916803,
    "46":0.1999743805,
    "47":0.1190800917,
    "48":0.1270667008,
    "49":0.2107066893
  },
  "Prop":{
    "0":0.122584393,
    "1":0.1219384837,
    "2":0.11478313,
    "3":0.2592972318,
    "4":0.3404242254,
    "5":0.1426553459,
    "6":0.2127224608,
    "7":0.3433373023,
    "8":0.10856215,
    "9":0.1983305989,
    "10":0.2085560559,
    "11":0.1285890825,
    "12":0.11461771,
    "13":0.1963359982,
    "14":0.2652201494,
    "15":0.1463416089,
    "16":0.11206261,
    "17":0.122582872,
    "18":0.1958681179,
    "19":0.1927886905,
    "20":0.117769258,
    "21":0.1554285524,
    "22":0.109860651,
    "23":0.3318684892,
    "24":0.278061251,
    "25":0.117776935,
    "26":0.1896833863,
    "27":0.196974334,
    "28":0.3303156828,
    "29":0.1979476552,
    "30":0.1204601068,
    "31":0.1122427,
    "32":0.1315393103,
    "33":0.1354583517,
    "34":0.117798184,
    "35":0.3336877029,
    "36":0.1321295409,
    "37":0.1335769401,
    "38":0.3458032187,
    "39":0.1959345136,
    "40":0.1362205603,
    "41":0.11301319,
    "42":0.116584255,
    "43":0.10389196,
    "44":0.2288745586,
    "45":0.1997304814,
    "46":0.1996032304,
    "47":0.1264421332,
    "48":0.1176715468,
    "49":0.2093086418
  },
  "Delta_Uniform":{
    "0":-0.017785349,
    "1":-0.0140670693,
    "2":-0.01387503,
    "3":-0.0415528268,
    "4":-0.0287139536,
    "5":-0.0200887282,
    "6":0.0087246995,
    "7":-0.034919483,
    "8":-0.01684251,
    "9":-0.0189609183,
    "10":-0.0231974064,
    "11":-0.0146957186,
    "12":-0.01454706,
    "13":-0.0243588285,
    "14":-0.0412905918,
    "15":-0.0050519364,
    "16":-0.02076975,
    "17":-0.017636904,
    "18":-0.0295797348,
    "19":-0.0318043521,
    "20":-0.017713593,
    "21":-0.0177318626,
    "22":-0.022783122,
    "23":-0.062255956,
    "24":-0.030279294,
    "25":-0.012816468,
    "26":-0.0413438427,
    "27":-0.04357062,
    "28":-0.0540606766,
    "29":-0.0054047516,
    "30":-0.0082074132,
    "31":-0.02770884,
    "32":-0.0182509735,
    "33":-0.0093490157,
    "34":-0.016508034,
    "35":-0.0328916452,
    "36":-0.0167348912,
    "37":-0.0113778651,
    "38":-0.0449591472,
    "39":-0.0210356361,
    "40":-0.0127304109,
    "41":-0.0227025,
    "42":-0.006514758,
    "43":-0.01183347,
    "44":-0.0228630176,
    "45":-0.0205278802,
    "46":-0.0254797983,
    "47":-0.011503187,
    "48":-0.0126227583,
    "49":0.0044763292
  },
  "Delta_Prop":{
    "0":-0.023197329,
    "1":-0.0123756048,
    "2":-0.01738494,
    "3":-0.0267205135,
    "4":-0.0311874867,
    "5":-0.015820484,
    "6":0.0032392852,
    "7":-0.0476795533,
    "8":-0.01684755,
    "9":-0.0229487022,
    "10":-0.031552648,
    "11":-0.0134013333,
    "12":-0.01528407,
    "13":-0.0272217105,
    "14":-0.0276236173,
    "15":-0.0089487949,
    "16":-0.02074995,
    "17":-0.026374248,
    "18":-0.0295142796,
    "19":-0.0268344981,
    "20":-0.017361954,
    "21":-0.0119146482,
    "22":-0.008949842,
    "23":-0.0612063491,
    "24":-0.0328960515,
    "25":-0.011127834,
    "26":-0.0343743345,
    "27":-0.044229303,
    "28":-0.0527555989,
    "29":-0.0065712304,
    "30":-0.010215036,
    "31":-0.02589192,
    "32":-0.0128833488,
    "33":-0.0205892538,
    "34":-0.017214669,
    "35":-0.0360956198,
    "36":-0.0181059863,
    "37":-0.007448858,
    "38":-0.0501124297,
    "39":-0.0232189353,
    "40":-0.0142516395,
    "41":-0.02308473,
    "42":-0.011608803,
    "43":-0.0059364,
    "44":-0.0306832747,
    "45":-0.0189666814,
    "46":-0.0251086482,
    "47":-0.0188652285,
    "48":-0.0032276043,
    "49":0.0058743767
  }
}