{
  "Astrahl":{
    "0":0.4301746719,
    "1":0.4093764233,
    "2":0.4141494456,
    "3":0.3939397343,
    "4":0.216053869,
    "5":0.4731506654,
    "6":0.5076285747,
    "7":0.2449656599,
    "8":0.5182356345,
    "9":0.4862632711,
    "10":0.2714782598,
    "11":0.4347251292,
    "12":0.5826233575,
    "13":0.3081854331,
    "14":0.4875878586,
    "15":0.3247399555,
    "16":0.3963376415,
    "17":0.5115782295,
    "18":0.2804663741,
    "19":0.3585653859,
    "20":0.287091244,
    "21":0.5183415056,
    "22":0.4212738512,
    "23":0.2407535887,
    "24":0.3414359648,
    "25":0.5142455493,
    "26":0.5089757545,
    "27":0.2786914373,
    "28":0.3839369851,
    "29":0.5006627316,
    "30":0.4948791477,
    "31":0.3645872352,
    "32":0.4072669569,
    "33":0.3695897665,
    "34":0.501776613,
    "35":0.4909638351,
    "36":0.493579282,
    "37":0.5091178213,
    "38":0.4225043278,
    "39":0.2420261049,
    "40":0.5091670145,
    "41":0.3110821246,
    "42":0.4363312469,
    "43":0.3754754222,
    "44":0.3066894771,
    "45":0.2940659945,
    "46":0.2501151637,
    "47":0.4211466205,
    "48":0.2886127786,
    "49":0.4156089729,
    "50":0.5141536783,
    "51":0.2285230951,
    "52":0.3953684278,
    "53":0.2529190537,
    "54":0.3884797387,
    "55":0.3288102072,
    "56":0.3074342566,
    "57":0.4156160686,
    "58":0.2858076021,
    "59":0.4065498966,
    "60":0.4967162906,
    "61":0.3333057437,
    "62":0.5356020481,
    "63":0.2577125906,
    "64":0.4114015903,
    "65":0.4780403056,
    "66":0.4142214377,
    "67":0.4555897218,
    "68":0.3154794892,
    "69":0.5036192891,
    "70":0.5304155152,
    "71":0.4836382557,
    "72":0.2032999374,
    "73":0.5573490008,
    "74":0.3943344109,
    "75":0.4019476324,
    "76":0.4371666619,
    "77":0.2871960874,
    "78":0.3763363419,
    "79":0.2601176903,
    "80":0.4608298554,
    "81":0.5951747788,
    "82":0.4928595444,
    "83":0.4753847668,
    "84":0.5033946744,
    "85":0.5319134006,
    "86":0.387462249,
    "87":0.3868789589,
    "88":0.2929455215,
    "89":0.305043828,
    "90":0.5310882653,
    "91":0.3189051528,
    "92":0.2886361208,
    "93":0.4517265692,
    "94":0.4276806309,
    "95":0.4337228762,
    "96":0.3819767019,
    "97":0.4565519565,
    "98":0.53869325,
    "99":0.47375907
  },
  "Uniform":{
    "0":0.4634826864,
    "1":0.4448585037,
    "2":0.456408015,
    "3":0.4116461935,
    "4":0.2228759829,
    "5":0.4824653267,
    "6":0.5273819327,
    "7":0.2687631688,
    "8":0.5156899382,
    "9":0.5045121865,
    "10":0.292402369,
    "11":0.4478289755,
    "12":0.5937948689,
    "13":0.3195606579,
    "14":0.481383053,
    "15":0.3324050591,
    "16":0.4061452341,
    "17":0.540412062,
    "18":0.328589584,
    "19":0.3864294759,
    "20":0.2854029802,
    "21":0.5371395924,
    "22":0.4574071216,
    "23":0.2560336272,
    "24":0.3779243055,
    "25":0.520415459,
    "26":0.4985812686,
    "27":0.2801022141,
    "28":0.3990382437,
    "29":0.5209903594,
    "30":0.5161819764,
    "31":0.3876054367,
    "32":0.4266200343,
    "33":0.376168004,
    "34":0.5357784827,
    "35":0.5305304191,
    "36":0.5130001359,
    "37":0.5302106317,
    "38":0.409187328,
    "39":0.2505857383,
    "40":0.5310771298,
    "41":0.3190609293,
    "42":0.4970571689,
    "43":0.3930144912,
    "44":0.3171677918,
    "45":0.2979570771,
    "46":0.2769045418,
    "47":0.4433658163,
    "48":0.3073708631,
    "49":0.4312221742,
    "50":0.5704008588,
    "51":0.2413426209,
    "52":0.4003009173,
    "53":0.2703668118,
    "54":0.3915989882,
    "55":0.3202741633,
    "56":0.3200135079,
    "57":0.4209026959,
    "58":0.2753764069,
    "59":0.4657011097,
    "60":0.4989539223,
    "61":0.3717289342,
    "62":0.5387095959,
    "63":0.2734317939,
    "64":0.4184209607,
    "65":0.4971263794,
    "66":0.3959947062,
    "67":0.4860440591,
    "68":0.3395036247,
    "69":0.5237256649,
    "70":0.5438559618,
    "71":0.5124542158,
    "72":0.2171620328,
    "73":0.5698743221,
    "74":0.3942894702,
    "75":0.4243310878,
    "76":0.489415771,
    "77":0.2931069107,
    "78":0.3751182989,
    "79":0.2754584038,
    "80":0.4763215067,
    "81":0.5766240019,
    "82":0.5102051073,
    "83":0.4723035914,
    "84":0.4898399655,
    "85":0.5399493083,
    "86":0.3862441517,
    "87":0.4081473587,
    "88":0.3052522852,
    "89":0.3277956546,
    "90":0.5133696346,
    "91":0.3560713718,
    "92":0.2983480561,
    "93":0.4930312547,
    "94":0.4771298037,
    "95":0.4800764614,
    "96":0.3983773334,
    "97":0.4663175027,
    "98":0.5391034553,
    "99":0.5234769747
  },
  "Prop":{
    "0":0.46302978,
    "1":0.4322190469,
    "2":0.4333034816,
    "3":0.3910800703,
    "4":0.2188482485,
    "5":0.477626214,
    "6":0.5125236454,
    "7":0.2644742767,
    "8":0.4844429507,
    "9":0.5073512523,
    "10":0.2845533034,
    "11":0.4229746879,
    "12":0.5792384401,
    "13":0.299973488,
    "14":0.4479346276,
    "15":0.3240415088,
    "16":0.3873955632,
    "17":0.5128665573,
    "18":0.2858520701,
    "19":0.3784827582,
    "20":0.2791031238,
    "21":0.5350411608,
    "22":0.4293614508,
    "23":0.250630956,
    "24":0.3732143853,
    "25":0.4912419739,
    "26":0.4580082365,
    "27":0.2808768222,
    "28":0.3825893621,
    "29":0.5118725156,
    "30":0.5147131134,
    "31":0.3793811513,
    "32":0.4144202762,
    "33":0.3716677717,
    "34":0.5151532971,
    "35":0.514139774,
    "36":0.4768796671,
    "37":0.5043876088,
    "38":0.3966276118,
    "39":0.2557487592,
    "40":0.5165480839,
    "41":0.325974019,
    "42":0.4603826721,
    "43":0.3834981148,
    "44":0.3062536439,
    "45":0.3007743197,
    "46":0.2768591434,
    "47":0.4353928913,
    "48":0.3001687774,
    "49":0.4190286744,
    "50":0.5393079316,
    "51":0.2408042724,
    "52":0.3703623672,
    "53":0.2612753051,
    "54":0.3878668789,
    "55":0.323392219,
    "56":0.3048389883,
    "57":0.4198252314,
    "58":0.2807572013,
    "59":0.4372534855,
    "60":0.4979984029,
    "61":0.358297948,
    "62":0.5198047087,
    "63":0.2794041762,
    "64":0.3862119878,
    "65":0.4563967879,
    "66":0.3477707647,
    "67":0.4595181107,
    "68":0.3327932293,
    "69":0.505590797,
    "70":0.5333466396,
    "71":0.4926187698,
    "72":0.2153660738,
    "73":0.5416710578,
    "74":0.3852736792,
    "75":0.3961515904,
    "76":0.4533473725,
    "77":0.2953868368,
    "78":0.3807781648,
    "79":0.2811180081,
    "80":0.4684836471,
    "81":0.5673646129,
    "82":0.495113014,
    "83":0.4635302125,
    "84":0.4585314707,
    "85":0.5360426879,
    "86":0.3537594833,
    "87":0.4041624218,
    "88":0.3050942271,
    "89":0.316477488,
    "90":0.5063307624,
    "91":0.3262163732,
    "92":0.3030216014,
    "93":0.4711071592,
    "94":0.4588720318,
    "95":0.4413479016,
    "96":0.3929920268,
    "97":0.4483824716,
    "98":0.5293133022,
    "99":0.4884096018
  },
  "Delta_Uniform":{
    "0":-0.0333080144,
    "1":-0.0354820804,
    "2":-0.0422585693,
    "3":-0.0177064592,
    "4":-0.0068221139,
    "5":-0.0093146613,
    "6":-0.019753358,
    "7":-0.0237975089,
    "8":0.0025456963,
    "9":-0.0182489154,
    "10":-0.0209241092,
    "11":-0.0131038462,
    "12":-0.0111715113,
    "13":-0.0113752249,
    "14":0.0062048056,
    "15":-0.0076651036,
    "16":-0.0098075926,
    "17":-0.0288338325,
    "18":-0.0481232099,
    "19":-0.02786409,
    "20":0.0016882638,
    "21":-0.0187980868,
    "22":-0.0361332705,
    "23":-0.0152800385,
    "24":-0.0364883407,
    "25":-0.0061699097,
    "26":0.0103944859,
    "27":-0.0014107768,
    "28":-0.0151012587,
    "29":-0.0203276278,
    "30":-0.0213028287,
    "31":-0.0230182015,
    "32":-0.0193530774,
    "33":-0.0065782375,
    "34":-0.0340018697,
    "35":-0.039566584,
    "36":-0.019420854,
    "37":-0.0210928104,
    "38":0.0133169998,
    "39":-0.0085596334,
    "40":-0.0219101154,
    "41":-0.0079788047,
    "42":-0.060725922,
    "43":-0.017539069,
    "44":-0.0104783147,
    "45":-0.0038910826,