{
  "Astrahl":{
    "0":0.4525914615,
    "1":0.235331087,
    "2":0.22911166,
    "3":0.28134937,
    "4":0.3425595148,
    "5":0.228448738,
    "6":0.223228675,
    "7":0.4005271671,
    "8":0.3480529774,
    "9":0.3562941558,
    "10":0.5713368607,
    "11":0.5402332657,
    "12":0.3522448776,
    "13":0.4527895512,
    "14":0.279883837,
    "15":0.3961143968,
    "16":0.3095653231,
    "17":0.2802278829,
    "18":0.22361716,
    "19":0.22540537,
    "20":0.4499347774,
    "21":0.2996358394,
    "22":0.22155922,
    "23":0.232501024,
    "24":0.2962346995,
    "25":0.3519440552,
    "26":0.3367941697,
    "27":0.4866262466,
    "28":0.353051407,
    "29":0.4080639956,
    "30":0.3416929664,
    "31":0.544123333,
    "32":0.2908918576,
    "33":0.282274444,
    "34":0.220174489,
    "35":0.3455661645,
    "36":0.3075714791,
    "37":0.3901469335,
    "38":0.22422655,
    "39":0.288461251,
    "40":0.284356832,
    "41":0.22657231,
    "42":0.219655477,
    "43":0.4499929096,
    "44":0.399874756,
    "45":0.3428487091,
    "46":0.226045716,
    "47":0.5314795397,
    "48":0.28467604,
    "49":0.221791411
  },
  "Uniform":{
    "0":0.483898454,
    "1":0.252892565,
    "2":0.24264559,
    "3":0.311614696,
    "4":0.3679175611,
    "5":0.245081782,
    "6":0.245120257,
    "7":0.4367541889,
    "8":0.3799431407,
    "9":0.3811123914,
    "10":0.6068551183,
    "11":0.5681787309,
    "12":0.3737993299,
    "13":0.4749296129,
    "14":0.31909447,
    "15":0.4287654984,
    "16":0.3124682092,
    "17":0.3178380224,
    "18":0.25012054,
    "19":0.25188715,
    "20":0.4769854918,
    "21":0.3234853829,
    "22":0.2445445,
    "23":0.24819913,
    "24":0.3167184331,
    "25":0.3829704662,
    "26":0.3779200243,
    "27":0.5322806068,
    "28":0.375789207,
    "29":0.4298192225,
    "30":0.3912536442,
    "31":0.5834722414,
    "32":0.3143284384,
    "33":0.317023714,
    "34":0.245073844,
    "35":0.3703445324,
    "36":0.3212436765,
    "37":0.4299407572,
    "38":0.2435464,
    "39":0.323078221,
    "40":0.3095786654,
    "41":0.24892209,
    "42":0.248189104,
    "43":0.4871405393,
    "44":0.4258674178,
    "45":0.368136334,
    "46":0.2470408213,
    "47":0.5744605698,
    "48":0.31550545,
    "49":0.243516619
  },
  "Prop":{
    "0":0.4916528868,
    "1":0.2561309515,
    "2":0.24851755,
    "3":0.319405519,
    "4":0.3851669112,
    "5":0.249918616,
    "6":0.250656841,
    "7":0.4391595735,
    "8":0.3805665422,
    "9":0.3893053313,
    "10":0.6110139658,
    "11":0.5806785527,
    "12":0.3784153725,
    "13":0.4878132846,
    "14":0.315580537,
    "15":0.4398507803,
    "16":0.3189896326,
    "17":0.3223316156,
    "18":0.25441363,
    "19":0.23946256,
    "20":0.48916083,
    "21":0.321328909,
    "22":0.24950494,
    "23":0.250188751,
    "24":0.3166992766,
    "25":0.3838260095,
    "26":0.3835258156,
    "27":0.5392531114,
    "28":0.3866494443,
    "29":0.4415284457,
    "30":0.3835350232,
    "31":0.5790858076,
    "32":0.3202503913,
    "33":0.312637483,
    "34":0.249916348,
    "35":0.3799780753,
    "36":0.3177428042,
    "37":0.4331704232,
    "38":0.24703363,
    "39":0.320055058,
    "40":0.3155973988,
    "41":0.252219178,
    "42":0.250515091,
    "43":0.4861181059,
    "44":0.4369633891,
    "45":0.3797232058,
    "46":0.2524980772,
    "47":0.5769156441,
    "48":0.309530971,
    "49":0.252251254
  },
  "Delta_Uniform":{
    "0":-0.0313069925,
    "1":-0.017561478,
    "2":-0.01353393,
    "3":-0.030265326,
    "4":-0.0253580463,
    "5":-0.016633044,
    "6":-0.021891582,
    "7":-0.0362270218,
    "8":-0.0318901633,
    "9":-0.0248182356,
    "10":-0.0355182576,
    "11":-0.0279454651,
    "12":-0.0215544523,
    "13":-0.0221400617,
    "14":-0.039210633,
    "15":-0.0326511015,
    "16":-0.0029028861,
    "17":-0.0376101395,
    "18":-0.02650338,
    "19":-0.02648178,
    "20":-0.0270507143,
    "21":-0.0238495435,
    "22":-0.02298528,
    "23":-0.015698106,
    "24":-0.0204837336,
    "25":-0.031026411,
    "26":-0.0411258546,
    "27":-0.0456543602,
    "28":-0.0227377999,
    "29":-0.0217552269,
    "30":-0.0495606778,
    "31":-0.0393489084,
    "32":-0.0234365808,
    "33":-0.03474927,
    "34":-0.024899355,
    "35":-0.0247783679,
    "36":-0.0136721974,
    "37":-0.0397938236,
    "38":-0.01931985,
    "39":-0.03461697,
    "40":-0.0252218335,
    "41":-0.02234978,
    "42":-0.028533627,
    "43":-0.0371476297,
    "44":-0.0259926619,
    "45":-0.0252876249,
    "46":-0.0209951052,
    "47":-0.0429810301,
    "48":-0.03082941,
    "49":-0.021725208
  },
  "Delta_Prop":{
    "0":-0.0390614253,
    "1":-0.0207998644,
    "2":-0.01940589,
    "3":-0.038056149,
    "4":-0.0426073964,
    "5":-0.021469878,
    "6":-0.027428166,
    "7":-0.0386324063,
    "8":-0.0325135648,
    "9":-0.0330111756,
    "10":-0.0396771051,
    "11":-0.0404452869,
    "12":-0.0261704949,
    "13":-0.0350237334,
    "14":-0.0356967,
    "15":-0.0437363834,
    "16":-0.0094243095,
    "17":-0.0421037328,
    "18":-0.03079647,
    "19":-0.01405719,
    "20":-0.0392260526,
    "21":-0.0216930697,
    "22":-0.02794572,
    "23":-0.017687727,
    "24":-0.0204645771,
    "25":-0.0318819543,
    "26":-0.0467316459,
    "27":-0.0526268648,
    "28":-0.0335980373,
    "29":-0.03346445,
    "30":-0.0418420568,
    "31":-0.0349624747,
    "32":-0.0293585337,
    "33":-0.030363039,
    "34":-0.029741859,
    "35":-0.0344119108,
    "36":-0.0101713251,
    "37":-0.0430234897,
    "38":-0.02280708,
    "39":-0.031593807,
    "40":-0.0312405668,
    "41":-0.025646868,
    "42":-0.030859614,
    "43":-0.0361251962,
    "44":-0.0370886332,
    "45":-0.0368744967,
    "46":-0.0264523612,
    "47":-0.0454361044,
    "48":-0.024854931,
    "49":-0.030459843
  }
}