{
  "Astrahl":{
    "0":0.3819267419,
    "1":0.1949896996,
    "2":0.17779303,
    "3":0.229217554,
    "4":0.2920998706,
    "5":0.190161622,
    "6":0.181787563,
    "7":0.3627107834,
    "8":0.2989985761,
    "9":0.3049105136,
    "10":0.4930501164,
    "11":0.4483900944,
    "12":0.2944354246,
    "13":0.3883497775,
    "14":0.24303772,
    "15":0.3289645145,
    "16":0.2405137708,
    "17":0.234610841,
    "18":0.18979102,
    "19":0.19052029,
    "20":0.3814949157,
    "21":0.2480000879,
    "22":0.19627453,
    "23":0.188904016,
    "24":0.2427864445,
    "25":0.2946112033,
    "26":0.2946281779,
    "27":0.402594808,
    "28":0.295771588,
    "29":0.3494695979,
    "30":0.2790585402,
    "31":0.4761122806,
    "32":0.2312074068,
    "33":0.233643124,
    "34":0.18834508,
    "35":0.2968758882,
    "36":0.243487624,
    "37":0.3190070946,
    "38":0.18599482,
    "39":0.242803954,
    "40":0.2583241504,
    "41":0.194762863,
    "42":0.176916835,
    "43":0.4035232318,
    "44":0.3337685184,
    "45":0.2963147896,
    "46":0.186679462,
    "47":0.4500034957,
    "48":0.247827925,
    "49":0.172325575
  },
  "Uniform":{
    "0":0.4615895449,
    "1":0.2203280342,
    "2":0.21931831,
    "3":0.286972957,
    "4":0.3352412215,
    "5":0.224669089,
    "6":0.233141635,
    "7":0.4053596128,
    "8":0.3439803802,
    "9":0.3549516986,
    "10":0.5744503387,
    "11":0.5388615931,
    "12":0.3492797721,
    "13":0.4413966568,
    "14":0.27875719,
    "15":0.3928684748,
    "16":0.2928749005,
    "17":0.2857756644,
    "18":0.22241233,
    "19":0.2225818,
    "20":0.4480622605,
    "21":0.2866869386,
    "22":0.21876184,
    "23":0.235792936,
    "24":0.2948423644,
    "25":0.3516424175,
    "26":0.3510745183,
    "27":0.4959740393,
    "28":0.3437225623,
    "29":0.3817130534,
    "30":0.3487064391,
    "31":0.5350956476,
    "32":0.2971248351,
    "33":0.285247153,
    "34":0.224876701,
    "35":0.3459816222,
    "36":0.2999389051,
    "37":0.3932145974,
    "38":0.21949831,
    "39":0.280766494,
    "40":0.2791606349,
    "41":0.223245118,
    "42":0.216107119,
    "43":0.444258654,
    "44":0.3917512376,
    "45":0.3483530794,
    "46":0.2284799698,
    "47":0.5382765592,
    "48":0.293241457,
    "49":0.224631667
  },
  "Prop":{
    "0":0.4538349022,
    "1":0.2274878754,
    "2":0.22274056,
    "3":0.296703244,
    "4":0.3559344252,
    "5":0.235484505,
    "6":0.234004771,
    "7":0.39923473,
    "8":0.34706256,
    "9":0.349028266,
    "10":0.5844339781,
    "11":0.5480544728,
    "12":0.3597669758,
    "13":0.4616722792,
    "14":0.290974006,
    "15":0.4145368472,
    "16":0.3036803005,
    "17":0.2944386038,
    "18":0.23520655,
    "19":0.23239629,
    "20":0.4547654725,
    "21":0.2914190663,
    "22":0.22601791,
    "23":0.227265553,
    "24":0.2952842932,
    "25":0.3615554511,
    "26":0.3411343846,
    "27":0.5029353017,
    "28":0.3448654478,
    "29":0.4090719322,
    "30":0.3550075735,
    "31":0.5423970457,
    "32":0.2964393896,
    "33":0.294620959,
    "34":0.217315835,
    "35":0.3616031824,
    "36":0.2877993161,
    "37":0.4045422003,
    "38":0.22657366,
    "39":0.285064192,
    "40":0.2914297106,
    "41":0.230386815,
    "42":0.231350158,
    "43":0.4583206769,
    "44":0.3981101021,
    "45":0.350075845,
    "46":0.2309738563,
    "47":0.5413721898,
    "48":0.294995845,
    "49":0.23158423
  },
  "Delta_Uniform":{
    "0":-0.079662803,
    "1":-0.0253383346,
    "2":-0.04152528,
    "3":-0.057755403,
    "4":-0.0431413509,
    "5":-0.034507467,
    "6":-0.051354072,
    "7":-0.0426488294,
    "8":-0.0449818041,
    "9":-0.0500411851,
    "10":-0.0814002223,
    "11":-0.0904714987,
    "12":-0.0548443475,
    "13":-0.0530468793,
    "14":-0.03571947,
    "15":-0.0639039603,
    "16":-0.0523611297,
    "17":-0.0511648234,
    "18":-0.03262131,
    "19":-0.03206151,
    "20":-0.0665673447,
    "21":-0.0386868507,
    "22":-0.02248731,
    "23":-0.04688892,
    "24":-0.0520559199,
    "25":-0.0570312142,
    "26":-0.0564463404,
    "27":-0.0933792313,
    "28":-0.0479509743,
    "29":-0.0322434555,
    "30":-0.0696478988,
    "31":-0.058983367,
    "32":-0.0659174284,
    "33":-0.051604029,
    "34":-0.036531621,
    "35":-0.049105734,
    "36":-0.0564512811,
    "37":-0.0742075028,
    "38":-0.03350349,
    "39":-0.03796254,
    "40":-0.0208364845,
    "41":-0.028482255,
    "42":-0.039190284,
    "43":-0.0407354221,
    "44":-0.0579827192,
    "45":-0.0520382898,
    "46":-0.0418005078,
    "47":-0.0882730636,
    "48":-0.045413532,
    "49":-0.052306092
  },
  "Delta_Prop":{
    "0":-0.0719081603,
    "1":-0.0324981758,
    "2":-0.04494753,
    "3":-0.06748569,
    "4":-0.0638345545,
    "5":-0.045322883,
    "6":-0.052217208,
    "7":-0.0365239466,
    "8":-0.048063984,
    "9":-0.0441177524,
    "10":-0.0913838617,
    "11":-0.0996643783,
    "12":-0.0653315512,
    "13":-0.0733225017,
    "14":-0.047936286,
    "15":-0.0855723327,
    "16":-0.0631665297,
    "17":-0.0598277628,
    "18":-0.04541553,
    "19":-0.041876,
    "20":-0.0732705568,
    "21":-0.0434189784,
    "22":-0.02974338,
    "23":-0.038361537,
    "24":-0.0524978487,
    "25":-0.0669442478,
    "26":-0.0465062067,
    "27":-0.1003404937,
    "28":-0.0490938597,
    "29":-0.0596023342,
    "30":-0.0759490333,
    "31":-0.0662847651,
    "32":-0.0652319829,
    "33":-0.060977835,
    "34":-0.028970755,
    "35":-0.0647272943,
    "36":-0.0443116921,
    "37":-0.0855351058,
    "38":-0.04057884,
    "39":-0.042260238,
    "40":-0.0331055602,
    "41":-0.035623952,
    "42":-0.054433323,
    "43":-0.054797445,
    "44":-0.0643415837,
    "45":-0.0537610554,
    "46":-0.0442943943,
    "47":-0.0913686942,
    "48":-0.04716792,
    "49":-0.059258655
  }
}