{
  "Astrahl":{
    "0":0.1940126709,
    "1":0.101717961,
    "2":0.09246687,
    "3":0.138377451,
    "4":0.1594237469,
    "5":0.09123364,
    "6":0.08865989,
    "7":0.1966276125,
    "8":0.1621414897,
    "9":0.1766559076,
    "10":0.2850847968,
    "11":0.2704017339,
    "12":0.1500872949,
    "13":0.1910544809,
    "14":0.11925067,
    "15":0.1815976054,
    "16":0.135656816,
    "17":0.1292353915,
    "18":0.09995769,
    "19":0.10886588,
    "20":0.2101843274,
    "21":0.1403298333,
    "22":0.09882628,
    "23":0.097599221,
    "24":0.1398326148,
    "25":0.1597676982,
    "26":0.138385372,
    "27":0.2377184641,
    "28":0.1587913509,
    "29":0.1787613423,
    "30":0.1437629303,
    "31":0.2676942393,
    "32":0.1261819847,
    "33":0.119387342,
    "34":0.106283981,
    "35":0.1573981196,
    "36":0.1270348238,
    "37":0.180716754,
    "38":0.1108737,
    "39":0.11688825,
    "40":0.1366982008,
    "41":0.107825421,
    "42":0.090378421,
    "43":0.2211696738,
    "44":0.1921475641,
    "45":0.144750211,
    "46":0.0991764843,
    "47":0.2674074659,
    "48":0.153103613,
    "49":0.109067081
  },
  "Uniform":{
    "0":0.3186683758,
    "1":0.1589830837,
    "2":0.14669124,
    "3":0.193877131,
    "4":0.2368185622,
    "5":0.139790422,
    "6":0.15116005,
    "7":0.2730962039,
    "8":0.2433275574,
    "9":0.2460577173,
    "10":0.4128807747,
    "11":0.3825558594,
    "12":0.2375647288,
    "13":0.3139720678,
    "14":0.2074967,
    "15":0.2794786395,
    "16":0.20310947,
    "17":0.1944662237,
    "18":0.15116618,
    "19":0.15413618,
    "20":0.3178512954,
    "21":0.1963484022,
    "22":0.16259373,
    "23":0.15230363,
    "24":0.198816236,
    "25":0.25712867,
    "26":0.246825613,
    "27":0.3593580851,
    "28":0.2373096534,
    "29":0.2849977465,
    "30":0.2256315481,
    "31":0.3709604635,
    "32":0.1853933306,
    "33":0.18532235,
    "34":0.148516791,
    "35":0.2402537867,
    "36":0.1974787017,
    "37":0.275240952,
    "38":0.14959518,
    "39":0.202283321,
    "40":0.2093833997,
    "41":0.141596344,
    "42":0.157969462,
    "43":0.33169957,
    "44":0.2945488518,
    "45":0.2331887228,
    "46":0.1620066408,
    "47":0.3907087209,
    "48":0.204797121,
    "49":0.135882801
  },
  "Prop":{
    "0":0.3460333195,
    "1":0.1610920248,
    "2":0.16213846,
    "3":0.199732704,
    "4":0.265871826,
    "5":0.16244625,
    "6":0.17106494,
    "7":0.3101907519,
    "8":0.2707104292,
    "9":0.2550266589,
    "10":0.4551044126,
    "11":0.4206848528,
    "12":0.2458794268,
    "13":0.3322949967,
    "14":0.205816221,
    "15":0.3009322704,
    "16":0.195540143,
    "17":0.1977150437,
    "18":0.16633049,
    "19":0.15610788,
    "20":0.3493511954,
    "21":0.213963758,
    "22":0.16871809,
    "23":0.154183331,
    "24":0.2141667079,
    "25":0.2577704558,
    "26":0.253287792,
    "27":0.3713230274,
    "28":0.2435375877,
    "29":0.2891633935,
    "30":0.255378868,
    "31":0.414483465,
    "32":0.1972511586,
    "33":0.215480311,
    "34":0.16031256,
    "35":0.2629505947,
    "36":0.2295811887,
    "37":0.3035989827,
    "38":0.15798569,
    "39":0.210299894,
    "40":0.2034974823,
    "41":0.175576252,
    "42":0.17837217,
    "43":0.3331983365,
    "44":0.2989719838,
    "45":0.257479182,
    "46":0.1477935219,
    "47":0.401252443,
    "48":0.209090382,
    "49":0.163408421
  },
  "Delta_Uniform":{
    "0":-0.1246557049,
    "1":-0.0572651227,
    "2":-0.05422437,
    "3":-0.05549968,
    "4":-0.0773948153,
    "5":-0.048556782,
    "6":-0.06250016,
    "7":-0.0764685914,
    "8":-0.0811860677,
    "9":-0.0694018097,
    "10":-0.1277959779,
    "11":-0.1121541255,
    "12":-0.0874774339,
    "13":-0.1229175869,
    "14":-0.08824603,
    "15":-0.0978810341,
    "16":-0.067452654,
    "17":-0.0652308322,
    "18":-0.05120849,
    "19":-0.0452703,
    "20":-0.107666968,
    "21":-0.0560185689,
    "22":-0.06376745,
    "23":-0.054704409,
    "24":-0.0589836212,
    "25":-0.0973609718,
    "26":-0.108440241,
    "27":-0.1216396209,
    "28":-0.0785183024,
    "29":-0.1062364042,
    "30":-0.0818686179,
    "31":-0.1032662241,
    "32":-0.0592113459,
    "33":-0.065935008,
    "34":-0.04223281,
    "35":-0.0828556671,
    "36":-0.0704438779,
    "37":-0.094524198,
    "38":-0.03872148,
    "39":-0.085395071,
    "40":-0.0726851989,
    "41":-0.033770923,
    "42":-0.067591041,
    "43":-0.1105298962,
    "44":-0.1024012877,
    "45":-0.0884385118,
    "46":-0.0628301565,
    "47":-0.1233012551,
    "48":-0.051693508,
    "49":-0.02681572
  },
  "Delta_Prop":{
    "0":-0.1520206486,
    "1":-0.0593740638,
    "2":-0.06967159,
    "3":-0.061355253,
    "4":-0.1064480791,
    "5":-0.07121261,
    "6":-0.08240505,
    "7":-0.1135631394,
    "8":-0.1085689395,
    "9":-0.0783707513,
    "10":-0.1700196158,
    "11":-0.1502831189,
    "12":-0.0957921319,
    "13":-0.1412405158,
    "14":-0.086565551,
    "15":-0.119334665,
    "16":-0.059883327,
    "17":-0.0684796522,
    "18":-0.0663728,
    "19":-0.047242,
    "20":-0.139166868,
    "21":-0.0736339247,
    "22":-0.06989181,
    "23":-0.05658411,
    "24":-0.0743340931,
    "25":-0.0980027576,
    "26":-0.11490242,
    "27":-0.1336045633,
    "28":-0.0847462368,
    "29":-0.1104020511,
    "30":-0.1116159378,
    "31":-0.1467892256,
    "32":-0.0710691739,
    "33":-0.096092969,
    "34":-0.054028579,
    "35":-0.105552475,
    "36":-0.1025463649,
    "37":-0.1228822287,
    "38":-0.04711199,
    "39":-0.093411644,
    "40":-0.0667992815,
    "41":-0.067750831,
    "42":-0.087993749,
    "43":-0.1120286627,
    "44":-0.1068244197,
    "45":-0.112728971,
    "46":-0.0486170376,
    "47":-0.1338449771,
    "48":-0.055986769,
    "49":-0.05434134
  }
}