{
  "Astrahl":{
    "0":0.000024073,
    "1":0.00001897,
    "2":0.0000337022,
    "3":0.0000468559,
    "4":0.0000925779,
    "5":0.00002981,
    "6":0.0000993345,
    "7":0.0001121662,
    "8":0.000034688,
    "9":0.0003657284,
    "10":0.0000608703,
    "11":0.000043089,
    "12":0.000129912,
    "13":0.0008836495,
    "14":0.0002243219,
    "15":0.000042818,
    "16":0.00001897,
    "17":0.0001003513,
    "18":0.0000286657,
    "19":0.0001321316,
    "20":0.0000374847,
    "21":0.0000536484,
    "22":0.000044715,
    "23":0.0000163804,
    "24":0.0000331162,
    "25":0.00001626,
    "26":0.000050406,
    "27":0.0002209251,
    "28":0.0001946894,
    "29":0.0000327991,
    "30":0.0000569533,
    "31":0.0000826048,
    "32":0.0001798907,
    "33":0.0000245706,
    "34":0.0000870723,
    "35":0.0001875642,
    "36":0.0002256359,
    "37":0.0000417362,
    "38":0.0001087412,
    "39":0.0001741646,
    "40":0.0001419533,
    "41":0.000085356,
    "42":0.000127659,
    "43":0.0001294567,
    "44":0.0002077787,
    "45":0.0001069491,
    "46":0.0000528268,
    "47":0.0001781402,
    "48":0.0001344831,
    "49":0.0001179374
  },
  "Uniform":{
    "0":0.000053636,
    "1":0.00004796,
    "2":0.0001259007,
    "3":0.0000962788,
    "4":0.0002845218,
    "5":0.00005219,
    "6":0.0003602916,
    "7":0.0001931499,
    "8":0.000098606,
    "9":0.0009698643,
    "10":0.0001717616,
    "11":0.000102924,
    "12":0.0003241799,
    "13":0.0021838284,
    "14":0.0005281821,
    "15":0.000096675,
    "16":0.00004197,
    "17":0.0001639556,
    "18":0.0000896465,
    "19":0.0002135768,
    "20":0.0000762407,
    "21":0.0002635408,
    "22":0.000122962,
    "23":0.0000652532,
    "24":0.0002528614,
    "25":0.00005466,
    "26":0.000099426,
    "27":0.00061778,
    "28":0.0003635418,
    "29":0.0001066722,
    "30":0.0001154844,
    "31":0.0001806123,
    "32":0.0003414153,
    "33":0.0001062296,
    "34":0.0002357985,
    "35":0.0004754298,
    "36":0.0003807121,
    "37":0.0002012343,
    "38":0.0001727714,
    "39":0.000381001,
    "40":0.0004052508,
    "41":0.0001607598,
    "42":0.0003503031,
    "43":0.0002448761,
    "44":0.000414888,
    "45":0.0003758828,
    "46":0.0001408069,
    "47":0.0004295722,
    "48":0.000305238,
    "49":0.0003288135
  },
  "Prop":{
    "0":0.000078577,
    "1":0.00005832,
    "2":0.0001191064,
    "3":0.0000848143,
    "4":0.0002768877,
    "5":0.00006008,
    "6":0.0003543311,
    "7":0.0001789883,
    "8":0.000097331,
    "9":0.0009857397,
    "10":0.0001293903,
    "11":0.000084048,
    "12":0.000345415,
    "13":0.0020625614,
    "14":0.0005789885,
    "15":0.000114253,
    "16":0.00007391,
    "17":0.0001704112,
    "18":0.0000848946,
    "19":0.0002686411,
    "20":0.0000844867,
    "21":0.0002379896,
    "22":0.000110147,
    "23":0.0000658042,
    "24":0.00018107,
    "25":0.00006361,
    "26":0.000098872,
    "27":0.0005362514,
    "28":0.0003926703,
    "29":0.0001167878,
    "30":0.0001072257,
    "31":0.0002502832,
    "32":0.0003721701,
    "33":0.0000865553,
    "34":0.0002239756,
    "35":0.0004698798,
    "36":0.0004791133,
    "37":0.0002411528,
    "38":0.0001878376,
    "39":0.0004266425,
    "40":0.0003698847,
    "41":0.0002341703,
    "42":0.0002885631,
    "43":0.0002858716,
    "44":0.0004588476,
    "45":0.0004838872,
    "46":0.0001664188,
    "47":0.0004728143,
    "48":0.0003404295,
    "49":0.0002829344
  },
  "Delta_Uniform":{
    "0":-0.000029563,
    "1":-0.00002899,
    "2":-0.0000921985,
    "3":-0.0000494229,
    "4":-0.000191944,
    "5":-0.00002238,
    "6":-0.0002609571,
    "7":-0.0000809837,
    "8":-0.000063918,
    "9":-0.000604136,
    "10":-0.0001108913,
    "11":-0.000059835,
    "12":-0.0001942679,
    "13":-0.0013001789,
    "14":-0.0003038602,
    "15":-0.000053857,
    "16":-0.000023,
    "17":-0.0000636043,
    "18":-0.0000609808,
    "19":-0.0000814451,
    "20":-0.000038756,
    "21":-0.0002098924,
    "22":-0.000078247,
    "23":-0.0000488728,
    "24":-0.0002197452,
    "25":-0.0000384,
    "26":-0.00004902,
    "27":-0.0003968549,
    "28":-0.0001688524,
    "29":-0.0000738731,
    "30":-0.0000585312,
    "31":-0.0000980075,
    "32":-0.0001615246,
    "33":-0.000081659,
    "34":-0.0001487262,
    "35":-0.0002878656,
    "36":-0.0001550762,
    "37":-0.0001594981,
    "38":-0.0000640302,
    "39":-0.0002068364,
    "40":-0.0002632975,
    "41":-0.0000754038,
    "42":-0.000222644,
    "43":-0.0001154194,
    "44":-0.0002071093,
    "45":-0.0002689336,
    "46":-0.0000879801,
    "47":-0.000251432,
    "48":-0.000170755,
    "49":-0.0002108761
  },
  "Delta_Prop":{
    "0":-0.000054504,
    "1":-0.00003935,
    "2":-0.0000854042,
    "3":-0.0000379584,
    "4":-0.0001843098,
    "5":-0.00003027,
    "6":-0.0002549966,
    "7":-0.0000668221,
    "8":-0.000062643,
    "9":-0.0006200113,
    "10":-0.00006852,
    "11":-0.000040959,
    "12":-0.000215503,
    "13":-0.0011789118,
    "14":-0.0003546666,
    "15":-0.000071435,
    "16":-0.00005494,
    "17":-0.0000700599,
    "18":-0.0000562289,
    "19":-0.0001365095,
    "20":-0.000047002,
    "21":-0.0001843412,
    "22":-0.000065432,
    "23":-0.0000494238,
    "24":-0.0001479538,
    "25":-0.00004735,
    "26":-0.000048466,
    "27":-0.0003153263,
    "28":-0.0001979809,
    "29":-0.0000839886,
    "30":-0.0000502724,
    "31":-0.0001676784,
    "32":-0.0001922795,
    "33":-0.0000619847,
    "34":-0.0001369033,
    "35":-0.0002823156,
    "36":-0.0002534774,
    "37":-0.0001994165,
    "38":-0.0000790964,
    "39":-0.0002524779,
    "40":-0.0002279314,
    "41":-0.0001488143,
    "42":-0.0001609041,
    "43":-0.0001564149,
    "44":-0.0002510689,
    "45":-0.0003769381,
    "46":-0.000113592,
    "47":-0.0002946741,
    "48":-0.0002059464,
    "49":-0.000164997
  }
}