{
  "Astrahl":{
    "0":0.0001299445,
    "1":0.000039295,
    "2":0.0000271,
    "3":0.0000501358,
    "4":0.0000646532,
    "5":0.0000971323,
    "6":0.0000566661,
    "7":0.0000841699,
    "8":0.0000704871,
    "9":0.000050406,
    "10":0.0000204755,
    "11":0.0000536484,
    "12":0.000064227,
    "13":0.000027512,
    "14":0.0000757594,
    "15":0.0000333583,
    "16":0.0000704995,
    "17":0.0003471774,
    "18":0.000023428,
    "19":0.0000281135,
    "20":0.0000474582,
    "21":0.00003439,
    "22":0.0000679787,
    "23":0.0000313022,
    "24":0.0000705339,
    "25":0.0002508571,
    "26":0.0000822265,
    "27":0.0000368559,
    "28":0.000120156,
    "29":0.000048146,
    "30":0.0000327991,
    "31":0.0010483205,
    "32":0.0000899862,
    "33":0.0000081902,
    "34":0.0001670976,
    "35":0.00001355,
    "36":0.00002168,
    "37":0.0001642252,
    "38":0.0006704799,
    "39":0.0001984347,
    "40":0.0000496673,
    "41":0.000041268,
    "42":0.000041268,
    "43":0.0001245606,
    "44":0.0001007402,
    "45":0.0002022529,
    "46":0.00002168,
    "47":0.0000409241,
    "48":0.0000245706,
    "49":0.0001074759
  },
  "Uniform":{
    "0":0.0001854873,
    "1":0.000093187,
    "2":0.00003892,
    "3":0.0001770281,
    "4":0.0000968365,
    "5":0.0002645364,
    "6":0.0001342062,
    "7":0.0002770955,
    "8":0.0001734107,
    "9":0.000119405,
    "10":0.0000819541,
    "11":0.0001392995,
    "12":0.000092263,
    "13":0.000069105,
    "14":0.0001971772,
    "15":0.0000982792,
    "16":0.0001238752,
    "17":0.0005322392,
    "18":0.0000919928,
    "19":0.0000685928,
    "20":0.0001452377,
    "21":0.000057857,
    "22":0.0001684575,
    "23":0.0001409111,
    "24":0.0001684006,
    "25":0.0004994595,
    "26":0.0001916203,
    "27":0.0000720375,
    "28":0.0002416656,
    "29":0.000072351,
    "30":0.0001084893,
    "31":0.0023438677,
    "32":0.000184935,
    "33":0.0000681646,
    "34":0.0003777183,
    "35":0.00004453,
    "36":0.00006512,
    "37":0.000487691,
    "38":0.0018599382,
    "39":0.000507184,
    "40":0.0002101102,
    "41":0.000066115,
    "42":0.000060778,
    "43":0.0003425299,
    "44":0.0001955199,
    "45":0.0005432151,
    "46":0.00006404,
    "47":0.0001718439,
    "48":0.0000734732,
    "49":0.0001946438
  },
  "Prop":{
    "0":0.0002578569,
    "1":0.000088306,
    "2":0.00005818,
    "3":0.0001587243,
    "4":0.0001514665,
    "5":0.000289989,
    "6":0.0001510925,
    "7":0.0001968428,
    "8":0.0001849405,
    "9":0.00012866,
    "10":0.0000672351,
    "11":0.0001105564,
    "12":0.000088026,
    "13":0.000077864,
    "14":0.0002022818,
    "15":0.0001398225,
    "16":0.0001455075,
    "17":0.0006808128,
    "18":0.0000833328,
    "19":0.0001169371,
    "20":0.0001505565,
    "21":0.000065295,
    "22":0.0001149385,
    "23":0.0001149046,
    "24":0.0002086141,
    "25":0.0005011631,
    "26":0.0001821473,
    "27":0.0000954257,
    "28":0.0001953534,
    "29":0.000065212,
    "30":0.0001051513,
    "31":0.0021753224,
    "32":0.0002717491,
    "33":0.0000925452,
    "34":0.0003734937,
    "35":0.00006199,
    "36":0.00005418,
    "37":0.0004723125,
    "38":0.0020125771,
    "39":0.0006291848,
    "40":0.0001671372,
    "41":0.000077702,
    "42":0.000061327,
    "43":0.0003153312,
    "44":0.000169833,
    "45":0.000457723,
    "46":0.00005348,
    "47":0.0001268151,
    "48":0.0000582701,
    "49":0.0001626669
  },
  "Delta_Uniform":{
    "0":-0.0000555428,
    "1":-0.000053892,
    "2":-0.00001182,
    "3":-0.0001268923,
    "4":-0.0000321833,
    "5":-0.0001674042,
    "6":-0.0000775401,
    "7":-0.0001929256,
    "8":-0.0001029236,
    "9":-0.000068999,
    "10":-0.0000614786,
    "11":-0.0000856511,
    "12":-0.000028036,
    "13":-0.000041593,
    "14":-0.0001214179,
    "15":-0.0000649209,
    "16":-0.0000533757,
    "17":-0.0001850619,
    "18":-0.0000685648,
    "19":-0.0000404793,
    "20":-0.0000977795,
    "21":-0.000023467,
    "22":-0.0001004788,
    "23":-0.000109609,
    "24":-0.0000978667,
    "25":-0.0002486024,
    "26":-0.0001093938,
    "27":-0.0000351816,
    "28":-0.0001215096,
    "29":-0.000024205,
    "30":-0.0000756902,
    "31":-0.0012955472,
    "32":-0.0000949488,
    "33":-0.0000599744,
    "34":-0.0002106208,
    "35":-0.00003098,
    "36":-0.00004344,
    "37":-0.0003234657,
    "38":-0.0011894583,
    "39":-0.0003087492,
    "40":-0.000160443,
    "41":-0.000024847,
    "42":-0.00001951,
    "43":-0.0002179694,
    "44":-0.0000947797,
    "45":-0.0003409622,
    "46":-0.00004236,
    "47":-0.0001309198,
    "48":-0.0000489026,
    "49":-0.0000871679
  },
  "Delta_Prop":{
    "0":-0.0001279124,
    "1":-0.000049011,
    "2":-0.00003108,
    "3":-0.0001085885,
    "4":-0.0000868133,
    "5":-0.0001928567,
    "6":-0.0000944264,
    "7":-0.0001126729,
    "8":-0.0001144534,
    "9":-0.000078254,
    "10":-0.0000467596,
    "11":-0.000056908,
    "12":-0.000023799,
    "13":-0.000050352,
    "14":-0.0001265224,
    "15":-0.0001064642,
    "16":-0.000075008,
    "17":-0.0003336354,
    "18":-0.0000599048,
    "19":-0.0000888235,
    "20":-0.0001030983,
    "21":-0.000030905,
    "22":-0.0000469598,
    "23":-0.0000836024,
    "24":-0.0001380802,
    "25":-0.000250306,
    "26":-0.0000999208,
    "27":-0.0000585698,
    "28":-0.0000751974,
    "29":-0.000017066,
    "30":-0.0000723521,
    "31":-0.0011270019,
    "32":-0.000181763,
    "33":-0.000084355,
    "34":-0.0002063961,
    "35":-0.00004844,
    "36":-0.0000325,
    "37":-0.0003080872,
    "38":-0.0013420972,
    "39":-0.00043075,
    "40":-0.00011747,
    "41":-0.000036434,
    "42":-0.000020059,
    "43":-0.0001907706,
    "44":-0.0000690928,
    "45":-0.0002554701,
    "46":-0.0000318,
    "47":-0.000085891,
    "48":-0.0000336995,
    "49":-0.000055191
  }
}