{
  "Astrahl":{
    "0":0.0117683701,
    "1":0.0106108255,
    "2":0.005575446,
    "3":0.0307174548,
    "4":0.005231705,
    "5":0.0114821797,
    "6":0.0147632525,
    "7":0.0117239011,
    "8":0.0063826801,
    "9":0.005736584,
    "10":0.0044941101,
    "11":0.0200493258,
    "12":0.0184539122,
    "13":0.0047112898,
    "14":0.00569405,
    "15":0.005326828,
    "16":0.0357110195,
    "17":0.0080715381,
    "18":0.0070104847,
    "19":0.0128298527,
    "20":0.0065418194,
    "21":0.005781944,
    "22":0.00518721,
    "23":0.0172489462,
    "24":0.0062211354,
    "25":0.00528892,
    "26":0.0058396638,
    "27":0.0049763924,
    "28":0.0551836443,
    "29":0.0114339243,
    "30":0.0053609452,
    "31":0.00522195,
    "32":0.0098320651,
    "33":0.0217888421,
    "34":0.0109590091,
    "35":0.0207089846,
    "36":0.0176759266,
    "37":0.005224389,
    "38":0.0047777895,
    "39":0.0058530374,
    "40":0.0045361844,
    "41":0.011875418,
    "42":0.0059403708,
    "43":0.0052578501,
    "44":0.0058361537,
    "45":0.0061174498,
    "46":0.0056535477,
    "47":0.0058921855,
    "48":0.0319793514,
    "49":0.0109551207
  },
  "Uniform":{
    "0":0.0167962712,
    "1":0.016030486,
    "2":0.008421813,
    "3":0.0444234929,
    "4":0.0085064336,
    "5":0.015158841,
    "6":0.0230774967,
    "7":0.0138515683,
    "8":0.0086223627,
    "9":0.008062314,
    "10":0.0086836559,
    "11":0.0301688737,
    "12":0.0257773462,
    "13":0.0082147673,
    "14":0.00799744,
    "15":0.008273058,
    "16":0.0564309326,
    "17":0.0159344094,
    "18":0.0082055508,
    "19":0.0207886373,
    "20":0.0086861987,
    "21":0.008012636,
    "22":0.00831448,
    "23":0.0295832173,
    "24":0.0070332484,
    "25":0.00769435,
    "26":0.0089059249,
    "27":0.0077537963,
    "28":0.077677771,
    "29":0.0151269326,
    "30":0.0080802021,
    "31":0.007363768,
    "32":0.0147964249,
    "33":0.0356644843,
    "34":0.0161079631,
    "35":0.0288885556,
    "36":0.028258678,
    "37":0.008258308,
    "38":0.0091224435,
    "39":0.0091503171,
    "40":0.0082026349,
    "41":0.01540665,
    "42":0.0083921837,
    "43":0.0078009168,
    "44":0.0087063176,
    "45":0.0081838337,
    "46":0.0086311031,
    "47":0.0086125289,
    "48":0.0436450156,
    "49":0.0158836697
  },
  "Prop":{
    "0":0.0147875825,
    "1":0.0168758751,
    "2":0.008109615,
    "3":0.0414295077,
    "4":0.0087170186,
    "5":0.0156388479,
    "6":0.0251938785,
    "7":0.0153923721,
    "8":0.0072847051,
    "9":0.00794972,
    "10":0.0091992624,
    "11":0.0273648596,
    "12":0.0296442322,
    "13":0.0082117067,
    "14":0.00762026,
    "15":0.008664795,
    "16":0.0542994486,
    "17":0.0150249649,
    "18":0.0090075379,
    "19":0.0220850707,
    "20":0.0084631372,
    "21":0.008391667,
    "22":0.00820268,
    "23":0.028334909,
    "24":0.0082417942,
    "25":0.00852101,
    "26":0.0082110527,
    "27":0.0082105677,
    "28":0.0776298012,
    "29":0.0157156946,
    "30":0.0075911213,
    "31":0.008870841,
    "32":0.0159578781,
    "33":0.0341594617,
    "34":0.0150673584,
    "35":0.02841296,
    "36":0.028700369,
    "37":0.007650107,
    "38":0.0077835473,
    "39":0.0088437798,
    "40":0.0070024049,
    "41":0.015920827,
    "42":0.008583385,
    "43":0.008897121,
    "44":0.0084863826,
    "45":0.008755966,
    "46":0.0081833819,
    "47":0.0092895261,
    "48":0.0413005331,
    "49":0.0156957164
  },
  "Delta_Uniform":{
    "0":-0.0050279011,
    "1":-0.0054196605,
    "2":-0.002846367,
    "3":-0.0137060381,
    "4":-0.0032747286,
    "5":-0.0036766612,
    "6":-0.0083142441,
    "7":-0.0021276672,
    "8":-0.0022396826,
    "9":-0.00232573,
    "10":-0.0041895458,
    "11":-0.0101195479,
    "12":-0.007323434,
    "13":-0.0035034776,
    "14":-0.00230339,
    "15":-0.00294623,
    "16":-0.0207199131,
    "17":-0.0078628713,
    "18":-0.0011950661,
    "19":-0.0079587846,
    "20":-0.0021443793,
    "21":-0.002230692,
    "22":-0.00312727,
    "23":-0.0123342712,
    "24":-0.000812113,
    "25":-0.00240543,
    "26":-0.0030662612,
    "27":-0.0027774039,
    "28":-0.0224941267,
    "29":-0.0036930083,
    "30":-0.0027192569,
    "31":-0.002141818,
    "32":-0.0049643598,
    "33":-0.0138756422,
    "34":-0.005148954,
    "35":-0.008179571,
    "36":-0.0105827515,
    "37":-0.003033919,
    "38":-0.004344654,
    "39":-0.0032972797,
    "40":-0.0036664505,
    "41":-0.003531232,
    "42":-0.0024518129,
    "43":-0.0025430667,
    "44":-0.0028701639,
    "45":-0.0020663838,
    "46":-0.0029775554,
    "47":-0.0027203434,
    "48":-0.0116656642,
    "49":-0.004928549
  },
  "Delta_Prop":{
    "0":-0.0030192124,
    "1":-0.0062650496,
    "2":-0.002534169,
    "3":-0.0107120529,
    "4":-0.0034853136,
    "5":-0.0041566682,
    "6":-0.0104306259,
    "7":-0.003668471,
    "8":-0.000902025,
    "9":-0.002213136,
    "10":-0.0047051523,
    "11":-0.0073155338,
    "12":-0.01119032,
    "13":-0.003500417,
    "14":-0.00192621,
    "15":-0.003337967,
    "16":-0.0185884291,
    "17":-0.0069534268,
    "18":-0.0019970532,
    "19":-0.009255218,
    "20":-0.0019213179,
    "21":-0.002609723,
    "22":-0.00301547,
    "23":-0.0110859628,
    "24":-0.0020206588,
    "25":-0.00323209,
    "26":-0.002371389,
    "27":-0.0032341753,
    "28":-0.0224461569,
    "29":-0.0042817703,
    "30":-0.0022301761,
    "31":-0.003648891,
    "32":-0.006125813,
    "33":-0.0123706196,
    "34":-0.0041083493,
    "35":-0.0077039754,
    "36":-0.0110244425,
    "37":-0.002425718,
    "38":-0.0030057578,
    "39":-0.0029907424,
    "40":-0.0024662205,
    "41":-0.004045409,
    "42":-0.0026430143,
    "43":-0.0036392709,
    "44":-0.0026502289,
    "45":-0.0026385162,
    "46":-0.0025298341,
    "47":-0.0033973406,
    "48":-0.0093211816,
    "49":-0.0047405957
  }
}