{
  "Astrahl":{
    "0":0.2232547476,
    "1":0.2124778706,
    "2":0.2066969955,
    "3":0.1836279831,
    "4":0.096467581,
    "5":0.2463714458,
    "6":0.2394899078,
    "7":0.1213140509,
    "8":0.2475087396,
    "9":0.2519328595,
    "10":0.134503356,
    "11":0.2052472707,
    "12":0.2898175795,
    "13":0.1427101113,
    "14":0.2017834995,
    "15":0.1423978697,
    "16":0.1922165052,
    "17":0.2697431627,
    "18":0.14644724,
    "19":0.182935666,
    "20":0.127908308,
    "21":0.264576923,
    "22":0.2219503257,
    "23":0.1130241361,
    "24":0.1763525555,
    "25":0.2523478357,
    "26":0.2457364252,
    "27":0.1245079622,
    "28":0.1799223866,
    "29":0.2526999849,
    "30":0.2477999127,
    "31":0.1662546222,
    "32":0.1956510561,
    "33":0.1760216954,
    "34":0.277064976,
    "35":0.2516402027,
    "36":0.2354368235,
    "37":0.2450777719,
    "38":0.1925311895,
    "39":0.1119204398,
    "40":0.2315114498,
    "41":0.1484519521,
    "42":0.237765914,
    "43":0.1794980917,
    "44":0.1423287811,
    "45":0.1472790741,
    "46":0.117744832,
    "47":0.202366773,
    "48":0.128885599,
    "49":0.2091096104,
    "50":0.2381855256,
    "51":0.1000142752,
    "52":0.1767221522,
    "53":0.1078798632,
    "54":0.1889060379,
    "55":0.1553395861,
    "56":0.1515586284,
    "57":0.199509312,
    "58":0.130136069,
    "59":0.2000989151,
    "60":0.2561167029,
    "61":0.1528666784,
    "62":0.2760075401,
    "63":0.1220210349,
    "64":0.182515714,
    "65":0.2109043034,
    "66":0.175740432,
    "67":0.2205604946,
    "68":0.1460346172,
    "69":0.2432388745,
    "70":0.2864186294,
    "71":0.2394039849,
    "72":0.0902880435,
    "73":0.2591055183,
    "74":0.1910998031,
    "75":0.1924656693,
    "76":0.2081191503,
    "77":0.1290290196,
    "78":0.1770574774,
    "79":0.1271931735,
    "80":0.2275807997,
    "81":0.3060990288,
    "82":0.2440751506,
    "83":0.2260916272,
    "84":0.2368514018,
    "85":0.2879471516,
    "86":0.1806091199,
    "87":0.1887155156,
    "88":0.1332231835,
    "89":0.1378827011,
    "90":0.2761486628,
    "91":0.163414172,
    "92":0.1398917729,
    "93":0.2318633409,
    "94":0.2468714915,
    "95":0.2020592848,
    "96":0.1702580316,
    "97":0.2190425479,
    "98":0.3704975026,
    "99":0.2329641558
  },
  "Uniform":{
    "0":0.2577155748,
    "1":0.2481877512,
    "2":0.2549227852,
    "3":0.227118468,
    "4":0.1186659634,
    "5":0.2681660306,
    "6":0.3025534036,
    "7":0.143263867,
    "8":0.2925887765,
    "9":0.282794728,
    "10":0.1568202257,
    "11":0.2462046423,
    "12":0.35073762,
    "13":0.1732971278,
    "14":0.2730035553,
    "15":0.180601511,
    "16":0.2262069063,
    "17":0.3076135216,
    "18":0.1767664209,
    "19":0.2126525275,
    "20":0.1520353342,
    "21":0.3096163864,
    "22":0.255771719,
    "23":0.1372955773,
    "24":0.2065494752,
    "25":0.2932289295,
    "26":0.2796517886,
    "27":0.1485269665,
    "28":0.2212658048,
    "29":0.3003169341,
    "30":0.2960968854,
    "31":0.2112328781,
    "32":0.237847471,
    "33":0.2061502498,
    "34":0.3092256196,
    "35":0.3021846674,
    "36":0.2923415148,
    "37":0.3067957069,
    "38":0.2239967538,
    "39":0.1327826956,
    "40":0.3062744744,
    "41":0.1716176586,
    "42":0.2795171708,
    "43":0.2179915211,
    "44":0.1720030269,
    "45":0.148808024,
    "46":0.1455896324,
    "47":0.243743041,
    "48":0.1667823726,
    "49":0.2386804862,
    "50":0.3308498743,
    "51":0.1286475919,
    "52":0.2201470472,
    "53":0.1448197852,
    "54":0.2146534674,
    "55":0.1680481017,
    "56":0.1731630029,
    "57":0.2315795624,
    "58":0.1421181217,
    "59":0.2597357569,
    "60":0.2743242592,
    "61":0.2041428596,
    "62":0.3087162283,
    "63":0.1421299514,
    "64":0.2311529741,
    "65":0.2801531076,
    "66":0.2133576229,
    "67":0.2743064417,
    "68":0.1853953262,
    "69":0.3034666802,
    "70":0.3104370789,
    "71":0.2947389158,
    "72":0.115459891,
    "73":0.330566347,
    "74":0.2172178181,
    "75":0.2337773499,
    "76":0.2772115515,
    "77":0.1555948431,
    "78":0.1988190173,
    "79":0.1444209337,
    "80":0.2683666991,
    "81":0.3312777067,
    "82":0.2850186988,
    "83":0.2663767377,
    "84":0.2733638874,
    "85":0.3015600568,
    "86":0.2116225826,
    "87":0.2248776656,
    "88":0.1635932296,
    "89":0.1784664655,
    "90":0.2944233498,
    "91":0.1941732864,
    "92":0.1572012368,
    "93":0.277364299,
    "94":0.2535333931,
    "95":0.2713185521,
    "96":0.2185397894,
    "97":0.2607748366,
    "98":0.3082740284,
    "99":0.2998590505
  },
  "Prop":{
    "0":0.2670858908,
    "1":0.2198274228,
    "2":0.2082301263,
    "3":0.1905233059,
    "4":0.1101309903,
    "5":0.263049796,
    "6":0.2700732387,
    "7":0.1394033316,
    "8":0.2310256571,
    "9":0.300823688,
    "10":0.1471894283,
    "11":0.2037907075,
    "12":0.3084691454,
    "13":0.1381771992,
    "14":0.2024838586,
    "15":0.1656385797,
    "16":0.1806080079,
    "17":0.2519534489,
    "18":0.1206592899,
    "19":0.1954147075,
    "20":0.1479685215,
    "21":0.3039256316,
    "22":0.1983596938,
    "23":0.1253706258,
    "24":0.2016290541,
    "25":0.2379828953,
    "26":0.2012744219,
    "27":0.1590351365,
    "28":0.1858008863,
    "29":0.2731727456,
    "30":0.2953629661,
    "31":0.1999660504,
    "32":0.2099219537,
    "33":0.2043723301,
    "34":0.2595058693,
    "35":0.2704097685,
    "36":0.2183779497,
    "37":0.2359876968,
    "38":0.2039164779,
    "39":0.1504059964,
    "40":0.2679493995,
    "41":0.197685466,
    "42":0.213970934,
    "43":0.1943013119,
    "44":0.152257447,
    "45":0.1927654088,
    "46":0.158563116,
    "47":0.2331966676,
    "48":0.1507503813,
    "49":0.221569007,
    "50":0.2579080592,
    "51":0.1286357676,
    "52":0.1734398473,
    "53":0.1296298455,
    "54":0.2135416688,
    "55":0.1928737515,
    "56":0.148293521,
    "57":0.2376783084,
    "58":0.1743017072,
    "59":0.2090286397,
    "60":0.2907305701,
    "61":0.178321918,
    "62":0.2646135114,
    "63":0.1719743042,
    "64":0.1710339509,
    "65":0.1960163745,
    "66":0.1514077408,
    "67":0.2170542437,
    "68":0.1713542706,
    "69":0.2470001444,
    "70":0.2925478467,
    "71":0.2409885514,
    "72":0.1113260597,
    "73":0.2662598633,
    "74":0.2018442293,
    "75":0.1814043968,
    "76":0.19966957,
    "77":0.172526222,
    "78":0.233197508,
    "79":0.1701197382,
    "80":0.2524597533,
    "81":0.312376561,
    "82":0.2609048241,
    "83":0.2488619433,
    "84":0.2160010696,
    "85":0.3084020908,
    "86":0.1617349769,
    "87":0.2197532431,
    "88":0.1707108406,
    "89":0.1550237765,
    "90":0.2765192711,
    "91":0.1456752081,
    "92":0.180683347,
    "93":0.2342084651,
    "94":0.2411713071,
    "95":0.1918550138,
    "96":0.2133706979,
    "97":0.2256502277,
    "98":0.2886637752,
    "99":0.2162711177
  },
  "Delta_Uniform":{
    "0":-0.0344608272,
    "1":-0.0357098806,
    "2":-0.0482257897,
    "3":-0.0434904849,
    "4":-0.0221983824,
    "5":-0.0217945847,
    "6":-0.0630634958,
    "7":-0.0219498161,
    "8":-0.0450800369,
    "9":-0.0308618685,
    "10":-0.0223168697,
    "11":-0.0409573716,
    "12":-0.0609200405,
    "13":-0.0305870166,
    "14":-0.0712200558,
    "15":-0.0382036413,
    "16":-0.0339904011,
    "17":-0.0378703589,
    "18":-0.0303191809,
    "19":-0.0297168615,
    "20":-0.0241270262,
    "21":-0.0450394634,
    "22":-0.0338213934,
    "23":-0.0242714412,
    "24":-0.0301969196,
    "25":-0.0408810938,
    "26":-0.0339153634,
    "27":-0.0240190043,
    "28":-0.0413434182,
    "29":-0.0476169493,
    "30":-0.0482969727,
    "31":-0.0449782559,
    "32":-0.0421964149,
    "33":-0.0301285544,
    "34":-0.0321606436,
    "35":-0.0505444647,
    "36":-0.0569046913,
    "37":-0.061717935,
    "38":-0.0314655643,
    "39":-0.0208622558,
    "40":-0.0747630246,
    "41":-0.0231657065,
    "42":-0.0417512568,
    "43":-0.0384934294,
    "44":-0.0296742458,
    "45":-0.00152895,