{
  "Astrahl":{
    "0":0.0691452645,
    "1":0.0178929034,
    "2":0.0319339483,
    "3":0.011214294,
    "4":0.0337092677,
    "5":0.0316506439,
    "6":0.0320448152,
    "7":0.0685246339,
    "8":0.011173216,
    "9":0.0432267325,
    "10":0.0211644293,
    "11":0.015918188,
    "12":0.013552723,
    "13":0.0353252071,
    "14":0.0254106599,
    "15":0.011604535,
    "16":0.013535201,
    "17":0.0289012745,
    "18":0.018673259,
    "19":0.01250011,
    "20":0.0118949321,
    "21":0.0259560037,
    "22":0.0213523259,
    "23":0.041952013,
    "24":0.0439986722,
    "25":0.0228225629,
    "26":0.0411743575,
    "27":0.0388237403,
    "28":0.01135113,
    "29":0.01586781,
    "30":0.0299830718,
    "31":0.0190478686,
    "32":0.0240498218,
    "33":0.0381376348,
    "34":0.0314959751,
    "35":0.0440963601,
    "36":0.0245925621,
    "37":0.0544663094,
    "38":0.012200166,
    "39":0.0889962048,
    "40":0.0326064841,
    "41":0.0314333696,
    "42":0.0514697675,
    "43":0.01200486,
    "44":0.0203246592,
    "45":0.0357432893,
    "46":0.0197660004,
    "47":0.0290329417,
    "48":0.0114694915,
    "49":0.0543001985
  },
  "Uniform":{
    "0":0.1021294839,
    "1":0.0230397345,
    "2":0.0451388168,
    "3":0.017388264,
    "4":0.0467743182,
    "5":0.0473585357,
    "6":0.0441730552,
    "7":0.0755229232,
    "8":0.016801765,
    "9":0.0556145146,
    "10":0.0334883747,
    "11":0.022132793,
    "12":0.027428177,
    "13":0.043743428,
    "14":0.0344899157,
    "15":0.016311345,
    "16":0.016137985,
    "17":0.0447699114,
    "18":0.024344827,
    "19":0.01744781,
    "20":0.0154338874,
    "21":0.0430038746,
    "22":0.0335569933,
    "23":0.0632687366,
    "24":0.0793572125,
    "25":0.0337094195,
    "26":0.0544122563,
    "27":0.0571606528,
    "28":0.01686224,
    "29":0.023775672,
    "30":0.0437406513,
    "31":0.0256592648,
    "32":0.033150569,
    "33":0.0511020417,
    "34":0.0444887977,
    "35":0.0553447874,
    "36":0.0293244645,
    "37":0.081564717,
    "38":0.019688896,
    "39":0.12301518,
    "40":0.0397638748,
    "41":0.0411024778,
    "42":0.057016351,
    "43":0.01528882,
    "44":0.0348536125,
    "45":0.0460732207,
    "46":0.0300441089,
    "47":0.0376925672,
    "48":0.0190009603,
    "49":0.0622776468
  },
  "Prop":{
    "0":0.1025151751,
    "1":0.0257589531,
    "2":0.0481965566,
    "3":0.017598658,
    "4":0.0496823299,
    "5":0.0436700543,
    "6":0.0513135779,
    "7":0.0780860796,
    "8":0.016329465,
    "9":0.06397284,
    "10":0.0354225526,
    "11":0.025670596,
    "12":0.024975054,
    "13":0.0509601164,
    "14":0.0348781657,
    "15":0.019852613,
    "16":0.018630227,
    "17":0.0430382616,
    "18":0.025674522,
    "19":0.01672532,
    "20":0.017465676,
    "21":0.04693531,
    "22":0.035669685,
    "23":0.0644559163,
    "24":0.0847775694,
    "25":0.0413917873,
    "26":0.0594727109,
    "27":0.059346205,
    "28":0.01718633,
    "29":0.023647015,
    "30":0.0467696776,
    "31":0.0284399704,
    "32":0.0373440836,
    "33":0.0589715512,
    "34":0.051494564,
    "35":0.0649465445,
    "36":0.036146361,
    "37":0.0835518256,
    "38":0.017848009,
    "39":0.1332397686,
    "40":0.0417314374,
    "41":0.0488444264,
    "42":0.067105449,
    "43":0.01627724,
    "44":0.0317487864,
    "45":0.0466859486,
    "46":0.0333175363,
    "47":0.043268433,
    "48":0.016647067,
    "49":0.0637418387
  },
  "Delta_Uniform":{
    "0":-0.0329842193,
    "1":-0.0051468311,
    "2":-0.0132048685,
    "3":-0.00617397,
    "4":-0.0130650505,
    "5":-0.0157078917,
    "6":-0.01212824,
    "7":-0.0069982893,
    "8":-0.005628549,
    "9":-0.0123877821,
    "10":-0.0123239454,
    "11":-0.006214605,
    "12":-0.013875454,
    "13":-0.0084182209,
    "14":-0.0090792558,
    "15":-0.00470681,
    "16":-0.002602784,
    "17":-0.0158686369,
    "18":-0.005671568,
    "19":-0.0049477,
    "20":-0.0035389553,
    "21":-0.0170478709,
    "22":-0.0122046675,
    "23":-0.0213167236,
    "24":-0.0353585403,
    "25":-0.0108868566,
    "26":-0.0132378988,
    "27":-0.0183369125,
    "28":-0.00551111,
    "29":-0.007907862,
    "30":-0.0137575795,
    "31":-0.0066113962,
    "32":-0.0091007472,
    "33":-0.0129644068,
    "34":-0.0129928226,
    "35":-0.0112484273,
    "36":-0.0047319024,
    "37":-0.0270984077,
    "38":-0.00748873,
    "39":-0.0340189752,
    "40":-0.0071573907,
    "41":-0.0096691082,
    "42":-0.0055465835,
    "43":-0.00328396,
    "44":-0.0145289533,
    "45":-0.0103299314,
    "46":-0.0102781085,
    "47":-0.0086596255,
    "48":-0.0075314688,
    "49":-0.0079774483
  },
  "Delta_Prop":{
    "0":-0.0333699106,
    "1":-0.0078660497,
    "2":-0.0162626083,
    "3":-0.006384364,
    "4":-0.0159730622,
    "5":-0.0120194104,
    "6":-0.0192687627,
    "7":-0.0095614457,
    "8":-0.005156249,
    "9":-0.0207461075,
    "10":-0.0142581233,
    "11":-0.009752408,
    "12":-0.011422331,
    "13":-0.0156349093,
    "14":-0.0094675058,
    "15":-0.008248078,
    "16":-0.005095026,
    "17":-0.0141369871,
    "18":-0.007001263,
    "19":-0.00422521,
    "20":-0.0055707439,
    "21":-0.0209793063,
    "22":-0.0143173592,
    "23":-0.0225039033,
    "24":-0.0407788972,
    "25":-0.0185692244,
    "26":-0.0182983534,
    "27":-0.0205224647,
    "28":-0.0058352,
    "29":-0.007779205,
    "30":-0.0167866058,
    "31":-0.0093921018,
    "32":-0.0132942618,
    "33":-0.0208339164,
    "34":-0.0199985889,
    "35":-0.0208501844,
    "36":-0.0115537989,
    "37":-0.0290855162,
    "38":-0.005647843,
    "39":-0.0442435639,
    "40":-0.0091249534,
    "41":-0.0174110568,
    "42":-0.0156356814,
    "43":-0.00427238,
    "44":-0.0114241272,
    "45":-0.0109426593,
    "46":-0.0135515359,
    "47":-0.0142354913,
    "48":-0.0051775755,
    "49":-0.0094416402
  }
}