{
  "Astrahl":{
    "0":0.0132109161,
    "1":0.0020983149,
    "2":0.0045614835,
    "3":0.00184851,
    "4":0.004424811,
    "5":0.0043401637,
    "6":0.005760603,
    "7":0.0082037088,
    "8":0.00164312,
    "9":0.0065868404,
    "10":0.005127318,
    "11":0.00194803,
    "12":0.00361777,
    "13":0.004989336,
    "14":0.0035370659,
    "15":0.002033361,
    "16":0.002444141,
    "17":0.0056662178,
    "18":0.00222632,
    "19":0.0013867,
    "20":0.0034856944,
    "21":0.0064149819,
    "22":0.004154149,
    "23":0.008482334,
    "24":0.0075819746,
    "25":0.004396982,
    "26":0.0065230879,
    "27":0.0050534987,
    "28":0.0017829,
    "29":0.00334789,
    "30":0.005577111,
    "31":0.004087261,
    "32":0.003589941,
    "33":0.0064042726,
    "34":0.0064946028,
    "35":0.0053098519,
    "36":0.0024924894,
    "37":0.0109133654,
    "38":0.002033361,
    "39":0.0172160945,
    "40":0.004888282,
    "41":0.005788432,
    "42":0.0058634125,
    "43":0.0007924,
    "44":0.002102766,
    "45":0.006873763,
    "46":0.002453227,
    "47":0.0047544,
    "48":0.0020853621,
    "49":0.00707217
  },
  "Uniform":{
    "0":0.0326939259,
    "1":0.007338151,
    "2":0.013763232,
    "3":0.0056794,
    "4":0.0110089,
    "5":0.0155190548,
    "6":0.0137885,
    "7":0.0287399647,
    "8":0.0039602,
    "9":0.0197115169,
    "10":0.01022198,
    "11":0.00820949,
    "12":0.00603017,
    "13":0.015259919,
    "14":0.00965688,
    "15":0.00622208,
    "16":0.0050913,
    "17":0.0150832258,
    "18":0.0082433,
    "19":0.0041561,
    "20":0.004907651,
    "21":0.0135869671,
    "22":0.011451138,
    "23":0.019899429,
    "24":0.0284956271,
    "25":0.01129159,
    "26":0.015476772,
    "27":0.0162519989,
    "28":0.0037621,
    "29":0.00723479,
    "30":0.0120308148,
    "31":0.00639259,
    "32":0.01016649,
    "33":0.0155554727,
    "34":0.013882431,
    "35":0.015118303,
    "36":0.01323608,
    "37":0.0172804313,
    "38":0.0039441,
    "39":0.0413500152,
    "40":0.0121246869,
    "41":0.0131059,
    "42":0.0183911409,
    "43":0.00443249,
    "44":0.009720241,
    "45":0.012913751,
    "46":0.00902239,
    "47":0.01170658,
    "48":0.005903571,
    "49":0.0172432919
  },
  "Prop":{
    "0":0.0352141316,
    "1":0.007798601,
    "2":0.014166812,
    "3":0.00467469,
    "4":0.0157163,
    "5":0.013366573,
    "6":0.017904041,
    "7":0.0331249062,
    "8":0.0047383,
    "9":0.0243796293,
    "10":0.0116085379,
    "11":0.0063681,
    "12":0.0089232,
    "13":0.0201878693,
    "14":0.0124154269,
    "15":0.0045603,
    "16":0.00729239,
    "17":0.012444,
    "18":0.0085159,
    "19":0.0058252,
    "20":0.0062312479,
    "21":0.0113347657,
    "22":0.011959751,
    "23":0.02380407,
    "24":0.0254426612,
    "25":0.0107974,
    "26":0.018151369,
    "27":0.0189069971,
    "28":0.0052751,
    "29":0.00751639,
    "30":0.013819984,
    "31":0.0084622,
    "32":0.010883,
    "33":0.0192280061,
    "34":0.0156844479,
    "35":0.021950351,
    "36":0.0129909759,
    "37":0.0344288063,
    "38":0.0047412,
    "39":0.051999854,
    "40":0.0153530659,
    "41":0.01213241,
    "42":0.0207844022,
    "43":0.0052784,
    "44":0.01066639,
    "45":0.018294361,
    "46":0.0098415,
    "47":0.014650202,
    "48":0.00583478,
    "49":0.0272810677
  },
  "Delta_Uniform":{
    "0":-0.0194830098,
    "1":-0.0052398361,
    "2":-0.0092017485,
    "3":-0.00383089,
    "4":-0.006584089,
    "5":-0.0111788911,
    "6":-0.008027897,
    "7":-0.0205362559,
    "8":-0.00231708,
    "9":-0.0131246765,
    "10":-0.005094662,
    "11":-0.00626146,
    "12":-0.0024124,
    "13":-0.010270583,
    "14":-0.0061198141,
    "15":-0.004188719,
    "16":-0.002647159,
    "17":-0.009417008,
    "18":-0.00601698,
    "19":-0.0027694,
    "20":-0.0014219566,
    "21":-0.0071719852,
    "22":-0.007296989,
    "23":-0.011417095,
    "24":-0.0209136525,
    "25":-0.006894608,
    "26":-0.0089536841,
    "27":-0.0111985002,
    "28":-0.0019792,
    "29":-0.0038869,
    "30":-0.0064537038,
    "31":-0.002305329,
    "32":-0.006576549,
    "33":-0.0091512001,
    "34":-0.0073878282,
    "35":-0.0098084511,
    "36":-0.0107435906,
    "37":-0.0063670659,
    "38":-0.001910739,
    "39":-0.0241339207,
    "40":-0.0072364049,
    "41":-0.007317468,
    "42":-0.0125277284,
    "43":-0.00364009,
    "44":-0.007617475,
    "45":-0.006039988,
    "46":-0.006569163,
    "47":-0.00695218,
    "48":-0.0038182089,
    "49":-0.0101711219
  },
  "Delta_Prop":{
    "0":-0.0220032155,
    "1":-0.0057002861,
    "2":-0.0096053285,
    "3":-0.00282618,
    "4":-0.011291489,
    "5":-0.0090264093,
    "6":-0.012143438,
    "7":-0.0249211974,
    "8":-0.00309518,
    "9":-0.0177927889,
    "10":-0.0064812199,
    "11":-0.00442007,
    "12":-0.00530543,
    "13":-0.0151985333,
    "14":-0.008878361,
    "15":-0.002526939,
    "16":-0.004848249,
    "17":-0.0067777822,
    "18":-0.00628958,
    "19":-0.0044385,
    "20":-0.0027455535,
    "21":-0.0049197838,
    "22":-0.007805602,
    "23":-0.015321736,
    "24":-0.0178606867,
    "25":-0.006400418,
    "26":-0.0116282811,
    "27":-0.0138534983,
    "28":-0.0034922,
    "29":-0.0041685,
    "30":-0.008242873,
    "31":-0.004374939,
    "32":-0.007293059,
    "33":-0.0128237335,
    "34":-0.0091898451,
    "35":-0.0166404991,
    "36":-0.0104984865,
    "37":-0.0235154408,
    "38":-0.002707839,
    "39":-0.0347837595,
    "40":-0.0104647839,
    "41":-0.006343978,
    "42":-0.0149209897,
    "43":-0.004486,
    "44":-0.008563624,
    "45":-0.011420598,
    "46":-0.007388273,
    "47":-0.009895802,
    "48":-0.0037494179,
    "49":-0.0202088977
  }
}