{
  "Astrahl":{
    "0":0.2378012833,
    "1":0.3122140131,
    "2":0.1709510478,
    "3":0.1337250681,
    "4":0.2120279679,
    "5":0.2877970674,
    "6":0.175988824,
    "7":0.2503799181,
    "8":0.2434408272,
    "9":0.157445778,
    "10":0.2251467963,
    "11":0.2229632531,
    "12":0.2038076468,
    "13":0.2325605427,
    "14":0.152022969,
    "15":0.143545485,
    "16":0.2100233709,
    "17":0.222000999,
    "18":0.1703815711,
    "19":0.2340077822,
    "20":0.2605014467,
    "21":0.2985048561,
    "22":0.2659601568,
    "23":0.1264384,
    "24":0.141696079,
    "25":0.2514235795,
    "26":0.2219114708,
    "27":0.2468584092,
    "28":0.167614199,
    "29":0.178710016,
    "30":0.1878738632,
    "31":0.16760912,
    "32":0.1743134821,
    "33":0.20184766,
    "34":0.208042008,
    "35":0.1985644509,
    "36":0.2202488952,
    "37":0.14958301,
    "38":0.186628209,
    "39":0.4436240089,
    "40":0.2500777568,
    "41":0.2166137244,
    "42":0.213345683,
    "43":0.2602672381,
    "44":0.12782513,
    "45":0.1907252432,
    "46":0.3056687269,
    "47":0.1989913022,
    "48":0.17356003,
    "49":0.16756903
  },
  "Uniform":{
    "0":0.283624776,
    "1":0.3592021448,
    "2":0.1931322912,
    "3":0.179239193,
    "4":0.2593422522,
    "5":0.3244856086,
    "6":0.191252219,
    "7":0.260549189,
    "8":0.2698265918,
    "9":0.16447332,
    "10":0.2804276701,
    "11":0.3059807779,
    "12":0.2359910921,
    "13":0.2764313641,
    "14":0.195774969,
    "15":0.18337207,
    "16":0.2422819961,
    "17":0.284038218,
    "18":0.19580034,
    "19":0.2681919802,
    "20":0.2915517818,
    "21":0.3307779057,
    "22":0.3162122452,
    "23":0.1580975,
    "24":0.16945112,
    "25":0.3053802502,
    "26":0.2885539551,
    "27":0.2607838011,
    "28":0.199210866,
    "29":0.23598891,
    "30":0.2371432448,
    "31":0.187922769,
    "32":0.201807009,
    "33":0.239701219,
    "34":0.274741318,
    "35":0.2232363732,
    "36":0.2781214624,
    "37":0.199341569,
    "38":0.238428377,
    "39":0.4829754031,
    "40":0.2428766524,
    "41":0.2482062461,
    "42":0.280799487,
    "43":0.2869889841,
    "44":0.15602103,
    "45":0.228468597,
    "46":0.3499704026,
    "47":0.2790575001,
    "48":0.212304318,
    "49":0.19394893
  },
  "Prop":{
    "0":0.2724551029,
    "1":0.3687499697,
    "2":0.201306916,
    "3":0.1899286919,
    "4":0.2621460473,
    "5":0.3151632691,
    "6":0.2320976718,
    "7":0.249531199,
    "8":0.298276786,
    "9":0.174540517,
    "10":0.2675987849,
    "11":0.3020177879,
    "12":0.235659897,
    "13":0.2647682405,
    "14":0.20275402,
    "15":0.17773843,
    "16":0.2304102842,
    "17":0.2831130587,
    "18":0.21083335,
    "19":0.278299458,
    "20":0.2947175011,
    "21":0.3552326157,
    "22":0.3483404715,
    "23":0.1760429,
    "24":0.1613945,
    "25":0.2951879302,
    "26":0.2736915013,
    "27":0.2900567549,
    "28":0.188271258,
    "29":0.228487379,
    "30":0.2382327071,
    "31":0.194453508,
    "32":0.204887499,
    "33":0.243175399,
    "34":0.293068576,
    "35":0.247459437,
    "36":0.288461431,
    "37":0.20415362,
    "38":0.24081645,
    "39":0.5066306389,
    "40":0.2519167814,
    "41":0.2652756302,
    "42":0.262854567,
    "43":0.2882323152,
    "44":0.168733377,
    "45":0.2415128301,
    "46":0.379670145,
    "47":0.2535308991,
    "48":0.20510712,
    "49":0.196517859
  },
  "Delta_Uniform":{
    "0":-0.0458234927,
    "1":-0.0469881317,
    "2":-0.0221812434,
    "3":-0.0455141249,
    "4":-0.0473142843,
    "5":-0.0366885412,
    "6":-0.015263395,
    "7":-0.0101692709,
    "8":-0.0263857646,
    "9":-0.007027542,
    "10":-0.0552808738,
    "11":-0.0830175248,
    "12":-0.0321834453,
    "13":-0.0438708214,
    "14":-0.043752,
    "15":-0.039826585,
    "16":-0.0322586252,
    "17":-0.062037219,
    "18":-0.0254187689,
    "19":-0.034184198,
    "20":-0.0310503351,
    "21":-0.0322730496,
    "22":-0.0502520884,
    "23":-0.0316591,
    "24":-0.027755041,
    "25":-0.0539566707,
    "26":-0.0666424843,
    "27":-0.0139253919,
    "28":-0.031596667,
    "29":-0.057278894,
    "30":-0.0492693816,
    "31":-0.020313649,
    "32":-0.0274935269,
    "33":-0.037853559,
    "34":-0.06669931,
    "35":-0.0246719223,
    "36":-0.0578725672,
    "37":-0.049758559,
    "38":-0.051800168,
    "39":-0.0393513942,
    "40":0.0072011044,
    "41":-0.0315925217,
    "42":-0.067453804,
    "43":-0.026721746,
    "44":-0.0281959,
    "45":-0.0377433538,
    "46":-0.0443016757,
    "47":-0.0800661979,
    "48":-0.038744288,
    "49":-0.0263799
  },
  "Delta_Prop":{
    "0":-0.0346538196,
    "1":-0.0565359566,
    "2":-0.0303558682,
    "3":-0.0562036238,
    "4":-0.0501180794,
    "5":-0.0273662017,
    "6":-0.0561088478,
    "7":0.0008487191,
    "8":-0.0548359588,
    "9":-0.017094739,
    "10":-0.0424519886,
    "11":-0.0790545348,
    "12":-0.0318522502,
    "13":-0.0322076978,
    "14":-0.050731051,
    "15":-0.034192945,
    "16":-0.0203869133,
    "17":-0.0611120597,
    "18":-0.0404517789,
    "19":-0.0442916758,
    "20":-0.0342160544,
    "21":-0.0567277596,
    "22":-0.0823803147,
    "23":-0.0496045,
    "24":-0.019698421,
    "25":-0.0437643507,
    "26":-0.0517800305,
    "27":-0.0431983457,
    "28":-0.020657059,
    "29":-0.049777363,
    "30":-0.0503588439,
    "31":-0.026844388,
    "32":-0.0305740169,
    "33":-0.041327739,
    "34":-0.085026568,
    "35":-0.0488949861,
    "36":-0.0682125358,
    "37":-0.05457061,
    "38":-0.054188241,
    "39":-0.06300663,
    "40":-0.0018390246,
    "41":-0.0486619058,
    "42":-0.049508884,
    "43":-0.0279650771,
    "44":-0.040908247,
    "45":-0.0507875869,
    "46":-0.0740014181,
    "47":-0.0545395969,
    "48":-0.03154709,
    "49":-0.028948829
  }
}