{
  "Astrahl":{
    "0":0.000005217,
    "1":0.0000122516,
    "2":0.000005217,
    "3":0.0000168511,
    "4":0.0000202901,
    "5":0.0,
    "6":0.000006878,
    "7":0.0000046856,
    "8":0.0,
    "9":0.0,
    "10":0.0000093712,
    "11":0.0000040951,
    "12":0.0,
    "13":0.0000187424,
    "14":0.0,
    "15":0.0000040951,
    "16":0.0000140568,
    "17":0.0000040951,
    "18":0.0000122853,
    "19":0.0000040951,
    "20":0.0000118758,
    "21":0.0,
    "22":0.0,
    "23":0.0,
    "24":0.000003439,
    "25":0.0000159709,
    "26":0.0000093712,
    "27":0.0,
    "28":0.0000065341,
    "29":0.000006878,
    "30":0.0000046856,
    "31":0.0,
    "32":0.0,
    "33":0.0,
    "34":0.0000046856,
    "35":0.000003439,
    "36":0.0000046856,
    "37":0.0,
    "38":0.00000271,
    "39":0.0,
    "40":0.0000208681,
    "41":0.0000093712,
    "42":0.0000046856,
    "43":0.0000046856,
    "44":0.000007859,
    "45":0.0,
    "46":0.0000165165,
    "47":0.0000134121,
    "48":0.0,
    "49":0.00000271
  },
  "Uniform":{
    "0":0.0000262521,
    "1":0.0000332057,
    "2":0.0000136831,
    "3":0.00002414,
    "4":0.0000854992,
    "5":0.0000132197,
    "6":0.0000647922,
    "7":0.0000363182,
    "8":0.000025579,
    "9":0.00002604,
    "10":0.000029745,
    "11":0.000037416,
    "12":0.0000621362,
    "13":0.0000500018,
    "14":0.00001042,
    "15":0.000014478,
    "16":0.0000554893,
    "17":0.000026147,
    "18":0.0000271641,
    "19":0.000028909,
    "20":0.0000824161,
    "21":0.0000177126,
    "22":0.0000616036,
    "23":0.00001592,
    "24":0.00000761,
    "25":0.0000979543,
    "26":0.0000558681,
    "27":0.00001645,
    "28":0.000034806,
    "29":0.00001912,
    "30":0.000053682,
    "31":0.000021269,
    "32":0.00002714,
    "33":0.0000117951,
    "34":0.0000173051,
    "35":0.000040877,
    "36":0.0000634841,
    "37":0.00001122,
    "38":0.000030289,
    "39":0.000053254,
    "40":0.000031286,
    "41":0.0000461889,
    "42":0.0000436162,
    "43":0.00001483,
    "44":0.000020779,
    "45":0.000015198,
    "46":0.0001853045,
    "47":0.000023489,
    "48":0.000018269,
    "49":0.00002072
  },
  "Prop":{
    "0":0.0000319521,
    "1":0.000039442,
    "2":0.0000240741,
    "3":0.0000338521,
    "4":0.0001342072,
    "5":0.0000179107,
    "6":0.000016998,
    "7":0.00002025,
    "8":0.000025218,
    "9":0.00000941,
    "10":0.0000431311,
    "11":0.0000519118,
    "12":0.000041848,
    "13":0.0000405352,
    "14":0.0000068,
    "15":0.000012139,
    "16":0.0000434208,
    "17":0.0000311321,
    "18":0.000010949,
    "19":0.0000577828,
    "20":0.0000499452,
    "21":0.0000110343,
    "22":0.0000326052,
    "23":0.0000105,
    "24":0.000021359,
    "25":0.0001099135,
    "26":0.0000646548,
    "27":0.000014805,
    "28":0.0000256321,
    "29":0.0000272421,
    "30":0.0000612591,
    "31":0.00001302,
    "32":0.000020449,
    "33":0.000021266,
    "34":0.0000133151,
    "35":0.000077984,
    "36":0.0000676539,
    "37":0.00001041,
    "38":0.000050907,
    "39":0.0000576733,
    "40":0.0000423747,
    "41":0.0000354079,
    "42":0.000058089,
    "43":0.000027686,
    "44":0.000016269,
    "45":0.000029125,
    "46":0.0002003266,
    "47":0.000027199,
    "48":0.00001421,
    "49":0.0000078
  },
  "Delta_Uniform":{
    "0":-0.0000210351,
    "1":-0.0000209541,
    "2":-0.0000084661,
    "3":-0.0000072889,
    "4":-0.0000652091,
    "5":-0.0000132197,
    "6":-0.0000579142,
    "7":-0.0000316326,
    "8":-0.000025579,
    "9":-0.00002604,
    "10":-0.0000203738,
    "11":-0.0000333209,
    "12":-0.0000621362,
    "13":-0.0000312594,
    "14":-0.00001042,
    "15":-0.0000103829,
    "16":-0.0000414325,
    "17":-0.0000220519,
    "18":-0.0000148788,
    "19":-0.0000248139,
    "20":-0.0000705403,
    "21":-0.0000177126,
    "22":-0.0000616036,
    "23":-0.00001592,
    "24":-0.000004171,
    "25":-0.0000819834,
    "26":-0.0000464969,
    "27":-0.00001645,
    "28":-0.0000282719,
    "29":-0.000012242,
    "30":-0.0000489964,
    "31":-0.000021269,
    "32":-0.00002714,
    "33":-0.0000117951,
    "34":-0.0000126195,
    "35":-0.000037438,
    "36":-0.0000587985,
    "37":-0.00001122,
    "38":-0.000027579,
    "39":-0.000053254,
    "40":-0.0000104179,
    "41":-0.0000368177,
    "42":-0.0000389306,
    "43":-0.0000101444,
    "44":-0.00001292,
    "45":-0.000015198,
    "46":-0.000168788,
    "47":-0.0000100769,
    "48":-0.000018269,
    "49":-0.00001801
  },
  "Delta_Prop":{
    "0":-0.0000267351,
    "1":-0.0000271904,
    "2":-0.0000188571,
    "3":-0.000017001,
    "4":-0.0001139171,
    "5":-0.0000179107,
    "6":-0.00001012,
    "7":-0.0000155644,
    "8":-0.000025218,
    "9":-0.00000941,
    "10":-0.0000337599,
    "11":-0.0000478167,
    "12":-0.000041848,
    "13":-0.0000217928,
    "14":-0.0000068,
    "15":-0.0000080439,
    "16":-0.000029364,
    "17":-0.000027037,
    "18":0.0000013363,
    "19":-0.0000536877,
    "20":-0.0000380694,
    "21":-0.0000110343,
    "22":-0.0000326052,
    "23":-0.0000105,
    "24":-0.00001792,
    "25":-0.0000939426,
    "26":-0.0000552836,
    "27":-0.000014805,
    "28":-0.000019098,
    "29":-0.0000203641,
    "30":-0.0000565735,
    "31":-0.00001302,
    "32":-0.000020449,
    "33":-0.000021266,
    "34":-0.0000086295,
    "35":-0.000074545,
    "36":-0.0000629683,
    "37":-0.00001041,
    "38":-0.000048197,
    "39":-0.0000576733,
    "40":-0.0000215066,
    "41":-0.0000260367,
    "42":-0.0000534034,
    "43":-0.0000230004,
    "44":-0.00000841,
    "45":-0.000029125,
    "46":-0.0001838101,
    "47":-0.0000137869,
    "48":-0.00001421,
    "49":-0.00000509
  }
}