{
  "Astrahl":{
    "0":0.313218577,
    "1":0.3311237647,
    "2":0.314092648,
    "3":0.3718846333,
    "4":0.3233023237,
    "5":0.3625400197,
    "6":0.3892699055,
    "7":0.385175251,
    "8":0.3646433742,
    "9":0.4393828891,
    "10":0.4847517448,
    "11":0.31092733,
    "12":0.5382865038,
    "13":0.4382714557,
    "14":0.3353496392,
    "15":0.4488216224,
    "16":0.4817651317,
    "17":0.3800373319,
    "18":0.365265532,
    "19":0.321482521,
    "20":0.310516903,
    "21":0.6269688073,
    "22":0.4678319756,
    "23":0.30130453,
    "24":0.4989701089,
    "25":0.4447940739,
    "26":0.5246000855,
    "27":0.31325284,
    "28":0.3826348237,
    "29":0.3773038735,
    "30":0.418840522,
    "31":0.365809366,
    "32":0.3091086856,
    "33":0.4108148937,
    "34":0.4807650188,
    "35":0.4757830547,
    "36":0.354934257,
    "37":0.4058730919,
    "38":0.4277234672,
    "39":0.3377313478,
    "40":0.385752619,
    "41":0.4067855316,
    "42":0.3727110277,
    "43":0.3130576867,
    "44":0.4006315039,
    "45":0.4408679058,
    "46":0.3840421663,
    "47":0.4404817254,
    "48":0.4457023131,
    "49":0.30681982
  },
  "Uniform":{
    "0":0.328250476,
    "1":0.3390601609,
    "2":0.332282656,
    "3":0.3883184074,
    "4":0.3245098393,
    "5":0.3844346518,
    "6":0.3820120325,
    "7":0.38444698,
    "8":0.3914665283,
    "9":0.4369795948,
    "10":0.4895663306,
    "11":0.31667914,
    "12":0.542943787,
    "13":0.434755999,
    "14":0.3449618906,
    "15":0.4492518534,
    "16":0.4886866718,
    "17":0.3891865735,
    "18":0.3856389679,
    "19":0.325389232,
    "20":0.322682455,
    "21":0.6200378108,
    "22":0.4876985524,
    "23":0.32502457,
    "24":0.4951035981,
    "25":0.446084885,
    "26":0.5433564896,
    "27":0.31950676,
    "28":0.3784068505,
    "29":0.385724188,
    "30":0.4433241328,
    "31":0.376576696,
    "32":0.3295138411,
    "33":0.4116049167,
    "34":0.4913595904,
    "35":0.4834493863,
    "36":0.3547640158,
    "37":0.435937708,
    "38":0.445112348,
    "39":0.3468299458,
    "40":0.384326695,
    "41":0.4013524135,
    "42":0.3865505743,
    "43":0.3293366941,
    "44":0.3963423019,
    "45":0.4385340925,
    "46":0.3811942549,
    "47":0.4407585996,
    "48":0.445509026,
    "49":0.31459339
  },
  "Prop":{
    "0":0.319446262,
    "1":0.3332186191,
    "2":0.324074116,
    "3":0.387412552,
    "4":0.3308158351,
    "5":0.3795714199,
    "6":0.381269947,
    "7":0.386599951,
    "8":0.3872620419,
    "9":0.4451801887,
    "10":0.486773845,
    "11":0.31746484,
    "12":0.538946961,
    "13":0.4400114329,
    "14":0.3379149756,
    "15":0.4427568177,
    "16":0.4933686735,
    "17":0.3883271554,
    "18":0.3714663331,
    "19":0.320569732,
    "20":0.321407434,
    "21":0.6155721793,
    "22":0.4794221789,
    "23":0.31617766,
    "24":0.4975100811,
    "25":0.4373130248,
    "26":0.5457560693,
    "27":0.31839067,
    "28":0.3817587925,
    "29":0.3774287431,
    "30":0.4350549255,
    "31":0.376567948,
    "32":0.3297615391,
    "33":0.4078800987,
    "34":0.4885106657,
    "35":0.4913755336,
    "36":0.3567258168,
    "37":0.4334635549,
    "38":0.4386851851,
    "39":0.3329178037,
    "40":0.384714523,
    "41":0.4079643203,
    "42":0.3741090229,
    "43":0.3282771655,
    "44":0.4053998091,
    "45":0.4391022095,
    "46":0.3827016811,
    "47":0.4441945297,
    "48":0.4361288226,
    "49":0.32335597
  },
  "Delta_Uniform":{
    "0":-0.015031899,
    "1":-0.0079363962,
    "2":-0.018190008,
    "3":-0.0164337741,
    "4":-0.0012075156,
    "5":-0.0218946321,
    "6":0.007257873,
    "7":0.000728271,
    "8":-0.0268231541,
    "9":0.0024032943,
    "10":-0.0048145857,
    "11":-0.00575181,
    "12":-0.0046572832,
    "13":0.0035154567,
    "14":-0.0096122514,
    "15":-0.000430231,
    "16":-0.0069215401,
    "17":-0.0091492416,
    "18":-0.0203734359,
    "19":-0.003906711,
    "20":-0.012165552,
    "21":0.0069309966,
    "22":-0.0198665768,
    "23":-0.02372004,
    "24":0.0038665108,
    "25":-0.0012908111,
    "26":-0.0187564041,
    "27":-0.00625392,
    "28":0.0042279732,
    "29":-0.0084203145,
    "30":-0.0244836108,
    "31":-0.01076733,
    "32":-0.0204051555,
    "33":-0.0007900231,
    "34":-0.0105945716,
    "35":-0.0076663317,
    "36":0.0001702412,
    "37":-0.0300646161,
    "38":-0.0173888807,
    "39":-0.009098598,
    "40":0.001425924,
    "41":0.0054331182,
    "42":-0.0138395466,
    "43":-0.0162790074,
    "44":0.004289202,
    "45":0.0023338133,
    "46":0.0028479114,
    "47":-0.0002768742,
    "48":0.0001932871,
    "49":-0.00777357
  },
  "Delta_Prop":{
    "0":-0.006227685,
    "1":-0.0020948544,
    "2":-0.009981468,
    "3":-0.0155279187,
    "4":-0.0075135114,
    "5":-0.0170314002,
    "6":0.0079999585,
    "7":-0.0014247,
    "8":-0.0226186676,
    "9":-0.0057972996,
    "10":-0.0020221002,
    "11":-0.00653751,
    "12":-0.0006604572,
    "13":-0.0017399772,
    "14":-0.0025653364,
    "15":0.0060648047,
    "16":-0.0116035418,
    "17":-0.0082898235,
    "18":-0.0062008011,
    "19":0.000912789,
    "20":-0.010890531,
    "21":0.011396628,
    "22":-0.0115902033,
    "23":-0.01487313,
    "24":0.0014600279,
    "25":0.007481049,
    "26":-0.0211559838,
    "27":-0.00513783,
    "28":0.0008760312,
    "29":-0.0001248696,
    "30":-0.0162144034,
    "31":-0.010758582,
    "32":-0.0206528535,
    "33":0.002934795,
    "34":-0.0077456469,
    "35":-0.0155924789,
    "36":-0.0017915598,
    "37":-0.027590463,
    "38":-0.0109617178,
    "39":0.0048135441,
    "40":0.001038096,
    "41":-0.0011787886,
    "42":-0.0013979952,
    "43":-0.0152194788,
    "44":-0.0047683052,
    "45":0.0017656963,
    "46":0.0013404852,
    "47":-0.0037128043,
    "48":0.0095734904,
    "49":-0.01653615
  }
}