{
  "Astrahl":{
    "0":0.3937827557,
    "1":0.4285710465,
    "2":0.3220019083,
    "3":0.260639497,
    "4":0.3234294993,
    "5":0.3288620931,
    "6":0.4221827536,
    "7":0.291384136,
    "8":0.291911365,
    "9":0.226263943,
    "10":0.4208300387,
    "11":0.4345624968,
    "12":0.266254408,
    "13":0.3259130023,
    "14":0.3843074486,
    "15":0.4599413468,
    "16":0.6508305815,
    "17":0.258538366,
    "18":0.5240228357,
    "19":0.3832681279,
    "20":0.236737023,
    "21":0.3026291382,
    "22":0.4774816645,
    "23":0.284344984,
    "24":0.2853654454,
    "25":0.21460042,
    "26":0.4273162558,
    "27":0.3489734739,
    "28":0.5349462049,
    "29":0.2852079175,
    "30":0.228444985,
    "31":0.3739316907,
    "32":0.274111336,
    "33":0.2792111707,
    "34":0.3157712434,
    "35":0.2727607504,
    "36":0.276436135,
    "37":0.4222677928,
    "38":0.250609258,
    "39":0.2325312,
    "40":0.3604409922,
    "41":0.292651965,
    "42":0.3503247393,
    "43":0.5344048569,
    "44":0.3756137955,
    "45":0.4487904733,
    "46":0.235372015,
    "47":0.4940134027,
    "48":0.3284357212,
    "49":0.3930793809
  },
  "Uniform":{
    "0":0.4367114445,
    "1":0.412352247,
    "2":0.3401587846,
    "3":0.284231404,
    "4":0.334704713,
    "5":0.3301897649,
    "6":0.426579223,
    "7":0.300310156,
    "8":0.275202594,
    "9":0.244345716,
    "10":0.4056990504,
    "11":0.4184692749,
    "12":0.294376267,
    "13":0.3309855202,
    "14":0.3832950045,
    "15":0.4512861431,
    "16":0.6462682516,
    "17":0.295740477,
    "18":0.532820581,
    "19":0.4033440734,
    "20":0.254072935,
    "21":0.3501821971,
    "22":0.5117429364,
    "23":0.288001413,
    "24":0.2871779473,
    "25":0.24258583,
    "26":0.4174163032,
    "27":0.3428370375,
    "28":0.5302092131,
    "29":0.2996345026,
    "30":0.252231462,
    "31":0.3805551439,
    "32":0.278802963,
    "33":0.2882885653,
    "34":0.3415119823,
    "35":0.3029175606,
    "36":0.308664505,
    "37":0.4618146553,
    "38":0.304314085,
    "39":0.22670605,
    "40":0.3607620535,
    "41":0.3374364252,
    "42":0.3752315848,
    "43":0.546405086,
    "44":0.4267894088,
    "45":0.4648258073,
    "46":0.251251462,
    "47":0.4959290113,
    "48":0.3404570537,
    "49":0.376065573
  },
  "Prop":{
    "0":0.4269355034,
    "1":0.4548649312,
    "2":0.3544607314,
    "3":0.290320075,
    "4":0.3514205372,
    "5":0.3404363711,
    "6":0.4407671705,
    "7":0.312380128,
    "8":0.295868206,
    "9":0.259015447,
    "10":0.4487497648,
    "11":0.4413074914,
    "12":0.306384265,
    "13":0.3517706314,
    "14":0.4035153147,
    "15":0.4797363648,
    "16":0.6672963879,
    "17":0.290976328,
    "18":0.554671504,
    "19":0.3984036915,
    "20":0.241178137,
    "21":0.3340965691,
    "22":0.5126726629,
    "23":0.290945008,
    "24":0.3071980414,
    "25":0.24196213,
    "26":0.4429224005,
    "27":0.3568824589,
    "28":0.5392221569,
    "29":0.2919494161,
    "30":0.262157732,
    "31":0.4064531742,
    "32":0.303353092,
    "33":0.3047828643,
    "34":0.3632256766,
    "35":0.3088354836,
    "36":0.301290094,
    "37":0.469456878,
    "38":0.290280753,
    "39":0.249076,
    "40":0.3948843476,
    "41":0.3415063828,
    "42":0.3788149341,
    "43":0.5642635805,
    "44":0.4290418979,
    "45":0.4728375185,
    "46":0.245409625,
    "47":0.5210456518,
    "48":0.3596024478,
    "49":0.3971864219
  },
  "Delta_Uniform":{
    "0":-0.0429286888,
    "1":0.0162187995,
    "2":-0.0181568763,
    "3":-0.023591907,
    "4":-0.0112752137,
    "5":-0.0013276718,
    "6":-0.0043964694,
    "7":-0.00892602,
    "8":0.016708771,
    "9":-0.018081773,
    "10":0.0151309883,
    "11":0.0160932219,
    "12":-0.028121859,
    "13":-0.0050725179,
    "14":0.0010124441,
    "15":0.0086552037,
    "16":0.0045623299,
    "17":-0.037202111,
    "18":-0.0087977453,
    "19":-0.0200759456,
    "20":-0.017335912,
    "21":-0.0475530589,
    "22":-0.034261272,
    "23":-0.003656429,
    "24":-0.0018125019,
    "25":-0.02798541,
    "26":0.0098999527,
    "27":0.0061364363,
    "28":0.0047369918,
    "29":-0.0144265851,
    "30":-0.023786477,
    "31":-0.0066234532,
    "32":-0.004691627,
    "33":-0.0090773946,
    "34":-0.0257407389,
    "35":-0.0301568102,
    "36":-0.03222837,
    "37":-0.0395468625,
    "38":-0.053704827,
    "39":0.00582515,
    "40":-0.0003210613,
    "41":-0.0447844602,
    "42":-0.0249068455,
    "43":-0.0120002291,
    "44":-0.0511756133,
    "45":-0.016035334,
    "46":-0.015879447,
    "47":-0.0019156086,
    "48":-0.0120213325,
    "49":0.0170138079
  },
  "Delta_Prop":{
    "0":-0.0331527477,
    "1":-0.0262938847,
    "2":-0.0324588231,
    "3":-0.029680578,
    "4":-0.0279910379,
    "5":-0.011574278,
    "6":-0.0185844169,
    "7":-0.020995992,
    "8":-0.003956841,
    "9":-0.032751504,
    "10":-0.0279197261,
    "11":-0.0067449946,
    "12":-0.040129857,
    "13":-0.0258576291,
    "14":-0.0192078662,
    "15":-0.019795018,
    "16":-0.0164658064,
    "17":-0.032437962,
    "18":-0.0306486683,
    "19":-0.0151355636,
    "20":-0.004441114,
    "21":-0.0314674309,
    "22":-0.0351909985,
    "23":-0.006600024,
    "24":-0.021832596,
    "25":-0.02736171,
    "26":-0.0156061447,
    "27":-0.007908985,
    "28":-0.004275952,
    "29":-0.0067414986,
    "30":-0.033712747,
    "31":-0.0325214835,
    "32":-0.029241756,
    "33":-0.0255716936,
    "34":-0.0474544332,
    "35":-0.0360747332,
    "36":-0.024853959,
    "37":-0.0471890852,
    "38":-0.039671495,
    "39":-0.0165448,
    "40":-0.0344433554,
    "41":-0.0488544178,
    "42":-0.0284901948,
    "43":-0.0298587236,
    "44":-0.0534281024,
    "45":-0.0240470452,
    "46":-0.01003761,
    "47":-0.0270322492,
    "48":-0.0311667266,
    "49":-0.004107041
  }
}