{
  "Astrahl":{
    "0":0.0,
    "1":0.00000542,
    "2":0.0000122853,
    "3":0.000005149,
    "4":0.000010569,
    "5":0.0000229594,
    "6":0.0000104341,
    "7":0.0000065341,
    "8":0.0,
    "9":0.0000296098,
    "10":0.0000040951,
    "11":0.0,
    "12":0.000031862,
    "13":0.0000065341,
    "14":0.000003439,
    "15":0.0000367548,
    "16":0.0000118758,
    "17":0.000003439,
    "18":0.0000264803,
    "19":0.0000081902,
    "20":0.0000449931,
    "21":0.0000093712,
    "22":0.0,
    "23":0.0,
    "24":0.000006878,
    "25":0.00000271,
    "26":0.0000118758,
    "27":0.0000199462,
    "28":0.0,
    "29":0.0,
    "30":0.0002968634,
    "31":0.0,
    "32":0.0,
    "33":0.0000040951,
    "34":0.00000542,
    "35":0.0000040951,
    "36":0.0,
    "37":0.0,
    "38":0.0,
    "39":0.0,
    "40":0.0000104341,
    "41":0.0000113907,
    "42":0.000013279,
    "43":0.00000271,
    "44":0.0000284766,
    "45":0.0000081902,
    "46":0.0,
    "47":0.000007859,
    "48":0.0000155614,
    "49":0.0000772434
  },
  "Uniform":{
    "0":0.0000596901,
    "1":0.0000048,
    "2":0.0000846594,
    "3":0.0000637201,
    "4":0.00002604,
    "5":0.0001162182,
    "6":0.0002119341,
    "7":0.0001085595,
    "8":0.000036077,
    "9":0.000051778,
    "10":0.0000163151,
    "11":0.00001672,
    "12":0.0003156289,
    "13":0.000031398,
    "14":0.0000396231,
    "15":0.0001863384,
    "16":0.0000526013,
    "17":0.000039575,
    "18":0.000044948,
    "19":0.0000244421,
    "20":0.0002116603,
    "21":0.0000439501,
    "22":0.00002442,
    "23":0.00001303,
    "24":0.0000795049,
    "25":0.0000048,
    "26":0.0000502487,
    "27":0.0000876249,
    "28":0.000026876,
    "29":0.000015749,
    "30":0.0010287915,
    "31":0.0000630342,
    "32":0.0000423552,
    "33":0.00006127,
    "34":0.0000135,
    "35":0.000013759,
    "36":0.00001231,
    "37":0.00002604,
    "38":0.0000058,
    "39":0.00001241,
    "40":0.0000282987,
    "41":0.0000248031,
    "42":0.0000687811,
    "43":0.00001331,
    "44":0.0000616627,
    "45":0.0000391721,
    "46":0.000011849,
    "47":0.000029028,
    "48":0.0000815739,
    "49":0.0002119087
  },
  "Prop":{
    "0":0.0000638342,
    "1":0.00001531,
    "2":0.0000581388,
    "3":0.0000567091,
    "4":0.000024159,
    "5":0.000094489,
    "6":0.0001417944,
    "7":0.0000519262,
    "8":0.0000365187,
    "9":0.0000675391,
    "10":0.00000951,
    "11":0.00002381,
    "12":0.0003155778,
    "13":0.000043358,
    "14":0.0000498311,
    "15":0.0001863356,
    "16":0.0000445891,
    "17":0.0000301231,
    "18":0.0000682201,
    "19":0.0000387653,
    "20":0.0002927098,
    "21":0.0000330472,
    "22":0.000030759,
    "23":0.0000228251,
    "24":0.0000850273,
    "25":0.0000058,
    "26":0.000037787,
    "27":0.0001221141,
    "28":0.000020359,
    "29":0.00001502,
    "30":0.0012219077,
    "31":0.0000403967,
    "32":0.0000608608,
    "33":0.0000563552,
    "34":0.00000851,
    "35":0.00002553,
    "36":0.00000561,
    "37":0.000035438,
    "38":0.0000098,
    "39":0.0000097,
    "40":0.0000438577,
    "41":0.0000312987,
    "42":0.0001066151,
    "43":0.000029579,
    "44":0.000073297,
    "45":0.00002224,
    "46":0.000023169,
    "47":0.0000243541,
    "48":0.000045558,
    "49":0.0001791829
  },
  "Delta_Uniform":{
    "0":-0.0000596901,
    "1":0.00000062,
    "2":-0.0000723741,
    "3":-0.0000585711,
    "4":-0.000015471,
    "5":-0.0000932589,
    "6":-0.0002015,
    "7":-0.0001020254,
    "8":-0.000036077,
    "9":-0.0000221682,
    "10":-0.00001222,
    "11":-0.00001672,
    "12":-0.0002837669,
    "13":-0.0000248639,
    "14":-0.0000361841,
    "15":-0.0001495837,
    "16":-0.0000407255,
    "17":-0.000036136,
    "18":-0.0000184677,
    "19":-0.0000162519,
    "20":-0.0001666672,
    "21":-0.0000345789,
    "22":-0.00002442,
    "23":-0.00001303,
    "24":-0.0000726269,
    "25":-0.00000209,
    "26":-0.0000383729,
    "27":-0.0000676787,
    "28":-0.000026876,
    "29":-0.000015749,
    "30":-0.0007319281,
    "31":-0.0000630342,
    "32":-0.0000423552,
    "33":-0.0000571749,
    "34":-0.00000808,
    "35":-0.0000096639,
    "36":-0.00001231,
    "37":-0.00002604,
    "38":-0.0000058,
    "39":-0.00001241,
    "40":-0.0000178646,
    "41":-0.0000134124,
    "42":-0.0000555021,
    "43":-0.0000106,
    "44":-0.000033186,
    "45":-0.0000309819,
    "46":-0.000011849,
    "47":-0.000021169,
    "48":-0.0000660125,
    "49":-0.0001346653
  },
  "Delta_Prop":{
    "0":-0.0000638342,
    "1":-0.00000989,
    "2":-0.0000458535,
    "3":-0.0000515601,
    "4":-0.00001359,
    "5":-0.0000715296,
    "6":-0.0001313603,
    "7":-0.0000453921,
    "8":-0.0000365187,
    "9":-0.0000379293,
    "10":-0.0000054149,
    "11":-0.00002381,
    "12":-0.0002837157,
    "13":-0.0000368239,
    "14":-0.0000463921,
    "15":-0.0001495809,
    "16":-0.0000327133,
    "17":-0.0000266841,
    "18":-0.0000417398,
    "19":-0.0000305751,
    "20":-0.0002477167,
    "21":-0.000023676,
    "22":-0.000030759,
    "23":-0.0000228251,
    "24":-0.0000781493,
    "25":-0.00000309,
    "26":-0.0000259112,
    "27":-0.0001021679,
    "28":-0.000020359,
    "29":-0.00001502,
    "30":-0.0009250443,
    "31":-0.0000403967,
    "32":-0.0000608608,
    "33":-0.0000522601,
    "34":-0.00000309,
    "35":-0.0000214349,
    "36":-0.00000561,
    "37":-0.000035438,
    "38":-0.0000098,
    "39":-0.0000097,
    "40":-0.0000334236,
    "41":-0.000019908,
    "42":-0.0000933361,
    "43":-0.000026869,
    "44":-0.0000448203,
    "45":-0.0000140498,
    "46":-0.000023169,
    "47":-0.0000164951,
    "48":-0.0000299966,
    "49":-0.0001019395
  }
}