{
  "Astrahl":{
    "0":0.000053116,
    "1":0.0001176552,
    "2":0.0000915462,
    "3":0.0000374847,
    "4":0.0000646532,
    "5":0.00001084,
    "6":0.0004358798,
    "7":0.0000928874,
    "8":0.0003138403,
    "9":0.0001562152,
    "10":0.000058807,
    "11":0.000034146,
    "12":0.0000474582,
    "13":0.00001084,
    "14":0.0000515415,
    "15":0.000058265,
    "16":0.000053116,
    "17":0.0001617328,
    "18":0.0000994215,
    "19":0.0002024712,
    "20":0.000031978,
    "21":0.000045528,
    "22":0.0001220259,
    "23":0.000053116,
    "24":0.0000881072,
    "25":0.000034959,
    "26":0.00003523,
    "27":0.0000749403,
    "28":0.0000163804,
    "29":0.0001317137,
    "30":0.0000980115,
    "31":0.000039295,
    "32":0.000122894,
    "33":0.0000436753,
    "34":0.0000905017,
    "35":0.0000601891,
    "36":0.0001215686,
    "37":0.0000245706,
    "38":0.0000839116,
    "39":0.0000613273,
    "40":0.00003252,
    "41":0.0000286657,
    "42":0.0000163804,
    "43":0.0000601825,
    "44":0.000037398,
    "45":0.0000271,
    "46":0.0000271,
    "47":0.00002168,
    "48":0.0000780653,
    "49":0.00003252
  },
  "Uniform":{
    "0":0.000105627,
    "1":0.0004388108,
    "2":0.0002539808,
    "3":0.0001031341,
    "4":0.0001185395,
    "5":0.0000483,
    "6":0.0009936809,
    "7":0.0001771335,
    "8":0.0007454199,
    "9":0.0004097203,
    "10":0.000118117,
    "11":0.000106527,
    "12":0.0001720073,
    "13":0.00003255,
    "14":0.0000781109,
    "15":0.0001701111,
    "16":0.000103844,
    "17":0.0003503818,
    "18":0.0002777592,
    "19":0.000329565,
    "20":0.000082996,
    "21":0.000102307,
    "22":0.0002687491,
    "23":0.000076386,
    "24":0.0002758238,
    "25":0.000078859,
    "26":0.00004216,
    "27":0.0001512175,
    "28":0.0000874032,
    "29":0.000265008,
    "30":0.0001172682,
    "31":0.000100606,
    "32":0.0002666834,
    "33":0.0001405326,
    "34":0.0003162156,
    "35":0.0002037065,
    "36":0.0002502334,
    "37":0.0000756475,
    "38":0.0001634908,
    "39":0.0001298913,
    "40":0.00006883,
    "41":0.0000820973,
    "42":0.0000899593,
    "43":0.0001062894,
    "44":0.000108824,
    "45":0.00004297,
    "46":0.00004046,
    "47":0.00004407,
    "48":0.0001402634,
    "49":0.00005319
  },
  "Prop":{
    "0":0.000122074,
    "1":0.0003831532,
    "2":0.0002885398,
    "3":0.0000860455,
    "4":0.0001338808,
    "5":0.0000549,
    "6":0.0010723064,
    "7":0.0001870108,
    "8":0.0008569934,
    "9":0.0003846122,
    "10":0.000114854,
    "11":0.000103907,
    "12":0.0001330156,
    "13":0.00004715,
    "14":0.0000953408,
    "15":0.0001715862,
    "16":0.000096209,
    "17":0.0004131681,
    "18":0.0002431754,
    "19":0.0005157308,
    "20":0.000113234,
    "21":0.000100404,
    "22":0.0002961999,
    "23":0.000099224,
    "24":0.0002666242,
    "25":0.000085518,
    "26":0.00006136,
    "27":0.0001425899,
    "28":0.0000674242,
    "29":0.0002516214,
    "30":0.0001158953,
    "31":0.000094405,
    "32":0.0002962844,
    "33":0.0001504713,
    "34":0.0003447133,
    "35":0.0001843232,
    "36":0.000260982,
    "37":0.0000831612,
    "38":0.0001683592,
    "39":0.0001538336,
    "40":0.00005638,
    "41":0.0001090055,
    "42":0.0000762182,
    "43":0.0001152986,
    "44":0.000078965,
    "45":0.0000635,
    "46":0.00005747,
    "47":0.00005709,
    "48":0.0001277595,
    "49":0.00004587
  },
  "Delta_Uniform":{
    "0":-0.000052511,
    "1":-0.0003211557,
    "2":-0.0001624346,
    "3":-0.0000656494,
    "4":-0.0000538863,
    "5":-0.00003746,
    "6":-0.0005578011,
    "7":-0.0000842461,
    "8":-0.0004315796,
    "9":-0.000253505,
    "10":-0.00005931,
    "11":-0.000072381,
    "12":-0.0001245491,
    "13":-0.00002171,
    "14":-0.0000265694,
    "15":-0.0001118461,
    "16":-0.000050728,
    "17":-0.000188649,
    "18":-0.0001783377,
    "19":-0.0001270938,
    "20":-0.000051018,
    "21":-0.000056779,
    "22":-0.0001467232,
    "23":-0.00002327,
    "24":-0.0001877166,
    "25":-0.0000439,
    "26":-0.00000693,
    "27":-0.0000762771,
    "28":-0.0000710228,
    "29":-0.0001332943,
    "30":-0.0000192567,
    "31":-0.000061311,
    "32":-0.0001437895,
    "33":-0.0000968573,
    "34":-0.0002257139,
    "35":-0.0001435174,
    "36":-0.0001286647,
    "37":-0.0000510769,
    "38":-0.0000795792,
    "39":-0.000068564,
    "40":-0.00003631,
    "41":-0.0000534316,
    "42":-0.0000735789,
    "43":-0.0000461069,
    "44":-0.000071426,
    "45":-0.00001587,
    "46":-0.00001336,
    "47":-0.00002239,
    "48":-0.0000621981,
    "49":-0.00002067
  },
  "Delta_Prop":{
    "0":-0.000068958,
    "1":-0.000265498,
    "2":-0.0001969937,
    "3":-0.0000485608,
    "4":-0.0000692276,
    "5":-0.00004406,
    "6":-0.0006364265,
    "7":-0.0000941235,
    "8":-0.0005431531,
    "9":-0.000228397,
    "10":-0.000056047,
    "11":-0.000069761,
    "12":-0.0000855574,
    "13":-0.00003631,
    "14":-0.0000437993,
    "15":-0.0001133212,
    "16":-0.000043093,
    "17":-0.0002514353,
    "18":-0.000143754,
    "19":-0.0003132596,
    "20":-0.000081256,
    "21":-0.000054876,
    "22":-0.000174174,
    "23":-0.000046108,
    "24":-0.000178517,
    "25":-0.000050559,
    "26":-0.00002613,
    "27":-0.0000676496,
    "28":-0.0000510438,
    "29":-0.0001199077,
    "30":-0.0000178838,
    "31":-0.00005511,
    "32":-0.0001733905,
    "33":-0.000106796,
    "34":-0.0002542116,
    "35":-0.0001241341,
    "36":-0.0001394133,
    "37":-0.0000585906,
    "38":-0.0000844476,
    "39":-0.0000925063,
    "40":-0.00002386,
    "41":-0.0000803398,
    "42":-0.0000598378,
    "43":-0.0000551161,
    "44":-0.000041567,
    "45":-0.0000364,
    "46":-0.00003037,
    "47":-0.00003541,
    "48":-0.0000496942,
    "49":-0.00001335
  }
}