{
  "Astrahl":{
    "0":0.0006983406,
    "1":0.0002795907,
    "2":0.000980115,
    "3":0.00025745,
    "4":0.00010298,
    "5":0.000445131,
    "6":0.0003890345,
    "7":0.000326705,
    "8":0.0002795907,
    "9":0.0008878177,
    "10":0.0003222749,
    "11":0.0002334207,
    "12":0.000260752,
    "13":0.0008278705,
    "14":0.0005815349,
    "15":0.0009776337,
    "16":0.0007574786,
    "17":0.000253959,
    "18":0.0,
    "19":0.000073441,
    "20":0.00005149,
    "21":0.0003246337,
    "22":0.000261364,
    "23":0.00005149,
    "24":0.00025745,
    "25":0.0003561048,
    "26":0.0001780524,
    "27":0.0006977904,
    "28":0.0002973708,
    "29":0.0007717169,
    "30":0.00020596,
    "31":0.0,
    "32":0.0003964944,
    "33":0.00010298,
    "34":0.000530235,
    "35":0.000261364,
    "36":0.000065341,
    "37":0.000326705,
    "38":0.000130682,
    "39":0.0002670786,
    "40":0.000261364,
    "41":0.0000890262,
    "42":0.0006816919,
    "43":0.00015447,
    "44":0.0000931969,
    "45":0.000146882,
    "46":0.000326705,
    "47":0.0004339117,
    "48":0.0001982472,
    "49":0.0003889232
  },
  "Uniform":{
    "0":0.0065832415,
    "1":0.0029023109,
    "2":0.0056613795,
    "3":0.001746761,
    "4":0.00100155,
    "5":0.0014487498,
    "6":0.0025390977,
    "7":0.002040722,
    "8":0.0013262989,
    "9":0.0057950947,
    "10":0.0028999856,
    "11":0.0027411048,
    "12":0.0019686795,
    "13":0.0042109247,
    "14":0.0039007431,
    "15":0.0042654707,
    "16":0.0051819005,
    "17":0.0020719426,
    "18":0.0017669323,
    "19":0.001326512,
    "20":0.00070819,
    "21":0.0022362549,
    "22":0.001047901,
    "23":0.00077778,
    "24":0.00149102,
    "25":0.0027495526,
    "26":0.001803528,
    "27":0.0101406907,
    "28":0.0016457809,
    "29":0.0029416923,
    "30":0.00188026,
    "31":0.0018089564,
    "32":0.0018454351,
    "33":0.0022329719,
    "34":0.0041402752,
    "35":0.001097061,
    "36":0.001219632,
    "37":0.0019290819,
    "38":0.000954352,
    "39":0.0015489584,
    "40":0.0016638909,
    "41":0.0014563769,
    "42":0.0031335264,
    "43":0.00073068,
    "44":0.001735854,
    "45":0.002331574,
    "46":0.001016622,
    "47":0.003321931,
    "48":0.0023714921,
    "49":0.0042483285
  },
  "Prop":{
    "0":0.005237732,
    "1":0.0030820329,
    "2":0.0066143601,
    "3":0.001794102,
    "4":0.00093369,
    "5":0.0013868436,
    "6":0.0028482337,
    "7":0.002160656,
    "8":0.0017997848,
    "9":0.0066148519,
    "10":0.003174979,
    "11":0.0029579888,
    "12":0.0023832252,
    "13":0.00507898,
    "14":0.0042365619,
    "15":0.0051832382,
    "16":0.0071268562,
    "17":0.0022361387,
    "18":0.0020363314,
    "19":0.001461962,
    "20":0.00099437,
    "21":0.0018460865,
    "22":0.001341191,
    "23":0.00079129,
    "24":0.001814521,
    "25":0.0027439376,
    "26":0.0018327011,
    "27":0.0105935155,
    "28":0.001968361,
    "29":0.0028064465,
    "30":0.00183119,
    "31":0.0021319938,
    "32":0.0024498696,
    "33":0.002687267,
    "34":0.0039743082,
    "35":0.000985791,
    "36":0.00106404,
    "37":0.0025049909,
    "38":0.001205783,
    "39":0.0017779627,
    "40":0.0021294929,
    "41":0.0017966956,
    "42":0.0033232004,
    "43":0.000682,
    "44":0.001331294,
    "45":0.0029999707,
    "46":0.00101854,
    "47":0.0025565088,
    "48":0.0037756683,
    "49":0.0040910898
  },
  "Delta_Uniform":{
    "0":-0.0058849009,
    "1":-0.0026227202,
    "2":-0.0046812645,
    "3":-0.001489311,
    "4":-0.00089857,
    "5":-0.0010036188,
    "6":-0.0021500632,
    "7":-0.001714017,
    "8":-0.0010467082,
    "9":-0.004907277,
    "10":-0.0025777107,
    "11":-0.0025076841,
    "12":-0.0017079275,
    "13":-0.0033830542,
    "14":-0.0033192082,
    "15":-0.003287837,
    "16":-0.0044244219,
    "17":-0.0018179836,
    "18":-0.0017669323,
    "19":-0.001253071,
    "20":-0.0006567,
    "21":-0.0019116212,
    "22":-0.000786537,
    "23":-0.00072629,
    "24":-0.00123357,
    "25":-0.0023934478,
    "26":-0.0016254756,
    "27":-0.0094429002,
    "28":-0.0013484102,
    "29":-0.0021699753,
    "30":-0.0016743,
    "31":-0.0018089564,
    "32":-0.0014489408,
    "33":-0.0021299919,
    "34":-0.0036100402,
    "35":-0.000835697,
    "36":-0.001154291,
    "37":-0.0016023769,
    "38":-0.00082367,
    "39":-0.0012818798,
    "40":-0.0014025269,
    "41":-0.0013673507,
    "42":-0.0024518345,
    "43":-0.00057621,
    "44":-0.0016426571,
    "45":-0.002184692,
    "46":-0.000689917,
    "47":-0.0028880193,
    "48":-0.0021732449,
    "49":-0.0038594053
  },
  "Delta_Prop":{
    "0":-0.0045393914,
    "1":-0.0028024422,
    "2":-0.0056342451,
    "3":-0.001536652,
    "4":-0.00083071,
    "5":-0.0009417126,
    "6":-0.0024591992,
    "7":-0.001833951,
    "8":-0.0015201941,
    "9":-0.0057270342,
    "10":-0.0028527041,
    "11":-0.0027245681,
    "12":-0.0021224732,
    "13":-0.0042511095,
    "14":-0.003655027,
    "15":-0.0042056045,
    "16":-0.0063693776,
    "17":-0.0019821797,
    "18":-0.0020363314,
    "19":-0.001388521,
    "20":-0.00094288,
    "21":-0.0015214528,
    "22":-0.001079827,
    "23":-0.0007398,
    "24":-0.001557071,
    "25":-0.0023878328,
    "26":-0.0016546487,
    "27":-0.0098957251,
    "28":-0.0016709903,
    "29":-0.0020347295,
    "30":-0.00162523,
    "31":-0.0021319938,
    "32":-0.0020533753,
    "33":-0.002584287,
    "34":-0.0034440732,
    "35":-0.000724427,
    "36":-0.000998699,
    "37":-0.0021782859,
    "38":-0.001075101,
    "39":-0.0015108841,
    "40":-0.0018681289,
    "41":-0.0017076694,
    "42":-0.0026415084,
    "43":-0.00052753,
    "44":-0.0012380971,
    "45":-0.0028530887,
    "46":-0.000691835,
    "47":-0.0021225971,
    "48":-0.0035774211,
    "49":-0.0037021666
  }
}