{
  "Astrahl":{
    "0":0.061584448,
    "1":0.033349087,
    "2":0.057253114,
    "3":0.0573534124,
    "4":0.0266492105,
    "5":0.0657379698,
    "6":0.0186416486,
    "7":0.0366579586,
    "8":0.026261244,
    "9":0.06407442,
    "10":0.03218202,
    "11":0.0266285021,
    "12":0.035344945,
    "13":0.0699466913,
    "14":0.0244979083,
    "15":0.0249408768,
    "16":0.0236310492,
    "17":0.0317461682,
    "18":0.0334997916,
    "19":0.0286990238,
    "20":0.0254365488,
    "21":0.0687416772,
    "22":0.0247216263,
    "23":0.1084246065,
    "24":0.0367915597,
    "25":0.0324855621,
    "26":0.03318202,
    "27":0.030333583,
    "28":0.0572947641,
    "29":0.0288890984,
    "30":0.0570098042,
    "31":0.027351253,
    "32":0.0605848575,
    "33":0.0653580628,
    "34":0.029211806,
    "35":0.0567532495,
    "36":0.0361611497,
    "37":0.0327498538,
    "38":0.0639833579,
    "39":0.019263141,
    "40":0.0275009977,
    "41":0.030345211,
    "42":0.0284928948,
    "43":0.0493119597,
    "44":0.0832096572,
    "45":0.1215773278,
    "46":0.1205439575,
    "47":0.0265015126,
    "48":0.0519569893,
    "49":0.0228491226
  },
  "Uniform":{
    "0":0.160264221,
    "1":0.082147261,
    "2":0.1519865263,
    "3":0.1567824869,
    "4":0.0838385303,
    "5":0.154126756,
    "6":0.0792895002,
    "7":0.0842772373,
    "8":0.078116725,
    "9":0.154570434,
    "10":0.08107027,
    "11":0.0752597174,
    "12":0.080131492,
    "13":0.1590933625,
    "14":0.0852338543,
    "15":0.0804314425,
    "16":0.0787091765,
    "17":0.0813474972,
    "18":0.0841916212,
    "19":0.0847619339,
    "20":0.0816228737,
    "21":0.1551825843,
    "22":0.0856928383,
    "23":0.2875452,
    "24":0.0768897958,
    "25":0.0782335281,
    "26":0.07805977,
    "27":0.0731114822,
    "28":0.1540777452,
    "29":0.0804721506,
    "30":0.1654436574,
    "31":0.080155137,
    "32":0.1490586834,
    "33":0.1474355324,
    "34":0.0825621191,
    "35":0.1517933897,
    "36":0.0780020194,
    "37":0.0813254173,
    "38":0.1601173392,
    "39":0.082117789,
    "40":0.0831827554,
    "41":0.080156514,
    "42":0.0872046917,
    "43":0.1537487304,
    "44":0.2285149887,
    "45":0.2908964369,
    "46":0.3483751906,
    "47":0.08020144,
    "48":0.1547093098,
    "49":0.0844218592
  },
  "Prop":{
    "0":0.1490242386,
    "1":0.073127264,
    "2":0.1545877575,
    "3":0.1497668139,
    "4":0.0827254319,
    "5":0.1466795124,
    "6":0.0752946652,
    "7":0.0812831602,
    "8":0.077111756,
    "9":0.136074894,
    "10":0.07907399,
    "11":0.0822357092,
    "12":0.077147981,
    "13":0.1538978454,
    "14":0.0771933701,
    "15":0.0824683113,
    "16":0.0807063837,
    "17":0.0753017998,
    "18":0.0752553157,
    "19":0.0847425246,
    "20":0.0766749021,
    "21":0.1606366839,
    "22":0.0747109622,
    "23":0.2789649874,
    "24":0.0808382112,
    "25":0.080221582,
    "26":0.08108192,
    "27":0.083157294,
    "28":0.1587903573,
    "29":0.0794143979,
    "30":0.1546903616,
    "31":0.079131501,
    "32":0.1464591953,
    "33":0.1586331306,
    "34":0.0775481406,
    "35":0.1517218639,
    "36":0.0780539035,
    "37":0.0883135575,
    "38":0.1465123562,
    "39":0.083103096,
    "40":0.0811851724,
    "41":0.076140476,
    "42":0.0832341012,
    "43":0.1658337562,
    "44":0.2284549705,
    "45":0.27834568,
    "46":0.3353228964,
    "47":0.0792285948,
    "48":0.1536926599,
    "49":0.0773333602
  },
  "Delta_Uniform":{
    "0":-0.098679773,
    "1":-0.048798174,
    "2":-0.0947334123,
    "3":-0.0994290745,
    "4":-0.0571893197,
    "5":-0.0883887861,
    "6":-0.0606478516,
    "7":-0.0476192787,
    "8":-0.051855481,
    "9":-0.090496014,
    "10":-0.04888825,
    "11":-0.0486312153,
    "12":-0.044786547,
    "13":-0.0891466712,
    "14":-0.060735946,
    "15":-0.0554905657,
    "16":-0.0550781273,
    "17":-0.049601329,
    "18":-0.0506918296,
    "19":-0.0560629101,
    "20":-0.0561863249,
    "21":-0.0864409071,
    "22":-0.0609712119,
    "23":-0.1791205935,
    "24":-0.040098236,
    "25":-0.045747966,
    "26":-0.04487775,
    "27":-0.0427778992,
    "28":-0.0967829811,
    "29":-0.0515830521,
    "30":-0.1084338532,
    "31":-0.052803884,
    "32":-0.0884738259,
    "33":-0.0820774696,
    "34":-0.053350313,
    "35":-0.0950401402,
    "36":-0.0418408697,
    "37":-0.0485755635,
    "38":-0.0961339812,
    "39":-0.062854648,
    "40":-0.0556817577,
    "41":-0.049811303,
    "42":-0.0587117969,
    "43":-0.1044367706,
    "44":-0.1453053316,
    "45":-0.1693191091,
    "46":-0.2278312331,
    "47":-0.0536999274,
    "48":-0.1027523205,
    "49":-0.0615727366
  },
  "Delta_Prop":{
    "0":-0.0874397906,
    "1":-0.039778177,
    "2":-0.0973346435,
    "3":-0.0924134015,
    "4":-0.0560762214,
    "5":-0.0809415425,
    "6":-0.0566530166,
    "7":-0.0446252016,
    "8":-0.050850512,
    "9":-0.072000474,
    "10":-0.04689197,
    "11":-0.055607207,
    "12":-0.041803036,
    "13":-0.0839511541,
    "14":-0.0526954618,
    "15":-0.0575274345,
    "16":-0.0570753345,
    "17":-0.0435556316,
    "18":-0.0417555241,
    "19":-0.0560435008,
    "20":-0.0512383533,
    "21":-0.0918950068,
    "22":-0.0499893358,
    "23":-0.1705403809,
    "24":-0.0440466515,
    "25":-0.0477360199,
    "26":-0.0478999,
    "27":-0.052823711,
    "28":-0.1014955932,
    "29":-0.0505252995,
    "30":-0.0976805574,
    "31":-0.051780248,
    "32":-0.0858743378,
    "33":-0.0932750678,
    "34":-0.0483363346,
    "35":-0.0949686144,
    "36":-0.0418927538,
    "37":-0.0555637038,
    "38":-0.0825289983,
    "39":-0.063839955,
    "40":-0.0536841747,
    "41":-0.045795265,
    "42":-0.0547412064,
    "43":-0.1165217964,
    "44":-0.1452453133,
    "45":-0.1567683522,
    "46":-0.2147789388,
    "47":-0.0527270822,
    "48":-0.1017356706,
    "49":-0.0544842376
  }
}