{
  "Astrahl":{
    "0":0.0,
    "1":0.0,
    "2":0.0,
    "3":0.0000027829,
    "4":0.0,
    "5":0.0000024881,
    "6":0.00000109,
    "7":0.0,
    "8":0.0,
    "9":0.0,
    "10":0.0,
    "11":0.0,
    "12":0.0,
    "13":0.0,
    "14":0.0000029076,
    "15":0.00000109,
    "16":0.0,
    "17":0.0,
    "18":0.0,
    "19":0.0,
    "20":0.0,
    "21":0.0,
    "22":0.0000027829,
    "23":0.0,
    "24":0.0,
    "25":0.000003513,
    "26":0.0,
    "27":0.0,
    "28":0.00000109,
    "29":0.00000218,
    "30":0.0000070092,
    "31":0.0000033533,
    "32":0.0,
    "33":0.0,
    "34":0.0000021195,
    "35":0.0,
    "36":0.00000109,
    "37":0.0,
    "38":0.0000040231,
    "39":0.0000021195,
    "40":0.0000021195,
    "41":0.0,
    "42":0.000001171,
    "43":0.000004239,
    "44":0.0,
    "45":0.0,
    "46":0.0,
    "47":0.0,
    "48":0.0,
    "49":0.0
  },
  "Uniform":{
    "0":0.00000309,
    "1":0.000005,
    "2":0.000001,
    "3":0.0000152739,
    "4":0.000002261,
    "5":0.000013842,
    "6":0.00000371,
    "7":0.000002,
    "8":0.00000209,
    "9":0.00000119,
    "10":0.000001,
    "11":0.0000011,
    "12":0.000001,
    "13":0.00000209,
    "14":0.0000050268,
    "15":0.00000499,
    "16":0.000006071,
    "17":0.0000054149,
    "18":0.000002371,
    "19":0.0000062339,
    "20":0.0000011,
    "21":0.000001,
    "22":0.0000105,
    "23":0.000005981,
    "24":0.000001,
    "25":0.0000212639,
    "26":0.0000049,
    "27":0.00001088,
    "28":0.000002,
    "29":0.000001,
    "30":0.00000399,
    "31":0.0000106937,
    "32":0.0000312914,
    "33":0.00000499,
    "34":0.00000329,
    "35":0.00000209,
    "36":0.00000219,
    "37":0.0000056759,
    "38":0.0000491238,
    "39":0.000018801,
    "40":0.000009961,
    "41":0.0000029,
    "42":0.0000031,
    "43":0.0,
    "44":0.000002,
    "45":0.0000089024,
    "46":0.00000209,
    "47":0.00000129,
    "48":0.00000309,
    "49":0.0000045439
  },
  "Prop":{
    "0":0.0000048,
    "1":0.0000021,
    "2":0.0000001,
    "3":0.000011101,
    "4":0.000001,
    "5":0.000000271,
    "6":0.000003,
    "7":0.000002,
    "8":0.000001361,
    "9":0.0000001,
    "10":0.0000001,
    "11":0.000001171,
    "12":0.0,
    "13":0.000002,
    "14":0.000003261,
    "15":0.0000069,
    "16":0.0000021,
    "17":0.0000078081,
    "18":0.00000019,
    "19":0.000002981,
    "20":0.0000012,
    "21":0.00000128,
    "22":0.00001264,
    "23":0.0000136439,
    "24":0.000000461,
    "25":0.0000179079,
    "26":0.000006971,
    "27":0.0000049,
    "28":0.0000029,
    "29":0.000002,
    "30":0.0000038,
    "31":0.0000094832,
    "32":0.0000246549,
    "33":0.00000138,
    "34":0.000003342,
    "35":0.000001,
    "36":0.0000011,
    "37":0.0000156463,
    "38":0.0000396964,
    "39":0.0000148934,
    "40":0.0000059,
    "41":0.0000038,
    "42":0.000001,
    "43":0.0000068539,
    "44":0.0000002,
    "45":0.0000142569,
    "46":0.000002,
    "47":0.00000219,
    "48":0.0000001,
    "49":0.00000129
  },
  "Delta_Uniform":{
    "0":-0.00000309,
    "1":-0.000005,
    "2":-0.000001,
    "3":-0.000012491,
    "4":-0.000002261,
    "5":-0.0000113539,
    "6":-0.00000262,
    "7":-0.000002,
    "8":-0.00000209,
    "9":-0.00000119,
    "10":-0.000001,
    "11":-0.0000011,
    "12":-0.000001,
    "13":-0.00000209,
    "14":-0.0000021192,
    "15":-0.0000039,
    "16":-0.000006071,
    "17":-0.0000054149,
    "18":-0.000002371,
    "19":-0.0000062339,
    "20":-0.0000011,
    "21":-0.000001,
    "22":-0.0000077171,
    "23":-0.000005981,
    "24":-0.000001,
    "25":-0.0000177509,
    "26":-0.0000049,
    "27":-0.00001088,
    "28":-0.00000091,
    "29":0.00000118,
    "30":0.0000030192,
    "31":-0.0000073404,
    "32":-0.0000312914,
    "33":-0.00000499,
    "34":-0.0000011705,
    "35":-0.00000209,
    "36":-0.0000011,
    "37":-0.0000056759,
    "38":-0.0000451007,
    "39":-0.0000166815,
    "40":-0.0000078415,
    "41":-0.0000029,
    "42":-0.000001929,
    "43":0.000004239,
    "44":-0.000002,
    "45":-0.0000089024,
    "46":-0.00000209,
    "47":-0.00000129,
    "48":-0.00000309,
    "49":-0.0000045439
  },
  "Delta_Prop":{
    "0":-0.0000048,
    "1":-0.0000021,
    "2":-0.0000001,
    "3":-0.0000083181,
    "4":-0.000001,
    "5":0.0000022171,
    "6":-0.00000191,
    "7":-0.000002,
    "8":-0.000001361,
    "9":-0.0000001,
    "10":-0.0000001,
    "11":-0.000001171,
    "12":0.0,
    "13":-0.000002,
    "14":-0.0000003534,
    "15":-0.00000581,
    "16":-0.0000021,
    "17":-0.0000078081,
    "18":-0.00000019,
    "19":-0.000002981,
    "20":-0.0000012,
    "21":-0.00000128,
    "22":-0.0000098571,
    "23":-0.0000136439,
    "24":-0.000000461,
    "25":-0.0000143949,
    "26":-0.000006971,
    "27":-0.0000049,
    "28":-0.00000181,
    "29":0.00000018,
    "30":0.0000032092,
    "31":-0.0000061299,
    "32":-0.0000246549,
    "33":-0.00000138,
    "34":-0.0000012225,
    "35":-0.000001,
    "36":-0.00000001,
    "37":-0.0000156463,
    "38":-0.0000356733,
    "39":-0.0000127739,
    "40":-0.0000037805,
    "41":-0.0000038,
    "42":0.000000171,
    "43":-0.0000026149,
    "44":-0.0000002,
    "45":-0.0000142569,
    "46":-0.000002,
    "47":-0.00000219,
    "48":-0.0000001,
    "49":-0.00000129
  }
}