{
  "Astrahl":{
    "0":0.0022945836,
    "1":0.0013711513,
    "2":0.0013901053,
    "3":0.0061199758,
    "4":0.0029138747,
    "5":0.0059585926,
    "6":0.0010484573,
    "7":0.0028270338,
    "8":0.0027790064,
    "9":0.0045870936,
    "10":0.001716015,
    "11":0.0014435709,
    "12":0.0029570703,
    "13":0.0017412512,
    "14":0.0065461475,
    "15":0.001998415,
    "16":0.0011852126,
    "17":0.001204448,
    "18":0.004153482,
    "19":0.0061456363,
    "20":0.0018666507,
    "21":0.0012763828,
    "22":0.0020118797,
    "23":0.0055074705,
    "24":0.0042871165,
    "25":0.0016916202,
    "26":0.0014096835,
    "27":0.0032905312,
    "28":0.001632423,
    "29":0.0011011525,
    "30":0.0026914963,
    "31":0.0015505021,
    "32":0.0026120262,
    "33":0.000911702,
    "34":0.0015235948,
    "35":0.0053316627,
    "36":0.0017956653,
    "37":0.0060995048,
    "38":0.00080668,
    "39":0.0018281895,
    "40":0.0017073028,
    "41":0.0062607186,
    "42":0.0014634024,
    "43":0.0019782268,
    "44":0.0043313926,
    "45":0.00137217,
    "46":0.0012773369,
    "47":0.0057860461,
    "48":0.0017682779,
    "49":0.0051905148
  },
  "Uniform":{
    "0":0.0052471751,
    "1":0.0029912492,
    "2":0.002953674,
    "3":0.0120763074,
    "4":0.0060524281,
    "5":0.0123330288,
    "6":0.0027071219,
    "7":0.0055261225,
    "8":0.0038734265,
    "9":0.0094890883,
    "10":0.003334783,
    "11":0.0025138086,
    "12":0.0057436624,
    "13":0.0029066264,
    "14":0.0099379636,
    "15":0.0033185195,
    "16":0.0019773752,
    "17":0.001988191,
    "18":0.0071940361,
    "19":0.0116415961,
    "20":0.0037497354,
    "21":0.0025330607,
    "22":0.0030200072,
    "23":0.0118947576,
    "24":0.0068779352,
    "25":0.003016945,
    "26":0.0031095121,
    "27":0.0069344769,
    "28":0.0030386062,
    "29":0.0022866383,
    "30":0.0042231234,
    "31":0.0030745025,
    "32":0.0048734844,
    "33":0.00241245,
    "34":0.0030795218,
    "35":0.0093728634,
    "36":0.0028076218,
    "37":0.0086020396,
    "38":0.00143021,
    "39":0.0044836442,
    "40":0.0034526998,
    "41":0.0133290806,
    "42":0.0034420421,
    "43":0.0031838491,
    "44":0.0092506891,
    "45":0.002144288,
    "46":0.0025603435,
    "47":0.0109973572,
    "48":0.0034636261,
    "49":0.010592018
  },
  "Prop":{
    "0":0.0051577959,
    "1":0.0028368497,
    "2":0.002864033,
    "3":0.0125904555,
    "4":0.0052036441,
    "5":0.012629626,
    "6":0.0024507951,
    "7":0.0052816288,
    "8":0.0040729907,
    "9":0.008031655,
    "10":0.0030805569,
    "11":0.0029290374,
    "12":0.0063195599,
    "13":0.0027336567,
    "14":0.0107306829,
    "15":0.003519622,
    "16":0.002480277,
    "17":0.001972675,
    "18":0.0074360198,
    "19":0.0118282608,
    "20":0.003494726,
    "21":0.0023603329,
    "22":0.003059406,
    "23":0.0106769068,
    "24":0.0071055608,
    "25":0.0027766476,
    "26":0.0031724784,
    "27":0.0058069867,
    "28":0.0026211732,
    "29":0.0026223506,
    "30":0.0051357392,
    "31":0.0030615222,
    "32":0.004529347,
    "33":0.00265367,
    "34":0.0029485151,
    "35":0.0090111149,
    "36":0.0028968802,
    "37":0.0086302798,
    "38":0.00137923,
    "39":0.0049024754,
    "40":0.0030849745,
    "41":0.0154948303,
    "42":0.0032869216,
    "43":0.0025758747,
    "44":0.0085052531,
    "45":0.002243525,
    "46":0.0023434545,
    "47":0.0100253424,
    "48":0.0026549725,
    "49":0.0105280186
  },
  "Delta_Uniform":{
    "0":-0.0029525915,
    "1":-0.0016200979,
    "2":-0.0015635687,
    "3":-0.0059563316,
    "4":-0.0031385534,
    "5":-0.0063744362,
    "6":-0.0016586646,
    "7":-0.0026990887,
    "8":-0.0010944201,
    "9":-0.0049019948,
    "10":-0.001618768,
    "11":-0.0010702377,
    "12":-0.0027865922,
    "13":-0.0011653752,
    "14":-0.003391816,
    "15":-0.0013201044,
    "16":-0.0007921626,
    "17":-0.000783743,
    "18":-0.003040554,
    "19":-0.0054959598,
    "20":-0.0018830847,
    "21":-0.0012566779,
    "22":-0.0010081275,
    "23":-0.006387287,
    "24":-0.0025908187,
    "25":-0.0013253247,
    "26":-0.0016998286,
    "27":-0.0036439457,
    "28":-0.0014061832,
    "29":-0.0011854858,
    "30":-0.0015316271,
    "31":-0.0015240004,
    "32":-0.0022614581,
    "33":-0.001500748,
    "34":-0.001555927,
    "35":-0.0040412007,
    "36":-0.0010119565,
    "37":-0.0025025348,
    "38":-0.00062353,
    "39":-0.0026554547,
    "40":-0.001745397,
    "41":-0.007068362,
    "42":-0.0019786397,
    "43":-0.0012056222,
    "44":-0.0049192965,
    "45":-0.000772118,
    "46":-0.0012830066,
    "47":-0.0052113111,
    "48":-0.0016953482,
    "49":-0.0054015032
  },
  "Delta_Prop":{
    "0":-0.0028632123,
    "1":-0.0014656983,
    "2":-0.0014739276,
    "3":-0.0064704797,
    "4":-0.0022897695,
    "5":-0.0066710333,
    "6":-0.0014023378,
    "7":-0.002454595,
    "8":-0.0012939844,
    "9":-0.0034445614,
    "10":-0.0013645419,
    "11":-0.0014854665,
    "12":-0.0033624897,
    "13":-0.0009924055,
    "14":-0.0041845354,
    "15":-0.001521207,
    "16":-0.0012950644,
    "17":-0.000768227,
    "18":-0.0032825378,
    "19":-0.0056826244,
    "20":-0.0016280753,
    "21":-0.0010839501,
    "22":-0.0010475263,
    "23":-0.0051694363,
    "24":-0.0028184443,
    "25":-0.0010850273,
    "26":-0.0017627948,
    "27":-0.0025164555,
    "28":-0.0009887502,
    "29":-0.0015211981,
    "30":-0.0024442429,
    "31":-0.0015110201,
    "32":-0.0019173208,
    "33":-0.001741968,
    "34":-0.0014249203,
    "35":-0.0036794521,
    "36":-0.0011012149,
    "37":-0.002530775,
    "38":-0.00057255,
    "39":-0.0030742859,
    "40":-0.0013776717,
    "41":-0.0092341118,
    "42":-0.0018235192,
    "43":-0.0005976479,
    "44":-0.0041738604,
    "45":-0.000871355,
    "46":-0.0010661176,
    "47":-0.0042392962,
    "48":-0.0008866946,
    "49":-0.0053375038
  }
}