{
  "Astrahl":{
    "0":0.0123327029,
    "1":0.0056869814,
    "2":0.00251991,
    "3":0.0074018983,
    "4":0.0055206011,
    "5":0.0062730654,
    "6":0.0111248168,
    "7":0.0060094793,
    "8":0.0071294464,
    "9":0.0101336402,
    "10":0.0059683811,
    "11":0.0034549662,
    "12":0.0059521048,
    "13":0.0067000466,
    "14":0.0047671057,
    "15":0.004463466,
    "16":0.0079957777,
    "17":0.0071464801,
    "18":0.00297229,
    "19":0.0048273003,
    "20":0.003297694,
    "21":0.0074029772,
    "22":0.0060902262,
    "23":0.0042625519,
    "24":0.0041948532,
    "25":0.0104727614,
    "26":0.0213271411,
    "27":0.0054617969,
    "28":0.0132798435,
    "29":0.0048991636,
    "30":0.0049135117,
    "31":0.0044209361,
    "32":0.003659045,
    "33":0.0027984166,
    "34":0.0086039915,
    "35":0.0044472044,
    "36":0.0070335852,
    "37":0.0104888341,
    "38":0.0071534457,
    "39":0.00322548,
    "40":0.016801282,
    "41":0.003303274,
    "42":0.0058262787,
    "43":0.003807577,
    "44":0.0104195698,
    "45":0.0124742473,
    "46":0.0091265618,
    "47":0.007143253,
    "48":0.0043346459,
    "49":0.0053221753
  },
  "Uniform":{
    "0":0.0247928085,
    "1":0.0061543599,
    "2":0.00585813,
    "3":0.0113237312,
    "4":0.0105460411,
    "5":0.0095308083,
    "6":0.0112703397,
    "7":0.0093138182,
    "8":0.0114844429,
    "9":0.0104390723,
    "10":0.0077718928,
    "11":0.0062049512,
    "12":0.0101405749,
    "13":0.0073835657,
    "14":0.0054692982,
    "15":0.008402807,
    "16":0.0087685741,
    "17":0.0098794035,
    "18":0.00527465,
    "19":0.0068082593,
    "20":0.006146441,
    "21":0.0156106554,
    "22":0.0108646673,
    "23":0.0057751643,
    "24":0.0053096611,
    "25":0.014122043,
    "26":0.0259272353,
    "27":0.0053695155,
    "28":0.0204757261,
    "29":0.0106662694,
    "30":0.0097119265,
    "31":0.0059816526,
    "32":0.004839966,
    "33":0.0065710946,
    "34":0.0161516087,
    "35":0.0054306893,
    "36":0.0076786967,
    "37":0.0196353118,
    "38":0.0112882798,
    "39":0.00472185,
    "40":0.014058611,
    "41":0.004748765,
    "42":0.0106832318,
    "43":0.00471702,
    "44":0.0198089307,
    "45":0.0129942256,
    "46":0.0164084286,
    "47":0.0115604424,
    "48":0.0069693793,
    "49":0.0067790787
  },
  "Prop":{
    "0":0.0215256557,
    "1":0.00589677,
    "2":0.00475639,
    "3":0.0107350978,
    "4":0.0096799909,
    "5":0.0101374629,
    "6":0.0114507928,
    "7":0.0107223522,
    "8":0.010266755,
    "9":0.0100442126,
    "10":0.0072209344,
    "11":0.0059229054,
    "12":0.0093371876,
    "13":0.0068150257,
    "14":0.0059760836,
    "15":0.007994976,
    "16":0.0083548728,
    "17":0.0092096199,
    "18":0.00399467,
    "19":0.0072825784,
    "20":0.005818174,
    "21":0.0122726379,
    "22":0.0094128651,
    "23":0.0054396061,
    "24":0.0059452541,
    "25":0.0156620485,
    "26":0.0257387474,
    "27":0.0069622669,
    "28":0.0188871945,
    "29":0.0088847651,
    "30":0.0090203214,
    "31":0.0061883184,
    "32":0.005680549,
    "33":0.0052522633,
    "34":0.0130849538,
    "35":0.0054503382,
    "36":0.0087024128,
    "37":0.0175728141,
    "38":0.0103823595,
    "39":0.00463166,
    "40":0.0168216392,
    "41":0.005280173,
    "42":0.0095077057,
    "43":0.005545612,
    "44":0.0198254587,
    "45":0.0131486193,
    "46":0.0161571149,
    "47":0.009298397,
    "48":0.0068377717,
    "49":0.0052675091
  },
  "Delta_Uniform":{
    "0":-0.0124601057,
    "1":-0.0004673785,
    "2":-0.00333822,
    "3":-0.0039218329,
    "4":-0.00502544,
    "5":-0.0032577429,
    "6":-0.000145523,
    "7":-0.003304339,
    "8":-0.0043549965,
    "9":-0.0003054321,
    "10":-0.0018035117,
    "11":-0.002749985,
    "12":-0.0041884701,
    "13":-0.0006835191,
    "14":-0.0007021925,
    "15":-0.003939341,
    "16":-0.0007727964,
    "17":-0.0027329234,
    "18":-0.00230236,
    "19":-0.001980959,
    "20":-0.002848747,
    "21":-0.0082076782,
    "22":-0.0047744412,
    "23":-0.0015126124,
    "24":-0.0011148079,
    "25":-0.0036492816,
    "26":-0.0046000942,
    "27":0.0000922814,
    "28":-0.0071958826,
    "29":-0.0057671058,
    "30":-0.0047984148,
    "31":-0.0015607165,
    "32":-0.001180921,
    "33":-0.003772678,
    "34":-0.0075476173,
    "35":-0.0009834849,
    "36":-0.0006451114,
    "37":-0.0091464777,
    "38":-0.0041348341,
    "39":-0.00149637,
    "40":0.0027426709,
    "41":-0.001445491,
    "42":-0.0048569531,
    "43":-0.000909443,
    "44":-0.0093893608,
    "45":-0.0005199783,
    "46":-0.0072818668,
    "47":-0.0044171894,
    "48":-0.0026347334,
    "49":-0.0014569034
  },
  "Delta_Prop":{
    "0":-0.0091929528,
    "1":-0.0002097886,
    "2":-0.00223648,
    "3":-0.0033331994,
    "4":-0.0041593898,
    "5":-0.0038643975,
    "6":-0.000325976,
    "7":-0.0047128729,
    "8":-0.0031373086,
    "9":0.0000894275,
    "10":-0.0012525533,
    "11":-0.0024679392,
    "12":-0.0033850828,
    "13":-0.0001149791,
    "14":-0.0012089779,
    "15":-0.00353151,
    "16":-0.0003590951,
    "17":-0.0020631398,
    "18":-0.00102238,
    "19":-0.0024552781,
    "20":-0.00252048,
    "21":-0.0048696606,
    "22":-0.0033226389,
    "23":-0.0011770542,
    "24":-0.0017504009,
    "25":-0.005189287,
    "26":-0.0044116063,
    "27":-0.00150047,
    "28":-0.0056073511,
    "29":-0.0039856015,
    "30":-0.0041068097,
    "31":-0.0017673823,
    "32":-0.002021504,
    "33":-0.0024538467,
    "34":-0.0044809623,
    "35":-0.0010031338,
    "36":-0.0016688275,
    "37":-0.0070839799,
    "38":-0.0032289138,
    "39":-0.00140618,
    "40":-0.0000203573,
    "41":-0.001976899,
    "42":-0.003681427,
    "43":-0.001738035,
    "44":-0.0094058889,
    "45":-0.000674372,
    "46":-0.0070305531,
    "47":-0.0021551441,
    "48":-0.0025031258,
    "49":0.0000546662
  }
}