{
  "Astrahl":{
    "0":0.00970973,
    "1":0.0143540683,
    "2":0.0203948493,
    "3":0.00791317,
    "4":0.0185343522,
    "5":0.0291466611,
    "6":0.00769974,
    "7":0.0095175871,
    "8":0.0114345991,
    "9":0.013374853,
    "10":0.0222410614,
    "11":0.009332695,
    "12":0.0220952165,
    "13":0.0147892941,
    "14":0.0361871649,
    "15":0.009445788,
    "16":0.0103964571,
    "17":0.015030743,
    "18":0.00745712,
    "19":0.0184016608,
    "20":0.008069216,
    "21":0.0203722149,
    "22":0.00765655,
    "23":0.015315431,
    "24":0.0080746,
    "25":0.008006208,
    "26":0.015458258,
    "27":0.0280831682,
    "28":0.0230550928,
    "29":0.0269377711,
    "30":0.0120319039,
    "31":0.0118672376,
    "32":0.0123813214,
    "33":0.0163945523,
    "34":0.008582022,
    "35":0.015831504,
    "36":0.018392489,
    "37":0.0176681323,
    "38":0.0134104497,
    "39":0.0176411603,
    "40":0.0074815,
    "41":0.008678295,
    "42":0.0178293261,
    "43":0.0251230466,
    "44":0.008386153,
    "45":0.015048681,
    "46":0.0108266444,
    "47":0.0081424084,
    "48":0.007680192,
    "49":0.008812711
  },
  "Uniform":{
    "0":0.00985416,
    "1":0.0180117282,
    "2":0.0229331373,
    "3":0.0094983,
    "4":0.0239323836,
    "5":0.0362144335,
    "6":0.0094957,
    "7":0.0118377782,
    "8":0.011238882,
    "9":0.016033598,
    "10":0.0201909432,
    "11":0.01138761,
    "12":0.0220758205,
    "13":0.0177657252,
    "14":0.0349765555,
    "15":0.0110144761,
    "16":0.0120239512,
    "17":0.0197493405,
    "18":0.00959731,
    "19":0.0252933183,
    "20":0.010216735,
    "21":0.0249983811,
    "22":0.01001473,
    "23":0.0150335655,
    "24":0.01072548,
    "25":0.010332835,
    "26":0.0150493392,
    "27":0.0356123057,
    "28":0.0332486437,
    "29":0.0337105871,
    "30":0.0136663378,
    "31":0.0138184742,
    "32":0.0132338677,
    "33":0.0164115885,
    "34":0.010692061,
    "35":0.0188394042,
    "36":0.0199539328,
    "37":0.0206685135,
    "38":0.0136922925,
    "39":0.0213923481,
    "40":0.00963987,
    "41":0.010994884,
    "42":0.0239905111,
    "43":0.0337227557,
    "44":0.010630088,
    "45":0.0143221304,
    "46":0.0115549415,
    "47":0.0105551446,
    "48":0.009781289,
    "49":0.009775516
  },
  "Prop":{
    "0":0.009305967,
    "1":0.0172091335,
    "2":0.0252345216,
    "3":0.00952092,
    "4":0.0239229116,
    "5":0.0365045377,
    "6":0.00879737,
    "7":0.0105500257,
    "8":0.0117813771,
    "9":0.016266546,
    "10":0.0208893793,
    "11":0.011040282,
    "12":0.0205350472,
    "13":0.0184914663,
    "14":0.0336832147,
    "15":0.0114089803,
    "16":0.0124257176,
    "17":0.0191043702,
    "18":0.00881698,
    "19":0.0242180186,
    "20":0.010448542,
    "21":0.0248892417,
    "22":0.00952125,
    "23":0.015602729,
    "24":0.00973879,
    "25":0.010444029,
    "26":0.0158686703,
    "27":0.034249318,
    "28":0.0330210625,
    "29":0.0324849319,
    "30":0.0127881577,
    "31":0.0132660121,
    "32":0.0130725399,
    "33":0.0165838965,
    "34":0.010837554,
    "35":0.0181962829,
    "36":0.0199197707,
    "37":0.0196006138,
    "38":0.0142078824,
    "39":0.0206992863,
    "40":0.00965996,
    "41":0.009999437,
    "42":0.0244904689,
    "43":0.0341849512,
    "44":0.010172348,
    "45":0.0154675534,
    "46":0.0121437096,
    "47":0.0099792166,
    "48":0.010142448,
    "49":0.009921337
  },
  "Delta_Uniform":{
    "0":-0.00014443,
    "1":-0.0036576599,
    "2":-0.002538288,
    "3":-0.00158513,
    "4":-0.0053980314,
    "5":-0.0070677724,
    "6":-0.00179596,
    "7":-0.0023201911,
    "8":0.0001957171,
    "9":-0.002658745,
    "10":0.0020501182,
    "11":-0.002054915,
    "12":0.000019396,
    "13":-0.0029764312,
    "14":0.0012106095,
    "15":-0.0015686881,
    "16":-0.0016274941,
    "17":-0.0047185975,
    "18":-0.00214019,
    "19":-0.0068916575,
    "20":-0.002147519,
    "21":-0.0046261663,
    "22":-0.00235818,
    "23":0.0002818655,
    "24":-0.00265088,
    "25":-0.002326627,
    "26":0.0004089188,
    "27":-0.0075291375,
    "28":-0.0101935509,
    "29":-0.006772816,
    "30":-0.0016344339,
    "31":-0.0019512366,
    "32":-0.0008525463,
    "33":-0.0000170363,
    "34":-0.002110039,
    "35":-0.0030079001,
    "36":-0.0015614437,
    "37":-0.0030003811,
    "38":-0.0002818429,
    "39":-0.0037511877,
    "40":-0.00215837,
    "41":-0.002316589,
    "42":-0.0061611849,
    "43":-0.0085997091,
    "44":-0.002243935,
    "45":0.0007265506,
    "46":-0.0007282971,
    "47":-0.0024127362,
    "48":-0.002101097,
    "49":-0.000962805
  },
  "Delta_Prop":{
    "0":0.000403763,
    "1":-0.0028550652,
    "2":-0.0048396723,
    "3":-0.00160775,
    "4":-0.0053885595,
    "5":-0.0073578766,
    "6":-0.00109763,
    "7":-0.0010324386,
    "8":-0.000346778,
    "9":-0.002891693,
    "10":0.0013516821,
    "11":-0.001707587,
    "12":0.0015601693,
    "13":-0.0037021723,
    "14":0.0025039502,
    "15":-0.0019631923,
    "16":-0.0020292605,
    "17":-0.0040736272,
    "18":-0.00135986,
    "19":-0.0058163578,
    "20":-0.002379326,
    "21":-0.0045170268,
    "22":-0.0018647,
    "23":-0.000287298,
    "24":-0.00166419,
    "25":-0.002437821,
    "26":-0.0004104122,
    "27":-0.0061661499,
    "28":-0.0099659698,
    "29":-0.0055471609,
    "30":-0.0007562538,
    "31":-0.0013987746,
    "32":-0.0006912184,
    "33":-0.0001893443,
    "34":-0.002255532,
    "35":-0.0023647789,
    "36":-0.0015272816,
    "37":-0.0019324815,
    "38":-0.0007974327,
    "39":-0.0030581259,
    "40":-0.00217846,
    "41":-0.001321142,
    "42":-0.0066611428,
    "43":-0.0090619046,
    "44":-0.001786195,
    "45":-0.0004188724,
    "46":-0.0013170652,
    "47":-0.0018368082,
    "48":-0.002462256,
    "49":-0.001108626
  }
}