{
  "Astrahl":{
    "0":0.0120455446,
    "1":0.0089707289,
    "2":0.0051051955,
    "3":0.003888579,
    "4":0.0071481678,
    "5":0.0075448541,
    "6":0.0124719556,
    "7":0.004291827,
    "8":0.004515597,
    "9":0.003950271,
    "10":0.0070490016,
    "11":0.0079128622,
    "12":0.004211882,
    "13":0.0061757919,
    "14":0.0069969643,
    "15":0.0100630542,
    "16":0.0219411465,
    "17":0.004450256,
    "18":0.0166627255,
    "19":0.005957961,
    "20":0.003931765,
    "21":0.0050374472,
    "22":0.0105749218,
    "23":0.004238169,
    "24":0.0054002465,
    "25":0.00306565,
    "26":0.0100051436,
    "27":0.0078097756,
    "28":0.0199013358,
    "29":0.0056140902,
    "30":0.003822135,
    "31":0.0154586588,
    "32":0.004263714,
    "33":0.0054457721,
    "34":0.0057135201,
    "35":0.0060116226,
    "36":0.003996437,
    "37":0.0107305459,
    "38":0.003969066,
    "39":0.00289636,
    "40":0.0075763118,
    "41":0.0070922543,
    "42":0.0100095313,
    "43":0.0149859349,
    "44":0.0140233625,
    "45":0.0197967307,
    "46":0.003859527,
    "47":0.0087377721,
    "48":0.0065410834,
    "49":0.0068579567
  },
  "Uniform":{
    "0":0.0117707482,
    "1":0.008538097,
    "2":0.0054550943,
    "3":0.003836724,
    "4":0.0075464694,
    "5":0.0078051586,
    "6":0.0120628779,
    "7":0.003770178,
    "8":0.004003335,
    "9":0.004413672,
    "10":0.0067910287,
    "11":0.0066186141,
    "12":0.004309342,
    "13":0.0055066157,
    "14":0.0059363783,
    "15":0.0099936514,
    "16":0.0188057835,
    "17":0.003990333,
    "18":0.0138985118,
    "19":0.0062519836,
    "20":0.003983434,
    "21":0.0050160127,
    "22":0.0120512991,
    "23":0.003656019,
    "24":0.0053013616,
    "25":0.00281606,
    "26":0.0088255709,
    "27":0.0076519813,
    "28":0.0188068372,
    "29":0.0059480676,
    "30":0.00364594,
    "31":0.0152822574,
    "32":0.004173919,
    "33":0.0059708223,
    "34":0.0056602251,
    "35":0.0064650347,
    "36":0.003834468,
    "37":0.0111628171,
    "38":0.003928621,
    "39":0.00273022,
    "40":0.0074667438,
    "41":0.0073743581,
    "42":0.0098402587,
    "43":0.0146454782,
    "44":0.0124424502,
    "45":0.0184355158,
    "46":0.004128635,
    "47":0.0089691052,
    "48":0.0063213007,
    "49":0.0061396731
  },
  "Prop":{
    "0":0.01199937,
    "1":0.0081332497,
    "2":0.0051467874,
    "3":0.0040435,
    "4":0.0074181434,
    "5":0.007553351,
    "6":0.0116779089,
    "7":0.003936527,
    "8":0.003907736,
    "9":0.003641352,
    "10":0.0072493448,
    "11":0.0073946552,
    "12":0.004106177,
    "13":0.0055586276,
    "14":0.0063696483,
    "15":0.0105321895,
    "16":0.0192633984,
    "17":0.004242616,
    "18":0.0158859199,
    "19":0.0061322957,
    "20":0.003887024,
    "21":0.0051237646,
    "22":0.0115509794,
    "23":0.004162235,
    "24":0.0054354455,
    "25":0.00285927,
    "26":0.0088696943,
    "27":0.0075858973,
    "28":0.0185822826,
    "29":0.0058997645,
    "30":0.003986598,
    "31":0.0156083283,
    "32":0.004220018,
    "33":0.0057353425,
    "34":0.005812288,
    "35":0.0064516521,
    "36":0.003814108,
    "37":0.0110146213,
    "38":0.003479203,
    "39":0.00285155,
    "40":0.0073225547,
    "41":0.007423073,
    "42":0.0095275397,
    "43":0.0144320622,
    "44":0.012916287,
    "45":0.0175295151,
    "46":0.003789237,
    "47":0.0086619348,
    "48":0.0061743505,
    "49":0.0068109634
  },
  "Delta_Uniform":{
    "0":0.0002747964,
    "1":0.0004326319,
    "2":-0.0003498988,
    "3":0.000051855,
    "4":-0.0003983015,
    "5":-0.0002603045,
    "6":0.0004090777,
    "7":0.000521649,
    "8":0.000512262,
    "9":-0.000463401,
    "10":0.0002579729,
    "11":0.0012942481,
    "12":-0.00009746,
    "13":0.0006691762,
    "14":0.001060586,
    "15":0.0000694028,
    "16":0.0031353631,
    "17":0.000459923,
    "18":0.0027642138,
    "19":-0.0002940226,
    "20":-0.000051669,
    "21":0.0000214345,
    "22":-0.0014763773,
    "23":0.00058215,
    "24":0.0000988849,
    "25":0.00024959,
    "26":0.0011795727,
    "27":0.0001577943,
    "28":0.0010944986,
    "29":-0.0003339774,
    "30":0.000176195,
    "31":0.0001764014,
    "32":0.000089795,
    "33":-0.0005250502,
    "34":0.000053295,
    "35":-0.0004534121,
    "36":0.000161969,
    "37":-0.0004322712,
    "38":0.000040445,
    "39":0.00016614,
    "40":0.000109568,
    "41":-0.0002821038,
    "42":0.0001692726,
    "43":0.0003404567,
    "44":0.0015809123,
    "45":0.0013612149,
    "46":-0.000269108,
    "47":-0.0002313331,
    "48":0.0002197827,
    "49":0.0007182836
  },
  "Delta_Prop":{
    "0":0.0000461746,
    "1":0.0008374792,
    "2":-0.0000415919,
    "3":-0.000154921,
    "4":-0.0002699756,
    "5":-0.000008497,
    "6":0.0007940467,
    "7":0.0003553,
    "8":0.000607861,
    "9":0.000308919,
    "10":-0.0002003432,
    "11":0.000518207,
    "12":0.000105705,
    "13":0.0006171643,
    "14":0.000627316,
    "15":-0.0004691353,
    "16":0.0026777481,
    "17":0.00020764,
    "18":0.0007768056,
    "19":-0.0001743347,
    "20":0.000044741,
    "21":-0.0000863174,
    "22":-0.0009760575,
    "23":0.000075934,
    "24":-0.000035199,
    "25":0.00020638,
    "26":0.0011354493,
    "27":0.0002238782,
    "28":0.0013190532,
    "29":-0.0002856743,
    "30":-0.000164463,
    "31":-0.0001496695,
    "32":0.000043696,
    "33":-0.0002895704,
    "34":-0.0000987679,
    "35":-0.0004400294,
    "36":0.000182329,
    "37":-0.0002840754,
    "38":0.000489863,
    "39":0.00004481,
    "40":0.0002537571,
    "41":-0.0003308187,
    "42":0.0004819917,
    "43":0.0005538727,
    "44":0.0011070755,
    "45":0.0022672157,
    "46":0.00007029,
    "47":0.0000758372,
    "48":0.0003667329,
    "49":0.0000469933
  }
}