{
  "Astrahl":{
    "0":0.232121232,
    "1":0.187061726,
    "2":0.2637808582,
    "3":0.1327657792,
    "4":0.0944736998,
    "5":0.2668171143,
    "6":0.2319243906,
    "7":0.1042393866,
    "8":0.3023204635,
    "9":0.2956571557,
    "10":0.0789455046,
    "11":0.1902867477,
    "12":0.2902331806,
    "13":0.1706875879,
    "14":0.1955596993,
    "15":0.144205848,
    "16":0.1308416821,
    "17":0.1954328904,
    "18":0.0736129629,
    "19":0.1630219877,
    "20":0.1683808661,
    "21":0.2879977291,
    "22":0.1916425756,
    "23":0.0919422645,
    "24":0.1382042003,
    "25":0.1976805335,
    "26":0.1148556886,
    "27":0.1666955944,
    "28":0.1595646145,
    "29":0.227431354,
    "30":0.2693678471,
    "31":0.1900031338,
    "32":0.1908077477,
    "33":0.1291544865,
    "34":0.2796761679,
    "35":0.2808963832,
    "36":0.182992478,
    "37":0.1794928717,
    "38":0.1816272632,
    "39":0.1025019209,
    "40":0.245881612,
    "41":0.1586269299,
    "42":0.1512810263,
    "43":0.1421715891,
    "44":0.1243877246,
    "45":0.1841388485,
    "46":0.1147163081,
    "47":0.2857738294,
    "48":0.0979525275,
    "49":0.1358604785,
    "50":0.2579262595,
    "51":0.0843014726,
    "52":0.1219039405,
    "53":0.0865701794,
    "54":0.2200138806,
    "55":0.1900593903,
    "56":0.0860022064,
    "57":0.2323474514,
    "58":0.1502710769,
    "59":0.1781034055,
    "60":0.3222772372,
    "61":0.1252931874,
    "62":0.2873013365,
    "63":0.1213416172,
    "64":0.2489893848,
    "65":0.174911573,
    "66":0.1217220394,
    "67":0.1831156531,
    "68":0.116319754,
    "69":0.2157415849,
    "70":0.2865450285,
    "71":0.1888448699,
    "72":0.0731007509,
    "73":0.2477841267,
    "74":0.1089927488,
    "75":0.1986490496,
    "76":0.2081751746,
    "77":0.1171689914,
    "78":0.2154169848,
    "79":0.1274928165,
    "80":0.2267603843,
    "81":0.3103035892,
    "82":0.3300470046,
    "83":0.2259925209,
    "84":0.1880561101,
    "85":0.281783203,
    "86":0.1332182581,
    "87":0.1993526562,
    "88":0.1239650936,
    "89":0.1415938089,
    "90":0.2501741676,
    "91":0.1047563225,
    "92":0.1460686472,
    "93":0.2963605167,
    "94":0.2610305053,
    "95":0.1728251588,
    "96":0.1718888907,
    "97":0.2637732008,
    "98":0.3166055304,
    "99":0.1814463396
  },
  "Uniform":{
    "0":0.2403275727,
    "1":0.2367558559,
    "2":0.2965714393,
    "3":0.1378549095,
    "4":0.106380281,
    "5":0.3180386591,
    "6":0.2427019888,
    "7":0.1158877259,
    "8":0.3787238285,
    "9":0.3357149247,
    "10":0.0864980339,
    "11":0.2297682234,
    "12":0.3263297223,
    "13":0.1991180218,
    "14":0.2253460603,
    "15":0.1639164724,
    "16":0.1629711863,
    "17":0.2098045726,
    "18":0.082010698,
    "19":0.1913665471,
    "20":0.1900586651,
    "21":0.3295469453,
    "22":0.2411953461,
    "23":0.1026185613,
    "24":0.1497727746,
    "25":0.1961096545,
    "26":0.1186034826,
    "27":0.1773875686,
    "28":0.1876531729,
    "29":0.2760621598,
    "30":0.2877055644,
    "31":0.2106647658,
    "32":0.2433580282,
    "33":0.1522606158,
    "34":0.3504991372,
    "35":0.3158398711,
    "36":0.1940190019,
    "37":0.1893685468,
    "38":0.2156630972,
    "39":0.1174805245,
    "40":0.2784850314,
    "41":0.1735452986,
    "42":0.1726970946,
    "43":0.1692796083,
    "44":0.1361117249,
    "45":0.1838950161,
    "46":0.118352451,
    "47":0.3030756644,
    "48":0.1089244304,
    "49":0.148952918,
    "50":0.2719320396,
    "51":0.0955109837,
    "52":0.1292383819,
    "53":0.0916986945,
    "54":0.2548598511,
    "55":0.2192576017,
    "56":0.1017390464,
    "57":0.2790152319,
    "58":0.164658375,
    "59":0.1857396567,
    "60":0.3642117449,
    "61":0.1355693427,
    "62":0.3115333567,
    "63":0.1255814569,
    "64":0.2853720523,
    "65":0.1813838649,
    "66":0.1301426297,
    "67":0.182511099,
    "68":0.1268255283,
    "69":0.2537372496,
    "70":0.3258336933,
    "71":0.2028778149,
    "72":0.0872902599,
    "73":0.2505462159,
    "74":0.1172507606,
    "75":0.2306060961,
    "76":0.2432807861,
    "77":0.1221002713,
    "78":0.2313357385,
    "79":0.1359072904,
    "80":0.2858179209,
    "81":0.3523675608,
    "82":0.394935413,
    "83":0.2404265147,
    "84":0.1869725185,
    "85":0.2844602953,
    "86":0.1467934373,
    "87":0.2140486338,
    "88":0.1338775108,
    "89":0.1543437647,
    "90":0.2720195868,
    "91":0.1169332933,
    "92":0.1546725348,
    "93":0.3585547517,
    "94":0.2577716105,
    "95":0.1808395299,
    "96":0.1865082662,
    "97":0.3294678307,
    "98":0.3775696701,
    "99":0.1775298841
  },
  "Prop":{
    "0":0.2378836522,
    "1":0.232751226,
    "2":0.2829835283,
    "3":0.1376303566,
    "4":0.1032491574,
    "5":0.3118333127,
    "6":0.2396252712,
    "7":0.1155285848,
    "8":0.354129007,
    "9":0.3327016389,
    "10":0.0877371587,
    "11":0.2272903814,
    "12":0.3211712642,
    "13":0.1844725623,
    "14":0.2180017125,
    "15":0.160907129,
    "16":0.1613755184,
    "17":0.2116862216,
    "18":0.0818582009,
    "19":0.1889857197,
    "20":0.1812511434,
    "21":0.326128817,
    "22":0.2338709545,
    "23":0.1017801301,
    "24":0.151071201,
    "25":0.1938337663,
    "26":0.1211561628,
    "27":0.1727107432,
    "28":0.1841186456,
    "29":0.2727945406,
    "30":0.2851336762,
    "31":0.208664268,
    "32":0.2361295051,
    "33":0.1537483191,
    "34":0.3344840169,
    "35":0.3097932858,
    "36":0.1895889719,
    "37":0.1876245407,
    "38":0.2131015601,
    "39":0.1169535488,
    "40":0.275407123,
    "41":0.1705724854,
    "42":0.174511482,
    "43":0.1686103548,
    "44":0.134489241,
    "45":0.1761259859,
    "46":0.1154652392,
    "47":0.2954684448,
    "48":0.109190893,
    "49":0.1520768085,
    "50":0.2659543978,
    "51":0.095688506,
    "52":0.1288564051,
    "53":0.091956686,
    "54":0.2463045375,
    "55":0.2144086078,
    "56":0.1030921399,
    "57":0.2726499838,
    "58":0.1622431874,
    "59":0.1833124923,
    "60":0.3575395606,
    "61":0.1349797696,
    "62":0.3045793785,
    "63":0.1239100939,
    "64":0.2637830157,
    "65":0.1743015466,
    "66":0.1283050594,
    "67":0.1780879265,
    "68":0.127167475,
    "69":0.2483222491,
    "70":0.322947834,
    "71":0.2015915797,
    "72":0.0867101781,
    "73":0.2445663556,
    "74":0.1196884029,
    "75":0.2235177766,
    "76":0.2348276884,
    "77":0.1185638774,
    "78":0.2285509102,
    "79":0.1349230601,
    "80":0.2795675234,
    "81":0.3494553221,
    "82":0.3788859117,
    "83":0.23715867,
    "84":0.1829167272,
    "85":0.2840017297,
    "86":0.1447885834,
    "87":0.2117393049,
    "88":0.1329519501,
    "89":0.1513403405,
    "90":0.2703735867,
    "91":0.1165027272,
    "92":0.1537995634,
    "93":0.3396625328,
    "94":0.2474967066,
    "95":0.1749618129,
    "96":0.1853650775,
    "97":0.3136068951,
    "98":0.366342959,
    "99":0.1710769484
  },
  "Delta_Uniform":{
    "0":-0.0082063408,
    "1":-0.0496941299,
    "2":-0.0327905811,
    "3":-0.0050891303,
    "4":-0.0119065812,
    "5":-0.0512215448,
    "6":-0.0107775983,
    "7":-0.0116483393,
    "8":-0.076403365,
    "9":-0.040057769,
    "10":-0.0075525293,
    "11":-0.0394814756,
    "12":-0.0360965417,
    "13":-0.0284304339,
    "14":-0.029786361,
    "15":-0.0197106244,
    "16":-0.0321295042,
    "17":-0.0143716822,
    "18":-0.0083977351,
    "19":-0.0283445594,
    "20":-0.021677799,
    "21":-0.0415492162,
    "22":-0.0495527705,
    "23":-0.0106762967,
    "24":-0.0115685743,
    "25":0.001570879,
    "26":-0.0037477941,
    "27":-0.0106919741,
    "28":-0.0280885584,
    "29":-0.0486308058,
    "30":-0.0183377173,
    "31":-0.020661632,
    "32":-0.0525502805,
    "33":-0.0231061294,
    "34":-0.0708229693,
    "35":-0.0349434878,
    "36":-0.011026524,
    "37":-0.0098756751,
    "38":-0.034035834,
    "39":-0.0149786036,
    "40":-0.0326034194,
    "41":-0.0149183687,
    "42":-0.0214160682,
    "43":-0.0271080192,
    "44":-0.0117240003,
    "45":0.0002438325,