{
  "Astrahl":{
    "0":0.0640361677,
    "1":0.0400813489,
    "2":0.0318349079,
    "3":0.02666104,
    "4":0.024274682,
    "5":0.0345377,
    "6":0.02979928,
    "7":0.02885168,
    "8":0.052490453,
    "9":0.0350992089,
    "10":0.039369103,
    "11":0.03882587,
    "12":0.03586978,
    "13":0.02599847,
    "14":0.02626159,
    "15":0.04106728,
    "16":0.0456184189,
    "17":0.0270092,
    "18":0.027252315,
    "19":0.0350071914,
    "20":0.0513364518,
    "21":0.0286013,
    "22":0.026672901,
    "23":0.0481179748,
    "24":0.027039902,
    "25":0.0259053,
    "26":0.01701839,
    "27":0.046339921,
    "28":0.0184508459,
    "29":0.01954179,
    "30":0.0727032583,
    "31":0.02360098,
    "32":0.03367329,
    "33":0.032733001,
    "34":0.03318273,
    "35":0.1179241304,
    "36":0.0209916068,
    "37":0.0746399399,
    "38":0.022525221,
    "39":0.02430828,
    "40":0.0294376797,
    "41":0.04058307,
    "42":0.0709381,
    "43":0.0582146584,
    "44":0.0188182,
    "45":0.04305907,
    "46":0.0156015,
    "47":0.0836035689,
    "48":0.04080289,
    "49":0.0435281005
  },
  "Uniform":{
    "0":0.1107503157,
    "1":0.062201443,
    "2":0.048207932,
    "3":0.0603478259,
    "4":0.05526937,
    "5":0.051814251,
    "6":0.03987567,
    "7":0.05044527,
    "8":0.14400119,
    "9":0.047921842,
    "10":0.0695268177,
    "11":0.100896353,
    "12":0.083489551,
    "13":0.04610389,
    "14":0.049766441,
    "15":0.086008612,
    "16":0.098026402,
    "17":0.0501132,
    "18":0.0482751869,
    "19":0.0663122873,
    "20":0.0986185881,
    "21":0.04330859,
    "22":0.0467509569,
    "23":0.099089102,
    "24":0.046496492,
    "25":0.0418852,
    "26":0.05288059,
    "27":0.082221182,
    "28":0.0445883689,
    "29":0.05410579,
    "30":0.1661526772,
    "31":0.058968821,
    "32":0.084882651,
    "33":0.055203653,
    "34":0.044353031,
    "35":0.240463106,
    "36":0.057040552,
    "37":0.125878214,
    "38":0.051518801,
    "39":0.04576448,
    "40":0.0643189538,
    "41":0.095534022,
    "42":0.160223451,
    "43":0.142665368,
    "44":0.05442769,
    "45":0.090718221,
    "46":0.0558554,
    "47":0.1638057969,
    "48":0.090047251,
    "49":0.0674224667
  },
  "Prop":{
    "0":0.1377769677,
    "1":0.0645150702,
    "2":0.059680452,
    "3":0.062760622,
    "4":0.05927118,
    "5":0.060436311,
    "6":0.05824817,
    "7":0.063053411,
    "8":0.1498018513,
    "9":0.068478122,
    "10":0.0748413574,
    "11":0.09272967,
    "12":0.09652439,
    "13":0.052547092,
    "14":0.054120851,
    "15":0.10469435,
    "16":0.1118068823,
    "17":0.0537325,
    "18":0.061471582,
    "19":0.0640712507,
    "20":0.1047977658,
    "21":0.053507,
    "22":0.05278257,
    "23":0.1014099789,
    "24":0.066742872,
    "25":0.06108269,
    "26":0.04843278,
    "27":0.102259025,
    "28":0.05613445,
    "29":0.05385949,
    "30":0.1703629519,
    "31":0.0492256,
    "32":0.102642521,
    "33":0.05334437,
    "34":0.060372821,
    "35":0.2699772526,
    "36":0.056913321,
    "37":0.1545772181,
    "38":0.062673214,
    "39":0.05865668,
    "40":0.0599974861,
    "41":0.09161359,
    "42":0.19661354,
    "43":0.1550063833,
    "44":0.0575872,
    "45":0.1196612489,
    "46":0.0461944,
    "47":0.1841726562,
    "48":0.10211638,
    "49":0.0679277409
  },
  "Delta_Uniform":{
    "0":-0.046714148,
    "1":-0.0221200941,
    "2":-0.0163730241,
    "3":-0.0336867859,
    "4":-0.030994688,
    "5":-0.017276551,
    "6":-0.01007639,
    "7":-0.02159359,
    "8":-0.091510737,
    "9":-0.0128226331,
    "10":-0.0301577147,
    "11":-0.062070483,
    "12":-0.047619771,
    "13":-0.02010542,
    "14":-0.023504851,
    "15":-0.044941332,
    "16":-0.0524079831,
    "17":-0.023104,
    "18":-0.0210228719,
    "19":-0.0313050959,
    "20":-0.0472821363,
    "21":-0.01470729,
    "22":-0.0200780559,
    "23":-0.0509711272,
    "24":-0.01945659,
    "25":-0.0159799,
    "26":-0.0358622,
    "27":-0.035881261,
    "28":-0.026137523,
    "29":-0.034564,
    "30":-0.0934494189,
    "31":-0.035367841,
    "32":-0.051209361,
    "33":-0.022470652,
    "34":-0.011170301,
    "35":-0.1225389756,
    "36":-0.0360489452,
    "37":-0.0512382741,
    "38":-0.02899358,
    "39":-0.0214562,
    "40":-0.0348812741,
    "41":-0.054950952,
    "42":-0.089285351,
    "43":-0.0844507096,
    "44":-0.03560949,
    "45":-0.047659151,
    "46":-0.0402539,
    "47":-0.080202228,
    "48":-0.049244361,
    "49":-0.0238943662
  },
  "Delta_Prop":{
    "0":-0.0737408,
    "1":-0.0244337213,
    "2":-0.0278455441,
    "3":-0.036099582,
    "4":-0.034996498,
    "5":-0.025898611,
    "6":-0.02844889,
    "7":-0.034201731,
    "8":-0.0973113983,
    "9":-0.0333789131,
    "10":-0.0354722544,
    "11":-0.0539038,
    "12":-0.06065461,
    "13":-0.026548622,
    "14":-0.027859261,
    "15":-0.06362707,
    "16":-0.0661884634,
    "17":-0.0267233,
    "18":-0.034219267,
    "19":-0.0290640593,
    "20":-0.053461314,
    "21":-0.0249057,
    "22":-0.026109669,
    "23":-0.0532920041,
    "24":-0.03970297,
    "25":-0.03517739,
    "26":-0.03141439,
    "27":-0.055919104,
    "28":-0.0376836041,
    "29":-0.0343177,
    "30":-0.0976596936,
    "31":-0.02562462,
    "32":-0.068969231,
    "33":-0.020611369,
    "34":-0.027190091,
    "35":-0.1520531222,
    "36":-0.0359217142,
    "37":-0.0799372782,
    "38":-0.040147993,
    "39":-0.0343484,
    "40":-0.0305598064,
    "41":-0.05103052,
    "42":-0.12567544,
    "43":-0.0967917249,
    "44":-0.038769,
    "45":-0.0766021789,
    "46":-0.0305929,
    "47":-0.1005690873,
    "48":-0.06131349,
    "49":-0.0243996404
  }
}