{
  "Astrahl":{
    "0":0.000096792,
    "1":0.0003032317,
    "2":0.0008395675,
    "3":0.00006322,
    "4":0.0002713328,
    "5":0.0007207201,
    "6":0.0000545,
    "7":0.0001609385,
    "8":0.0001455913,
    "9":0.000114898,
    "10":0.0005219374,
    "11":0.000067918,
    "12":0.0002780614,
    "13":0.00036492,
    "14":0.0003120814,
    "15":0.000203103,
    "16":0.0001309178,
    "17":0.0003615325,
    "18":0.00005668,
    "19":0.0005911492,
    "20":0.000097773,
    "21":0.0004956957,
    "22":0.00006758,
    "23":0.0004020173,
    "24":0.00005668,
    "25":0.000119791,
    "26":0.0009231602,
    "27":0.0010208055,
    "28":0.000256491,
    "29":0.000068428,
    "30":0.000126468,
    "31":0.0001353363,
    "32":0.0001487704,
    "33":0.0001660062,
    "34":0.00007026,
    "35":0.0003453806,
    "36":0.000113014,
    "37":0.0001219993,
    "38":0.0006053475,
    "39":0.0003909488,
    "40":0.00005995,
    "41":0.000128293,
    "42":0.0002679933,
    "43":0.0003901958,
    "44":0.000118592,
    "45":0.000461833,
    "46":0.000159685,
    "47":0.0002205179,
    "48":0.000123606,
    "49":0.00012099
  },
  "Uniform":{
    "0":0.000133442,
    "1":0.000359502,
    "2":0.0009515593,
    "3":0.00006981,
    "4":0.0003618562,
    "5":0.0009216871,
    "6":0.00006036,
    "7":0.0001864553,
    "8":0.000193093,
    "9":0.000118526,
    "10":0.000567461,
    "11":0.000067123,
    "12":0.0002746176,
    "13":0.0004897428,
    "14":0.0003888816,
    "15":0.0002525788,
    "16":0.0001569314,
    "17":0.0004447028,
    "18":0.00007542,
    "19":0.0006184437,
    "20":0.000143463,
    "21":0.00064246,
    "22":0.00006611,
    "23":0.0004751664,
    "24":0.00007373,
    "25":0.000143582,
    "26":0.0011237573,
    "27":0.0010605193,
    "28":0.000377839,
    "29":0.0000890663,
    "30":0.0001422325,
    "31":0.000154456,
    "32":0.000156855,
    "33":0.0001519858,
    "34":0.000078471,
    "35":0.0003913591,
    "36":0.0001713136,
    "37":0.0001421636,
    "38":0.0007262888,
    "39":0.0004478449,
    "40":0.00007664,
    "41":0.000127774,
    "42":0.0003479095,
    "43":0.0004578943,
    "44":0.000144233,
    "45":0.0005573179,
    "46":0.0001783859,
    "47":0.0002758383,
    "48":0.000134187,
    "49":0.000154975
  },
  "Prop":{
    "0":0.000129359,
    "1":0.0003692899,
    "2":0.0009913132,
    "3":0.00006773,
    "4":0.0003282728,
    "5":0.0008816886,
    "6":0.00007399,
    "7":0.0002074004,
    "8":0.0001937239,
    "9":0.000134128,
    "10":0.0005472652,
    "11":0.000078958,
    "12":0.0003480942,
    "13":0.0005021263,
    "14":0.0004196229,
    "15":0.000253484,
    "16":0.0001476555,
    "17":0.000449009,
    "18":0.0000722,
    "19":0.0006977474,
    "20":0.00014282,
    "21":0.0006713931,
    "22":0.00007615,
    "23":0.0004935265,
    "24":0.00007208,
    "25":0.000134348,
    "26":0.0011285921,
    "27":0.00111822,
    "28":0.000354368,
    "29":0.0000967014,
    "30":0.0001446765,
    "31":0.0001516729,
    "32":0.0001546205,
    "33":0.000193286,
    "34":0.000081832,
    "35":0.0003979573,
    "36":0.0001581821,
    "37":0.0001346331,
    "38":0.0007185222,
    "39":0.0004593297,
    "40":0.0000731,
    "41":0.000132133,
    "42":0.0003357925,
    "43":0.0004927726,
    "44":0.000148907,
    "45":0.0006277065,
    "46":0.0001923998,
    "47":0.0002924119,
    "48":0.000131264,
    "49":0.000144314
  },
  "Delta_Uniform":{
    "0":-0.00003665,
    "1":-0.0000562704,
    "2":-0.0001119917,
    "3":-0.00000659,
    "4":-0.0000905234,
    "5":-0.0002009671,
    "6":-0.00000586,
    "7":-0.0000255168,
    "8":-0.0000475017,
    "9":-0.000003628,
    "10":-0.0000455236,
    "11":0.000000795,
    "12":0.0000034438,
    "13":-0.0001248228,
    "14":-0.0000768002,
    "15":-0.0000494758,
    "16":-0.0000260136,
    "17":-0.0000831703,
    "18":-0.00001874,
    "19":-0.0000272945,
    "20":-0.00004569,
    "21":-0.0001467643,
    "22":0.00000147,
    "23":-0.0000731491,
    "24":-0.00001705,
    "25":-0.000023791,
    "26":-0.0002005971,
    "27":-0.0000397138,
    "28":-0.000121348,
    "29":-0.0000206383,
    "30":-0.0000157645,
    "31":-0.0000191197,
    "32":-0.0000080846,
    "33":0.0000140204,
    "34":-0.000008211,
    "35":-0.0000459786,
    "36":-0.0000582996,
    "37":-0.0000201643,
    "38":-0.0001209413,
    "39":-0.0000568961,
    "40":-0.00001669,
    "41":0.000000519,
    "42":-0.0000799162,
    "43":-0.0000676985,
    "44":-0.000025641,
    "45":-0.0000954848,
    "46":-0.0000187009,
    "47":-0.0000553204,
    "48":-0.000010581,
    "49":-0.000033985
  },
  "Delta_Prop":{
    "0":-0.000032567,
    "1":-0.0000660582,
    "2":-0.0001517456,
    "3":-0.00000451,
    "4":-0.00005694,
    "5":-0.0001609685,
    "6":-0.00001949,
    "7":-0.0000464619,
    "8":-0.0000481326,
    "9":-0.00001923,
    "10":-0.0000253278,
    "11":-0.00001104,
    "12":-0.0000700328,
    "13":-0.0001372063,
    "14":-0.0001075414,
    "15":-0.000050381,
    "16":-0.0000167377,
    "17":-0.0000874765,
    "18":-0.00001552,
    "19":-0.0001065983,
    "20":-0.000045047,
    "21":-0.0001756974,
    "22":-0.00000857,
    "23":-0.0000915092,
    "24":-0.0000154,
    "25":-0.000014557,
    "26":-0.0002054319,
    "27":-0.0000974145,
    "28":-0.000097877,
    "29":-0.0000282734,
    "30":-0.0000182085,
    "31":-0.0000163366,
    "32":-0.00000585,
    "33":-0.0000272798,
    "34":-0.000011572,
    "35":-0.0000525767,
    "36":-0.0000451682,
    "37":-0.0000126338,
    "38":-0.0001131746,
    "39":-0.0000683809,
    "40":-0.00001315,
    "41":-0.00000384,
    "42":-0.0000677992,
    "43":-0.0001025768,
    "44":-0.000030315,
    "45":-0.0001658734,
    "46":-0.0000327148,
    "47":-0.000071894,
    "48":-0.000007658,
    "49":-0.000023324
  }
}