{
  "Astrahl":{
    "0":0.0,
    "1":0.0,
    "2":0.0000047639,
    "3":0.0,
    "4":0.0,
    "5":0.0000080102,
    "6":0.0,
    "7":0.00000109,
    "8":0.00000109,
    "9":0.0,
    "10":0.000001171,
    "11":0.0,
    "12":0.0,
    "13":0.0,
    "14":0.0,
    "15":0.000002071,
    "16":0.0,
    "17":0.00000109,
    "18":0.0,
    "19":0.0000047639,
    "20":0.00000218,
    "21":0.0,
    "22":0.0,
    "23":0.00000237,
    "24":0.00000109,
    "25":0.0,
    "26":0.000005522,
    "27":0.0000020539,
    "28":0.000001171,
    "29":0.0,
    "30":0.000001171,
    "31":0.0000023634,
    "32":0.0,
    "33":0.0,
    "34":0.0,
    "35":0.0,
    "36":0.0,
    "37":0.0,
    "38":0.000005232,
    "39":0.000000361,
    "40":0.0,
    "41":0.0000001,
    "42":0.0,
    "43":0.0000032249,
    "44":0.0,
    "45":0.0000062239,
    "46":0.0,
    "47":0.00000109,
    "48":0.0,
    "49":0.00000109
  },
  "Uniform":{
    "0":0.000002,
    "1":0.00000951,
    "2":0.000022539,
    "3":0.00000109,
    "4":0.00000518,
    "5":0.0000259749,
    "6":0.000001,
    "7":0.00000869,
    "8":0.0000048,
    "9":0.0000021,
    "10":0.0000210837,
    "11":0.000002,
    "12":0.0000046049,
    "13":0.000008061,
    "14":0.0000079569,
    "15":0.000002,
    "16":0.000001,
    "17":0.00001231,
    "18":0.000001,
    "19":0.000016269,
    "20":0.0000011,
    "21":0.00000941,
    "22":0.0000021,
    "23":0.000022062,
    "24":0.000002,
    "25":0.000001,
    "26":0.0000185349,
    "27":0.000028469,
    "28":0.00000499,
    "29":0.0000015339,
    "30":0.000003,
    "31":0.000003,
    "32":0.000001,
    "33":0.000001,
    "34":0.000002,
    "35":0.0000086,
    "36":0.000002,
    "37":0.0000022786,
    "38":0.000019269,
    "39":0.0000085169,
    "40":0.000001,
    "41":0.0000001,
    "42":0.00001441,
    "43":0.000010241,
    "44":0.0000019,
    "45":0.0000203349,
    "46":0.000004542,
    "47":0.00000979,
    "48":0.000001,
    "49":0.0
  },
  "Prop":{
    "0":0.0000029,
    "1":0.00001302,
    "2":0.0000221,
    "3":0.000002,
    "4":0.0000107,
    "5":0.0000157249,
    "6":0.000001,
    "7":0.00000751,
    "8":0.0000038,
    "9":0.0,
    "10":0.0000182208,
    "11":0.00000419,
    "12":0.000003651,
    "13":0.00001041,
    "14":0.0000097279,
    "15":0.000001551,
    "16":0.0000021,
    "17":0.000007071,
    "18":0.00000209,
    "19":0.000022501,
    "20":0.00000519,
    "21":0.000016269,
    "22":0.000001,
    "23":0.000004632,
    "24":0.0,
    "25":0.0000041,
    "26":0.0000262129,
    "27":0.0000269909,
    "28":0.000007971,
    "29":0.000001,
    "30":0.000002171,
    "31":0.000005342,
    "32":0.000005332,
    "33":0.0000039,
    "34":0.000002,
    "35":0.000007049,
    "36":0.00000318,
    "37":0.00000409,
    "38":0.00001359,
    "39":0.000001822,
    "40":0.000001,
    "41":0.00000409,
    "42":0.0000039,
    "43":0.0000141585,
    "44":0.00000309,
    "45":0.000013491,
    "46":0.000006681,
    "47":0.00000761,
    "48":0.000005,
    "49":0.0000029
  },
  "Delta_Uniform":{
    "0":-0.000002,
    "1":-0.00000951,
    "2":-0.0000177751,
    "3":-0.00000109,
    "4":-0.00000518,
    "5":-0.0000179647,
    "6":-0.000001,
    "7":-0.0000076,
    "8":-0.00000371,
    "9":-0.0000021,
    "10":-0.0000199127,
    "11":-0.000002,
    "12":-0.0000046049,
    "13":-0.000008061,
    "14":-0.0000079569,
    "15":0.000000071,
    "16":-0.000001,
    "17":-0.00001122,
    "18":-0.000001,
    "19":-0.0000115051,
    "20":0.00000108,
    "21":-0.00000941,
    "22":-0.0000021,
    "23":-0.000019692,
    "24":-0.00000091,
    "25":-0.000001,
    "26":-0.0000130129,
    "27":-0.0000264151,
    "28":-0.000003819,
    "29":-0.0000015339,
    "30":-0.000001829,
    "31":-0.0000006366,
    "32":-0.000001,
    "33":-0.000001,
    "34":-0.000002,
    "35":-0.0000086,
    "36":-0.000002,
    "37":-0.0000022786,
    "38":-0.000014037,
    "39":-0.0000081559,
    "40":-0.000001,
    "41":0.0,
    "42":-0.00001441,
    "43":-0.0000070161,
    "44":-0.0000019,
    "45":-0.000014111,
    "46":-0.000004542,
    "47":-0.0000087,
    "48":-0.000001,
    "49":0.00000109
  },
  "Delta_Prop":{
    "0":-0.0000029,
    "1":-0.00001302,
    "2":-0.0000173361,
    "3":-0.000002,
    "4":-0.0000107,
    "5":-0.0000077147,
    "6":-0.000001,
    "7":-0.00000642,
    "8":-0.00000271,
    "9":0.0,
    "10":-0.0000170498,
    "11":-0.00000419,
    "12":-0.000003651,
    "13":-0.00001041,
    "14":-0.0000097279,
    "15":0.00000052,
    "16":-0.0000021,
    "17":-0.000005981,
    "18":-0.00000209,
    "19":-0.0000177371,
    "20":-0.00000301,
    "21":-0.000016269,
    "22":-0.000001,
    "23":-0.000002262,
    "24":0.00000109,
    "25":-0.0000041,
    "26":-0.0000206909,
    "27":-0.000024937,
    "28":-0.0000068,
    "29":-0.000001,
    "30":-0.000001,
    "31":-0.0000029786,
    "32":-0.000005332,
    "33":-0.0000039,
    "34":-0.000002,
    "35":-0.000007049,
    "36":-0.00000318,
    "37":-0.00000409,
    "38":-0.000008358,
    "39":-0.000001461,
    "40":-0.000001,
    "41":-0.00000399,
    "42":-0.0000039,
    "43":-0.0000109336,
    "44":-0.00000309,
    "45":-0.0000072671,
    "46":-0.000006681,
    "47":-0.00000652,
    "48":-0.000005,
    "49":-0.00000181
  }
}