{
  "Astrahl":{
    "0":0.4648613254,
    "1":0.3026994049,
    "2":0.3468860488,
    "3":0.4765280693,
    "4":0.3546889977,
    "5":0.231566419,
    "6":0.3625957882,
    "7":0.222142285,
    "8":0.3544314604,
    "9":0.3795749137,
    "10":0.22615498,
    "11":0.293415202,
    "12":0.2413676953,
    "13":0.3002733433,
    "14":0.3056939848,
    "15":0.3682774682,
    "16":0.22878253,
    "17":0.3667733956,
    "18":0.3051406333,
    "19":0.6546722988,
    "20":0.23199814,
    "21":0.3898358125,
    "22":0.3072922128,
    "23":0.5808369831,
    "24":0.3546625249,
    "25":0.299555983,
    "26":0.4573808111,
    "27":0.6130233222,
    "28":0.23200462,
    "29":0.257537539,
    "30":0.5613672596,
    "31":0.304249114,
    "32":0.4212485927,
    "33":0.343883461,
    "34":0.219142548,
    "35":0.2579117886,
    "36":0.287362234,
    "37":0.293716531,
    "38":0.2341219213,
    "39":0.3684201454,
    "40":0.300309121,
    "41":0.2622548152,
    "42":0.2729329588,
    "43":0.2982899035,
    "44":0.286394689,
    "45":0.2322942373,
    "46":0.4191719181,
    "47":0.288073738,
    "48":0.22111894,
    "49":0.4145968056
  },
  "Uniform":{
    "0":0.4399405595,
    "1":0.2971370458,
    "2":0.3532880692,
    "3":0.4500581471,
    "4":0.3604517933,
    "5":0.245701576,
    "6":0.3501483886,
    "7":0.237353707,
    "8":0.3527165309,
    "9":0.3718713214,
    "10":0.23713534,
    "11":0.297401212,
    "12":0.251499574,
    "13":0.3000972088,
    "14":0.2940137182,
    "15":0.3597258886,
    "16":0.232080886,
    "17":0.345179314,
    "18":0.2931685417,
    "19":0.6171471297,
    "20":0.23737582,
    "21":0.422976306,
    "22":0.3053348542,
    "23":0.5724599802,
    "24":0.3696865518,
    "25":0.3088550341,
    "26":0.4618078504,
    "27":0.5794526446,
    "28":0.23340708,
    "29":0.294231268,
    "30":0.5345041363,
    "31":0.278686954,
    "32":0.4049280579,
    "33":0.3568585042,
    "34":0.243543106,
    "35":0.273742244,
    "36":0.285400972,
    "37":0.270062568,
    "38":0.2473516369,
    "39":0.3555308244,
    "40":0.299072008,
    "41":0.299723968,
    "42":0.2969579242,
    "43":0.3117193642,
    "44":0.285888448,
    "45":0.2382658561,
    "46":0.4085902499,
    "47":0.295131349,
    "48":0.23427973,
    "49":0.3862801689
  },
  "Prop":{
    "0":0.4642357056,
    "1":0.3087520741,
    "2":0.3708258904,
    "3":0.4693729905,
    "4":0.3622627277,
    "5":0.253084816,
    "6":0.3680533009,
    "7":0.244723573,
    "8":0.3557445432,
    "9":0.3756213973,
    "10":0.23741659,
    "11":0.295028722,
    "12":0.2501315002,
    "13":0.3055516435,
    "14":0.3064277557,
    "15":0.3750358669,
    "16":0.238899907,
    "17":0.3475998856,
    "18":0.3058251562,
    "19":0.6380423764,
    "20":0.23054347,
    "21":0.4261189449,
    "22":0.3057682942,
    "23":0.5812706056,
    "24":0.3708384779,
    "25":0.3084273532,
    "26":0.4695746126,
    "27":0.5998351332,
    "28":0.23742127,
    "29":0.294972985,
    "30":0.555284895,
    "31":0.302600206,
    "32":0.4244998759,
    "33":0.3667146082,
    "34":0.235115757,
    "35":0.2551055657,
    "36":0.298821637,
    "37":0.310771972,
    "38":0.2485506961,
    "39":0.3759447384,
    "40":0.303374953,
    "41":0.2948229991,
    "42":0.2911328901,
    "43":0.3125881216,
    "44":0.304763959,
    "45":0.251030566,
    "46":0.4118301591,
    "47":0.297771472,
    "48":0.24170796,
    "49":0.4308193997
  },
  "Delta_Uniform":{
    "0":0.0249207659,
    "1":0.0055623591,
    "2":-0.0064020204,
    "3":0.0264699222,
    "4":-0.0057627956,
    "5":-0.014135157,
    "6":0.0124473996,
    "7":-0.015211422,
    "8":0.0017149296,
    "9":0.0077035923,
    "10":-0.01098036,
    "11":-0.00398601,
    "12":-0.0101318787,
    "13":0.0001761345,
    "14":0.0116802666,
    "15":0.0085515796,
    "16":-0.003298356,
    "17":0.0215940816,
    "18":0.0119720916,
    "19":0.0375251692,
    "20":-0.00537768,
    "21":-0.0331404935,
    "22":0.0019573586,
    "23":0.0083770029,
    "24":-0.0150240268,
    "25":-0.0092990511,
    "26":-0.0044270393,
    "27":0.0335706776,
    "28":-0.00140246,
    "29":-0.036693729,
    "30":0.0268631233,
    "31":0.02556216,
    "32":0.0163205349,
    "33":-0.0129750432,
    "34":-0.024400558,
    "35":-0.0158304554,
    "36":0.001961262,
    "37":0.023653963,
    "38":-0.0132297156,
    "39":0.0128893211,
    "40":0.001237113,
    "41":-0.0374691528,
    "42":-0.0240249654,
    "43":-0.0134294607,
    "44":0.000506241,
    "45":-0.0059716188,
    "46":0.0105816683,
    "47":-0.007057611,
    "48":-0.01316079,
    "49":0.0283166367
  },
  "Delta_Prop":{
    "0":0.0006256198,
    "1":-0.0060526692,
    "2":-0.0239398416,
    "3":0.0071550789,
    "4":-0.0075737299,
    "5":-0.021518397,
    "6":-0.0054575127,
    "7":-0.022581288,
    "8":-0.0013130828,
    "9":0.0039535164,
    "10":-0.01126161,
    "11":-0.00161352,
    "12":-0.0087638049,
    "13":-0.0052783002,
    "14":-0.0007337709,
    "15":-0.0067583987,
    "16":-0.010117377,
    "17":0.01917351,
    "18":-0.0006845229,
    "19":0.0166299225,
    "20":0.00145467,
    "21":-0.0362831324,
    "22":0.0015239186,
    "23":-0.0004336225,
    "24":-0.016175953,
    "25":-0.0088713702,
    "26":-0.0121938016,
    "27":0.0131881891,
    "28":-0.00541665,
    "29":-0.037435446,
    "30":0.0060823646,
    "31":0.001648908,
    "32":-0.0032512831,
    "33":-0.0228311472,
    "34":-0.015973209,
    "35":0.0028062229,
    "36":-0.011459403,
    "37":-0.017055441,
    "38":-0.0144287748,
    "39":-0.007524593,
    "40":-0.003065832,
    "41":-0.0325681839,
    "42":-0.0181999313,
    "43":-0.0142982181,
    "44":-0.01836927,
    "45":-0.0187363287,
    "46":0.007341759,
    "47":-0.009697734,
    "48":-0.02058902,
    "49":-0.016222594
  }
}