{
  "Astrahl":{
    "0":0.000065341,
    "1":0.0005756388,
    "2":0.0003222749,
    "3":0.0001109772,
    "4":0.0,
    "5":0.000130682,
    "6":0.000073441,
    "7":0.0,
    "8":0.000196023,
    "9":0.000130682,
    "10":0.0001109772,
    "11":0.0001269795,
    "12":0.0,
    "13":0.00020596,
    "14":0.0,
    "15":0.0001109772,
    "16":0.0001863938,
    "17":0.0,
    "18":0.0003588274,
    "19":0.000073441,
    "20":0.0,
    "21":0.0001556138,
    "22":0.0,
    "23":0.000065341,
    "24":0.0,
    "25":0.00005149,
    "26":0.0001478331,
    "27":0.0002405051,
    "28":0.0,
    "29":0.0000931969,
    "30":0.0,
    "31":0.0001109772,
    "32":0.00005149,
    "33":0.0,
    "34":0.0,
    "35":0.000220323,
    "36":0.000146882,
    "37":0.00005149,
    "38":0.0001109772,
    "39":0.0,
    "40":0.0002795907,
    "41":0.0,
    "42":0.0,
    "43":0.0000931969,
    "44":0.0,
    "45":0.0,
    "46":0.0000931969,
    "47":0.0002219544,
    "48":0.0,
    "49":0.0
  },
  "Uniform":{
    "0":0.00055848,
    "1":0.0038046632,
    "2":0.0016348158,
    "3":0.0014000612,
    "4":0.0004327,
    "5":0.0017870689,
    "6":0.000566121,
    "7":0.001160992,
    "8":0.00069437,
    "9":0.00069009,
    "10":0.0008984389,
    "11":0.0013767899,
    "12":0.0011005689,
    "13":0.00115395,
    "14":0.00063307,
    "15":0.001140782,
    "16":0.001094212,
    "17":0.00098657,
    "18":0.0018569119,
    "19":0.000947601,
    "20":0.00052689,
    "21":0.000630891,
    "22":0.000892711,
    "23":0.000567501,
    "24":0.00078719,
    "25":0.00035669,
    "26":0.0012575499,
    "27":0.0011343079,
    "28":0.0003722,
    "29":0.0015206389,
    "30":0.001019473,
    "31":0.0011103748,
    "32":0.00078808,
    "33":0.00051738,
    "34":0.000825301,
    "35":0.000638631,
    "36":0.00082957,
    "37":0.0003242,
    "38":0.000796001,
    "39":0.0010429599,
    "40":0.000794962,
    "41":0.00090095,
    "42":0.0012107388,
    "43":0.000986571,
    "44":0.00076246,
    "45":0.00075937,
    "46":0.000814052,
    "47":0.000813591,
    "48":0.0020179387,
    "49":0.000842932
  },
  "Prop":{
    "0":0.000700101,
    "1":0.0041593928,
    "2":0.0015558971,
    "3":0.000925063,
    "4":0.00048079,
    "5":0.001378712,
    "6":0.00068617,
    "7":0.00089033,
    "8":0.000654111,
    "9":0.000340541,
    "10":0.0009672879,
    "11":0.0015816753,
    "12":0.0013596629,
    "13":0.00114503,
    "14":0.00049319,
    "15":0.001341074,
    "16":0.00100972,
    "17":0.001575382,
    "18":0.0020726217,
    "19":0.000884183,
    "20":0.00066739,
    "21":0.001032153,
    "22":0.00055239,
    "23":0.0003806,
    "24":0.00100967,
    "25":0.00041889,
    "26":0.0013400609,
    "27":0.0016893607,
    "28":0.00041269,
    "29":0.001560315,
    "30":0.000913301,
    "31":0.0011930158,
    "32":0.00087198,
    "33":0.0003455,
    "34":0.000551331,
    "35":0.000783032,
    "36":0.00069819,
    "37":0.0004643,
    "38":0.0012527899,
    "39":0.001432526,
    "40":0.000817832,
    "41":0.00074557,
    "42":0.0013051709,
    "43":0.000780542,
    "44":0.00044808,
    "45":0.00053975,
    "46":0.000701552,
    "47":0.0012058061,
    "48":0.0025654331,
    "49":0.0011211092
  },
  "Delta_Uniform":{
    "0":-0.000493139,
    "1":-0.0032290244,
    "2":-0.0013125409,
    "3":-0.001289084,
    "4":-0.0004327,
    "5":-0.0016563869,
    "6":-0.00049268,
    "7":-0.001160992,
    "8":-0.000498347,
    "9":-0.000559408,
    "10":-0.0007874617,
    "11":-0.0012498104,
    "12":-0.0011005689,
    "13":-0.00094799,
    "14":-0.00063307,
    "15":-0.0010298048,
    "16":-0.0009078182,
    "17":-0.00098657,
    "18":-0.0014980846,
    "19":-0.00087416,
    "20":-0.00052689,
    "21":-0.0004752772,
    "22":-0.000892711,
    "23":-0.00050216,
    "24":-0.00078719,
    "25":-0.0003052,
    "26":-0.0011097168,
    "27":-0.0008938028,
    "28":-0.0003722,
    "29":-0.001427442,
    "30":-0.001019473,
    "31":-0.0009993976,
    "32":-0.00073659,
    "33":-0.00051738,
    "34":-0.000825301,
    "35":-0.000418308,
    "36":-0.000682688,
    "37":-0.00027271,
    "38":-0.0006850238,
    "39":-0.0010429599,
    "40":-0.0005153713,
    "41":-0.00090095,
    "42":-0.0012107388,
    "43":-0.0008933741,
    "44":-0.00076246,
    "45":-0.00075937,
    "46":-0.0007208551,
    "47":-0.0005916366,
    "48":-0.0020179387,
    "49":-0.000842932
  },
  "Delta_Prop":{
    "0":-0.00063476,
    "1":-0.003583754,
    "2":-0.0012336222,
    "3":-0.0008140858,
    "4":-0.00048079,
    "5":-0.00124803,
    "6":-0.000612729,
    "7":-0.00089033,
    "8":-0.000458088,
    "9":-0.000209859,
    "10":-0.0008563107,
    "11":-0.0014546958,
    "12":-0.0013596629,
    "13":-0.00093907,
    "14":-0.00049319,
    "15":-0.0012300968,
    "16":-0.0008233262,
    "17":-0.001575382,
    "18":-0.0017137943,
    "19":-0.000810742,
    "20":-0.00066739,
    "21":-0.0008765392,
    "22":-0.00055239,
    "23":-0.000315259,
    "24":-0.00100967,
    "25":-0.0003674,
    "26":-0.0011922278,
    "27":-0.0014488556,
    "28":-0.00041269,
    "29":-0.0014671181,
    "30":-0.000913301,
    "31":-0.0010820386,
    "32":-0.00082049,
    "33":-0.0003455,
    "34":-0.000551331,
    "35":-0.000562709,
    "36":-0.000551308,
    "37":-0.00041281,
    "38":-0.0011418127,
    "39":-0.001432526,
    "40":-0.0005382413,
    "41":-0.00074557,
    "42":-0.0013051709,
    "43":-0.0006873451,
    "44":-0.00044808,
    "45":-0.00053975,
    "46":-0.0006083551,
    "47":-0.0009838517,
    "48":-0.0025654331,
    "49":-0.0011211092
  }
}