{
  "Astrahl":{
    "0":0.1308652692,
    "1":0.0979330258,
    "2":0.0898958305,
    "3":0.1067830005,
    "4":0.1881447292,
    "5":0.099909424,
    "6":0.1083303397,
    "7":0.094438783,
    "8":0.1112109993,
    "9":0.1249526368,
    "10":0.08806645,
    "11":0.09867682,
    "12":0.1612873648,
    "13":0.1032250303,
    "14":0.0973778779,
    "15":0.1226156542,
    "16":0.09183439,
    "17":0.1080530632,
    "18":0.1009402813,
    "19":0.2526918193,
    "20":0.08736949,
    "21":0.2026757629,
    "22":0.107541911,
    "23":0.15933838,
    "24":0.165723987,
    "25":0.1040571145,
    "26":0.1729785959,
    "27":0.2023142072,
    "28":0.08937523,
    "29":0.138964528,
    "30":0.1624456871,
    "31":0.097553575,
    "32":0.1183122273,
    "33":0.1453972756,
    "34":0.1022482,
    "35":0.1420230688,
    "36":0.099526366,
    "37":0.099440038,
    "38":0.1284914269,
    "39":0.1261586566,
    "40":0.093322522,
    "41":0.1266915475,
    "42":0.1309015918,
    "43":0.139101868,
    "44":0.088898212,
    "45":0.1025308153,
    "46":0.1342266303,
    "47":0.102842146,
    "48":0.0871408,
    "49":0.1197129025
  },
  "Uniform":{
    "0":0.1503571,
    "1":0.1413456227,
    "2":0.1431301337,
    "3":0.1400480704,
    "4":0.2581304727,
    "5":0.144847666,
    "6":0.1398641327,
    "7":0.130303393,
    "8":0.1385323584,
    "9":0.1597002864,
    "10":0.13840494,
    "11":0.138931595,
    "12":0.2649785077,
    "13":0.1372336848,
    "14":0.1496537064,
    "15":0.1481010019,
    "16":0.140289279,
    "17":0.1462237466,
    "18":0.1308542758,
    "19":0.2700054134,
    "20":0.13346112,
    "21":0.3027191198,
    "22":0.1534595126,
    "23":0.2101388971,
    "24":0.2598312875,
    "25":0.1489015737,
    "26":0.2648948303,
    "27":0.2324986906,
    "28":0.13103675,
    "29":0.182823424,
    "30":0.170793769,
    "31":0.141370048,
    "32":0.1456562918,
    "33":0.2044282036,
    "34":0.131819993,
    "35":0.2033113586,
    "36":0.140002696,
    "37":0.146981692,
    "38":0.1909531368,
    "39":0.1488173289,
    "40":0.139903955,
    "41":0.1913615947,
    "42":0.1908924784,
    "43":0.1964186037,
    "44":0.136973922,
    "45":0.1445368995,
    "46":0.1467394191,
    "47":0.135060595,
    "48":0.1346568,
    "49":0.1586867656
  },
  "Prop":{
    "0":0.1455497384,
    "1":0.1397185453,
    "2":0.1424372414,
    "3":0.139357233,
    "4":0.2425089428,
    "5":0.140827848,
    "6":0.1513642121,
    "7":0.139291082,
    "8":0.1395192707,
    "9":0.1471095461,
    "10":0.13187661,
    "11":0.129594868,
    "12":0.222451065,
    "13":0.1298323279,
    "14":0.1351981647,
    "15":0.1542156771,
    "16":0.139837526,
    "17":0.1349134107,
    "18":0.1398556846,
    "19":0.2797442955,
    "20":0.12017465,
    "21":0.2839746614,
    "22":0.1399616159,
    "23":0.1945812423,
    "24":0.2359916729,
    "25":0.1404326205,
    "26":0.2393915864,
    "27":0.2272814294,
    "28":0.12183254,
    "29":0.182435507,
    "30":0.1731595114,
    "31":0.136395946,
    "32":0.1475577068,
    "33":0.1848611821,
    "34":0.142732673,
    "35":0.1905649101,
    "36":0.125248793,
    "37":0.116010753,
    "38":0.1774080369,
    "39":0.1381880398,
    "40":0.137339485,
    "41":0.1856216637,
    "42":0.1734632208,
    "43":0.1984060018,
    "44":0.141654564,
    "45":0.1298211357,
    "46":0.1364702713,
    "47":0.136892474,
    "48":0.13430662,
    "49":0.1489608467
  },
  "Delta_Uniform":{
    "0":-0.0194918308,
    "1":-0.0434125969,
    "2":-0.0532343032,
    "3":-0.0332650699,
    "4":-0.0699857436,
    "5":-0.044938242,
    "6":-0.031533793,
    "7":-0.03586461,
    "8":-0.0273213591,
    "9":-0.0347476496,
    "10":-0.05033849,
    "11":-0.040254775,
    "12":-0.1036911429,
    "13":-0.0340086545,
    "14":-0.0522758285,
    "15":-0.0254853478,
    "16":-0.048454889,
    "17":-0.0381706834,
    "18":-0.0299139945,
    "19":-0.0173135941,
    "20":-0.04609163,
    "21":-0.1000433569,
    "22":-0.0459176016,
    "23":-0.0508005171,
    "24":-0.0941073005,
    "25":-0.0448444592,
    "26":-0.0919162344,
    "27":-0.0301844834,
    "28":-0.04166152,
    "29":-0.043858896,
    "30":-0.0083480819,
    "31":-0.043816473,
    "32":-0.0273440645,
    "33":-0.059030928,
    "34":-0.029571793,
    "35":-0.0612882898,
    "36":-0.04047633,
    "37":-0.047541654,
    "38":-0.0624617099,
    "39":-0.0226586724,
    "40":-0.046581433,
    "41":-0.0646700472,
    "42":-0.0599908866,
    "43":-0.0573167357,
    "44":-0.04807571,
    "45":-0.0420060842,
    "46":-0.0125127888,
    "47":-0.032218449,
    "48":-0.047516,
    "49":-0.0389738631
  },
  "Delta_Prop":{
    "0":-0.0146844692,
    "1":-0.0417855195,
    "2":-0.0525414109,
    "3":-0.0325742325,
    "4":-0.0543642136,
    "5":-0.040918424,
    "6":-0.0430338724,
    "7":-0.044852299,
    "8":-0.0283082714,
    "9":-0.0221569093,
    "10":-0.04381016,
    "11":-0.030918048,
    "12":-0.0611637002,
    "13":-0.0266072976,
    "14":-0.0378202868,
    "15":-0.0316000229,
    "16":-0.048003136,
    "17":-0.0268603475,
    "18":-0.0389154033,
    "19":-0.0270524762,
    "20":-0.03280516,
    "21":-0.0812988985,
    "22":-0.0324197049,
    "23":-0.0352428623,
    "24":-0.0702676859,
    "25":-0.036375506,
    "26":-0.0664129905,
    "27":-0.0249672222,
    "28":-0.03245731,
    "29":-0.043470979,
    "30":-0.0107138243,
    "31":-0.038842371,
    "32":-0.0292454796,
    "33":-0.0394639065,
    "34":-0.040484473,
    "35":-0.0485418413,
    "36":-0.025722427,
    "37":-0.016570715,
    "38":-0.04891661,
    "39":-0.0120293832,
    "40":-0.044016963,
    "41":-0.0589301162,
    "42":-0.042561629,
    "43":-0.0593041338,
    "44":-0.052756352,
    "45":-0.0272903204,
    "46":-0.002243641,
    "47":-0.034050328,
    "48":-0.04716582,
    "49":-0.0292479442
  }
}