{
  "Astrahl":{
    "0":0.137044963,
    "1":0.14482792,
    "2":0.1500987907,
    "3":0.1498955774,
    "4":0.1545283017,
    "5":0.14073571,
    "6":0.2132693091,
    "7":0.1443393056,
    "8":0.151175359,
    "9":0.3849459442,
    "10":0.2008752922,
    "11":0.13911904,
    "12":0.3240090382,
    "13":0.3389491378,
    "14":0.227556177,
    "15":0.133638895,
    "16":0.14732317,
    "17":0.1369667575,
    "18":0.1385585191,
    "19":0.2204696271,
    "20":0.1366500422,
    "21":0.211009064,
    "22":0.212459176,
    "23":0.1437547888,
    "24":0.3086239152,
    "25":0.15151519,
    "26":0.146791243,
    "27":0.3487520312,
    "28":0.2051020471,
    "29":0.1443185099,
    "30":0.1502362717,
    "31":0.2213675246,
    "32":0.264075567,
    "33":0.1455485986,
    "34":0.2643893209,
    "35":0.2835345825,
    "36":0.2716682925,
    "37":0.1541914725,
    "38":0.1450254733,
    "39":0.2789623191,
    "40":0.1581141093,
    "41":0.2753092486,
    "42":0.2112809474,
    "43":0.2658389238,
    "44":0.3302615927,
    "45":0.1478561137,
    "46":0.1485003771,
    "47":0.2715936444,
    "48":0.2613499935,
    "49":0.3658383281
  },
  "Uniform":{
    "0":0.178238062,
    "1":0.17936542,
    "2":0.1760075812,
    "3":0.174580823,
    "4":0.181189075,
    "5":0.1731826,
    "6":0.2517575062,
    "7":0.1798620534,
    "8":0.175196269,
    "9":0.4367262514,
    "10":0.2486351305,
    "11":0.172431487,
    "12":0.3870543141,
    "13":0.3890709746,
    "14":0.2600031093,
    "15":0.173311318,
    "16":0.16845552,
    "17":0.1730224693,
    "18":0.172499437,
    "19":0.2510815138,
    "20":0.1670800618,
    "21":0.2475752875,
    "22":0.251548255,
    "23":0.1758903445,
    "24":0.3736885584,
    "25":0.17027479,
    "26":0.170553475,
    "27":0.4320707111,
    "28":0.2523965459,
    "29":0.1798158512,
    "30":0.1824138669,
    "31":0.2545141526,
    "32":0.3116653046,
    "33":0.1760336065,
    "34":0.3144200176,
    "35":0.3209867593,
    "36":0.3100900739,
    "37":0.1877050322,
    "38":0.1753093123,
    "39":0.3147427954,
    "40":0.1847295399,
    "41":0.30581837,
    "42":0.260951431,
    "43":0.3124526669,
    "44":0.37269744,
    "45":0.1816926876,
    "46":0.1774834057,
    "47":0.3236106943,
    "48":0.3145515098,
    "49":0.4359119882
  },
  "Prop":{
    "0":0.181013671,
    "1":0.17585389,
    "2":0.1687680235,
    "3":0.1787839124,
    "4":0.1783024815,
    "5":0.17208055,
    "6":0.2533657918,
    "7":0.1785300766,
    "8":0.179578603,
    "9":0.4328918118,
    "10":0.2492291602,
    "11":0.174864466,
    "12":0.3747795944,
    "13":0.3957363149,
    "14":0.2626713173,
    "15":0.167798512,
    "16":0.17588863,
    "17":0.1725093334,
    "18":0.171405532,
    "19":0.2460524487,
    "20":0.1734760179,
    "21":0.252840026,
    "22":0.241695568,
    "23":0.1760050198,
    "24":0.3830685795,
    "25":0.17037559,
    "26":0.170247196,
    "27":0.4393369944,
    "28":0.2517700819,
    "29":0.1800135778,
    "30":0.1712584882,
    "31":0.2535183248,
    "32":0.3166026992,
    "33":0.183949498,
    "34":0.3116155627,
    "35":0.3274995636,
    "36":0.3153398108,
    "37":0.1781033618,
    "38":0.1789542273,
    "39":0.3111170482,
    "40":0.1778980965,
    "41":0.3187011527,
    "42":0.251013674,
    "43":0.3205734799,
    "44":0.379487632,
    "45":0.1784165986,
    "46":0.1723447067,
    "47":0.3248108478,
    "48":0.3197401621,
    "49":0.4384332382
  },
  "Delta_Uniform":{
    "0":-0.041193099,
    "1":-0.0345375,
    "2":-0.0259087905,
    "3":-0.0246852456,
    "4":-0.0266607733,
    "5":-0.03244689,
    "6":-0.0384881971,
    "7":-0.0355227478,
    "8":-0.02402091,
    "9":-0.0517803072,
    "10":-0.0477598383,
    "11":-0.033312447,
    "12":-0.0630452759,
    "13":-0.0501218368,
    "14":-0.0324469323,
    "15":-0.039672423,
    "16":-0.02113235,
    "17":-0.0360557118,
    "18":-0.0339409179,
    "19":-0.0306118866,
    "20":-0.0304300196,
    "21":-0.0365662236,
    "22":-0.039089079,
    "23":-0.0321355557,
    "24":-0.0650646432,
    "25":-0.0187596,
    "26":-0.023762232,
    "27":-0.08331868,
    "28":-0.0472944988,
    "29":-0.0354973413,
    "30":-0.0321775953,
    "31":-0.033146628,
    "32":-0.0475897376,
    "33":-0.0304850079,
    "34":-0.0500306967,
    "35":-0.0374521767,
    "36":-0.0384217815,
    "37":-0.0335135597,
    "38":-0.030283839,
    "39":-0.0357804763,
    "40":-0.0266154305,
    "41":-0.0305091214,
    "42":-0.0496704836,
    "43":-0.0466137431,
    "44":-0.0424358473,
    "45":-0.0338365739,
    "46":-0.0289830286,
    "47":-0.05201705,
    "48":-0.0532015163,
    "49":-0.0700736601
  },
  "Delta_Prop":{
    "0":-0.043968708,
    "1":-0.03102597,
    "2":-0.0186692328,
    "3":-0.0288883351,
    "4":-0.0237741798,
    "5":-0.03134484,
    "6":-0.0400964827,
    "7":-0.034190771,
    "8":-0.028403244,
    "9":-0.0479458677,
    "10":-0.048353868,
    "11":-0.035745426,
    "12":-0.0507705562,
    "13":-0.0567871771,
    "14":-0.0351151403,
    "15":-0.034159617,
    "16":-0.02856546,
    "17":-0.0355425759,
    "18":-0.0328470129,
    "19":-0.0255828215,
    "20":-0.0368259757,
    "21":-0.041830962,
    "22":-0.029236392,
    "23":-0.032250231,
    "24":-0.0744446643,
    "25":-0.0188604,
    "26":-0.023455953,
    "27":-0.0905849633,
    "28":-0.0466680349,
    "29":-0.0356950679,
    "30":-0.0210222166,
    "31":-0.0321508002,
    "32":-0.0525271322,
    "33":-0.0384008994,
    "34":-0.0472262418,
    "35":-0.0439649811,
    "36":-0.0436715184,
    "37":-0.0239118894,
    "38":-0.0339287539,
    "39":-0.0321547291,
    "40":-0.0197839872,
    "41":-0.0433919041,
    "42":-0.0397327267,
    "43":-0.0547345561,
    "44":-0.0492260392,
    "45":-0.0305604849,
    "46":-0.0238443296,
    "47":-0.0532172034,
    "48":-0.0583901686,
    "49":-0.07259491
  }
}