{
  "Astrahl":{
    "0":0.0197265192,
    "1":0.013255728,
    "2":0.013413501,
    "3":0.006440096,
    "4":0.016108688,
    "5":0.0153845987,
    "6":0.0156573769,
    "7":0.0519824725,
    "8":0.006567738,
    "9":0.0145520678,
    "10":0.0109821752,
    "11":0.006413267,
    "12":0.007474512,
    "13":0.0154242773,
    "14":0.0135653251,
    "15":0.007142531,
    "16":0.006113809,
    "17":0.0154155738,
    "18":0.006896276,
    "19":0.00634468,
    "20":0.0073581177,
    "21":0.0166409077,
    "22":0.0081213984,
    "23":0.0165348067,
    "24":0.0196344756,
    "25":0.0116510443,
    "26":0.0309616948,
    "27":0.0161122378,
    "28":0.00730668,
    "29":0.00999364,
    "30":0.0320564359,
    "31":0.0113480638,
    "32":0.0120340232,
    "33":0.0158921102,
    "34":0.0181241851,
    "35":0.0179126375,
    "36":0.0094410535,
    "37":0.0176944881,
    "38":0.007045866,
    "39":0.0275506566,
    "40":0.0205137865,
    "41":0.0205501409,
    "42":0.0193305672,
    "43":0.00662625,
    "44":0.0075439169,
    "45":0.0153030636,
    "46":0.0069442608,
    "47":0.019603876,
    "48":0.0093098763,
    "49":0.0341509259
  },
  "Uniform":{
    "0":0.0258402925,
    "1":0.0147863295,
    "2":0.0175913516,
    "3":0.007143395,
    "4":0.0189386739,
    "5":0.0182306357,
    "6":0.0181732432,
    "7":0.0684819666,
    "8":0.008142209,
    "9":0.0174827075,
    "10":0.0142592253,
    "11":0.008938341,
    "12":0.007243069,
    "13":0.019146954,
    "14":0.0134750117,
    "15":0.008268317,
    "16":0.008241606,
    "17":0.0175678223,
    "18":0.008618038,
    "19":0.00769932,
    "20":0.0081403594,
    "21":0.0177842493,
    "22":0.010702946,
    "23":0.0177247498,
    "24":0.0226681523,
    "25":0.014048559,
    "26":0.0362303597,
    "27":0.0195248279,
    "28":0.00741199,
    "29":0.013614986,
    "30":0.0371189908,
    "31":0.01228234,
    "32":0.011903174,
    "33":0.0170958887,
    "34":0.0202090436,
    "35":0.0196164442,
    "36":0.0102127807,
    "37":0.0217237212,
    "38":0.007458085,
    "39":0.0306996228,
    "40":0.0254401525,
    "41":0.0246109632,
    "42":0.0216550285,
    "43":0.00823557,
    "44":0.008455717,
    "45":0.0199766401,
    "46":0.0075548011,
    "47":0.0248618478,
    "48":0.011212587,
    "49":0.040162789
  },
  "Prop":{
    "0":0.027642138,
    "1":0.0150559096,
    "2":0.0176614306,
    "3":0.008569052,
    "4":0.0186795397,
    "5":0.0177337922,
    "6":0.0198314901,
    "7":0.0615984971,
    "8":0.008446814,
    "9":0.0176886106,
    "10":0.0137200129,
    "11":0.007919616,
    "12":0.007487138,
    "13":0.017809621,
    "14":0.0142262623,
    "15":0.008333259,
    "16":0.007979056,
    "17":0.0174621781,
    "18":0.008552056,
    "19":0.00734286,
    "20":0.0092135643,
    "21":0.018853533,
    "22":0.0095243149,
    "23":0.0175973478,
    "24":0.0240787379,
    "25":0.0148604467,
    "26":0.038103286,
    "27":0.0206084603,
    "28":0.00771655,
    "29":0.013083984,
    "30":0.0373641778,
    "31":0.0149603991,
    "32":0.0143547711,
    "33":0.0181868728,
    "34":0.0194786868,
    "35":0.0217514647,
    "36":0.0110331588,
    "37":0.0208721426,
    "38":0.008662386,
    "39":0.0316288364,
    "40":0.0224628772,
    "41":0.0256979845,
    "42":0.0205249164,
    "43":0.00757354,
    "44":0.0090950856,
    "45":0.0191039063,
    "46":0.0091242377,
    "47":0.0250030781,
    "48":0.0109953064,
    "49":0.0415892046
  },
  "Delta_Uniform":{
    "0":-0.0061137733,
    "1":-0.0015306015,
    "2":-0.0041778506,
    "3":-0.000703299,
    "4":-0.0028299859,
    "5":-0.002846037,
    "6":-0.0025158663,
    "7":-0.0164994941,
    "8":-0.001574471,
    "9":-0.0029306397,
    "10":-0.00327705,
    "11":-0.002525074,
    "12":0.000231443,
    "13":-0.0037226767,
    "14":0.0000903134,
    "15":-0.001125786,
    "16":-0.002127797,
    "17":-0.0021522485,
    "18":-0.001721762,
    "19":-0.00135464,
    "20":-0.0007822417,
    "21":-0.0011433416,
    "22":-0.0025815475,
    "23":-0.0011899431,
    "24":-0.0030336767,
    "25":-0.0023975147,
    "26":-0.0052686649,
    "27":-0.0034125901,
    "28":-0.00010531,
    "29":-0.003621346,
    "30":-0.0050625549,
    "31":-0.0009342762,
    "32":0.0001308492,
    "33":-0.0012037785,
    "34":-0.0020848585,
    "35":-0.0017038068,
    "36":-0.0007717272,
    "37":-0.004029233,
    "38":-0.000412219,
    "39":-0.0031489662,
    "40":-0.004926366,
    "41":-0.0040608223,
    "42":-0.0023244614,
    "43":-0.00160932,
    "44":-0.0009118001,
    "45":-0.0046735765,
    "46":-0.0006105403,
    "47":-0.0052579718,
    "48":-0.0019027107,
    "49":-0.0060118631
  },
  "Delta_Prop":{
    "0":-0.0079156188,
    "1":-0.0018001816,
    "2":-0.0042479296,
    "3":-0.002128956,
    "4":-0.0025708518,
    "5":-0.0023491935,
    "6":-0.0041741132,
    "7":-0.0096160247,
    "8":-0.001879076,
    "9":-0.0031365427,
    "10":-0.0027378377,
    "11":-0.001506349,
    "12":-0.000012626,
    "13":-0.0023853437,
    "14":-0.0006609372,
    "15":-0.001190728,
    "16":-0.001865247,
    "17":-0.0020466044,
    "18":-0.00165578,
    "19":-0.00099818,
    "20":-0.0018554466,
    "21":-0.0022126253,
    "22":-0.0014029164,
    "23":-0.0010625411,
    "24":-0.0044442623,
    "25":-0.0032094024,
    "26":-0.0071415912,
    "27":-0.0044962225,
    "28":-0.00040987,
    "29":-0.003090344,
    "30":-0.0053077419,
    "31":-0.0036123353,
    "32":-0.0023207479,
    "33":-0.0022947626,
    "34":-0.0013545017,
    "35":-0.0038388272,
    "36":-0.0015921053,
    "37":-0.0031776545,
    "38":-0.00161652,
    "39":-0.0040781798,
    "40":-0.0019490908,
    "41":-0.0051478435,
    "42":-0.0011943492,
    "43":-0.00094729,
    "44":-0.0015511687,
    "45":-0.0038008427,
    "46":-0.0021799769,
    "47":-0.0053992021,
    "48":-0.00168543,
    "49":-0.0074382786
  }
}