{
  "Astrahl":{
    "0":0.1865556714,
    "1":0.290890921,
    "2":0.2730836747,
    "3":0.1957942423,
    "4":0.328708983,
    "5":0.240447565,
    "6":0.17123292,
    "7":0.3474647828,
    "8":0.18434203,
    "9":0.3080426446,
    "10":0.4237274842,
    "11":0.2211747201,
    "12":0.1729772461,
    "13":0.1946228141,
    "14":0.2362158684,
    "15":0.199840022,
    "16":0.230659514,
    "17":0.2795892033,
    "18":0.204913,
    "19":0.2994123658,
    "20":0.1984013801,
    "21":0.2739981533,
    "22":0.2716893543,
    "23":0.221162122,
    "24":0.172485189,
    "25":0.2605482182,
    "26":0.4759650267,
    "27":0.2399857759,
    "28":0.3814758653,
    "29":0.16803971,
    "30":0.2621671561,
    "31":0.2648809064,
    "32":0.187958709,
    "33":0.16784353,
    "34":0.264758824,
    "35":0.3884503087,
    "36":0.2224468405,
    "37":0.3048232199,
    "38":0.2316190169,
    "39":0.16274753,
    "40":0.3040727035,
    "41":0.2460596896,
    "42":0.176623758,
    "43":0.207107119,
    "44":0.176105557,
    "45":0.16377201,
    "46":0.2749425636,
    "47":0.236150956,
    "48":0.2496787975,
    "49":0.226502397
  },
  "Uniform":{
    "0":0.2104103773,
    "1":0.3541906247,
    "2":0.3226463991,
    "3":0.2004816203,
    "4":0.3582952823,
    "5":0.281926585,
    "6":0.2026671,
    "7":0.3838773701,
    "8":0.233769358,
    "9":0.3571282968,
    "10":0.4818643157,
    "11":0.2832184791,
    "12":0.202895559,
    "13":0.1916947045,
    "14":0.2818605574,
    "15":0.2448009522,
    "16":0.279134875,
    "17":0.3159454546,
    "18":0.24955597,
    "19":0.3177653628,
    "20":0.242589914,
    "21":0.3130323373,
    "22":0.3123005843,
    "23":0.2447788832,
    "24":0.197332469,
    "25":0.2672743429,
    "26":0.516402092,
    "27":0.2772153622,
    "28":0.4179290175,
    "29":0.19942091,
    "30":0.2910290481,
    "31":0.3239351722,
    "32":0.22595174,
    "33":0.1942135,
    "34":0.3127880124,
    "35":0.4150253552,
    "36":0.245397367,
    "37":0.3192935687,
    "38":0.2777970482,
    "39":0.1949174,
    "40":0.3260370303,
    "41":0.2910012472,
    "42":0.211537537,
    "43":0.25232129,
    "44":0.219118599,
    "45":0.18544451,
    "46":0.3302623693,
    "47":0.273764808,
    "48":0.2889031043,
    "49":0.270319447
  },
  "Prop":{
    "0":0.2149332283,
    "1":0.3658797994,
    "2":0.2997476254,
    "3":0.2082428542,
    "4":0.3598265414,
    "5":0.2844280422,
    "6":0.20191532,
    "7":0.4219348034,
    "8":0.257389858,
    "9":0.3620073373,
    "10":0.4930020744,
    "11":0.285637357,
    "12":0.1953701622,
    "13":0.2197018793,
    "14":0.3031384871,
    "15":0.246266695,
    "16":0.270297765,
    "17":0.330104199,
    "18":0.240507639,
    "19":0.3297406683,
    "20":0.256682052,
    "21":0.3002202622,
    "22":0.305955902,
    "23":0.240623568,
    "24":0.196865529,
    "25":0.2896398981,
    "26":0.5434611372,
    "27":0.2810060371,
    "28":0.4275662055,
    "29":0.20026971,
    "30":0.3232316647,
    "31":0.3098792774,
    "32":0.22213393,
    "33":0.19557561,
    "34":0.2960771491,
    "35":0.4245853707,
    "36":0.2500565293,
    "37":0.3253806992,
    "38":0.282775584,
    "39":0.20712266,
    "40":0.3258924511,
    "41":0.2644248492,
    "42":0.193686848,
    "43":0.243919419,
    "44":0.190030688,
    "45":0.19248011,
    "46":0.3206876736,
    "47":0.25669629,
    "48":0.2879235443,
    "49":0.285722137
  },
  "Delta_Uniform":{
    "0":-0.0238547059,
    "1":-0.0632997037,
    "2":-0.0495627244,
    "3":-0.004687378,
    "4":-0.0295862992,
    "5":-0.04147902,
    "6":-0.03143418,
    "7":-0.0364125873,
    "8":-0.049427328,
    "9":-0.0490856523,
    "10":-0.0581368314,
    "11":-0.062043759,
    "12":-0.0299183129,
    "13":0.0029281096,
    "14":-0.045644689,
    "15":-0.0449609302,
    "16":-0.048475361,
    "17":-0.0363562513,
    "18":-0.04464297,
    "19":-0.018352997,
    "20":-0.0441885339,
    "21":-0.039034184,
    "22":-0.04061123,
    "23":-0.0236167612,
    "24":-0.02484728,
    "25":-0.0067261247,
    "26":-0.0404370654,
    "27":-0.0372295863,
    "28":-0.0364531522,
    "29":-0.0313812,
    "30":-0.028861892,
    "31":-0.0590542658,
    "32":-0.037993031,
    "33":-0.02636997,
    "34":-0.0480291884,
    "35":-0.0265750465,
    "36":-0.0229505265,
    "37":-0.0144703489,
    "38":-0.0461780313,
    "39":-0.03216987,
    "40":-0.0219643267,
    "41":-0.0449415576,
    "42":-0.034913779,
    "43":-0.045214171,
    "44":-0.043013042,
    "45":-0.0216725,
    "46":-0.0553198057,
    "47":-0.037613852,
    "48":-0.0392243068,
    "49":-0.04381705
  },
  "Delta_Prop":{
    "0":-0.0283775569,
    "1":-0.0749888784,
    "2":-0.0266639507,
    "3":-0.0124486119,
    "4":-0.0311175584,
    "5":-0.0439804772,
    "6":-0.0306824,
    "7":-0.0744700206,
    "8":-0.073047828,
    "9":-0.0539646927,
    "10":-0.0692745901,
    "11":-0.0644626369,
    "12":-0.0223929161,
    "13":-0.0250790652,
    "14":-0.0669226187,
    "15":-0.046426673,
    "16":-0.039638251,
    "17":-0.0505149957,
    "18":-0.035594639,
    "19":-0.0303283025,
    "20":-0.0582806719,
    "21":-0.0262221089,
    "22":-0.0342665477,
    "23":-0.019461446,
    "24":-0.02438034,
    "25":-0.0290916799,
    "26":-0.0674961105,
    "27":-0.0410202612,
    "28":-0.0460903402,
    "29":-0.03223,
    "30":-0.0610645086,
    "31":-0.044998371,
    "32":-0.034175221,
    "33":-0.02773208,
    "34":-0.0313183251,
    "35":-0.036135062,
    "36":-0.0276096888,
    "37":-0.0205574793,
    "38":-0.0511565671,
    "39":-0.04437513,
    "40":-0.0218197476,
    "41":-0.0183651596,
    "42":-0.01706309,
    "43":-0.0368123,
    "44":-0.013925131,
    "45":-0.0287081,
    "46":-0.04574511,
    "47":-0.020545334,
    "48":-0.0382447468,
    "49":-0.05921974
  }
}