{
  "Astrahl":{
    "0":0.0452657751,
    "1":0.033351665,
    "2":0.0707460258,
    "3":0.019799858,
    "4":0.0107445,
    "5":0.0345229822,
    "6":0.023174258,
    "7":0.0330504554,
    "8":0.0308014825,
    "9":0.0311354292,
    "10":0.0405366743,
    "11":0.0245887425,
    "12":0.0281527659,
    "13":0.0309392923,
    "14":0.04716449,
    "15":0.0397981309,
    "16":0.0761307705,
    "17":0.0325156439,
    "18":0.0396031605,
    "19":0.013656288,
    "20":0.01345143,
    "21":0.0207391239,
    "22":0.012908318,
    "23":0.01042612,
    "24":0.01793207,
    "25":0.0243845827,
    "26":0.0248214738,
    "27":0.0931511801,
    "28":0.0328134557,
    "29":0.0507725148,
    "30":0.020572964,
    "31":0.0273233503,
    "32":0.0336716764,
    "33":0.0255944136,
    "34":0.0402538109,
    "35":0.022432825,
    "36":0.014358889,
    "37":0.031131666,
    "38":0.0208905,
    "39":0.0326303383,
    "40":0.0340674941,
    "41":0.0391708846,
    "42":0.0404748217,
    "43":0.01244392,
    "44":0.0132661971,
    "45":0.0234044584,
    "46":0.01469117,
    "47":0.0365232556,
    "48":0.0685754402,
    "49":0.0537019738
  },
  "Uniform":{
    "0":0.0449487284,
    "1":0.038023902,
    "2":0.0719648526,
    "3":0.020306632,
    "4":0.01536791,
    "5":0.0376485676,
    "6":0.0235603391,
    "7":0.0388465623,
    "8":0.0396056061,
    "9":0.0406072287,
    "10":0.0476768272,
    "11":0.0243489587,
    "12":0.0274913175,
    "13":0.031852163,
    "14":0.0569996114,
    "15":0.0513333875,
    "16":0.0875101193,
    "17":0.0404928555,
    "18":0.0447179291,
    "19":0.015237141,
    "20":0.01551423,
    "21":0.0245425437,
    "22":0.015305719,
    "23":0.01397524,
    "24":0.020233633,
    "25":0.0268525617,
    "26":0.0300906291,
    "27":0.0987795724,
    "28":0.0366895256,
    "29":0.0595947721,
    "30":0.021613948,
    "31":0.0314030267,
    "32":0.0366222311,
    "33":0.0251681533,
    "34":0.043502049,
    "35":0.026538907,
    "36":0.015998314,
    "37":0.0348413364,
    "38":0.023049598,
    "39":0.035205583,
    "40":0.0364845617,
    "41":0.0445675751,
    "42":0.0420926805,
    "43":0.01336373,
    "44":0.0164412329,
    "45":0.028792447,
    "46":0.015935898,
    "47":0.0397552766,
    "48":0.0783396202,
    "49":0.0582666895
  },
  "Prop":{
    "0":0.0489758095,
    "1":0.0379016258,
    "2":0.080192314,
    "3":0.022820535,
    "4":0.0150762,
    "5":0.0392267478,
    "6":0.0257210206,
    "7":0.0396837415,
    "8":0.0386065917,
    "9":0.0416581942,
    "10":0.0476327279,
    "11":0.0279471506,
    "12":0.0279307565,
    "13":0.0322819003,
    "14":0.0644738084,
    "15":0.0515841811,
    "16":0.0934125029,
    "17":0.0391003599,
    "18":0.0498710127,
    "19":0.01600426,
    "20":0.01585572,
    "21":0.0256950657,
    "22":0.016029228,
    "23":0.01665629,
    "24":0.02117817,
    "25":0.0286396656,
    "26":0.0290985657,
    "27":0.1010230057,
    "28":0.0390380412,
    "29":0.0623590582,
    "30":0.022463991,
    "31":0.0316889503,
    "32":0.0417434055,
    "33":0.0271132414,
    "34":0.0498429015,
    "35":0.026137745,
    "36":0.016637336,
    "37":0.038809908,
    "38":0.025840257,
    "39":0.0423040261,
    "40":0.0386704099,
    "41":0.0454450657,
    "42":0.046099378,
    "43":0.01590324,
    "44":0.0161737258,
    "45":0.030063511,
    "46":0.016823615,
    "47":0.0438686653,
    "48":0.0865059845,
    "49":0.0595758462
  },
  "Delta_Uniform":{
    "0":0.0003170467,
    "1":-0.004672237,
    "2":-0.0012188268,
    "3":-0.000506774,
    "4":-0.00462341,
    "5":-0.0031255853,
    "6":-0.0003860812,
    "7":-0.0057961069,
    "8":-0.0088041236,
    "9":-0.0094717995,
    "10":-0.0071401529,
    "11":0.0002397837,
    "12":0.0006614484,
    "13":-0.0009128707,
    "14":-0.0098351214,
    "15":-0.0115352567,
    "16":-0.0113793488,
    "17":-0.0079772116,
    "18":-0.0051147686,
    "19":-0.001580853,
    "20":-0.0020628,
    "21":-0.0038034198,
    "22":-0.002397401,
    "23":-0.00354912,
    "24":-0.002301563,
    "25":-0.0024679789,
    "26":-0.0052691553,
    "27":-0.0056283923,
    "28":-0.0038760699,
    "29":-0.0088222574,
    "30":-0.001040984,
    "31":-0.0040796764,
    "32":-0.0029505547,
    "33":0.0004262603,
    "34":-0.0032482381,
    "35":-0.004106082,
    "36":-0.001639425,
    "37":-0.0037096704,
    "38":-0.002159098,
    "39":-0.0025752447,
    "40":-0.0024170676,
    "41":-0.0053966905,
    "42":-0.0016178588,
    "43":-0.00091981,
    "44":-0.0031750358,
    "45":-0.0053879886,
    "46":-0.001244728,
    "47":-0.0032320209,
    "48":-0.00976418,
    "49":-0.0045647157
  },
  "Delta_Prop":{
    "0":-0.0037100343,
    "1":-0.0045499609,
    "2":-0.0094462882,
    "3":-0.003020677,
    "4":-0.0043317,
    "5":-0.0047037656,
    "6":-0.0025467627,
    "7":-0.0066332861,
    "8":-0.0078051092,
    "9":-0.010522765,
    "10":-0.0070960537,
    "11":-0.0033584082,
    "12":0.0002220094,
    "13":-0.001342608,
    "14":-0.0173093184,
    "15":-0.0117860502,
    "16":-0.0172817325,
    "17":-0.006584716,
    "18":-0.0102678522,
    "19":-0.002347972,
    "20":-0.00240429,
    "21":-0.0049559418,
    "22":-0.00312091,
    "23":-0.00623017,
    "24":-0.0032461,
    "25":-0.0042550829,
    "26":-0.0042770918,
    "27":-0.0078718256,
    "28":-0.0062245856,
    "29":-0.0115865435,
    "30":-0.001891027,
    "31":-0.0043655999,
    "32":-0.0080717292,
    "33":-0.0015188278,
    "34":-0.0095890906,
    "35":-0.00370492,
    "36":-0.002278447,
    "37":-0.007678242,
    "38":-0.004949757,
    "39":-0.0096736878,
    "40":-0.0046029158,
    "41":-0.006274181,
    "42":-0.0056245563,
    "43":-0.00345932,
    "44":-0.0029075287,
    "45":-0.0066590526,
    "46":-0.002132445,
    "47":-0.0073454097,
    "48":-0.0179305443,
    "49":-0.0058738723
  }
}