{
  "Astrahl":{
    "0":0.00050711,
    "1":0.000853108,
    "2":0.0003553,
    "3":0.000707978,
    "4":0.0004123361,
    "5":0.000460429,
    "6":0.00137218,
    "7":0.000734388,
    "8":0.00089414,
    "9":0.0007798531,
    "10":0.0008484051,
    "11":0.000361,
    "12":0.0013488919,
    "13":0.0005035,
    "14":0.0010241361,
    "15":0.0012674941,
    "16":0.0011087396,
    "17":0.000688978,
    "18":0.000614899,
    "19":0.000433329,
    "20":0.0003252,
    "21":0.0028354427,
    "22":0.0007009026,
    "23":0.000247,
    "24":0.0013879804,
    "25":0.000769098,
    "26":0.0030242204,
    "27":0.000247,
    "28":0.0004336,
    "29":0.0005529,
    "30":0.00060724,
    "31":0.00037962,
    "32":0.0006530661,
    "33":0.0011589133,
    "34":0.00090421,
    "35":0.0010663921,
    "36":0.0013477441,
    "37":0.000613529,
    "38":0.000763439,
    "39":0.000749702,
    "40":0.00043111,
    "41":0.0012101841,
    "42":0.00054321,
    "43":0.0005396,
    "44":0.001130341,
    "45":0.000530119,
    "46":0.00064227,
    "47":0.0009979819,
    "48":0.0009539986,
    "49":0.00034181
  },
  "Uniform":{
    "0":0.000327,
    "1":0.0007313,
    "2":0.0004759,
    "3":0.000575079,
    "4":0.0005404,
    "5":0.000751888,
    "6":0.000909049,
    "7":0.0006282,
    "8":0.000968539,
    "9":0.000762708,
    "10":0.0009189092,
    "11":0.0001797,
    "12":0.0013493241,
    "13":0.00045053,
    "14":0.0009514721,
    "15":0.0012459048,
    "16":0.0015201107,
    "17":0.0006331831,
    "18":0.00053752,
    "19":0.0003771,
    "20":0.00038571,
    "21":0.0021516448,
    "22":0.000811829,
    "23":0.0003338,
    "24":0.0021358873,
    "25":0.0007524,
    "26":0.0035039449,
    "27":0.00032561,
    "28":0.000730888,
    "29":0.000600639,
    "30":0.000834949,
    "31":0.00050171,
    "32":0.00066709,
    "33":0.0017604524,
    "34":0.001005829,
    "35":0.000942648,
    "36":0.001181898,
    "37":0.00067181,
    "38":0.000926525,
    "39":0.000921018,
    "40":0.00056061,
    "41":0.000973509,
    "42":0.00049333,
    "43":0.00060469,
    "44":0.0014627423,
    "45":0.000658037,
    "46":0.0005279,
    "47":0.0010801742,
    "48":0.000786917,
    "49":0.00030481
  },
  "Prop":{
    "0":0.000478069,
    "1":0.000752959,
    "2":0.00058742,
    "3":0.000489259,
    "4":0.0005804261,
    "5":0.00075529,
    "6":0.00086411,
    "7":0.00053601,
    "8":0.00090581,
    "9":0.00047943,
    "10":0.0009260921,
    "11":0.0001889,
    "12":0.0016375067,
    "13":0.000630949,
    "14":0.0011938841,
    "15":0.0016371258,
    "16":0.0015701487,
    "17":0.000671359,
    "18":0.0007478651,
    "19":0.00042271,
    "20":0.00052601,
    "21":0.0025235256,
    "22":0.00074543,
    "23":0.0003119,
    "24":0.0020495302,
    "25":0.001001358,
    "26":0.0032329438,
    "27":0.00031541,
    "28":0.0007956041,
    "29":0.00066722,
    "30":0.0006942221,
    "31":0.000365359,
    "32":0.000717189,
    "33":0.0017599683,
    "34":0.000824229,
    "35":0.000967937,
    "36":0.001264181,
    "37":0.00071703,
    "38":0.000833859,
    "39":0.001025101,
    "40":0.0004782,
    "41":0.0012787872,
    "42":0.000578779,
    "43":0.0005522041,
    "44":0.0012238358,
    "45":0.00071632,
    "46":0.0006220851,
    "47":0.0007692731,
    "48":0.000953749,
    "49":0.00041042
  },
  "Delta_Uniform":{
    "0":0.00018011,
    "1":0.000121808,
    "2":-0.0001206,
    "3":0.000132899,
    "4":-0.0001280639,
    "5":-0.000291459,
    "6":0.000463131,
    "7":0.000106188,
    "8":-0.000074399,
    "9":0.0000171451,
    "10":-0.0000705041,
    "11":0.0001813,
    "12":-0.0000004322,
    "13":0.00005297,
    "14":0.000072664,
    "15":0.0000215893,
    "16":-0.0004113711,
    "17":0.0000557949,
    "18":0.000077379,
    "19":0.000056229,
    "20":-0.00006051,
    "21":0.0006837979,
    "22":-0.0001109264,
    "23":-0.0000868,
    "24":-0.0007479069,
    "25":0.000016698,
    "26":-0.0004797245,
    "27":-0.00007861,
    "28":-0.000297288,
    "29":-0.000047739,
    "30":-0.000227709,
    "31":-0.00012209,
    "32":-0.0000140239,
    "33":-0.0006015391,
    "34":-0.000101619,
    "35":0.0001237441,
    "36":0.0001658461,
    "37":-0.000058281,
    "38":-0.000163086,
    "39":-0.000171316,
    "40":-0.0001295,
    "41":0.0002366751,
    "42":0.00004988,
    "43":-0.00006509,
    "44":-0.0003324013,
    "45":-0.000127918,
    "46":0.00011437,
    "47":-0.0000821923,
    "48":0.0001670816,
    "49":0.000037
  },
  "Delta_Prop":{
    "0":0.000029041,
    "1":0.000100149,
    "2":-0.00023212,
    "3":0.000218719,
    "4":-0.00016809,
    "5":-0.000294861,
    "6":0.00050807,
    "7":0.000198378,
    "8":-0.00001167,
    "9":0.0003004231,
    "10":-0.000077687,
    "11":0.0001721,
    "12":-0.0002886148,
    "13":-0.000127449,
    "14":-0.000169748,
    "15":-0.0003696317,
    "16":-0.0004614091,
    "17":0.000017619,
    "18":-0.0001329661,
    "19":0.000010619,
    "20":-0.00020081,
    "21":0.0003119171,
    "22":-0.0000445274,
    "23":-0.0000649,
    "24":-0.0006615498,
    "25":-0.00023226,
    "26":-0.0002087235,
    "27":-0.00006841,
    "28":-0.0003620041,
    "29":-0.00011432,
    "30":-0.0000869821,
    "31":0.000014261,
    "32":-0.0000641229,
    "33":-0.000601055,
    "34":0.000079981,
    "35":0.0000984551,
    "36":0.0000835631,
    "37":-0.000103501,
    "38":-0.00007042,
    "39":-0.000275399,
    "40":-0.00004709,
    "41":-0.0000686031,
    "42":-0.000035569,
    "43":-0.0000126041,
    "44":-0.0000934948,
    "45":-0.000186201,
    "46":0.0000201849,
    "47":0.0002287088,
    "48":0.0000002496,
    "49":-0.00006861
  }
}