{
  "Astrahl":{
    "0":0.0086235092,
    "1":0.0040589567,
    "2":0.0053626835,
    "3":0.0038305349,
    "4":0.0048030414,
    "5":0.003233572,
    "6":0.003203875,
    "7":0.002497265,
    "8":0.0054742921,
    "9":0.002476669,
    "10":0.0052725245,
    "11":0.00161462,
    "12":0.0051508168,
    "13":0.003218182,
    "14":0.0112919311,
    "15":0.0043931268,
    "16":0.003472098,
    "17":0.0030512442,
    "18":0.00192052,
    "19":0.00288344,
    "20":0.0036059531,
    "21":0.0053188655,
    "22":0.003012165,
    "23":0.0079701989,
    "24":0.002451912,
    "25":0.00303791,
    "26":0.003606751,
    "27":0.0045954825,
    "28":0.0062171962,
    "29":0.0055944964,
    "30":0.002296454,
    "31":0.00301352,
    "32":0.0042340968,
    "33":0.00232484,
    "34":0.0040023177,
    "35":0.0037822115,
    "36":0.0192793546,
    "37":0.0058565138,
    "38":0.0086941428,
    "39":0.0063478964,
    "40":0.00182305,
    "41":0.006664161,
    "42":0.003880028,
    "43":0.0110640884,
    "44":0.0032213113,
    "45":0.00195662,
    "46":0.0075915929,
    "47":0.0039364376,
    "48":0.0042190906,
    "49":0.00289161
  },
  "Uniform":{
    "0":0.0072687395,
    "1":0.0035382979,
    "2":0.0061375939,
    "3":0.0033078548,
    "4":0.0047272955,
    "5":0.002807533,
    "6":0.002779444,
    "7":0.00330882,
    "8":0.006228195,
    "9":0.002794827,
    "10":0.0061702762,
    "11":0.00221785,
    "12":0.0041740688,
    "13":0.003232728,
    "14":0.0125526383,
    "15":0.0035960789,
    "16":0.0042950476,
    "17":0.0039739717,
    "18":0.00200278,
    "19":0.002657026,
    "20":0.0047634844,
    "21":0.0055937383,
    "22":0.003296915,
    "23":0.0079305371,
    "24":0.003467498,
    "25":0.003071627,
    "26":0.0040537794,
    "27":0.0039743137,
    "28":0.0054965069,
    "29":0.0055133075,
    "30":0.002331264,
    "31":0.003085596,
    "32":0.0041721136,
    "33":0.00242107,
    "34":0.0039597226,
    "35":0.0041673059,
    "36":0.0169208998,
    "37":0.0057122876,
    "38":0.008735627,
    "39":0.0061619737,
    "40":0.00172996,
    "41":0.0069333775,
    "42":0.0035133257,
    "43":0.0108999007,
    "44":0.0036861129,
    "45":0.00169885,
    "46":0.0073732725,
    "47":0.0035977758,
    "48":0.0040479036,
    "49":0.003363948
  },
  "Prop":{
    "0":0.008031401,
    "1":0.0041522299,
    "2":0.0053762422,
    "3":0.0042835464,
    "4":0.0042707967,
    "5":0.003470416,
    "6":0.003099186,
    "7":0.002890796,
    "8":0.006016165,
    "9":0.003324858,
    "10":0.0052037097,
    "11":0.00228887,
    "12":0.0046163632,
    "13":0.0025463,
    "14":0.0120989731,
    "15":0.0047007455,
    "16":0.0040059304,
    "17":0.0037528728,
    "18":0.00193913,
    "19":0.002794744,
    "20":0.0042100368,
    "21":0.0060729664,
    "22":0.002621131,
    "23":0.0087410901,
    "24":0.002874073,
    "25":0.002998629,
    "26":0.0041330857,
    "27":0.0045136625,
    "28":0.0056828023,
    "29":0.0063739601,
    "30":0.003487878,
    "31":0.002899942,
    "32":0.0031710558,
    "33":0.00193934,
    "34":0.0039545078,
    "35":0.0045761676,
    "36":0.0161873995,
    "37":0.0050553403,
    "38":0.0089178463,
    "39":0.007170886,
    "40":0.00188365,
    "41":0.0065665861,
    "42":0.0033134348,
    "43":0.0120444633,
    "44":0.0031449558,
    "45":0.00215831,
    "46":0.0079645303,
    "47":0.0045828897,
    "48":0.0044543557,
    "49":0.003243677
  },
  "Delta_Uniform":{
    "0":0.0013547696,
    "1":0.0005206588,
    "2":-0.0007749104,
    "3":0.0005226801,
    "4":0.0000757459,
    "5":0.000426039,
    "6":0.000424431,
    "7":-0.000811555,
    "8":-0.0007539029,
    "9":-0.000318158,
    "10":-0.0008977517,
    "11":-0.00060323,
    "12":0.000976748,
    "13":-0.000014546,
    "14":-0.0012607072,
    "15":0.0007970479,
    "16":-0.0008229496,
    "17":-0.0009227275,
    "18":-0.00008226,
    "19":0.000226414,
    "20":-0.0011575313,
    "21":-0.0002748728,
    "22":-0.00028475,
    "23":0.0000396617,
    "24":-0.001015586,
    "25":-0.000033717,
    "26":-0.0004470284,
    "27":0.0006211688,
    "28":0.0007206892,
    "29":0.0000811889,
    "30":-0.00003481,
    "31":-0.000072076,
    "32":0.0000619832,
    "33":-0.00009623,
    "34":0.0000425951,
    "35":-0.0003850944,
    "36":0.0023584547,
    "37":0.0001442262,
    "38":-0.0000414842,
    "39":0.0001859228,
    "40":0.00009309,
    "41":-0.0002692165,
    "42":0.0003667023,
    "43":0.0001641876,
    "44":-0.0004648016,
    "45":0.00025777,
    "46":0.0002183204,
    "47":0.0003386618,
    "48":0.000171187,
    "49":-0.000472338
  },
  "Delta_Prop":{
    "0":0.0005921082,
    "1":-0.0000932732,
    "2":-0.0000135587,
    "3":-0.0004530115,
    "4":0.0005322447,
    "5":-0.000236844,
    "6":0.000104689,
    "7":-0.000393531,
    "8":-0.0005418729,
    "9":-0.000848189,
    "10":0.0000688148,
    "11":-0.00067425,
    "12":0.0005344535,
    "13":0.000671882,
    "14":-0.000807042,
    "15":-0.0003076187,
    "16":-0.0005338324,
    "17":-0.0007016286,
    "18":-0.00001861,
    "19":0.000088696,
    "20":-0.0006040837,
    "21":-0.0007541009,
    "22":0.000391034,
    "23":-0.0007708912,
    "24":-0.000422161,
    "25":0.000039281,
    "26":-0.0005263347,
    "27":0.00008182,
    "28":0.0005343938,
    "29":-0.0007794637,
    "30":-0.001191424,
    "31":0.000113578,
    "32":0.001063041,
    "33":0.0003855,
    "34":0.0000478099,
    "35":-0.0007939561,
    "36":0.0030919551,
    "37":0.0008011735,
    "38":-0.0002237036,
    "39":-0.0008229896,
    "40":-0.0000606,
    "41":0.0000975748,
    "42":0.0005665932,
    "43":-0.0009803749,
    "44":0.0000763555,
    "45":-0.00020169,
    "46":-0.0003729374,
    "47":-0.0006464521,
    "48":-0.0002352651,
    "49":-0.000352067
  }
}