{
  "Astrahl":{
    "0":0.0084600889,
    "1":0.0015008,
    "2":0.002981,
    "3":0.002115,
    "4":0.0032756,
    "5":0.0056228803,
    "6":0.0043729659,
    "7":0.001355,
    "8":0.001274,
    "9":0.006074,
    "10":0.0037669,
    "11":0.00246639,
    "12":0.00303278,
    "13":0.0086720933,
    "14":0.002679851,
    "15":0.001919851,
    "16":0.001844,
    "17":0.0037866559,
    "18":0.003762,
    "19":0.00152,
    "20":0.00157902,
    "21":0.0066381093,
    "22":0.003781,
    "23":0.008080155,
    "24":0.0077237318,
    "25":0.002794,
    "26":0.0066265813,
    "27":0.0066339803,
    "28":0.00095,
    "29":0.001031,
    "30":0.00368559,
    "31":0.002168,
    "32":0.002414,
    "33":0.0051619823,
    "34":0.0030222,
    "35":0.0053406,
    "36":0.00360639,
    "37":0.0068395,
    "38":0.001763,
    "39":0.0106362893,
    "40":0.00353504,
    "41":0.0032034,
    "42":0.007067789,
    "43":0.00151639,
    "44":0.00285,
    "45":0.0041344,
    "46":0.003401,
    "47":0.00057,
    "48":0.00114,
    "49":0.0058506361
  },
  "Uniform":{
    "0":0.0224601927,
    "1":0.008301092,
    "2":0.012513082,
    "3":0.0050962,
    "4":0.00931048,
    "5":0.0148875958,
    "6":0.00947086,
    "7":0.015393288,
    "8":0.0075142,
    "9":0.0166660558,
    "10":0.009562641,
    "11":0.00909579,
    "12":0.0068923,
    "13":0.0230645841,
    "14":0.0079912,
    "15":0.00618439,
    "16":0.0043951,
    "17":0.014064962,
    "18":0.00600769,
    "19":0.0052941,
    "20":0.00862259,
    "21":0.0189651799,
    "22":0.013025542,
    "23":0.016069173,
    "24":0.0184141948,
    "25":0.00753679,
    "26":0.013958272,
    "27":0.0165838056,
    "28":0.00441449,
    "29":0.0062623,
    "30":0.0126863701,
    "31":0.00678098,
    "32":0.006563731,
    "33":0.0272724782,
    "34":0.0122440348,
    "35":0.013874882,
    "36":0.011231622,
    "37":0.0212517254,
    "38":0.007722951,
    "39":0.0453932873,
    "40":0.0078064169,
    "41":0.00870246,
    "42":0.021338114,
    "43":0.0042942,
    "44":0.01252774,
    "45":0.009019743,
    "46":0.0094291,
    "47":0.0087541,
    "48":0.008062751,
    "49":0.0111587771
  },
  "Prop":{
    "0":0.0286048777,
    "1":0.009297943,
    "2":0.0158259819,
    "3":0.00777669,
    "4":0.009513511,
    "5":0.0159500099,
    "6":0.01195515,
    "7":0.0171991492,
    "8":0.005958951,
    "9":0.020746745,
    "10":0.01233626,
    "11":0.00657249,
    "12":0.0059593,
    "13":0.0272044479,
    "14":0.00888627,
    "15":0.00757369,
    "16":0.0065623,
    "17":0.013625003,
    "18":0.00818788,
    "19":0.004846,
    "20":0.009752892,
    "21":0.0196276086,
    "22":0.01202484,
    "23":0.018449573,
    "24":0.0186226437,
    "25":0.008676531,
    "26":0.0177037487,
    "27":0.0215912172,
    "28":0.0053032,
    "29":0.007410951,
    "30":0.0125227969,
    "31":0.0089633,
    "32":0.008784692,
    "33":0.0238039705,
    "34":0.014432071,
    "35":0.0148583769,
    "36":0.014833281,
    "37":0.02674541,
    "38":0.005925,
    "39":0.0494284123,
    "40":0.0117488697,
    "41":0.010877221,
    "42":0.022730845,
    "43":0.0051685,
    "44":0.00933318,
    "45":0.01208135,
    "46":0.010209852,
    "47":0.00982961,
    "48":0.008078702,
    "49":0.0150663137
  },
  "Delta_Uniform":{
    "0":-0.0140001038,
    "1":-0.006800292,
    "2":-0.009532082,
    "3":-0.0029812,
    "4":-0.00603488,
    "5":-0.0092647155,
    "6":-0.0050978941,
    "7":-0.014038288,
    "8":-0.0062402,
    "9":-0.0105920558,
    "10":-0.005795741,
    "11":-0.0066294,
    "12":-0.00385952,
    "13":-0.0143924909,
    "14":-0.005311349,
    "15":-0.004264539,
    "16":-0.0025511,
    "17":-0.0102783061,
    "18":-0.00224569,
    "19":-0.0037741,
    "20":-0.00704357,
    "21":-0.0123270706,
    "22":-0.009244542,
    "23":-0.007989018,
    "24":-0.010690463,
    "25":-0.00474279,
    "26":-0.0073316907,
    "27":-0.0099498253,
    "28":-0.00346449,
    "29":-0.0052313,
    "30":-0.0090007801,
    "31":-0.00461298,
    "32":-0.004149731,
    "33":-0.022110496,
    "34":-0.0092218348,
    "35":-0.008534282,
    "36":-0.007625232,
    "37":-0.0144122254,
    "38":-0.005959951,
    "39":-0.034756998,
    "40":-0.0042713769,
    "41":-0.00549906,
    "42":-0.014270325,
    "43":-0.00277781,
    "44":-0.00967774,
    "45":-0.004885343,
    "46":-0.0060281,
    "47":-0.0081841,
    "48":-0.006922751,
    "49":-0.005308141
  },
  "Delta_Prop":{
    "0":-0.0201447888,
    "1":-0.007797143,
    "2":-0.0128449819,
    "3":-0.00566169,
    "4":-0.006237911,
    "5":-0.0103271296,
    "6":-0.0075821841,
    "7":-0.0158441492,
    "8":-0.004684951,
    "9":-0.014672745,
    "10":-0.00856936,
    "11":-0.0041061,
    "12":-0.00292652,
    "13":-0.0185323547,
    "14":-0.006206419,
    "15":-0.005653839,
    "16":-0.0047183,
    "17":-0.0098383471,
    "18":-0.00442588,
    "19":-0.003326,
    "20":-0.008173872,
    "21":-0.0129894993,
    "22":-0.00824384,
    "23":-0.010369418,
    "24":-0.0108989119,
    "25":-0.005882531,
    "26":-0.0110771674,
    "27":-0.0149572369,
    "28":-0.0043532,
    "29":-0.006379951,
    "30":-0.0088372069,
    "31":-0.0067953,
    "32":-0.006370692,
    "33":-0.0186419882,
    "34":-0.011409871,
    "35":-0.0095177769,
    "36":-0.011226891,
    "37":-0.01990591,
    "38":-0.004162,
    "39":-0.038792123,
    "40":-0.0082138297,
    "41":-0.007673821,
    "42":-0.015663056,
    "43":-0.00365211,
    "44":-0.00648318,
    "45":-0.00794695,
    "46":-0.006808852,
    "47":-0.00925961,
    "48":-0.006938702,
    "49":-0.0092156776
  }
}