{
  "Astrahl":{
    "0":0.000038643,
    "1":0.0002533413,
    "2":0.0001329192,
    "3":0.0001113214,
    "4":0.00003815,
    "5":0.0000898742,
    "6":0.000047742,
    "7":0.0000909516,
    "8":0.000053487,
    "9":0.000047544,
    "10":0.0000709023,
    "11":0.0001131945,
    "12":0.0002490417,
    "13":0.0000892165,
    "14":0.00003513,
    "15":0.0000651804,
    "16":0.0000796362,
    "17":0.0001122591,
    "18":0.0001133113,
    "19":0.0000680351,
    "20":0.00003815,
    "21":0.0000348292,
    "22":0.0000940975,
    "23":0.000030446,
    "24":0.000064201,
    "25":0.00002943,
    "26":0.000062195,
    "27":0.0000808818,
    "28":0.00004033,
    "29":0.0001788254,
    "30":0.0000986341,
    "31":0.0001586253,
    "32":0.000060931,
    "33":0.00002834,
    "34":0.000059514,
    "35":0.000055045,
    "36":0.000062893,
    "37":0.00003379,
    "38":0.0001130254,
    "39":0.0001402582,
    "40":0.0000570277,
    "41":0.0000945248,
    "42":0.0001524776,
    "43":0.0000680351,
    "44":0.000053487,
    "45":0.000046652,
    "46":0.0000569106,
    "47":0.000061573,
    "48":0.0002489565,
    "49":0.0001110377
  },
  "Uniform":{
    "0":0.000059366,
    "1":0.0004797435,
    "2":0.0002167609,
    "3":0.0001929083,
    "4":0.00004338,
    "5":0.0001277695,
    "6":0.000081232,
    "7":0.0001347861,
    "8":0.00008515,
    "9":0.000085363,
    "10":0.0000956175,
    "11":0.0002161405,
    "12":0.0004815458,
    "13":0.0001146313,
    "14":0.000042239,
    "15":0.0000995687,
    "16":0.0001488818,
    "17":0.000160688,
    "18":0.0001758399,
    "19":0.0001021943,
    "20":0.00004303,
    "21":0.0000559183,
    "22":0.0001592323,
    "23":0.000058037,
    "24":0.000098044,
    "25":0.00005542,
    "26":0.0001177851,
    "27":0.0001006889,
    "28":0.00004404,
    "29":0.0002537019,
    "30":0.0001751838,
    "31":0.0002479668,
    "32":0.000088589,
    "33":0.00005256,
    "34":0.000079555,
    "35":0.000078247,
    "36":0.00009406,
    "37":0.00005058,
    "38":0.000166788,
    "39":0.0002578238,
    "40":0.0000934258,
    "41":0.0001216634,
    "42":0.000257588,
    "43":0.000098319,
    "44":0.000088083,
    "45":0.000086384,
    "46":0.0000874352,
    "47":0.0000787047,
    "48":0.0003899257,
    "49":0.0002039931
  },
  "Prop":{
    "0":0.000052371,
    "1":0.0004731913,
    "2":0.0002151741,
    "3":0.0001567321,
    "4":0.00005109,
    "5":0.0001309717,
    "6":0.000071079,
    "7":0.0001225631,
    "8":0.000084624,
    "9":0.000085543,
    "10":0.0001089396,
    "11":0.0002089477,
    "12":0.0004566899,
    "13":0.0001366252,
    "14":0.000050783,
    "15":0.0001009644,
    "16":0.000176286,
    "17":0.0001845863,
    "18":0.0001792937,
    "19":0.0000946716,
    "20":0.00004196,
    "21":0.0000434026,
    "22":0.000166282,
    "23":0.000044128,
    "24":0.000080902,
    "25":0.00004016,
    "26":0.0000970859,
    "27":0.0001080382,
    "28":0.00004005,
    "29":0.000240879,
    "30":0.0001494333,
    "31":0.0002167149,
    "32":0.00010362,
    "33":0.00004506,
    "34":0.000088291,
    "35":0.000099727,
    "36":0.000073727,
    "37":0.0000476,
    "38":0.000146705,
    "39":0.0002460334,
    "40":0.0001076958,
    "41":0.0000958823,
    "42":0.0002379736,
    "43":0.0000849866,
    "44":0.000085951,
    "45":0.000065557,
    "46":0.0000876999,
    "47":0.0000895953,
    "48":0.0003154064,
    "49":0.0002485107
  },
  "Delta_Uniform":{
    "0":-0.000020723,
    "1":-0.0002264023,
    "2":-0.0000838417,
    "3":-0.0000815869,
    "4":-0.00000523,
    "5":-0.0000378952,
    "6":-0.00003349,
    "7":-0.0000438346,
    "8":-0.000031663,
    "9":-0.000037819,
    "10":-0.0000247152,
    "11":-0.0001029459,
    "12":-0.0002325041,
    "13":-0.0000254148,
    "14":-0.000007109,
    "15":-0.0000343884,
    "16":-0.0000692456,
    "17":-0.0000484289,
    "18":-0.0000625286,
    "19":-0.0000341592,
    "20":-0.00000488,
    "21":-0.0000210891,
    "22":-0.0000651348,
    "23":-0.000027591,
    "24":-0.000033843,
    "25":-0.00002599,
    "26":-0.0000555901,
    "27":-0.000019807,
    "28":-0.00000371,
    "29":-0.0000748765,
    "30":-0.0000765497,
    "31":-0.0000893415,
    "32":-0.000027658,
    "33":-0.00002422,
    "34":-0.000020041,
    "35":-0.000023202,
    "36":-0.000031167,
    "37":-0.00001679,
    "38":-0.0000537627,
    "39":-0.0001175657,
    "40":-0.0000363981,
    "41":-0.0000271386,
    "42":-0.0001051104,
    "43":-0.0000302839,
    "44":-0.000034596,
    "45":-0.000039732,
    "46":-0.0000305246,
    "47":-0.0000171316,
    "48":-0.0001409693,
    "49":-0.0000929554
  },
  "Delta_Prop":{
    "0":-0.000013728,
    "1":-0.00021985,
    "2":-0.000082255,
    "3":-0.0000454107,
    "4":-0.00001294,
    "5":-0.0000410975,
    "6":-0.000023337,
    "7":-0.0000316115,
    "8":-0.000031137,
    "9":-0.000037999,
    "10":-0.0000380373,
    "11":-0.0000957531,
    "12":-0.0002076482,
    "13":-0.0000474087,
    "14":-0.000015653,
    "15":-0.0000357841,
    "16":-0.0000966498,
    "17":-0.0000723272,
    "18":-0.0000659824,
    "19":-0.0000266365,
    "20":-0.00000381,
    "21":-0.0000085734,
    "22":-0.0000721845,
    "23":-0.000013682,
    "24":-0.000016701,
    "25":-0.00001073,
    "26":-0.0000348909,
    "27":-0.0000271563,
    "28":0.00000028,
    "29":-0.0000620536,
    "30":-0.0000507992,
    "31":-0.0000580896,
    "32":-0.000042689,
    "33":-0.00001672,
    "34":-0.000028777,
    "35":-0.000044682,
    "36":-0.000010834,
    "37":-0.00001381,
    "38":-0.0000336797,
    "39":-0.0001057753,
    "40":-0.0000506681,
    "41":-0.0000013575,
    "42":-0.000085496,
    "43":-0.0000169515,
    "44":-0.000032464,
    "45":-0.000018905,
    "46":-0.0000307893,
    "47":-0.0000280222,
    "48":-0.0000664499,
    "49":-0.000137473
  }
}