{
  "Astrahl":{
    "0":0.0111647067,
    "1":0.0097356723,
    "2":0.002709693,
    "3":0.0024065843,
    "4":0.0037114236,
    "5":0.0022234945,
    "6":0.0074183478,
    "7":0.0083564886,
    "8":0.0079650712,
    "9":0.0064702867,
    "10":0.0085412816,
    "11":0.0034817533,
    "12":0.0099355911,
    "13":0.002614107,
    "14":0.00244104,
    "15":0.0055947989,
    "16":0.0108525384,
    "17":0.0045411199,
    "18":0.003510466,
    "19":0.0219420746,
    "20":0.0049747289,
    "21":0.0074372522,
    "22":0.0114943767,
    "23":0.0180770756,
    "24":0.0031128527,
    "25":0.00307054,
    "26":0.0065847,
    "27":0.0033482912,
    "28":0.002700309,
    "29":0.0025921398,
    "30":0.0061770243,
    "31":0.003106731,
    "32":0.0040304567,
    "33":0.0059763533,
    "34":0.0040452215,
    "35":0.0028587786,
    "36":0.002787723,
    "37":0.0100672558,
    "38":0.0029728468,
    "39":0.0080936169,
    "40":0.003183631,
    "41":0.0060194167,
    "42":0.0076267828,
    "43":0.0051530258,
    "44":0.005663486,
    "45":0.0327313938,
    "46":0.0048340954,
    "47":0.0097492366,
    "48":0.00671286,
    "49":0.0028251207
  },
  "Uniform":{
    "0":0.0256346106,
    "1":0.0260220411,
    "2":0.0067640286,
    "3":0.0070933024,
    "4":0.0061312953,
    "5":0.007354488,
    "6":0.0178274386,
    "7":0.0242225344,
    "8":0.0153893162,
    "9":0.0138805719,
    "10":0.0190620373,
    "11":0.0061898758,
    "12":0.024587028,
    "13":0.0072949433,
    "14":0.00606651,
    "15":0.012064173,
    "16":0.0262201953,
    "17":0.0119116118,
    "18":0.007319025,
    "19":0.050192348,
    "20":0.0136713802,
    "21":0.0140540085,
    "22":0.0254101073,
    "23":0.0355601635,
    "24":0.0069512703,
    "25":0.00698761,
    "26":0.0150167323,
    "27":0.0067081568,
    "28":0.0070519774,
    "29":0.0065764206,
    "30":0.0130899289,
    "31":0.0146004144,
    "32":0.0079781177,
    "33":0.0122670246,
    "34":0.0072773685,
    "35":0.0058020456,
    "36":0.006927872,
    "37":0.0187069974,
    "38":0.0071627485,
    "39":0.0180203257,
    "40":0.0080585867,
    "41":0.0134980784,
    "42":0.0160798026,
    "43":0.0143001775,
    "44":0.0129266217,
    "45":0.0718815217,
    "46":0.0139911461,
    "47":0.0226884972,
    "48":0.01377037,
    "49":0.0066076329
  },
  "Prop":{
    "0":0.0226574382,
    "1":0.0248720494,
    "2":0.0060104103,
    "3":0.006239133,
    "4":0.0069492792,
    "5":0.006176634,
    "6":0.0190520072,
    "7":0.0230043813,
    "8":0.0155077063,
    "9":0.0123350949,
    "10":0.0185414422,
    "11":0.0071305008,
    "12":0.0256049172,
    "13":0.0066017208,
    "14":0.00698767,
    "15":0.0125169189,
    "16":0.0258375796,
    "17":0.0132070036,
    "18":0.006756232,
    "19":0.0476220551,
    "20":0.0126841182,
    "21":0.0146344474,
    "22":0.025752691,
    "23":0.036323698,
    "24":0.0070224315,
    "25":0.0068941992,
    "26":0.0142387143,
    "27":0.0061202507,
    "28":0.0074070898,
    "29":0.0061642912,
    "30":0.0125347722,
    "31":0.0123443991,
    "32":0.0075659743,
    "33":0.0126908851,
    "34":0.0069602736,
    "35":0.0065520574,
    "36":0.007035251,
    "37":0.0165356252,
    "38":0.0066843065,
    "39":0.0176336003,
    "40":0.0069411014,
    "41":0.0128455337,
    "42":0.0173509566,
    "43":0.01391748,
    "44":0.0117248831,
    "45":0.0709546745,
    "46":0.013947276,
    "47":0.0243154312,
    "48":0.011505106,
    "49":0.0061098628
  },
  "Delta_Uniform":{
    "0":-0.0144699039,
    "1":-0.0162863688,
    "2":-0.0040543356,
    "3":-0.0046867181,
    "4":-0.0024198717,
    "5":-0.0051309935,
    "6":-0.0104090909,
    "7":-0.0158660458,
    "8":-0.007424245,
    "9":-0.0074102852,
    "10":-0.0105207557,
    "11":-0.0027081225,
    "12":-0.0146514368,
    "13":-0.0046808363,
    "14":-0.00362547,
    "15":-0.0064693741,
    "16":-0.0153676569,
    "17":-0.0073704918,
    "18":-0.003808559,
    "19":-0.0282502735,
    "20":-0.0086966514,
    "21":-0.0066167562,
    "22":-0.0139157306,
    "23":-0.0174830879,
    "24":-0.0038384176,
    "25":-0.00391707,
    "26":-0.0084320323,
    "27":-0.0033598656,
    "28":-0.0043516684,
    "29":-0.0039842808,
    "30":-0.0069129045,
    "31":-0.0114936834,
    "32":-0.003947661,
    "33":-0.0062906713,
    "34":-0.003232147,
    "35":-0.0029432669,
    "36":-0.004140149,
    "37":-0.0086397416,
    "38":-0.0041899017,
    "39":-0.0099267087,
    "40":-0.0048749556,
    "41":-0.0074786617,
    "42":-0.0084530198,
    "43":-0.0091471516,
    "44":-0.0072631357,
    "45":-0.0391501279,
    "46":-0.0091570507,
    "47":-0.0129392606,
    "48":-0.00705751,
    "49":-0.0037825122
  },
  "Delta_Prop":{
    "0":-0.0114927315,
    "1":-0.0151363771,
    "2":-0.0033007172,
    "3":-0.0038325487,
    "4":-0.0032378556,
    "5":-0.0039531395,
    "6":-0.0116336594,
    "7":-0.0146478928,
    "8":-0.0075426351,
    "9":-0.0058648082,
    "10":-0.0100001606,
    "11":-0.0036487475,
    "12":-0.015669326,
    "13":-0.0039876139,
    "14":-0.00454663,
    "15":-0.00692212,
    "16":-0.0149850412,
    "17":-0.0086658836,
    "18":-0.003245766,
    "19":-0.0256799805,
    "20":-0.0077093894,
    "21":-0.0071971952,
    "22":-0.0142583142,
    "23":-0.0182466224,
    "24":-0.0039095788,
    "25":-0.0038236592,
    "26":-0.0076540144,
    "27":-0.0027719595,
    "28":-0.0047067808,
    "29":-0.0035721514,
    "30":-0.0063577479,
    "31":-0.0092376681,
    "32":-0.0035355176,
    "33":-0.0067145318,
    "34":-0.0029150521,
    "35":-0.0036932787,
    "36":-0.004247528,
    "37":-0.0064683694,
    "38":-0.0037114597,
    "39":-0.0095399834,
    "40":-0.0037574704,
    "41":-0.006826117,
    "42":-0.0097241738,
    "43":-0.0087644541,
    "44":-0.0060613971,
    "45":-0.0382232807,
    "46":-0.0091131805,
    "47":-0.0145661945,
    "48":-0.004792246,
    "49":-0.0032847421
  }
}