{
  "Astrahl":{
    "0":0.0436544565,
    "1":0.0269710991,
    "2":0.0160073,
    "3":0.0140979,
    "4":0.018682352,
    "5":0.0156291,
    "6":0.027443561,
    "7":0.01392929,
    "8":0.0208377278,
    "9":0.01851029,
    "10":0.0186145,
    "11":0.0199639413,
    "12":0.01654409,
    "13":0.016717731,
    "14":0.01799139,
    "15":0.020118741,
    "16":0.0195872,
    "17":0.0113751659,
    "18":0.0221927706,
    "19":0.0219511192,
    "20":0.0252869412,
    "21":0.023511041,
    "22":0.0228577769,
    "23":0.015707003,
    "24":0.0128099,
    "25":0.0229560805,
    "26":0.0178746369,
    "27":0.012572881,
    "28":0.01529689,
    "29":0.0154643935,
    "30":0.020082352,
    "31":0.015091602,
    "32":0.017163393,
    "33":0.013998282,
    "34":0.017568041,
    "35":0.0166644,
    "36":0.0132439379,
    "37":0.0135843,
    "38":0.01716649,
    "39":0.01512169,
    "40":0.0215196437,
    "41":0.0377624999,
    "42":0.016761602,
    "43":0.014648714,
    "44":0.0148982,
    "45":0.016136522,
    "46":0.0138491,
    "47":0.014122231,
    "48":0.015767851,
    "49":0.033204721
  },
  "Uniform":{
    "0":0.089491592,
    "1":0.0728807373,
    "2":0.03897749,
    "3":0.038772251,
    "4":0.0852144049,
    "5":0.046132,
    "6":0.071183,
    "7":0.03561839,
    "8":0.040570461,
    "9":0.042529,
    "10":0.03532378,
    "11":0.040065941,
    "12":0.04200088,
    "13":0.03986729,
    "14":0.036369,
    "15":0.0389601,
    "16":0.03607,
    "17":0.038745951,
    "18":0.050898661,
    "19":0.06184609,
    "20":0.03643531,
    "21":0.0740034559,
    "22":0.04986906,
    "23":0.041476441,
    "24":0.040963921,
    "25":0.046745372,
    "26":0.03774187,
    "27":0.04060869,
    "28":0.03829879,
    "29":0.0445885918,
    "30":0.0432884418,
    "31":0.0391764,
    "32":0.051592651,
    "33":0.04763678,
    "34":0.0422892,
    "35":0.0403581,
    "36":0.039973231,
    "37":0.036439,
    "38":0.03430768,
    "39":0.0363991,
    "40":0.036516181,
    "41":0.0511274398,
    "42":0.03735807,
    "43":0.0366072,
    "44":0.0423491,
    "45":0.04254,
    "46":0.033469,
    "47":0.03482219,
    "48":0.0462777559,
    "49":0.048976415
  },
  "Prop":{
    "0":0.0821416644,
    "1":0.0774626994,
    "2":0.03052929,
    "3":0.03003139,
    "4":0.04904829,
    "5":0.026017,
    "6":0.07576239,
    "7":0.03553839,
    "8":0.0425231579,
    "9":0.0337691,
    "10":0.03911888,
    "11":0.037217772,
    "12":0.03930039,
    "13":0.03594249,
    "14":0.0371601,
    "15":0.0338762,
    "16":0.0316191,
    "17":0.040980091,
    "18":0.0391516475,
    "19":0.0499798765,
    "20":0.0375174,
    "21":0.071668221,
    "22":0.03635696,
    "23":0.0380806069,
    "24":0.03464629,
    "25":0.034519543,
    "26":0.04083908,
    "27":0.027005731,
    "28":0.0399344,
    "29":0.0367692314,
    "30":0.04229189,
    "31":0.034838541,
    "32":0.0368281,
    "33":0.03809089,
    "34":0.03447439,
    "35":0.024139,
    "36":0.0387833559,
    "37":0.0422553,
    "38":0.0327081,
    "39":0.04154829,
    "40":0.0411094468,
    "41":0.0495437438,
    "42":0.037321092,
    "43":0.043521021,
    "44":0.0418182,
    "45":0.04081851,
    "46":0.0355191,
    "47":0.03498229,
    "48":0.02976118,
    "49":0.0451602634
  },
  "Delta_Uniform":{
    "0":-0.0458371355,
    "1":-0.0459096382,
    "2":-0.02297019,
    "3":-0.024674351,
    "4":-0.0665320529,
    "5":-0.0305029,
    "6":-0.043739439,
    "7":-0.0216891,
    "8":-0.0197327332,
    "9":-0.02401871,
    "10":-0.01670928,
    "11":-0.0201019997,
    "12":-0.02545679,
    "13":-0.023149559,
    "14":-0.01837761,
    "15":-0.018841359,
    "16":-0.0164828,
    "17":-0.0273707851,
    "18":-0.0287058904,
    "19":-0.0398949708,
    "20":-0.0111483688,
    "21":-0.0504924149,
    "22":-0.0270112831,
    "23":-0.025769438,
    "24":-0.028154021,
    "25":-0.0237892915,
    "26":-0.0198672331,
    "27":-0.028035809,
    "28":-0.0230019,
    "29":-0.0291241983,
    "30":-0.0232060898,
    "31":-0.024084798,
    "32":-0.034429258,
    "33":-0.033638498,
    "34":-0.024721159,
    "35":-0.0236937,
    "36":-0.0267292931,
    "37":-0.0228547,
    "38":-0.01714119,
    "39":-0.02127741,
    "40":-0.0149965373,
    "41":-0.0133649399,
    "42":-0.020596468,
    "43":-0.021958486,
    "44":-0.0274509,
    "45":-0.026403478,
    "46":-0.0196199,
    "47":-0.020699959,
    "48":-0.0305099049,
    "49":-0.015771694
  },
  "Delta_Prop":{
    "0":-0.0384872079,
    "1":-0.0504916003,
    "2":-0.01452199,
    "3":-0.01593349,
    "4":-0.030365938,
    "5":-0.0103879,
    "6":-0.048318829,
    "7":-0.0216091,
    "8":-0.0216854301,
    "9":-0.01525881,
    "10":-0.02050438,
    "11":-0.0172538307,
    "12":-0.0227563,
    "13":-0.019224759,
    "14":-0.01916871,
    "15":-0.013757459,
    "16":-0.0120319,
    "17":-0.0296049251,
    "18":-0.0169588769,
    "19":-0.0280287573,
    "20":-0.0122304588,
    "21":-0.04815718,
    "22":-0.0134991831,
    "23":-0.0223736039,
    "24":-0.02183639,
    "25":-0.0115634625,
    "26":-0.0229644431,
    "27":-0.01443285,
    "28":-0.02463751,
    "29":-0.0213048379,
    "30":-0.022209538,
    "31":-0.019746939,
    "32":-0.019664707,
    "33":-0.024092608,
    "34":-0.016906349,
    "35":-0.0074746,
    "36":-0.025539418,
    "37":-0.028671,
    "38":-0.01554161,
    "39":-0.0264266,
    "40":-0.0195898031,
    "41":-0.0117812439,
    "42":-0.02055949,
    "43":-0.028872307,
    "44":-0.02692,
    "45":-0.024681988,
    "46":-0.02167,
    "47":-0.020860059,
    "48":-0.013993329,
    "49":-0.0119555424
  }
}