{
  "Astrahl":{
    "0":0.0281340859,
    "1":0.0210145156,
    "2":0.0176367438,
    "3":0.0258151569,
    "4":0.0289371733,
    "5":0.016186559,
    "6":0.01042473,
    "7":0.0199428579,
    "8":0.013844808,
    "9":0.0752894877,
    "10":0.083794007,
    "11":0.022281642,
    "12":0.0162168249,
    "13":0.0237709608,
    "14":0.0239173299,
    "15":0.0200755729,
    "16":0.0170981931,
    "17":0.0213322937,
    "18":0.013447106,
    "19":0.0302225362,
    "20":0.015155559,
    "21":0.0181566337,
    "22":0.0291397734,
    "23":0.0165541908,
    "24":0.015887933,
    "25":0.024390231,
    "26":0.063515994,
    "27":0.0174156031,
    "28":0.0711040145,
    "29":0.01006278,
    "30":0.0179554031,
    "31":0.0247165425,
    "32":0.012005957,
    "33":0.01081195,
    "34":0.0189404749,
    "35":0.0266029175,
    "36":0.0283284908,
    "37":0.0212336373,
    "38":0.0180604228,
    "39":0.01211668,
    "40":0.0408787185,
    "41":0.0169015622,
    "42":0.017323991,
    "43":0.01543551,
    "44":0.014016361,
    "45":0.01004834,
    "46":0.0185089228,
    "47":0.0146969636,
    "48":0.0213086228,
    "49":0.0242452535
  },
  "Uniform":{
    "0":0.044425592,
    "1":0.0328347118,
    "2":0.0271378318,
    "3":0.0396400434,
    "4":0.046155028,
    "5":0.0238679177,
    "6":0.0165246,
    "7":0.0311609236,
    "8":0.022326436,
    "9":0.0971632266,
    "10":0.1296098878,
    "11":0.0349335493,
    "12":0.0256331453,
    "13":0.0405936432,
    "14":0.035607447,
    "15":0.0313973745,
    "16":0.0233259169,
    "17":0.0327106366,
    "18":0.020162144,
    "19":0.0425665723,
    "20":0.0248894066,
    "21":0.0344432701,
    "22":0.0492037212,
    "23":0.0251822005,
    "24":0.023665284,
    "25":0.0381155739,
    "26":0.1040537549,
    "27":0.0278538964,
    "28":0.0867169225,
    "29":0.01572473,
    "30":0.0367549317,
    "31":0.0396625179,
    "32":0.019906456,
    "33":0.01501332,
    "34":0.0421077997,
    "35":0.0408001816,
    "36":0.0374899314,
    "37":0.0335533978,
    "38":0.028302401,
    "39":0.01750338,
    "40":0.0629876939,
    "41":0.027524675,
    "42":0.023724935,
    "43":0.020494704,
    "44":0.021951127,
    "45":0.01647994,
    "46":0.0268828783,
    "47":0.0235089565,
    "48":0.0403949738,
    "49":0.0279672257
  },
  "Prop":{
    "0":0.0392453943,
    "1":0.0331707158,
    "2":0.025872052,
    "3":0.0410733058,
    "4":0.0459390419,
    "5":0.0256329237,
    "6":0.01816061,
    "7":0.0384842029,
    "8":0.019564958,
    "9":0.0986784533,
    "10":0.1278558211,
    "11":0.0308205219,
    "12":0.0223558427,
    "13":0.0370298038,
    "14":0.0361264106,
    "15":0.0299969137,
    "16":0.0241392297,
    "17":0.0350071389,
    "18":0.022818355,
    "19":0.048741829,
    "20":0.0265552722,
    "21":0.031005851,
    "22":0.0493015716,
    "23":0.0248104599,
    "24":0.024328344,
    "25":0.0433764237,
    "26":0.100672369,
    "27":0.0280842794,
    "28":0.1009164717,
    "29":0.01692101,
    "30":0.0368785996,
    "31":0.0418399897,
    "32":0.020192532,
    "33":0.01733167,
    "34":0.0362635976,
    "35":0.0414971301,
    "36":0.0382382434,
    "37":0.0277455485,
    "38":0.0288289572,
    "39":0.0191284,
    "40":0.0666939743,
    "41":0.0288740983,
    "42":0.024133714,
    "43":0.017006561,
    "44":0.020558926,
    "45":0.01649847,
    "46":0.0303684018,
    "47":0.0227272498,
    "48":0.0391236108,
    "49":0.0286821434
  },
  "Delta_Uniform":{
    "0":-0.0162915061,
    "1":-0.0118201962,
    "2":-0.0095010881,
    "3":-0.0138248865,
    "4":-0.0172178547,
    "5":-0.0076813587,
    "6":-0.00609987,
    "7":-0.0112180658,
    "8":-0.008481628,
    "9":-0.0218737389,
    "10":-0.0458158807,
    "11":-0.0126519073,
    "12":-0.0094163204,
    "13":-0.0168226824,
    "14":-0.0116901171,
    "15":-0.0113218016,
    "16":-0.0062277238,
    "17":-0.0113783428,
    "18":-0.006715038,
    "19":-0.0123440362,
    "20":-0.0097338476,
    "21":-0.0162866364,
    "22":-0.0200639478,
    "23":-0.0086280097,
    "24":-0.007777351,
    "25":-0.0137253429,
    "26":-0.0405377609,
    "27":-0.0104382933,
    "28":-0.015612908,
    "29":-0.00566195,
    "30":-0.0187995286,
    "31":-0.0149459755,
    "32":-0.007900499,
    "33":-0.00420137,
    "34":-0.0231673248,
    "35":-0.0141972641,
    "36":-0.0091614406,
    "37":-0.0123197605,
    "38":-0.0102419782,
    "39":-0.0053867,
    "40":-0.0221089754,
    "41":-0.0106231129,
    "42":-0.006400944,
    "43":-0.005059194,
    "44":-0.007934766,
    "45":-0.0064316,
    "46":-0.0083739555,
    "47":-0.0088119929,
    "48":-0.019086351,
    "49":-0.0037219722
  },
  "Delta_Prop":{
    "0":-0.0111113084,
    "1":-0.0121562002,
    "2":-0.0082353082,
    "3":-0.0152581489,
    "4":-0.0170018686,
    "5":-0.0094463647,
    "6":-0.00773588,
    "7":-0.0185413451,
    "8":-0.00572015,
    "9":-0.0233889656,
    "10":-0.0440618141,
    "11":-0.0085388799,
    "12":-0.0061390178,
    "13":-0.013258843,
    "14":-0.0122090807,
    "15":-0.0099213408,
    "16":-0.0070410366,
    "17":-0.0136748452,
    "18":-0.009371249,
    "19":-0.0185192929,
    "20":-0.0113997132,
    "21":-0.0128492174,
    "22":-0.0201617982,
    "23":-0.0082562691,
    "24":-0.008440411,
    "25":-0.0189861927,
    "26":-0.037156375,
    "27":-0.0106686763,
    "28":-0.0298124572,
    "29":-0.00685823,
    "30":-0.0189231965,
    "31":-0.0171234473,
    "32":-0.008186575,
    "33":-0.00651972,
    "34":-0.0173231227,
    "35":-0.0148942126,
    "36":-0.0099097526,
    "37":-0.0065119112,
    "38":-0.0107685344,
    "39":-0.00701172,
    "40":-0.0258152558,
    "41":-0.0119725362,
    "42":-0.006809723,
    "43":-0.001571051,
    "44":-0.006542565,
    "45":-0.00645013,
    "46":-0.011859479,
    "47":-0.0080302862,
    "48":-0.017814988,
    "49":-0.0044368899
  }
}