{
  "Astrahl":{
    "0":0.000200342,
    "1":0.0001004634,
    "2":0.0002006498,
    "3":0.0,
    "4":0.000910056,
    "5":0.0002078603,
    "6":0.0001905293,
    "7":0.0003024037,
    "8":0.0006986653,
    "9":0.0001910056,
    "10":0.000200342,
    "11":0.000400874,
    "12":0.000200619,
    "13":0.000380162,
    "14":0.000100171,
    "15":0.00060054,
    "16":0.0003021008,
    "17":0.0005016245,
    "18":0.000601026,
    "19":0.000801368,
    "20":0.0003009747,
    "21":0.000951462,
    "22":0.0001002439,
    "23":0.0002031873,
    "24":0.00110099,
    "25":0.0004009756,
    "26":0.0004012996,
    "27":0.000300513,
    "28":0.0006052829,
    "29":0.000100171,
    "30":0.000300432,
    "31":0.001430657,
    "32":0.0003803078,
    "33":0.0007022743,
    "34":0.00030027,
    "35":0.0006052829,
    "36":0.0008071369,
    "37":0.000306514,
    "38":0.0005016245,
    "39":0.000201761,
    "40":0.0005708357,
    "41":0.000400684,
    "42":0.00100209,
    "43":0.0003013902,
    "44":0.000542277,
    "45":0.0003009747,
    "46":0.000601026,
    "47":0.0005706585,
    "48":0.0,
    "49":0.000000361
  },
  "Uniform":{
    "0":0.00280057,
    "1":0.0024013369,
    "2":0.003201595,
    "3":0.00350038,
    "4":0.0104113851,
    "5":0.0029211332,
    "6":0.0063738945,
    "7":0.0030035916,
    "8":0.0056156276,
    "9":0.0058567362,
    "10":0.00330038,
    "11":0.0060814528,
    "12":0.0030014808,
    "13":0.00477037,
    "14":0.0063415169,
    "15":0.006451391,
    "16":0.0031037317,
    "17":0.0079656266,
    "18":0.00565074,
    "19":0.0105851939,
    "20":0.0030017228,
    "21":0.0153787718,
    "22":0.0026012559,
    "23":0.0024058245,
    "24":0.004601311,
    "25":0.0055607759,
    "26":0.006092466,
    "27":0.003400902,
    "28":0.0075554657,
    "29":0.003400912,
    "30":0.003000974,
    "31":0.016699942,
    "32":0.003340441,
    "33":0.0084889651,
    "34":0.006050912,
    "35":0.0053463263,
    "36":0.0061409749,
    "37":0.0026090119,
    "38":0.0046725413,
    "39":0.0020034414,
    "40":0.0054312915,
    "41":0.004191273,
    "42":0.0085922038,
    "43":0.0027039226,
    "44":0.013942375,
    "45":0.002800893,
    "46":0.0081206169,
    "47":0.0090895903,
    "48":0.00300047,
    "49":0.0030012908
  },
  "Prop":{
    "0":0.003401012,
    "1":0.0022033048,
    "2":0.0021014269,
    "3":0.002900931,
    "4":0.009261383,
    "5":0.0019163857,
    "6":0.0059439961,
    "7":0.0023061587,
    "8":0.0045838872,
    "9":0.0033530731,
    "10":0.002501031,
    "11":0.006480783,
    "12":0.0024021318,
    "13":0.005840423,
    "14":0.0053316499,
    "15":0.004961643,
    "16":0.0025038013,
    "17":0.0065240344,
    "18":0.005822774,
    "19":0.007611722,
    "20":0.002501292,
    "21":0.0142372615,
    "22":0.0030022389,
    "23":0.0037095551,
    "24":0.005370992,
    "25":0.0042035285,
    "26":0.0044344315,
    "27":0.00240029,
    "28":0.0079880897,
    "29":0.00110095,
    "30":0.003200864,
    "31":0.0140335588,
    "32":0.004200822,
    "33":0.0066313397,
    "34":0.005660622,
    "35":0.0028708781,
    "36":0.0056223662,
    "37":0.0028130151,
    "38":0.0060332621,
    "39":0.0033045031,
    "40":0.0056728003,
    "41":0.0063209559,
    "42":0.0065760418,
    "43":0.0031041299,
    "44":0.0132905181,
    "45":0.0023013559,
    "46":0.0083827518,
    "47":0.0093778281,
    "48":0.00190088,
    "49":0.002401611
  },
  "Delta_Uniform":{
    "0":-0.002600228,
    "1":-0.0023008735,
    "2":-0.0030009452,
    "3":-0.00350038,
    "4":-0.0095013291,
    "5":-0.0027132729,
    "6":-0.0061833652,
    "7":-0.0027011879,
    "8":-0.0049169623,
    "9":-0.0056657306,
    "10":-0.003100038,
    "11":-0.0056805788,
    "12":-0.0028008618,
    "13":-0.004390208,
    "14":-0.0062413459,
    "15":-0.005850851,
    "16":-0.0028016309,
    "17":-0.0074640021,
    "18":-0.005049714,
    "19":-0.0097838259,
    "20":-0.0027007481,
    "21":-0.0144273097,
    "22":-0.002501012,
    "23":-0.0022026372,
    "24":-0.003500321,
    "25":-0.0051598003,
    "26":-0.0056911664,
    "27":-0.003100389,
    "28":-0.0069501829,
    "29":-0.003300741,
    "30":-0.002700542,
    "31":-0.015269285,
    "32":-0.0029601332,
    "33":-0.0077866908,
    "34":-0.005750642,
    "35":-0.0047410434,
    "36":-0.005333838,
    "37":-0.0023024978,
    "38":-0.0041709168,
    "39":-0.0018016804,
    "40":-0.0048604558,
    "41":-0.003790589,
    "42":-0.0075901138,
    "43":-0.0024025324,
    "44":-0.013400098,
    "45":-0.0024999183,
    "46":-0.0075195909,
    "47":-0.0085189318,
    "48":-0.00300047,
    "49":-0.0030009298
  },
  "Delta_Prop":{
    "0":-0.00320067,
    "1":-0.0021028414,
    "2":-0.0019007771,
    "3":-0.002900931,
    "4":-0.008351327,
    "5":-0.0017085255,
    "6":-0.0057534668,
    "7":-0.002003755,
    "8":-0.0038852219,
    "9":-0.0031620675,
    "10":-0.002300689,
    "11":-0.006079909,
    "12":-0.0022015128,
    "13":-0.005460261,
    "14":-0.0052314789,
    "15":-0.004361103,
    "16":-0.0022017006,
    "17":-0.0060224099,
    "18":-0.005221748,
    "19":-0.006810354,
    "20":-0.0022003173,
    "21":-0.0132857995,
    "22":-0.002901995,
    "23":-0.0035063677,
    "24":-0.004270002,
    "25":-0.0038025529,
    "26":-0.0040331319,
    "27":-0.002099777,
    "28":-0.0073828069,
    "29":-0.001000779,
    "30":-0.002900432,
    "31":-0.0126029018,
    "32":-0.0038205142,
    "33":-0.0059290654,
    "34":-0.005360352,
    "35":-0.0022655953,
    "36":-0.0048152293,
    "37":-0.0025065011,
    "38":-0.0055316376,
    "39":-0.0031027422,
    "40":-0.0051019646,
    "41":-0.0059202719,
    "42":-0.0055739518,
    "43":-0.0028027397,
    "44":-0.0127482411,
    "45":-0.0020003812,
    "46":-0.0077817258,
    "47":-0.0088071696,
    "48":-0.00190088,
    "49":-0.00240125
  }
}