{
  "Astrahl":{
    "0":0.0061198385,
    "1":0.0051563981,
    "2":0.0028488387,
    "3":0.0052283461,
    "4":0.0059819938,
    "5":0.0032618915,
    "6":0.0015447,
    "7":0.0052029972,
    "8":0.00196023,
    "9":0.0249644596,
    "10":0.0270408891,
    "11":0.0018673656,
    "12":0.0026095132,
    "13":0.0050885507,
    "14":0.0056477321,
    "15":0.0035349481,
    "16":0.0027232415,
    "17":0.0038024232,
    "18":0.002417617,
    "19":0.0050272676,
    "20":0.0030754977,
    "21":0.0031744872,
    "22":0.0067696098,
    "23":0.002795907,
    "24":0.002734119,
    "25":0.0043243362,
    "26":0.016965953,
    "27":0.0031932147,
    "28":0.0210952428,
    "29":0.0015447,
    "30":0.0033293163,
    "31":0.0061037466,
    "32":0.001633525,
    "33":0.00133874,
    "34":0.0029378649,
    "35":0.0073733133,
    "36":0.0051444689,
    "37":0.0052107281,
    "38":0.002838413,
    "39":0.00118427,
    "40":0.010381918,
    "41":0.0035480163,
    "42":0.002801056,
    "43":0.002417617,
    "44":0.002423553,
    "45":0.0010298,
    "46":0.0037732251,
    "47":0.0017895587,
    "48":0.0035207622,
    "49":0.002795907
  },
  "Uniform":{
    "0":0.0109680361,
    "1":0.0095665228,
    "2":0.0045654398,
    "3":0.0099491257,
    "4":0.0122866279,
    "5":0.0050870955,
    "6":0.00281831,
    "7":0.0100035981,
    "8":0.003048786,
    "9":0.0409122985,
    "10":0.0514485528,
    "11":0.00451746,
    "12":0.0053628616,
    "13":0.0097204712,
    "14":0.0092218896,
    "15":0.0062011645,
    "16":0.0042670096,
    "17":0.0086275382,
    "18":0.003520254,
    "19":0.0120098048,
    "20":0.0047608447,
    "21":0.0075513497,
    "22":0.0118981933,
    "23":0.0046224957,
    "24":0.005414833,
    "25":0.009996664,
    "26":0.0330713665,
    "27":0.0064168268,
    "28":0.0382518443,
    "29":0.00280103,
    "30":0.006274695,
    "31":0.0127644944,
    "32":0.003538139,
    "33":0.00299437,
    "34":0.0050803886,
    "35":0.0132087675,
    "36":0.0098278669,
    "37":0.0081826635,
    "38":0.0063931311,
    "39":0.00288481,
    "40":0.0174637574,
    "41":0.0066987089,
    "42":0.004951188,
    "43":0.003151906,
    "44":0.003935988,
    "45":0.00308721,
    "46":0.0064135369,
    "47":0.0045880495,
    "48":0.0076096177,
    "49":0.0053059941
  },
  "Prop":{
    "0":0.0113735067,
    "1":0.0098530575,
    "2":0.0052882658,
    "3":0.0090784324,
    "4":0.013414826,
    "5":0.0050492133,
    "6":0.00288961,
    "7":0.0108065081,
    "8":0.003500284,
    "9":0.0410457941,
    "10":0.0560078825,
    "11":0.004995229,
    "12":0.0052208706,
    "13":0.0095330372,
    "14":0.0101087953,
    "15":0.0070999168,
    "16":0.0042970955,
    "17":0.0076428068,
    "18":0.004402367,
    "19":0.0121354153,
    "20":0.0051683921,
    "21":0.0074764201,
    "22":0.0120380282,
    "23":0.0054588205,
    "24":0.005678168,
    "25":0.0104812612,
    "26":0.0327199064,
    "27":0.0067593852,
    "28":0.0433621617,
    "29":0.00275955,
    "30":0.0065134643,
    "31":0.0123673474,
    "32":0.003842595,
    "33":0.00306617,
    "34":0.0057130592,
    "35":0.0130436683,
    "36":0.0104185298,
    "37":0.0083426534,
    "38":0.0076474726,
    "39":0.0029681,
    "40":0.0175298294,
    "41":0.007110234,
    "42":0.005832049,
    "43":0.003856383,
    "44":0.00447141,
    "45":0.00290054,
    "46":0.0066222419,
    "47":0.0045785358,
    "48":0.0082870583,
    "49":0.005336578
  },
  "Delta_Uniform":{
    "0":-0.0048481976,
    "1":-0.0044101247,
    "2":-0.0017166011,
    "3":-0.0047207796,
    "4":-0.0063046341,
    "5":-0.001825204,
    "6":-0.00127361,
    "7":-0.004800601,
    "8":-0.001088556,
    "9":-0.015947839,
    "10":-0.0244076637,
    "11":-0.0026500944,
    "12":-0.0027533484,
    "13":-0.0046319205,
    "14":-0.0035741575,
    "15":-0.0026662164,
    "16":-0.0015437681,
    "17":-0.004825115,
    "18":-0.001102637,
    "19":-0.0069825372,
    "20":-0.001685347,
    "21":-0.0043768625,
    "22":-0.0051285835,
    "23":-0.0018265887,
    "24":-0.002680714,
    "25":-0.0056723279,
    "26":-0.0161054135,
    "27":-0.0032236122,
    "28":-0.0171566015,
    "29":-0.00125633,
    "30":-0.0029453787,
    "31":-0.0066607479,
    "32":-0.001904614,
    "33":-0.00165563,
    "34":-0.0021425237,
    "35":-0.0058354542,
    "36":-0.0046833981,
    "37":-0.0029719354,
    "38":-0.0035547181,
    "39":-0.00170054,
    "40":-0.0070818394,
    "41":-0.0031506926,
    "42":-0.002150132,
    "43":-0.000734289,
    "44":-0.001512435,
    "45":-0.00205741,
    "46":-0.0026403117,
    "47":-0.0027984908,
    "48":-0.0040888555,
    "49":-0.0025100871
  },
  "Delta_Prop":{
    "0":-0.0052536682,
    "1":-0.0046966594,
    "2":-0.002439427,
    "3":-0.0038500863,
    "4":-0.0074328322,
    "5":-0.0017873218,
    "6":-0.00134491,
    "7":-0.0056035109,
    "8":-0.001540054,
    "9":-0.0160813345,
    "10":-0.0289669933,
    "11":-0.0031278634,
    "12":-0.0026113574,
    "13":-0.0044444865,
    "14":-0.0044610632,
    "15":-0.0035649687,
    "16":-0.001573854,
    "17":-0.0038403836,
    "18":-0.00198475,
    "19":-0.0071081477,
    "20":-0.0020928944,
    "21":-0.0043019328,
    "22":-0.0052684184,
    "23":-0.0026629135,
    "24":-0.002944049,
    "25":-0.006156925,
    "26":-0.0157539534,
    "27":-0.0035661705,
    "28":-0.0222669189,
    "29":-0.00121485,
    "30":-0.003184148,
    "31":-0.0062636008,
    "32":-0.00220907,
    "33":-0.00172743,
    "34":-0.0027751943,
    "35":-0.005670355,
    "36":-0.005274061,
    "37":-0.0031319253,
    "38":-0.0048090596,
    "39":-0.00178383,
    "40":-0.0071479114,
    "41":-0.0035622176,
    "42":-0.003030993,
    "43":-0.001438766,
    "44":-0.002047857,
    "45":-0.00187074,
    "46":-0.0028490167,
    "47":-0.0027889771,
    "48":-0.0047662961,
    "49":-0.002540671
  }
}