{
  "Astrahl":{
    "0":0.0018194951,
    "1":0.0014535532,
    "2":0.00075848,
    "3":0.0027990418,
    "4":0.0014667392,
    "5":0.0017924482,
    "6":0.0053511528,
    "7":0.0017719064,
    "8":0.0021758688,
    "9":0.0045502716,
    "10":0.00243187,
    "11":0.0015803592,
    "12":0.001721552,
    "13":0.0021543701,
    "14":0.001400799,
    "15":0.00071953,
    "16":0.0029562297,
    "17":0.0015344575,
    "18":0.00064562,
    "19":0.0021393621,
    "20":0.001071809,
    "21":0.0022435196,
    "22":0.0022054307,
    "23":0.0015480062,
    "24":0.0018072289,
    "25":0.0034998,
    "26":0.0090280943,
    "27":0.0019730379,
    "28":0.0029520264,
    "29":0.0018572118,
    "30":0.001208389,
    "31":0.001072569,
    "32":0.000962749,
    "33":0.0012019305,
    "34":0.0022664357,
    "35":0.001559197,
    "36":0.0031669873,
    "37":0.0023727194,
    "38":0.0018867836,
    "39":0.00056962,
    "40":0.0087976814,
    "41":0.000891898,
    "42":0.002124556,
    "43":0.0007317,
    "44":0.001959075,
    "45":0.005410973,
    "46":0.0027105166,
    "47":0.0028667338,
    "48":0.0017680967,
    "49":0.002116258
  },
  "Uniform":{
    "0":0.0020495594,
    "1":0.0011761102,
    "2":0.00056701,
    "3":0.0023007743,
    "4":0.0012862088,
    "5":0.0015255603,
    "6":0.0042150152,
    "7":0.0018788328,
    "8":0.001939882,
    "9":0.0032024899,
    "10":0.0017778123,
    "11":0.001141092,
    "12":0.0016817444,
    "13":0.0020325693,
    "14":0.0013448711,
    "15":0.00088957,
    "16":0.0026545819,
    "17":0.001233228,
    "18":0.00065804,
    "19":0.0019235102,
    "20":0.00072342,
    "21":0.0021092213,
    "22":0.0024513766,
    "23":0.0012734592,
    "24":0.0018977202,
    "25":0.003370509,
    "26":0.0052452571,
    "27":0.0015323774,
    "28":0.0040451888,
    "29":0.0013200362,
    "30":0.001138609,
    "31":0.001296373,
    "32":0.000905298,
    "33":0.00099982,
    "34":0.0016871871,
    "35":0.000912597,
    "36":0.0025616652,
    "37":0.002197314,
    "38":0.0018425324,
    "39":0.00053532,
    "40":0.0065909557,
    "41":0.001027328,
    "42":0.0020346895,
    "43":0.00083706,
    "44":0.0019798429,
    "45":0.0044301416,
    "46":0.0038185878,
    "47":0.0021245729,
    "48":0.001501054,
    "49":0.001381656
  },
  "Prop":{
    "0":0.0019500163,
    "1":0.0019273158,
    "2":0.00061984,
    "3":0.0026537454,
    "4":0.0014476129,
    "5":0.0019468259,
    "6":0.0047025809,
    "7":0.0020724463,
    "8":0.0019821451,
    "9":0.0037918348,
    "10":0.0027502729,
    "11":0.000927119,
    "12":0.0017740809,
    "13":0.0019529898,
    "14":0.001163338,
    "15":0.000761999,
    "16":0.0028612797,
    "17":0.0015789398,
    "18":0.00064685,
    "19":0.0017772703,
    "20":0.000929477,
    "21":0.0015553789,
    "22":0.0020743717,
    "23":0.0014648611,
    "24":0.0019727433,
    "25":0.0038591626,
    "26":0.006838205,
    "27":0.0020449035,
    "28":0.00369939,
    "29":0.0015488352,
    "30":0.001274498,
    "31":0.0014734852,
    "32":0.00089605,
    "33":0.001096788,
    "34":0.0020520592,
    "35":0.0011590241,
    "36":0.0029294114,
    "37":0.0023394098,
    "38":0.0027615086,
    "39":0.00058923,
    "40":0.0068912152,
    "41":0.001048738,
    "42":0.0022602634,
    "43":0.000948298,
    "44":0.002198314,
    "45":0.0057026788,
    "46":0.0031584864,
    "47":0.0029107739,
    "48":0.0016939629,
    "49":0.0018255581
  },
  "Delta_Uniform":{
    "0":-0.0002300643,
    "1":0.000277443,
    "2":0.00019147,
    "3":0.0004982675,
    "4":0.0001805304,
    "5":0.0002668879,
    "6":0.0011361376,
    "7":-0.0001069264,
    "8":0.0002359868,
    "9":0.0013477817,
    "10":0.0006540577,
    "11":0.0004392672,
    "12":0.0000398076,
    "13":0.0001218008,
    "14":0.0000559279,
    "15":-0.00017004,
    "16":0.0003016479,
    "17":0.0003012295,
    "18":-0.00001242,
    "19":0.000215852,
    "20":0.000348389,
    "21":0.0001342983,
    "22":-0.0002459459,
    "23":0.000274547,
    "24":-0.0000904913,
    "25":0.000129291,
    "26":0.0037828371,
    "27":0.0004406605,
    "28":-0.0010931624,
    "29":0.0005371756,
    "30":0.00006978,
    "31":-0.000223804,
    "32":0.000057451,
    "33":0.0002021105,
    "34":0.0005792486,
    "35":0.0006466,
    "36":0.0006053221,
    "37":0.0001754054,
    "38":0.0000442512,
    "39":0.0000343,
    "40":0.0022067257,
    "41":-0.00013543,
    "42":0.0000898665,
    "43":-0.00010536,
    "44":-0.0000207679,
    "45":0.0009808314,
    "46":-0.0011080712,
    "47":0.0007421609,
    "48":0.0002670427,
    "49":0.000734602
  },
  "Delta_Prop":{
    "0":-0.0001305212,
    "1":-0.0004737626,
    "2":0.00013864,
    "3":0.0001452964,
    "4":0.0000191263,
    "5":-0.0001543777,
    "6":0.0006485719,
    "7":-0.0003005399,
    "8":0.0001937237,
    "9":0.0007584367,
    "10":-0.0003184029,
    "11":0.0006532402,
    "12":-0.0000525289,
    "13":0.0002013803,
    "14":0.000237461,
    "15":-0.000042469,
    "16":0.00009495,
    "17":-0.0000444823,
    "18":-0.00000123,
    "19":0.0003620918,
    "20":0.000142332,
    "21":0.0006881407,
    "22":0.000131059,
    "23":0.0000831451,
    "24":-0.0001655144,
    "25":-0.0003593626,
    "26":0.0021898893,
    "27":-0.0000718656,
    "28":-0.0007473636,
    "29":0.0003083766,
    "30":-0.000066109,
    "31":-0.0004009162,
    "32":0.000066699,
    "33":0.0001051425,
    "34":0.0002143765,
    "35":0.0004001729,
    "36":0.0002375759,
    "37":0.0000333096,
    "38":-0.000874725,
    "39":-0.00001961,
    "40":0.0019064663,
    "41":-0.00015684,
    "42":-0.0001357074,
    "43":-0.000216598,
    "44":-0.000239239,
    "45":-0.0002917058,
    "46":-0.0004479698,
    "47":-0.0000440401,
    "48":0.0000741338,
    "49":0.0002906999
  }
}