{
  "Astrahl":{
    "0":0.000003458,
    "1":0.000003534,
    "2":0.00000114,
    "3":0.000002565,
    "4":0.0000051186,
    "5":0.00000114,
    "6":0.0000070127,
    "7":0.00000171,
    "8":0.0000058159,
    "9":0.0000031978,
    "10":0.000003534,
    "11":0.00000133,
    "12":0.0000028997,
    "13":0.0000109719,
    "14":0.0000102752,
    "15":0.0000057608,
    "16":0.0000053899,
    "17":0.000002603,
    "18":0.0000047696,
    "19":0.0000042446,
    "20":0.000003857,
    "21":0.000012285,
    "22":0.00000456,
    "23":0.000001897,
    "24":0.00000209,
    "25":0.00000152,
    "26":0.00000095,
    "27":0.000001084,
    "28":0.000005601,
    "29":0.00000152,
    "30":0.00000171,
    "31":0.0000019,
    "32":0.000002622,
    "33":0.0000028997,
    "34":0.0000020634,
    "35":0.0000132411,
    "36":0.00000228,
    "37":0.000001897,
    "38":0.0000086525,
    "39":0.000000813,
    "40":0.000003515,
    "41":0.00000171,
    "42":0.0000063739,
    "43":0.000001672,
    "44":0.0000060433,
    "45":0.0000093934,
    "46":0.00000152,
    "47":0.000003116,
    "48":0.0000136906,
    "49":0.000002432
  },
  "Uniform":{
    "0":0.0000074623,
    "1":0.000004386,
    "2":0.00000252,
    "3":0.000004504,
    "4":0.0000079316,
    "5":0.00000299,
    "6":0.0000109314,
    "7":0.00000183,
    "8":0.0000080675,
    "9":0.0000091063,
    "10":0.0000064,
    "11":0.00000194,
    "12":0.0000077267,
    "13":0.0000133833,
    "14":0.0000162319,
    "15":0.0000089885,
    "16":0.0000107659,
    "17":0.000004856,
    "18":0.000008356,
    "19":0.0000077825,
    "20":0.0000085762,
    "21":0.0000157939,
    "22":0.000005726,
    "23":0.000003599,
    "24":0.00000243,
    "25":0.00000158,
    "26":0.00000279,
    "27":0.000003645,
    "28":0.0000112227,
    "29":0.0000029,
    "30":0.00000183,
    "31":0.00000182,
    "32":0.000003203,
    "33":0.0000069579,
    "34":0.0000036538,
    "35":0.0000165081,
    "36":0.00000263,
    "37":0.00000444,
    "38":0.0000140296,
    "39":0.000003656,
    "40":0.000003493,
    "41":0.0000025,
    "42":0.0000133982,
    "43":0.000003863,
    "44":0.0000071125,
    "45":0.000012565,
    "46":0.00000174,
    "47":0.000004063,
    "48":0.0000170249,
    "49":0.000004295
  },
  "Prop":{
    "0":0.0000077797,
    "1":0.000005878,
    "2":0.00000221,
    "3":0.000005506,
    "4":0.0000074737,
    "5":0.00000252,
    "6":0.0000095693,
    "7":0.00000244,
    "8":0.0000077136,
    "9":0.0000071657,
    "10":0.000003542,
    "11":0.00000289,
    "12":0.000004349,
    "13":0.0000139338,
    "14":0.0000179335,
    "15":0.0000071125,
    "16":0.0000140977,
    "17":0.000004713,
    "18":0.0000062088,
    "19":0.0000070757,
    "20":0.0000059385,
    "21":0.0000160998,
    "22":0.000004473,
    "23":0.000003237,
    "24":0.00000271,
    "25":0.00000224,
    "26":0.00000279,
    "27":0.000002933,
    "28":0.0000106043,
    "29":0.00000223,
    "30":0.00000202,
    "31":0.00000232,
    "32":0.000006148,
    "33":0.0000054129,
    "34":0.0000045765,
    "35":0.0000115702,
    "36":0.00000192,
    "37":0.000004036,
    "38":0.0000162854,
    "39":0.000003256,
    "40":0.000004476,
    "41":0.00000211,
    "42":0.000015769,
    "43":0.000003473,
    "44":0.0000078613,
    "45":0.0000178414,
    "46":0.00000253,
    "47":0.00000611,
    "48":0.00001845,
    "49":0.000003635
  },
  "Delta_Uniform":{
    "0":-0.0000040043,
    "1":-0.000000852,
    "2":-0.00000138,
    "3":-0.000001939,
    "4":-0.000002813,
    "5":-0.00000185,
    "6":-0.0000039187,
    "7":-0.00000012,
    "8":-0.0000022516,
    "9":-0.0000059085,
    "10":-0.000002866,
    "11":-0.00000061,
    "12":-0.000004827,
    "13":-0.0000024114,
    "14":-0.0000059567,
    "15":-0.0000032277,
    "16":-0.000005376,
    "17":-0.000002253,
    "18":-0.0000035864,
    "19":-0.0000035379,
    "20":-0.0000047192,
    "21":-0.0000035089,
    "22":-0.000001166,
    "23":-0.000001702,
    "24":-0.00000034,
    "25":-0.00000006,
    "26":-0.00000184,
    "27":-0.000002561,
    "28":-0.0000056217,
    "29":-0.00000138,
    "30":-0.00000012,
    "31":0.00000008,
    "32":-0.000000581,
    "33":-0.0000040582,
    "34":-0.0000015904,
    "35":-0.000003267,
    "36":-0.00000035,
    "37":-0.000002543,
    "38":-0.0000053771,
    "39":-0.000002843,
    "40":0.000000022,
    "41":-0.00000079,
    "42":-0.0000070243,
    "43":-0.000002191,
    "44":-0.0000010692,
    "45":-0.0000031715,
    "46":-0.00000022,
    "47":-0.000000947,
    "48":-0.0000033343,
    "49":-0.000001863
  },
  "Delta_Prop":{
    "0":-0.0000043217,
    "1":-0.000002344,
    "2":-0.00000107,
    "3":-0.000002941,
    "4":-0.0000023551,
    "5":-0.00000138,
    "6":-0.0000025566,
    "7":-0.00000073,
    "8":-0.0000018977,
    "9":-0.0000039679,
    "10":-0.000000008,
    "11":-0.00000156,
    "12":-0.0000014493,
    "13":-0.0000029618,
    "14":-0.0000076583,
    "15":-0.0000013517,
    "16":-0.0000087078,
    "17":-0.00000211,
    "18":-0.0000014392,
    "19":-0.0000028311,
    "20":-0.0000020815,
    "21":-0.0000038148,
    "22":0.000000087,
    "23":-0.00000134,
    "24":-0.00000062,
    "25":-0.00000072,
    "26":-0.00000184,
    "27":-0.000001849,
    "28":-0.0000050033,
    "29":-0.00000071,
    "30":-0.00000031,
    "31":-0.00000042,
    "32":-0.000003526,
    "33":-0.0000025132,
    "34":-0.0000025131,
    "35":0.0000016708,
    "36":0.00000036,
    "37":-0.000002139,
    "38":-0.0000076329,
    "39":-0.000002443,
    "40":-0.000000961,
    "41":-0.0000004,
    "42":-0.0000093951,
    "43":-0.000001801,
    "44":-0.000001818,
    "45":-0.0000084479,
    "46":-0.00000101,
    "47":-0.000002994,
    "48":-0.0000047593,
    "49":-0.000001203
  }
}