{
  "Astrahl":{
    "0":0.0000509755,
    "1":0.0000499699,
    "2":0.0000926551,
    "3":0.0001268434,
    "4":0.0002362064,
    "5":0.0000588407,
    "6":0.0000933053,
    "7":0.0000353568,
    "8":0.0000817134,
    "9":0.000049525,
    "10":0.0001176328,
    "11":0.0001005693,
    "12":0.0002140956,
    "13":0.0002227817,
    "14":0.000032788,
    "15":0.0000918357,
    "16":0.0001370256,
    "17":0.0000798915,
    "18":0.000061617,
    "19":0.0001522907,
    "20":0.0001115032,
    "21":0.0000876115,
    "22":0.0001090392,
    "23":0.00002616,
    "24":0.000047544,
    "25":0.0002473259,
    "26":0.000143373,
    "27":0.0000828997,
    "28":0.0001146999,
    "29":0.0000571448,
    "30":0.0003850865,
    "31":0.000037472,
    "32":0.0000681522,
    "33":0.0000490213,
    "34":0.0000351218,
    "35":0.0001350748,
    "36":0.0000992347,
    "37":0.000037472,
    "38":0.0000820225,
    "39":0.0000853959,
    "40":0.0001735813,
    "41":0.0001172939,
    "42":0.0000793563,
    "43":0.0000353568,
    "44":0.000065618,
    "45":0.0000460406,
    "46":0.0005031926,
    "47":0.000232191,
    "48":0.000062021,
    "49":0.000059732
  },
  "Uniform":{
    "0":0.0001119719,
    "1":0.0000871077,
    "2":0.0001775385,
    "3":0.0002529313,
    "4":0.0004195478,
    "5":0.0000746056,
    "6":0.0001260585,
    "7":0.0000598506,
    "8":0.0001059865,
    "9":0.000065842,
    "10":0.000197669,
    "11":0.0001334912,
    "12":0.0002160191,
    "13":0.0003124718,
    "14":0.00004885,
    "15":0.0001125835,
    "16":0.0001646415,
    "17":0.0001029488,
    "18":0.0000930357,
    "19":0.0001969712,
    "20":0.000157221,
    "21":0.000108815,
    "22":0.0001545907,
    "23":0.00004235,
    "24":0.000092477,
    "25":0.0003512719,
    "26":0.0001794951,
    "27":0.0001242812,
    "28":0.0001373207,
    "29":0.0001035185,
    "30":0.0005766074,
    "31":0.000042855,
    "32":0.0000934143,
    "33":0.0000536263,
    "34":0.0000615011,
    "35":0.0001925753,
    "36":0.0001610849,
    "37":0.000042776,
    "38":0.0001432419,
    "39":0.0001605939,
    "40":0.0002489791,
    "41":0.0001703156,
    "42":0.0000964629,
    "43":0.0000575004,
    "44":0.000096848,
    "45":0.0000975965,
    "46":0.0006544539,
    "47":0.0002857528,
    "48":0.000101066,
    "49":0.000089455
  },
  "Prop":{
    "0":0.0000991171,
    "1":0.0000743424,
    "2":0.000135379,
    "3":0.0002350786,
    "4":0.0003897618,
    "5":0.0000776102,
    "6":0.0001218027,
    "7":0.0000635127,
    "8":0.0001120035,
    "9":0.000068075,
    "10":0.0001737154,
    "11":0.0001367119,
    "12":0.0002722789,
    "13":0.0003156189,
    "14":0.000045487,
    "15":0.0001180132,
    "16":0.0001795829,
    "17":0.0000883448,
    "18":0.0000784646,
    "19":0.0001948683,
    "20":0.0001714279,
    "21":0.0000964048,
    "22":0.0001383161,
    "23":0.00004094,
    "24":0.000084528,
    "25":0.0003758363,
    "26":0.0001796687,
    "27":0.0001239805,
    "28":0.0001714217,
    "29":0.0000982739,
    "30":0.0005498931,
    "31":0.000051227,
    "32":0.0000878431,
    "33":0.000047366,
    "34":0.0000536374,
    "35":0.0001710871,
    "36":0.0001648754,
    "37":0.000042575,
    "38":0.0001404426,
    "39":0.000199873,
    "40":0.0002656118,
    "41":0.0001881284,
    "42":0.0000950558,
    "43":0.0000455298,
    "44":0.000081753,
    "45":0.0000780337,
    "46":0.0005796241,
    "47":0.0002759774,
    "48":0.000085825,
    "49":0.000076981
  },
  "Delta_Uniform":{
    "0":-0.0000609964,
    "1":-0.0000371379,
    "2":-0.0000848834,
    "3":-0.0001260879,
    "4":-0.0001833414,
    "5":-0.0000157649,
    "6":-0.0000327533,
    "7":-0.0000244938,
    "8":-0.0000242731,
    "9":-0.000016317,
    "10":-0.0000800362,
    "11":-0.0000329219,
    "12":-0.0000019235,
    "13":-0.0000896901,
    "14":-0.000016062,
    "15":-0.0000207478,
    "16":-0.0000276159,
    "17":-0.0000230573,
    "18":-0.0000314187,
    "19":-0.0000446806,
    "20":-0.0000457178,
    "21":-0.0000212034,
    "22":-0.0000455516,
    "23":-0.00001619,
    "24":-0.000044933,
    "25":-0.000103946,
    "26":-0.0000361221,
    "27":-0.0000413815,
    "28":-0.0000226208,
    "29":-0.0000463737,
    "30":-0.0001915208,
    "31":-0.000005383,
    "32":-0.0000252621,
    "33":-0.000004605,
    "34":-0.0000263792,
    "35":-0.0000575005,
    "36":-0.0000618502,
    "37":-0.000005304,
    "38":-0.0000612194,
    "39":-0.000075198,
    "40":-0.0000753979,
    "41":-0.0000530217,
    "42":-0.0000171066,
    "43":-0.0000221436,
    "44":-0.00003123,
    "45":-0.0000515559,
    "46":-0.0001512613,
    "47":-0.0000535618,
    "48":-0.000039045,
    "49":-0.000029723
  },
  "Delta_Prop":{
    "0":-0.0000481416,
    "1":-0.0000243725,
    "2":-0.0000427239,
    "3":-0.0001082352,
    "4":-0.0001535554,
    "5":-0.0000187695,
    "6":-0.0000284974,
    "7":-0.000028156,
    "8":-0.00003029,
    "9":-0.00001855,
    "10":-0.0000560826,
    "11":-0.0000361426,
    "12":-0.0000581833,
    "13":-0.0000928372,
    "14":-0.000012699,
    "15":-0.0000261775,
    "16":-0.0000425572,
    "17":-0.0000084534,
    "18":-0.0000168476,
    "19":-0.0000425777,
    "20":-0.0000599247,
    "21":-0.0000087933,
    "22":-0.0000292769,
    "23":-0.00001478,
    "24":-0.000036984,
    "25":-0.0001285104,
    "26":-0.0000362957,
    "27":-0.0000410808,
    "28":-0.0000567218,
    "29":-0.0000411291,
    "30":-0.0001648065,
    "31":-0.000013755,
    "32":-0.0000196909,
    "33":0.0000016553,
    "34":-0.0000185155,
    "35":-0.0000360123,
    "36":-0.0000656407,
    "37":-0.000005103,
    "38":-0.0000584201,
    "39":-0.0001144771,
    "40":-0.0000920305,
    "41":-0.0000708345,
    "42":-0.0000156995,
    "43":-0.0000101731,
    "44":-0.000016135,
    "45":-0.0000319931,
    "46":-0.0000764315,
    "47":-0.0000437864,
    "48":-0.000023804,
    "49":-0.000017249
  }
}