{
  "Astrahl":{
    "0":0.000000271,
    "1":0.000001311,
    "2":0.00000038,
    "3":0.0000015483,
    "4":0.000001273,
    "5":0.00000057,
    "6":0.0000162422,
    "7":0.000001292,
    "8":0.000002375,
    "9":0.0000034219,
    "10":0.00000038,
    "11":0.00000057,
    "12":0.0000026824,
    "13":0.0000031707,
    "14":0.00000038,
    "15":0.0000015718,
    "16":0.000000542,
    "17":0.00000038,
    "18":0.0000014057,
    "19":0.00000038,
    "20":0.00000057,
    "21":0.0000018442,
    "22":0.0000053197,
    "23":0.00000038,
    "24":0.0000053468,
    "25":0.000001897,
    "26":0.000000741,
    "27":0.0000018069,
    "28":0.000000542,
    "29":0.0000037107,
    "30":0.00000019,
    "31":0.0000063224,
    "32":0.0000012559,
    "33":0.0000007781,
    "34":0.0000013279,
    "35":0.000000813,
    "36":0.000000271,
    "37":0.0000010569,
    "38":0.00000038,
    "39":0.00000019,
    "40":0.00000019,
    "41":0.0000038509,
    "42":0.0000017879,
    "43":0.0000010317,
    "44":0.00000019,
    "45":0.0000081272,
    "46":0.0000023577,
    "47":0.0000016169,
    "48":0.000000551,
    "49":0.000001311
  },
  "Uniform":{
    "0":0.000001293,
    "1":0.000000561,
    "2":0.00000088,
    "3":0.0000040038,
    "4":0.0000022779,
    "5":0.00000155,
    "6":0.00001928,
    "7":0.0000029489,
    "8":0.000003677,
    "9":0.0000015749,
    "10":0.00000058,
    "11":0.00000146,
    "12":0.0000036215,
    "13":0.000002414,
    "14":0.00000069,
    "15":0.0000048158,
    "16":0.000003745,
    "17":0.000001421,
    "18":0.0000046381,
    "19":0.0000039262,
    "20":0.00000139,
    "21":0.0000055313,
    "22":0.0000059651,
    "23":0.000001492,
    "24":0.0000096555,
    "25":0.000001531,
    "26":0.000002533,
    "27":0.0000037499,
    "28":0.000000761,
    "29":0.0000050156,
    "30":0.00000107,
    "31":0.0000139066,
    "32":0.0000034357,
    "33":0.0000040494,
    "34":0.0000020259,
    "35":0.000001141,
    "36":0.00000107,
    "37":0.000003326,
    "38":0.00000155,
    "39":0.00000019,
    "40":0.00000098,
    "41":0.0000029584,
    "42":0.0000063462,
    "43":0.000001944,
    "44":0.0000003,
    "45":0.0000127801,
    "46":0.000000761,
    "47":0.0000029379,
    "48":0.00000077,
    "49":0.0000030099
  },
  "Prop":{
    "0":0.000001141,
    "1":0.000001331,
    "2":0.00000115,
    "3":0.0000056478,
    "4":0.0000026579,
    "5":0.0000001,
    "6":0.0000218021,
    "7":0.0000022979,
    "8":0.0000035818,
    "9":0.0000048931,
    "10":0.00000088,
    "11":0.00000098,
    "12":0.0000062324,
    "13":0.0000029769,
    "14":0.00000068,
    "15":0.0000046731,
    "16":0.0000033357,
    "17":0.000001701,
    "18":0.000005566,
    "19":0.0000028835,
    "20":0.00000087,
    "21":0.0000055253,
    "22":0.0000061589,
    "23":0.000001492,
    "24":0.0000045931,
    "25":0.000001041,
    "26":0.000002494,
    "27":0.0000034989,
    "28":0.00000067,
    "29":0.000003188,
    "30":0.00000069,
    "31":0.0000185001,
    "32":0.0000045427,
    "33":0.0000046221,
    "34":0.000002937,
    "35":0.000002101,
    "36":0.000000941,
    "37":0.0000026679,
    "38":0.00000116,
    "39":0.00000125,
    "40":0.00000068,
    "41":0.0000030018,
    "42":0.0000037543,
    "43":0.0000010949,
    "44":0.00000079,
    "45":0.0000093135,
    "46":0.000001901,
    "47":0.0000030928,
    "48":0.00000096,
    "49":0.0000029367
  },
  "Delta_Uniform":{
    "0":-0.000001022,
    "1":0.00000075,
    "2":-0.0000005,
    "3":-0.0000024555,
    "4":-0.0000010049,
    "5":-0.00000098,
    "6":-0.0000030378,
    "7":-0.0000016569,
    "8":-0.000001302,
    "9":0.000001847,
    "10":-0.0000002,
    "11":-0.00000089,
    "12":-0.0000009391,
    "13":0.0000007567,
    "14":-0.00000031,
    "15":-0.000003244,
    "16":-0.000003203,
    "17":-0.000001041,
    "18":-0.0000032325,
    "19":-0.0000035462,
    "20":-0.00000082,
    "21":-0.0000036871,
    "22":-0.0000006454,
    "23":-0.000001112,
    "24":-0.0000043087,
    "25":0.000000366,
    "26":-0.000001792,
    "27":-0.000001943,
    "28":-0.000000219,
    "29":-0.0000013049,
    "30":-0.00000088,
    "31":-0.0000075842,
    "32":-0.0000021798,
    "33":-0.0000032713,
    "34":-0.000000698,
    "35":-0.000000328,
    "36":-0.000000799,
    "37":-0.0000022691,
    "38":-0.00000117,
    "39":0.0,
    "40":-0.00000079,
    "41":0.0000008925,
    "42":-0.0000045583,
    "43":-0.0000009123,
    "44":-0.00000011,
    "45":-0.0000046529,
    "46":0.0000015967,
    "47":-0.000001321,
    "48":-0.000000219,
    "49":-0.0000016989
  },
  "Delta_Prop":{
    "0":-0.00000087,
    "1":-0.00000002,
    "2":-0.00000077,
    "3":-0.0000040995,
    "4":-0.0000013849,
    "5":0.00000047,
    "6":-0.0000055599,
    "7":-0.0000010059,
    "8":-0.0000012068,
    "9":-0.0000014712,
    "10":-0.0000005,
    "11":-0.00000041,
    "12":-0.00000355,
    "13":0.0000001938,
    "14":-0.0000003,
    "15":-0.0000031013,
    "16":-0.0000027937,
    "17":-0.000001321,
    "18":-0.0000041604,
    "19":-0.0000025035,
    "20":-0.0000003,
    "21":-0.0000036811,
    "22":-0.0000008392,
    "23":-0.000001112,
    "24":0.0000007537,
    "25":0.000000856,
    "26":-0.000001753,
    "27":-0.000001692,
    "28":-0.000000128,
    "29":0.0000005227,
    "30":-0.0000005,
    "31":-0.0000121777,
    "32":-0.0000032868,
    "33":-0.000003844,
    "34":-0.0000016091,
    "35":-0.000001288,
    "36":-0.00000067,
    "37":-0.000001611,
    "38":-0.00000078,
    "39":-0.00000106,
    "40":-0.00000049,
    "41":0.0000008491,
    "42":-0.0000019664,
    "43":-0.0000000632,
    "44":-0.0000006,
    "45":-0.0000011863,
    "46":0.0000004567,
    "47":-0.0000014759,
    "48":-0.000000409,
    "49":-0.0000016257
  }
}