{
  "Astrahl":{
    "0":0.0,
    "1":0.0,
    "2":0.0,
    "3":0.0,
    "4":0.0,
    "5":0.0,
    "6":0.0,
    "7":0.0,
    "8":0.0,
    "9":0.0,
    "10":0.0,
    "11":0.000003439,
    "12":0.0000040951,
    "13":0.0,
    "14":0.0,
    "15":0.000003439,
    "16":0.0,
    "17":0.000003439,
    "18":0.0,
    "19":0.0000266591,
    "20":0.0,
    "21":0.0,
    "22":0.000013008,
    "23":0.0,
    "24":0.0,
    "25":0.0,
    "26":0.00000271,
    "27":0.0,
    "28":0.0,
    "29":0.0,
    "30":0.0,
    "31":0.0,
    "32":0.0,
    "33":0.0,
    "34":0.000006878,
    "35":0.0000134121,
    "36":0.00000271,
    "37":0.00000813,
    "38":0.0,
    "39":0.00000271,
    "40":0.0,
    "41":0.0,
    "42":0.000003439,
    "43":0.0,
    "44":0.000005217,
    "45":0.00000271,
    "46":0.0,
    "47":0.0,
    "48":0.000005149,
    "49":0.0
  },
  "Uniform":{
    "0":0.00001592,
    "1":0.0000029,
    "2":0.00000371,
    "3":0.0000113341,
    "4":0.000002,
    "5":0.000008049,
    "6":0.0000048,
    "7":0.0000433744,
    "8":0.000024059,
    "9":0.00000761,
    "10":0.000003,
    "11":0.000018649,
    "12":0.000010949,
    "13":0.0000069951,
    "14":0.0000106,
    "15":0.00000571,
    "16":0.0000441187,
    "17":0.00001041,
    "18":0.0000057,
    "19":0.0000622122,
    "20":0.00001121,
    "21":0.0000029,
    "22":0.0000798555,
    "23":0.00000461,
    "24":0.0000325323,
    "25":0.000029719,
    "26":0.000033977,
    "27":0.0000097,
    "28":0.000018169,
    "29":0.0000201443,
    "30":0.000008239,
    "31":0.00001801,
    "32":0.0000087,
    "33":0.00001041,
    "34":0.000011049,
    "35":0.000032177,
    "36":0.000004,
    "37":0.000021069,
    "38":0.0000186297,
    "39":0.00001121,
    "40":0.000010849,
    "41":0.000002,
    "42":0.0,
    "43":0.0000038,
    "44":0.0000211172,
    "45":0.0000681121,
    "46":0.00001953,
    "47":0.0000078,
    "48":0.0000399577,
    "49":0.0000039
  },
  "Prop":{
    "0":0.00001212,
    "1":0.0000079,
    "2":0.00001122,
    "3":0.000001,
    "4":0.0000059,
    "5":0.0000019,
    "6":0.0000048,
    "7":0.0000345567,
    "8":0.0000182931,
    "9":0.00001051,
    "10":0.0000086,
    "11":0.000009239,
    "12":0.000016637,
    "13":0.0000019,
    "14":0.00000471,
    "15":0.000009049,
    "16":0.0000958791,
    "17":0.000010588,
    "18":0.0000019,
    "19":0.0000774075,
    "20":0.00001854,
    "21":0.0000039,
    "22":0.0000384913,
    "23":0.0000078,
    "24":0.000051411,
    "25":0.0000278594,
    "26":0.000016369,
    "27":0.0000067,
    "28":0.0000185541,
    "29":0.0000091902,
    "30":0.000032709,
    "31":0.000011488,
    "32":0.0000029,
    "33":0.00000951,
    "34":0.00001231,
    "35":0.000022147,
    "36":0.0000029,
    "37":0.000016649,
    "38":0.0000177541,
    "39":0.00001664,
    "40":0.000033129,
    "41":0.0000068,
    "42":0.00000661,
    "43":0.000008049,
    "44":0.000023247,
    "45":0.0000867012,
    "46":0.000014559,
    "47":0.0000029,
    "48":0.0000242641,
    "49":0.0000069
  },
  "Delta_Uniform":{
    "0":-0.00001592,
    "1":-0.0000029,
    "2":-0.00000371,
    "3":-0.0000113341,
    "4":-0.000002,
    "5":-0.000008049,
    "6":-0.0000048,
    "7":-0.0000433744,
    "8":-0.000024059,
    "9":-0.00000761,
    "10":-0.000003,
    "11":-0.00001521,
    "12":-0.0000068539,
    "13":-0.0000069951,
    "14":-0.0000106,
    "15":-0.000002271,
    "16":-0.0000441187,
    "17":-0.000006971,
    "18":-0.0000057,
    "19":-0.0000355531,
    "20":-0.00001121,
    "21":-0.0000029,
    "22":-0.0000668475,
    "23":-0.00000461,
    "24":-0.0000325323,
    "25":-0.000029719,
    "26":-0.000031267,
    "27":-0.0000097,
    "28":-0.000018169,
    "29":-0.0000201443,
    "30":-0.000008239,
    "31":-0.00001801,
    "32":-0.0000087,
    "33":-0.00001041,
    "34":-0.000004171,
    "35":-0.0000187649,
    "36":-0.00000129,
    "37":-0.000012939,
    "38":-0.0000186297,
    "39":-0.0000085,
    "40":-0.000010849,
    "41":-0.000002,
    "42":0.000003439,
    "43":-0.0000038,
    "44":-0.0000159002,
    "45":-0.0000654021,
    "46":-0.00001953,
    "47":-0.0000078,
    "48":-0.0000348087,
    "49":-0.0000039
  },
  "Delta_Prop":{
    "0":-0.00001212,
    "1":-0.0000079,
    "2":-0.00001122,
    "3":-0.000001,
    "4":-0.0000059,
    "5":-0.0000019,
    "6":-0.0000048,
    "7":-0.0000345567,
    "8":-0.0000182931,
    "9":-0.00001051,
    "10":-0.0000086,
    "11":-0.0000058,
    "12":-0.0000125419,
    "13":-0.0000019,
    "14":-0.00000471,
    "15":-0.00000561,
    "16":-0.0000958791,
    "17":-0.000007149,
    "18":-0.0000019,
    "19":-0.0000507484,
    "20":-0.00001854,
    "21":-0.0000039,
    "22":-0.0000254833,
    "23":-0.0000078,
    "24":-0.000051411,
    "25":-0.0000278594,
    "26":-0.000013659,
    "27":-0.0000067,
    "28":-0.0000185541,
    "29":-0.0000091902,
    "30":-0.000032709,
    "31":-0.000011488,
    "32":-0.0000029,
    "33":-0.00000951,
    "34":-0.000005432,
    "35":-0.0000087349,
    "36":-0.00000019,
    "37":-0.000008519,
    "38":-0.0000177541,
    "39":-0.00001393,
    "40":-0.000033129,
    "41":-0.0000068,
    "42":-0.000003171,
    "43":-0.000008049,
    "44":-0.00001803,
    "45":-0.0000839912,
    "46":-0.000014559,
    "47":-0.0000029,
    "48":-0.0000191151,
    "49":-0.0000069
  }
}