{
  "Astrahl":{
    "0":0.039081828,
    "1":0.0322149,
    "2":0.0331977969,
    "3":0.02291238,
    "4":0.02041734,
    "5":0.0262085,
    "6":0.0214807,
    "7":0.01948807,
    "8":0.046162321,
    "9":0.017195931,
    "10":0.0262948099,
    "11":0.0191242,
    "12":0.0187931799,
    "13":0.02332845,
    "14":0.0363380354,
    "15":0.028995111,
    "16":0.01793708,
    "17":0.019574313,
    "18":0.0182762,
    "19":0.02254828,
    "20":0.02630379,
    "21":0.0249241,
    "22":0.03482319,
    "23":0.0272556538,
    "24":0.02570889,
    "25":0.01645826,
    "26":0.024787791,
    "27":0.019967741,
    "28":0.04030135,
    "29":0.044877501,
    "30":0.01828779,
    "31":0.0428337,
    "32":0.0375494,
    "33":0.0163382,
    "34":0.021049852,
    "35":0.03389977,
    "36":0.0299193561,
    "37":0.0281082019,
    "38":0.055467461,
    "39":0.0276464877,
    "40":0.01331439,
    "41":0.0133476974,
    "42":0.017810832,
    "43":0.0658983992,
    "44":0.020887262,
    "45":0.0221705,
    "46":0.0335372402,
    "47":0.037212731,
    "48":0.03776856,
    "49":0.01852339
  },
  "Uniform":{
    "0":0.092129952,
    "1":0.10731157,
    "2":0.1120309362,
    "3":0.06185179,
    "4":0.09874569,
    "5":0.1125871,
    "6":0.0738326,
    "7":0.07368859,
    "8":0.09950734,
    "9":0.0648141,
    "10":0.06144497,
    "11":0.0622812,
    "12":0.062301642,
    "13":0.073484,
    "14":0.0923349155,
    "15":0.0659666,
    "16":0.06011938,
    "17":0.067060131,
    "18":0.07525249,
    "19":0.0602681,
    "20":0.098743641,
    "21":0.0616210669,
    "22":0.1090474,
    "23":0.09254038,
    "24":0.07086979,
    "25":0.06997139,
    "26":0.07438667,
    "27":0.075782562,
    "28":0.153867541,
    "29":0.1264692,
    "30":0.110381631,
    "31":0.0986942,
    "32":0.1248323,
    "33":0.0611022,
    "34":0.081406841,
    "35":0.10843047,
    "36":0.0991667768,
    "37":0.06838698,
    "38":0.1270014879,
    "39":0.101842331,
    "40":0.0627642,
    "41":0.066391431,
    "42":0.06135789,
    "43":0.1810263817,
    "44":0.070939621,
    "45":0.06327169,
    "46":0.10671808,
    "47":0.097789341,
    "48":0.0977340559,
    "49":0.069174131
  },
  "Prop":{
    "0":0.09739385,
    "1":0.0942253,
    "2":0.09767228,
    "3":0.0643943,
    "4":0.10180079,
    "5":0.089888241,
    "6":0.0684274,
    "7":0.0533935,
    "8":0.0979819889,
    "9":0.06247169,
    "10":0.054688821,
    "11":0.0553471,
    "12":0.06111168,
    "13":0.0681434,
    "14":0.0895786956,
    "15":0.06531858,
    "16":0.05965938,
    "17":0.06081659,
    "18":0.0688461,
    "19":0.07111879,
    "20":0.103766831,
    "21":0.080217301,
    "22":0.096830441,
    "23":0.084034811,
    "24":0.06338708,
    "25":0.0589903,
    "26":0.05643119,
    "27":0.0542763,
    "28":0.142685562,
    "29":0.12996688,
    "30":0.09010569,
    "31":0.0943041,
    "32":0.12803258,
    "33":0.0678173,
    "34":0.06873559,
    "35":0.094936931,
    "36":0.1118783167,
    "37":0.0653766459,
    "38":0.1260131068,
    "39":0.113287031,
    "40":0.060519,
    "41":0.067150091,
    "42":0.06793469,
    "43":0.1796747766,
    "44":0.071971741,
    "45":0.0581722,
    "46":0.1019736869,
    "47":0.08839079,
    "48":0.10568537,
    "49":0.06183298
  },
  "Delta_Uniform":{
    "0":-0.053048124,
    "1":-0.07509667,
    "2":-0.0788331393,
    "3":-0.03893941,
    "4":-0.07832835,
    "5":-0.0863786,
    "6":-0.0523519,
    "7":-0.05420052,
    "8":-0.053345019,
    "9":-0.047618169,
    "10":-0.0351501601,
    "11":-0.043157,
    "12":-0.0435084621,
    "13":-0.05015555,
    "14":-0.0559968801,
    "15":-0.036971489,
    "16":-0.0421823,
    "17":-0.047485818,
    "18":-0.05697629,
    "19":-0.03771982,
    "20":-0.072439851,
    "21":-0.0366969669,
    "22":-0.07422421,
    "23":-0.0652847262,
    "24":-0.0451609,
    "25":-0.05351313,
    "26":-0.049598879,
    "27":-0.055814821,
    "28":-0.113566191,
    "29":-0.081591699,
    "30":-0.092093841,
    "31":-0.0558605,
    "32":-0.0872829,
    "33":-0.044764,
    "34":-0.060356989,
    "35":-0.0745307,
    "36":-0.0692474207,
    "37":-0.0402787781,
    "38":-0.0715340269,
    "39":-0.0741958433,
    "40":-0.04944981,
    "41":-0.0530437336,
    "42":-0.043547058,
    "43":-0.1151279825,
    "44":-0.050052359,
    "45":-0.04110119,
    "46":-0.0731808398,
    "47":-0.06057661,
    "48":-0.0599654959,
    "49":-0.050650741
  },
  "Delta_Prop":{
    "0":-0.058312022,
    "1":-0.0620104,
    "2":-0.0644744831,
    "3":-0.04148192,
    "4":-0.08138345,
    "5":-0.063679741,
    "6":-0.0469467,
    "7":-0.03390543,
    "8":-0.0518196679,
    "9":-0.045275759,
    "10":-0.0283940111,
    "11":-0.0362229,
    "12":-0.0423185001,
    "13":-0.04481495,
    "14":-0.0532406602,
    "15":-0.036323469,
    "16":-0.0417223,
    "17":-0.041242277,
    "18":-0.0505699,
    "19":-0.04857051,
    "20":-0.077463041,
    "21":-0.055293201,
    "22":-0.062007251,
    "23":-0.0567791572,
    "24":-0.03767819,
    "25":-0.04253204,
    "26":-0.031643399,
    "27":-0.034308559,
    "28":-0.102384212,
    "29":-0.085089379,
    "30":-0.0718179,
    "31":-0.0514704,
    "32":-0.09048318,
    "33":-0.0514791,
    "34":-0.047685738,
    "35":-0.061037161,
    "36":-0.0819589606,
    "37":-0.037268444,
    "38":-0.0705456458,
    "39":-0.0856405433,
    "40":-0.04720461,
    "41":-0.0538023936,
    "42":-0.050123858,
    "43":-0.1137763774,
    "44":-0.051084479,
    "45":-0.0360017,
    "46":-0.0684364467,
    "47":-0.051178059,
    "48":-0.06791681,
    "49":-0.04330959
  }
}