{
  "Astrahl":{
    "0":0.0001355,
    "1":0.0003951993,
    "2":0.000283466,
    "3":0.0003428683,
    "4":0.0003690047,
    "5":0.0003751949,
    "6":0.0003635023,
    "7":0.00011924,
    "8":0.0004459564,
    "9":0.000262057,
    "10":0.0012130141,
    "11":0.0002577074,
    "12":0.000552388,
    "13":0.00014905,
    "14":0.000244984,
    "15":0.000288073,
    "16":0.000165072,
    "17":0.00011653,
    "18":0.000204755,
    "19":0.0004275025,
    "20":0.00078974,
    "21":0.00017073,
    "22":0.0002811354,
    "23":0.000185706,
    "24":0.0002765026,
    "25":0.0022712948,
    "26":0.00015447,
    "27":0.00025745,
    "28":0.0006368512,
    "29":0.000178828,
    "30":0.0002847664,
    "31":0.0004901127,
    "32":0.00013279,
    "33":0.0008774755,
    "34":0.0008027044,
    "35":0.000182267,
    "36":0.0008343625,
    "37":0.0003621267,
    "38":0.0001760893,
    "39":0.000178828,
    "40":0.0004156526,
    "41":0.0002334207,
    "42":0.000178828,
    "43":0.0005394415,
    "44":0.0002088501,
    "45":0.000272626,
    "46":0.000231705,
    "47":0.0003590316,
    "48":0.00015447,
    "49":0.0003101978
  },
  "Uniform":{
    "0":0.000168,
    "1":0.0004690572,
    "2":0.000335617,
    "3":0.0004563559,
    "4":0.0004355856,
    "5":0.0003965051,
    "6":0.0004405041,
    "7":0.00016685,
    "8":0.000538739,
    "9":0.000366074,
    "10":0.0014439703,
    "11":0.0003095803,
    "12":0.0007991544,
    "13":0.00017512,
    "14":0.00036779,
    "15":0.00035793,
    "16":0.000241026,
    "17":0.00017774,
    "18":0.0002525873,
    "19":0.0004497091,
    "20":0.00093157,
    "21":0.00018705,
    "22":0.0003246177,
    "23":0.000235164,
    "24":0.0003540875,
    "25":0.0026690885,
    "26":0.00017983,
    "27":0.000303688,
    "28":0.0007412421,
    "29":0.000215611,
    "30":0.000421053,
    "31":0.0005853076,
    "32":0.0001708,
    "33":0.0011245303,
    "34":0.000912586,
    "35":0.000227224,
    "36":0.0010577027,
    "37":0.0004615257,
    "38":0.0002830882,
    "39":0.000257823,
    "40":0.0005483236,
    "41":0.0002563654,
    "42":0.000246858,
    "43":0.0006080227,
    "44":0.0002791991,
    "45":0.000343422,
    "46":0.000366716,
    "47":0.0004253045,
    "48":0.00017295,
    "49":0.0004446373
  },
  "Prop":{
    "0":0.00017802,
    "1":0.0005022045,
    "2":0.000345303,
    "3":0.0004264783,
    "4":0.0004481998,
    "5":0.0004331265,
    "6":0.0004409746,
    "7":0.00017578,
    "8":0.0005468918,
    "9":0.000306737,
    "10":0.001596752,
    "11":0.0003099029,
    "12":0.0006773723,
    "13":0.00016167,
    "14":0.00029689,
    "15":0.000338619,
    "16":0.000256085,
    "17":0.00019995,
    "18":0.0002953608,
    "19":0.0004972479,
    "20":0.0010356935,
    "21":0.00018488,
    "22":0.0003261721,
    "23":0.000223433,
    "24":0.0003243796,
    "25":0.0028194093,
    "26":0.00017351,
    "27":0.000342683,
    "28":0.000778052,
    "29":0.000220913,
    "30":0.0003771496,
    "31":0.0006199954,
    "32":0.00017188,
    "33":0.0012694582,
    "34":0.0009995993,
    "35":0.00022743,
    "36":0.0011289003,
    "37":0.0004326495,
    "38":0.0002742038,
    "39":0.000229869,
    "40":0.0005070438,
    "41":0.0002960771,
    "42":0.000212674,
    "43":0.000630747,
    "44":0.000302012,
    "45":0.000330139,
    "46":0.000331918,
    "47":0.0004530745,
    "48":0.00017713,
    "49":0.0004324766
  },
  "Delta_Uniform":{
    "0":-0.0000325,
    "1":-0.0000738579,
    "2":-0.000052151,
    "3":-0.0001134876,
    "4":-0.0000665809,
    "5":-0.0000213102,
    "6":-0.0000770018,
    "7":-0.00004761,
    "8":-0.0000927826,
    "9":-0.000104017,
    "10":-0.0002309563,
    "11":-0.0000518728,
    "12":-0.0002467663,
    "13":-0.00002607,
    "14":-0.000122806,
    "15":-0.000069857,
    "16":-0.000075954,
    "17":-0.00006121,
    "18":-0.0000478323,
    "19":-0.0000222066,
    "20":-0.00014183,
    "21":-0.00001632,
    "22":-0.0000434823,
    "23":-0.000049458,
    "24":-0.0000775849,
    "25":-0.0003977937,
    "26":-0.00002536,
    "27":-0.000046238,
    "28":-0.0001043908,
    "29":-0.000036783,
    "30":-0.0001362866,
    "31":-0.0000951949,
    "32":-0.00003801,
    "33":-0.0002470548,
    "34":-0.0001098816,
    "35":-0.000044957,
    "36":-0.0002233402,
    "37":-0.000099399,
    "38":-0.0001069989,
    "39":-0.000078995,
    "40":-0.000132671,
    "41":-0.0000229447,
    "42":-0.00006803,
    "43":-0.0000685811,
    "44":-0.000070349,
    "45":-0.000070796,
    "46":-0.000135011,
    "47":-0.0000662729,
    "48":-0.00001848,
    "49":-0.0001344395
  },
  "Delta_Prop":{
    "0":-0.00004252,
    "1":-0.0001070052,
    "2":-0.000061837,
    "3":-0.00008361,
    "4":-0.0000791951,
    "5":-0.0000579316,
    "6":-0.0000774723,
    "7":-0.00005654,
    "8":-0.0001009354,
    "9":-0.00004468,
    "10":-0.0003837379,
    "11":-0.0000521955,
    "12":-0.0001249842,
    "13":-0.00001262,
    "14":-0.000051906,
    "15":-0.000050546,
    "16":-0.000091013,
    "17":-0.00008342,
    "18":-0.0000906058,
    "19":-0.0000697454,
    "20":-0.0002459534,
    "21":-0.00001415,
    "22":-0.0000450367,
    "23":-0.000037727,
    "24":-0.000047877,
    "25":-0.0005481145,
    "26":-0.00001904,
    "27":-0.000085233,
    "28":-0.0001412008,
    "29":-0.000042085,
    "30":-0.0000923832,
    "31":-0.0001298827,
    "32":-0.00003909,
    "33":-0.0003919827,
    "34":-0.0001968949,
    "35":-0.000045163,
    "36":-0.0002945379,
    "37":-0.0000705228,
    "38":-0.0000981145,
    "39":-0.000051041,
    "40":-0.0000913912,
    "41":-0.0000626564,
    "42":-0.000033846,
    "43":-0.0000913055,
    "44":-0.0000931619,
    "45":-0.000057513,
    "46":-0.000100213,
    "47":-0.0000940429,
    "48":-0.00002266,
    "49":-0.0001222788
  }
}