{
  "Astrahl":{
    "0":0.00000019,
    "1":0.0,
    "2":0.0000108449,
    "3":0.0,
    "4":0.000001981,
    "5":0.0,
    "6":0.0,
    "7":0.0,
    "8":0.0000037639,
    "9":0.0,
    "10":0.00000318,
    "11":0.000000361,
    "12":0.00000057,
    "13":0.0,
    "14":0.0,
    "15":0.00000109,
    "16":0.0,
    "17":0.000001981,
    "18":0.0,
    "19":0.0,
    "20":0.0,
    "21":0.000003161,
    "22":0.0,
    "23":0.00000109,
    "24":0.0000061179,
    "25":0.000005214,
    "26":0.000005332,
    "27":0.0,
    "28":0.00000109,
    "29":0.0,
    "30":0.0,
    "31":0.0,
    "32":0.0,
    "33":0.00000218,
    "34":0.0000027805,
    "35":0.00000109,
    "36":0.00000019,
    "37":0.0000062812,
    "38":0.0,
    "39":0.0000012439,
    "40":0.000003161,
    "41":0.0,
    "42":0.00000109,
    "43":0.000001361,
    "44":0.000000361,
    "45":0.0,
    "46":0.0,
    "47":0.00000119,
    "48":0.0,
    "49":0.0
  },
  "Uniform":{
    "0":0.00000319,
    "1":0.00000229,
    "2":0.000005971,
    "3":0.0,
    "4":0.00000889,
    "5":0.00000119,
    "6":0.000001,
    "7":0.0000001,
    "8":0.00001602,
    "9":0.000004,
    "10":0.0000059,
    "11":0.000006871,
    "12":0.00001099,
    "13":0.0000049,
    "14":0.00000329,
    "15":0.0000029,
    "16":0.0000012,
    "17":0.00000698,
    "18":0.0000031,
    "19":0.00000499,
    "20":0.00000409,
    "21":0.000004,
    "22":0.00000109,
    "23":0.000010771,
    "24":0.0000386318,
    "25":0.0000120718,
    "26":0.0000169904,
    "27":0.000001,
    "28":0.0000167249,
    "29":0.000003,
    "30":0.0000029,
    "31":0.000007042,
    "32":0.0000145954,
    "33":0.0000022,
    "34":0.0000261186,
    "35":0.0000087,
    "36":0.0000068,
    "37":0.000043824,
    "38":0.00001279,
    "39":0.000009971,
    "40":0.00000499,
    "41":0.00000209,
    "42":0.00001359,
    "43":0.00000599,
    "44":0.0000080683,
    "45":0.000002451,
    "46":0.000005342,
    "47":0.00000209,
    "48":0.0000158995,
    "49":0.00000561
  },
  "Prop":{
    "0":0.00000961,
    "1":0.0000059,
    "2":0.0000215029,
    "3":0.000003,
    "4":0.0000057639,
    "5":0.000001,
    "6":0.00000328,
    "7":0.0000021,
    "8":0.00001269,
    "9":0.00001322,
    "10":0.000004,
    "11":0.000005893,
    "12":0.0000203818,
    "13":0.000002,
    "14":0.0000013,
    "15":0.0000067,
    "16":0.0000041,
    "17":0.00001511,
    "18":0.00000499,
    "19":0.0000019,
    "20":0.000003071,
    "21":0.00000679,
    "22":0.0000021,
    "23":0.0000107349,
    "24":0.0000497271,
    "25":0.0000247374,
    "26":0.0000351604,
    "27":0.000004451,
    "28":0.000009261,
    "29":0.0000058,
    "30":0.000003,
    "31":0.000002,
    "32":0.0000139959,
    "33":0.000004,
    "34":0.0000317847,
    "35":0.000014051,
    "36":0.00001549,
    "37":0.0000521042,
    "38":0.00000661,
    "39":0.000004613,
    "40":0.000000461,
    "41":0.000001,
    "42":0.000022711,
    "43":0.000007971,
    "44":0.000006261,
    "45":0.0000049,
    "46":0.000019182,
    "47":0.00000409,
    "48":0.000011671,
    "49":0.00000247
  },
  "Delta_Uniform":{
    "0":-0.000003,
    "1":-0.00000229,
    "2":0.0000048739,
    "3":0.0,
    "4":-0.000006909,
    "5":-0.00000119,
    "6":-0.000001,
    "7":-0.0000001,
    "8":-0.0000122561,
    "9":-0.000004,
    "10":-0.00000272,
    "11":-0.00000651,
    "12":-0.00001042,
    "13":-0.0000049,
    "14":-0.00000329,
    "15":-0.00000181,
    "16":-0.0000012,
    "17":-0.000004999,
    "18":-0.0000031,
    "19":-0.00000499,
    "20":-0.00000409,
    "21":-0.000000839,
    "22":-0.00000109,
    "23":-0.000009681,
    "24":-0.0000325139,
    "25":-0.0000068578,
    "26":-0.0000116584,
    "27":-0.000001,
    "28":-0.0000156349,
    "29":-0.000003,
    "30":-0.0000029,
    "31":-0.000007042,
    "32":-0.0000145954,
    "33":-0.00000002,
    "34":-0.0000233381,
    "35":-0.00000761,
    "36":-0.00000661,
    "37":-0.0000375428,
    "38":-0.00001279,
    "39":-0.0000087271,
    "40":-0.000001829,
    "41":-0.00000209,
    "42":-0.0000125,
    "43":-0.000004629,
    "44":-0.0000077073,
    "45":-0.000002451,
    "46":-0.000005342,
    "47":-0.0000009,
    "48":-0.0000158995,
    "49":-0.00000561
  },
  "Delta_Prop":{
    "0":-0.00000942,
    "1":-0.0000059,
    "2":-0.000010658,
    "3":-0.000003,
    "4":-0.0000037829,
    "5":-0.000001,
    "6":-0.00000328,
    "7":-0.0000021,
    "8":-0.0000089261,
    "9":-0.00001322,
    "10":-0.00000082,
    "11":-0.000005532,
    "12":-0.0000198118,
    "13":-0.000002,
    "14":-0.0000013,
    "15":-0.00000561,
    "16":-0.0000041,
    "17":-0.000013129,
    "18":-0.00000499,
    "19":-0.0000019,
    "20":-0.000003071,
    "21":-0.000003629,
    "22":-0.0000021,
    "23":-0.0000096449,
    "24":-0.0000436092,
    "25":-0.0000195234,
    "26":-0.0000298284,
    "27":-0.000004451,
    "28":-0.000008171,
    "29":-0.0000058,
    "30":-0.000003,
    "31":-0.000002,
    "32":-0.0000139959,
    "33":-0.00000182,
    "34":-0.0000290042,
    "35":-0.000012961,
    "36":-0.0000153,
    "37":-0.000045823,
    "38":-0.00000661,
    "39":-0.0000033691,
    "40":0.0000027,
    "41":-0.000001,
    "42":-0.000021621,
    "43":-0.00000661,
    "44":-0.0000059,
    "45":-0.0000049,
    "46":-0.000019182,
    "47":-0.0000029,
    "48":-0.000011671,
    "49":-0.00000247
  }
}