{
  "Astrahl":{
    "0":0.1884005542,
    "1":0.361608523,
    "2":0.3459470976,
    "3":0.1934941913,
    "4":0.2888330066,
    "5":0.249558553,
    "6":0.19024057,
    "7":0.2521672827,
    "8":0.247624129,
    "9":0.3342764858,
    "10":0.4674469234,
    "11":0.2866657483,
    "12":0.1876474576,
    "13":0.2025672324,
    "14":0.2408644085,
    "15":0.2431727092,
    "16":0.2904024079,
    "17":0.2197055306,
    "18":0.245691064,
    "19":0.1869475074,
    "20":0.193621573,
    "21":0.3432773383,
    "22":0.3040762868,
    "23":0.1959232339,
    "24":0.175120255,
    "25":0.1973741102,
    "26":0.4258843144,
    "27":0.236262083,
    "28":0.3060282412,
    "29":0.18239842,
    "30":0.2894758657,
    "31":0.2834170369,
    "32":0.247308445,
    "33":0.18684397,
    "34":0.3388244274,
    "35":0.2375322958,
    "36":0.1962609201,
    "37":0.2519824765,
    "38":0.2264695621,
    "39":0.18745336,
    "40":0.1786665822,
    "41":0.2233269481,
    "42":0.188554681,
    "43":0.245374381,
    "44":0.185221027,
    "45":0.18124957,
    "46":0.3136705084,
    "47":0.2951163892,
    "48":0.2821450732,
    "49":0.2401434757
  },
  "Uniform":{
    "0":0.2194127683,
    "1":0.4028872513,
    "2":0.3985686212,
    "3":0.2219184102,
    "4":0.3490701963,
    "5":0.2871789301,
    "6":0.22231341,
    "7":0.2936839012,
    "8":0.291697039,
    "9":0.4033547249,
    "10":0.5413721655,
    "11":0.3378154501,
    "12":0.2258314101,
    "13":0.2266953489,
    "14":0.2824117911,
    "15":0.2924338699,
    "16":0.3408540355,
    "17":0.2818068232,
    "18":0.29352124,
    "19":0.2220507308,
    "20":0.2321569819,
    "21":0.3927995126,
    "22":0.3416643798,
    "23":0.2186211133,
    "24":0.219123433,
    "25":0.2228042651,
    "26":0.5015118398,
    "27":0.2881348007,
    "28":0.3503732706,
    "29":0.21859165,
    "30":0.3390477679,
    "31":0.3576807425,
    "32":0.283320568,
    "33":0.22088377,
    "34":0.4007151982,
    "35":0.2925634596,
    "36":0.2321490117,
    "37":0.2928490027,
    "38":0.2888596284,
    "39":0.22328739,
    "40":0.2316587532,
    "41":0.2932109071,
    "42":0.231170806,
    "43":0.282508219,
    "44":0.222058198,
    "45":0.22534003,
    "46":0.3496591049,
    "47":0.3387727567,
    "48":0.3511234771,
    "49":0.2860907455
  },
  "Prop":{
    "0":0.2200251705,
    "1":0.3929426124,
    "2":0.3962951975,
    "3":0.2239076794,
    "4":0.3295200038,
    "5":0.2882330731,
    "6":0.21926467,
    "7":0.2809502753,
    "8":0.280048096,
    "9":0.3983406459,
    "10":0.5176789871,
    "11":0.3477521008,
    "12":0.2165108104,
    "13":0.2160745469,
    "14":0.2770815689,
    "15":0.2917857664,
    "16":0.345765835,
    "17":0.282217965,
    "18":0.272029339,
    "19":0.2160407526,
    "20":0.2297664937,
    "21":0.3993513398,
    "22":0.340438304,
    "23":0.2152453708,
    "24":0.224877277,
    "25":0.2208226397,
    "26":0.4914503509,
    "27":0.2885272456,
    "28":0.3484392369,
    "29":0.22928077,
    "30":0.3360241748,
    "31":0.3368219383,
    "32":0.288434719,
    "33":0.21440809,
    "34":0.3944085755,
    "35":0.2820939585,
    "36":0.2170333652,
    "37":0.2849635761,
    "38":0.2735384954,
    "39":0.21764665,
    "40":0.2236129967,
    "41":0.2835345694,
    "42":0.221326164,
    "43":0.292465306,
    "44":0.212805459,
    "45":0.21593071,
    "46":0.3410454968,
    "47":0.3457191277,
    "48":0.3478358381,
    "49":0.2926110268
  },
  "Delta_Uniform":{
    "0":-0.0310122141,
    "1":-0.0412787283,
    "2":-0.0526215236,
    "3":-0.0284242189,
    "4":-0.0602371897,
    "5":-0.0376203771,
    "6":-0.03207284,
    "7":-0.0415166185,
    "8":-0.04407291,
    "9":-0.069078239,
    "10":-0.0739252422,
    "11":-0.0511497018,
    "12":-0.0381839525,
    "13":-0.0241281165,
    "14":-0.0415473827,
    "15":-0.0492611607,
    "16":-0.0504516276,
    "17":-0.0621012926,
    "18":-0.047830176,
    "19":-0.0351032234,
    "20":-0.0385354089,
    "21":-0.0495221742,
    "22":-0.037588093,
    "23":-0.0226978794,
    "24":-0.044003178,
    "25":-0.0254301548,
    "26":-0.0756275254,
    "27":-0.0518727176,
    "28":-0.0443450294,
    "29":-0.03619323,
    "30":-0.0495719022,
    "31":-0.0742637056,
    "32":-0.036012123,
    "33":-0.0340398,
    "34":-0.0618907708,
    "35":-0.0550311638,
    "36":-0.0358880916,
    "37":-0.0408665262,
    "38":-0.0623900663,
    "39":-0.03583403,
    "40":-0.0529921711,
    "41":-0.0698839591,
    "42":-0.042616125,
    "43":-0.037133838,
    "44":-0.036837171,
    "45":-0.04409046,
    "46":-0.0359885965,
    "47":-0.0436563675,
    "48":-0.068978404,
    "49":-0.0459472698
  },
  "Delta_Prop":{
    "0":-0.0316246163,
    "1":-0.0313340894,
    "2":-0.0503480999,
    "3":-0.030413488,
    "4":-0.0406869972,
    "5":-0.0386745201,
    "6":-0.0290241,
    "7":-0.0287829925,
    "8":-0.032423967,
    "9":-0.0640641601,
    "10":-0.0502320637,
    "11":-0.0610863525,
    "12":-0.0288633528,
    "13":-0.0135073145,
    "14":-0.0362171605,
    "15":-0.0486130572,
    "16":-0.0553634271,
    "17":-0.0625124344,
    "18":-0.026338275,
    "19":-0.0290932451,
    "20":-0.0361449207,
    "21":-0.0560740015,
    "22":-0.0363620172,
    "23":-0.0193221369,
    "24":-0.049757022,
    "25":-0.0234485294,
    "26":-0.0655660365,
    "27":-0.0522651625,
    "28":-0.0424109957,
    "29":-0.04688235,
    "30":-0.0465483091,
    "31":-0.0534049014,
    "32":-0.041126274,
    "33":-0.02756412,
    "34":-0.055584148,
    "35":-0.0445616627,
    "36":-0.0207724451,
    "37":-0.0329810996,
    "38":-0.0470689333,
    "39":-0.03019329,
    "40":-0.0449464146,
    "41":-0.0602076213,
    "42":-0.032771483,
    "43":-0.047090925,
    "44":-0.027584432,
    "45":-0.03468114,
    "46":-0.0273749884,
    "47":-0.0506027385,
    "48":-0.0656907649,
    "49":-0.0524675511
  }
}