{
  "Astrahl":{
    "0":0.00000995,
    "1":0.0000405119,
    "2":0.000025929,
    "3":0.000037639,
    "4":0.0000150556,
    "5":0.0000188195,
    "6":0.0000414029,
    "7":0.00000995,
    "8":0.000018234,
    "9":0.000031691,
    "10":0.0000938711,
    "11":0.0000732897,
    "12":0.0000847883,
    "13":0.00001393,
    "14":0.000011524,
    "15":0.000025929,
    "16":0.000014405,
    "17":0.00001194,
    "18":0.0000484008,
    "19":0.0000331461,
    "20":0.0000592606,
    "21":0.00002587,
    "22":0.000072725,
    "23":0.000017286,
    "24":0.0000812442,
    "25":0.0001946327,
    "26":0.00000597,
    "27":0.000029452,
    "28":0.0000421893,
    "29":0.000020167,
    "30":0.0001066356,
    "31":0.0001068778,
    "32":0.00001393,
    "33":0.0000334706,
    "34":0.0001318025,
    "35":0.00001791,
    "36":0.0000834533,
    "37":0.0000458079,
    "38":0.0000228695,
    "39":0.000017286,
    "40":0.0000669974,
    "41":0.0000535866,
    "42":0.000039004,
    "43":0.0000410266,
    "44":0.0000257803,
    "45":0.000017286,
    "46":0.000035024,
    "47":0.0000263473,
    "48":0.00002388,
    "49":0.0000263473
  },
  "Uniform":{
    "0":0.00002098,
    "1":0.0000688027,
    "2":0.000054608,
    "3":0.0000608828,
    "4":0.0001045142,
    "5":0.0000772158,
    "6":0.0000569498,
    "7":0.0000399,
    "8":0.0001024623,
    "9":0.000056626,
    "10":0.000180417,
    "11":0.0001764575,
    "12":0.0001640541,
    "13":0.0000339,
    "14":0.000047883,
    "15":0.000058416,
    "16":0.000054735,
    "17":0.00002894,
    "18":0.000080725,
    "19":0.0000482737,
    "20":0.0001659193,
    "21":0.00003691,
    "22":0.0001979524,
    "23":0.000053436,
    "24":0.0001904851,
    "25":0.0004032555,
    "26":0.00003593,
    "27":0.000070198,
    "28":0.0000825187,
    "29":0.000050103,
    "30":0.0002365015,
    "31":0.0002147851,
    "32":0.00003792,
    "33":0.0001444385,
    "34":0.0003564222,
    "35":0.000073336,
    "36":0.0001993742,
    "37":0.0000889447,
    "38":0.0000995004,
    "39":0.000036041,
    "40":0.0001236637,
    "41":0.0001025078,
    "42":0.000062347,
    "43":0.0000972605,
    "44":0.0000870875,
    "45":0.000044803,
    "46":0.000056756,
    "47":0.0000758665,
    "48":0.0000439,
    "49":0.0000848078
  },
  "Prop":{
    "0":0.00003891,
    "1":0.0000773967,
    "2":0.000045666,
    "3":0.0000817607,
    "4":0.0000791781,
    "5":0.0000615126,
    "6":0.0000672396,
    "7":0.00003093,
    "8":0.0000887432,
    "9":0.000043931,
    "10":0.0001979523,
    "11":0.0001022221,
    "12":0.0001475762,
    "13":0.00003793,
    "14":0.000049745,
    "15":0.000063207,
    "16":0.000051555,
    "17":0.00003392,
    "18":0.0001213701,
    "19":0.0000682466,
    "20":0.0001272159,
    "21":0.00002794,
    "22":0.0001425698,
    "23":0.000037284,
    "24":0.0001736161,
    "25":0.0005447846,
    "26":0.0000409,
    "27":0.000072306,
    "28":0.0000817551,
    "29":0.000048585,
    "30":0.0002382737,
    "31":0.000265429,
    "32":0.00002896,
    "33":0.0001218184,
    "34":0.0003358626,
    "35":0.00008247,
    "36":0.0001935425,
    "37":0.0001162575,
    "38":0.0000904619,
    "39":0.000042103,
    "40":0.0001237705,
    "41":0.0000714079,
    "42":0.000057993,
    "43":0.0001011474,
    "44":0.0000618727,
    "45":0.000049773,
    "46":0.000062526,
    "47":0.0000815076,
    "48":0.00004487,
    "49":0.0000682826
  },
  "Delta_Uniform":{
    "0":-0.00001103,
    "1":-0.0000282908,
    "2":-0.000028679,
    "3":-0.0000232438,
    "4":-0.0000894586,
    "5":-0.0000583963,
    "6":-0.0000155469,
    "7":-0.00002995,
    "8":-0.0000842283,
    "9":-0.000024935,
    "10":-0.0000865458,
    "11":-0.0001031678,
    "12":-0.0000792658,
    "13":-0.00001997,
    "14":-0.000036359,
    "15":-0.000032487,
    "16":-0.00004033,
    "17":-0.000017,
    "18":-0.0000323242,
    "19":-0.0000151276,
    "20":-0.0001066587,
    "21":-0.00001104,
    "22":-0.0001252273,
    "23":-0.00003615,
    "24":-0.0001092409,
    "25":-0.0002086228,
    "26":-0.00002996,
    "27":-0.000040746,
    "28":-0.0000403294,
    "29":-0.000029936,
    "30":-0.0001298659,
    "31":-0.0001079073,
    "32":-0.00002399,
    "33":-0.0001109679,
    "34":-0.0002246197,
    "35":-0.000055426,
    "36":-0.0001159209,
    "37":-0.0000431368,
    "38":-0.0000766309,
    "39":-0.000018755,
    "40":-0.0000566663,
    "41":-0.0000489212,
    "42":-0.000023343,
    "43":-0.0000562339,
    "44":-0.0000613072,
    "45":-0.000027517,
    "46":-0.000021732,
    "47":-0.0000495192,
    "48":-0.00002002,
    "49":-0.0000584605
  },
  "Delta_Prop":{
    "0":-0.00002896,
    "1":-0.0000368848,
    "2":-0.000019737,
    "3":-0.0000441217,
    "4":-0.0000641225,
    "5":-0.0000426931,
    "6":-0.0000258367,
    "7":-0.00002098,
    "8":-0.0000705092,
    "9":-0.00001224,
    "10":-0.0001040812,
    "11":-0.0000289324,
    "12":-0.0000627879,
    "13":-0.000024,
    "14":-0.000038221,
    "15":-0.000037278,
    "16":-0.00003715,
    "17":-0.00002198,
    "18":-0.0000729693,
    "19":-0.0000351005,
    "20":-0.0000679553,
    "21":-0.00000207,
    "22":-0.0000698448,
    "23":-0.000019998,
    "24":-0.0000923719,
    "25":-0.0003501518,
    "26":-0.00003493,
    "27":-0.000042854,
    "28":-0.0000395659,
    "29":-0.000028418,
    "30":-0.0001316381,
    "31":-0.0001585513,
    "32":-0.00001503,
    "33":-0.0000883478,
    "34":-0.0002040601,
    "35":-0.00006456,
    "36":-0.0001100893,
    "37":-0.0000704496,
    "38":-0.0000675924,
    "39":-0.000024817,
    "40":-0.0000567731,
    "41":-0.0000178213,
    "42":-0.000018989,
    "43":-0.0000601208,
    "44":-0.0000360924,
    "45":-0.000032487,
    "46":-0.000027502,
    "47":-0.0000551603,
    "48":-0.00002099,
    "49":-0.0000419353
  }
}