{
  "Astrahl":{
    "0":0.176229858,
    "1":0.1165111643,
    "2":0.08854971,
    "3":0.1293329792,
    "4":0.1426014384,
    "5":0.142479748,
    "6":0.209452562,
    "7":0.1418162818,
    "8":0.165518139,
    "9":0.163595597,
    "10":0.2838773321,
    "11":0.123277808,
    "12":0.1310075911,
    "13":0.1585652991,
    "14":0.2036978562,
    "15":0.1387648111,
    "16":0.13284342,
    "17":0.1370062475,
    "18":0.180783689,
    "19":0.2128256132,
    "20":0.08350996,
    "21":0.123699919,
    "22":0.2161426408,
    "23":0.220614817,
    "24":0.088983109,
    "25":0.2384928073,
    "26":0.2023050281,
    "27":0.1356510044,
    "28":0.137719718,
    "29":0.1441941521,
    "30":0.19522606,
    "31":0.1828413034,
    "32":0.1885212736,
    "33":0.1525336501,
    "34":0.164876556,
    "35":0.120617246,
    "36":0.1861095557,
    "37":0.2019640812,
    "38":0.139761678,
    "39":0.1221159911,
    "40":0.118723508,
    "41":0.2181865291,
    "42":0.112097599,
    "43":0.2169496895,
    "44":0.158197789,
    "45":0.2012759755,
    "46":0.2389567859,
    "47":0.11062171,
    "48":0.2910800771,
    "49":0.0894994
  },
  "Uniform":{
    "0":0.236897907,
    "1":0.176776416,
    "2":0.12052932,
    "3":0.174185148,
    "4":0.2082175502,
    "5":0.1981319422,
    "6":0.2900099801,
    "7":0.210046608,
    "8":0.229368258,
    "9":0.2295744621,
    "10":0.3567830239,
    "11":0.169622188,
    "12":0.141736699,
    "13":0.209067658,
    "14":0.2685118898,
    "15":0.1937771299,
    "16":0.215314929,
    "17":0.156433433,
    "18":0.243517357,
    "19":0.2885716521,
    "20":0.150661009,
    "21":0.162258109,
    "22":0.3120706286,
    "23":0.2973854062,
    "24":0.12795893,
    "25":0.3242565223,
    "26":0.241143336,
    "27":0.167448127,
    "28":0.1866966331,
    "29":0.223934129,
    "30":0.279383689,
    "31":0.2698078664,
    "32":0.2712513144,
    "33":0.193839001,
    "34":0.2204824121,
    "35":0.156344595,
    "36":0.2383469352,
    "37":0.279121129,
    "38":0.206510947,
    "39":0.1714307181,
    "40":0.161613128,
    "41":0.3124920727,
    "42":0.177258829,
    "43":0.309675251,
    "44":0.198779209,
    "45":0.3011606077,
    "46":0.2957115781,
    "47":0.16154222,
    "48":0.3736808065,
    "49":0.12712152
  },
  "Prop":{
    "0":0.2556144891,
    "1":0.17704617,
    "2":0.13427181,
    "3":0.185727688,
    "4":0.2136406113,
    "5":0.2249928091,
    "6":0.3119022588,
    "7":0.211064517,
    "8":0.2622290931,
    "9":0.2541648401,
    "10":0.371228395,
    "11":0.17761765,
    "12":0.182318909,
    "13":0.2162833883,
    "14":0.2860752942,
    "15":0.1855301372,
    "16":0.222722699,
    "17":0.1964232452,
    "18":0.251771677,
    "19":0.3282811766,
    "20":0.136657069,
    "21":0.174758899,
    "22":0.3127924372,
    "23":0.3200517811,
    "24":0.14376771,
    "25":0.3346320361,
    "26":0.2535380065,
    "27":0.1858596091,
    "28":0.2231626111,
    "29":0.223515745,
    "30":0.2699413101,
    "31":0.2774245121,
    "32":0.3001424683,
    "33":0.2385409781,
    "34":0.256611159,
    "35":0.1695794801,
    "36":0.2835270606,
    "37":0.294854175,
    "38":0.2301576281,
    "39":0.18186774,
    "40":0.190270309,
    "41":0.3287373723,
    "42":0.176157289,
    "43":0.3156279879,
    "44":0.204965599,
    "45":0.2911479437,
    "46":0.336827348,
    "47":0.16227422,
    "48":0.3926012786,
    "49":0.1388185
  },
  "Delta_Uniform":{
    "0":-0.060668049,
    "1":-0.0602652517,
    "2":-0.03197961,
    "3":-0.0448521688,
    "4":-0.0656161118,
    "5":-0.0556521942,
    "6":-0.0805574181,
    "7":-0.0682303262,
    "8":-0.063850119,
    "9":-0.0659788651,
    "10":-0.0729056918,
    "11":-0.04634438,
    "12":-0.0107291079,
    "13":-0.0505023589,
    "14":-0.0648140336,
    "15":-0.0550123187,
    "16":-0.082471509,
    "17":-0.0194271855,
    "18":-0.062733668,
    "19":-0.0757460389,
    "20":-0.067151049,
    "21":-0.03855819,
    "22":-0.0959279878,
    "23":-0.0767705892,
    "24":-0.038975821,
    "25":-0.085763715,
    "26":-0.0388383079,
    "27":-0.0317971226,
    "28":-0.0489769151,
    "29":-0.0797399769,
    "30":-0.084157629,
    "31":-0.086966563,
    "32":-0.0827300408,
    "33":-0.0413053509,
    "34":-0.0556058561,
    "35":-0.035727349,
    "36":-0.0522373795,
    "37":-0.0771570478,
    "38":-0.066749269,
    "39":-0.049314727,
    "40":-0.04288962,
    "41":-0.0943055436,
    "42":-0.06516123,
    "43":-0.0927255615,
    "44":-0.04058142,
    "45":-0.0998846322,
    "46":-0.0567547922,
    "47":-0.05092051,
    "48":-0.0826007294,
    "49":-0.03762212
  },
  "Delta_Prop":{
    "0":-0.0793846311,
    "1":-0.0605350057,
    "2":-0.0457221,
    "3":-0.0563947088,
    "4":-0.0710391729,
    "5":-0.0825130611,
    "6":-0.1024496968,
    "7":-0.0692482352,
    "8":-0.0967109541,
    "9":-0.0905692431,
    "10":-0.0873510629,
    "11":-0.054339842,
    "12":-0.0513113179,
    "13":-0.0577180892,
    "14":-0.082377438,
    "15":-0.0467653261,
    "16":-0.089879279,
    "17":-0.0594169977,
    "18":-0.070987988,
    "19":-0.1154555634,
    "20":-0.053147109,
    "21":-0.05105898,
    "22":-0.0966497964,
    "23":-0.0994369641,
    "24":-0.054784601,
    "25":-0.0961392287,
    "26":-0.0512329784,
    "27":-0.0502086047,
    "28":-0.0854428931,
    "29":-0.0793215929,
    "30":-0.0747152501,
    "31":-0.0945832087,
    "32":-0.1116211947,
    "33":-0.086007328,
    "34":-0.091734603,
    "35":-0.0489622341,
    "36":-0.0974175049,
    "37":-0.0928900938,
    "38":-0.0903959501,
    "39":-0.0597517489,
    "40":-0.071546801,
    "41":-0.1105508432,
    "42":-0.06405969,
    "43":-0.0986782984,
    "44":-0.04676781,
    "45":-0.0898719682,
    "46":-0.0978705621,
    "47":-0.05165251,
    "48":-0.1015212015,
    "49":-0.0493191
  }
}