{
  "Astrahl":{
    "0":0.0005856199,
    "1":0.000255011,
    "2":0.0011135619,
    "3":0.0015695464,
    "4":0.0007627972,
    "5":0.0003739258,
    "6":0.0006230689,
    "7":0.0006790649,
    "8":0.0002904617,
    "9":0.0007165679,
    "10":0.000914351,
    "11":0.0003425244,
    "12":0.00014634,
    "13":0.0003528414,
    "14":0.0012552664,
    "15":0.0002967857,
    "16":0.0008729523,
    "17":0.0010556472,
    "18":0.0003339269,
    "19":0.0005721894,
    "20":0.000204755,
    "21":0.00011382,
    "22":0.0005127266,
    "23":0.000260702,
    "24":0.0003346147,
    "25":0.0003742921,
    "26":0.0006830627,
    "27":0.0006140934,
    "28":0.0015014434,
    "29":0.0011354868,
    "30":0.0003857584,
    "31":0.00014634,
    "32":0.000196023,
    "33":0.0003647931,
    "34":0.0005270679,
    "35":0.0007076894,
    "36":0.0005744953,
    "37":0.0008914976,
    "38":0.0001355,
    "39":0.000256908,
    "40":0.0001760893,
    "41":0.000281569,
    "42":0.0011366735,
    "43":0.0006304134,
    "44":0.000301894,
    "45":0.0007052911,
    "46":0.0005452534,
    "47":0.00011924,
    "48":0.000255824,
    "49":0.000286447
  },
  "Uniform":{
    "0":0.0007657639,
    "1":0.000330704,
    "2":0.0014914153,
    "3":0.0018326438,
    "4":0.0010004648,
    "5":0.0004893391,
    "6":0.0007745069,
    "7":0.0008459176,
    "8":0.0003983951,
    "9":0.0009844973,
    "10":0.0012089862,
    "11":0.0004293511,
    "12":0.0001902,
    "13":0.0004290325,
    "14":0.0017774943,
    "15":0.0004534228,
    "16":0.0011691063,
    "17":0.0013987356,
    "18":0.0004388518,
    "19":0.0006509652,
    "20":0.0002666697,
    "21":0.00019665,
    "22":0.0006448908,
    "23":0.000364647,
    "24":0.0004385446,
    "25":0.0005226841,
    "26":0.0009395383,
    "27":0.0008354804,
    "28":0.0021065168,
    "29":0.0013861476,
    "30":0.0004681112,
    "31":0.00019105,
    "32":0.000218004,
    "33":0.0004835597,
    "34":0.0006601403,
    "35":0.0008846909,
    "36":0.0007804539,
    "37":0.0011032759,
    "38":0.0001968,
    "39":0.000330768,
    "40":0.0002530166,
    "41":0.000384611,
    "42":0.0014803667,
    "43":0.0008538739,
    "44":0.000334192,
    "45":0.0009850392,
    "46":0.0005977301,
    "47":0.00016348,
    "48":0.000339904,
    "49":0.000354097
  },
  "Prop":{
    "0":0.000823637,
    "1":0.000341686,
    "2":0.0014167702,
    "3":0.0018295462,
    "4":0.0010379844,
    "5":0.0004712162,
    "6":0.0008137604,
    "7":0.0008571132,
    "8":0.0003943331,
    "9":0.0009229327,
    "10":0.0011608777,
    "11":0.0004321909,
    "12":0.00018858,
    "13":0.0004486222,
    "14":0.0017289754,
    "15":0.0004106366,
    "16":0.0012818407,
    "17":0.0014370299,
    "18":0.000407128,
    "19":0.0006507709,
    "20":0.0002684968,
    "21":0.00016956,
    "22":0.0006863949,
    "23":0.000379001,
    "24":0.0004144399,
    "25":0.0005312873,
    "26":0.0010607289,
    "27":0.0010056044,
    "28":0.0021239339,
    "29":0.0013326384,
    "30":0.0005635355,
    "31":0.00018625,
    "32":0.00022995,
    "33":0.0005006826,
    "34":0.0005978913,
    "35":0.0010005404,
    "36":0.0008015203,
    "37":0.0012387764,
    "38":0.0001893,
    "39":0.000348081,
    "40":0.0002791516,
    "41":0.000333012,
    "42":0.0014812114,
    "43":0.000778528,
    "44":0.000347639,
    "45":0.0009721615,
    "46":0.0006017313,
    "47":0.00017822,
    "48":0.000375474,
    "49":0.000359336
  },
  "Delta_Uniform":{
    "0":-0.000180144,
    "1":-0.000075693,
    "2":-0.0003778534,
    "3":-0.0002630974,
    "4":-0.0002376675,
    "5":-0.0001154133,
    "6":-0.000151438,
    "7":-0.0001668527,
    "8":-0.0001079334,
    "9":-0.0002679294,
    "10":-0.0002946352,
    "11":-0.0000868267,
    "12":-0.00004386,
    "13":-0.0000761911,
    "14":-0.000522228,
    "15":-0.0001566371,
    "16":-0.000296154,
    "17":-0.0003430885,
    "18":-0.0001049249,
    "19":-0.0000787758,
    "20":-0.0000619147,
    "21":-0.00008283,
    "22":-0.0001321642,
    "23":-0.000103945,
    "24":-0.0001039299,
    "25":-0.000148392,
    "26":-0.0002564756,
    "27":-0.0002213869,
    "28":-0.0006050733,
    "29":-0.0002506608,
    "30":-0.0000823528,
    "31":-0.00004471,
    "32":-0.000021981,
    "33":-0.0001187666,
    "34":-0.0001330724,
    "35":-0.0001770015,
    "36":-0.0002059587,
    "37":-0.0002117783,
    "38":-0.0000613,
    "39":-0.00007386,
    "40":-0.0000769273,
    "41":-0.000103042,
    "42":-0.0003436931,
    "43":-0.0002234605,
    "44":-0.000032298,
    "45":-0.0002797481,
    "46":-0.0000524767,
    "47":-0.00004424,
    "48":-0.00008408,
    "49":-0.00006765
  },
  "Delta_Prop":{
    "0":-0.0002380171,
    "1":-0.000086675,
    "2":-0.0003032082,
    "3":-0.0002599998,
    "4":-0.0002751872,
    "5":-0.0000972904,
    "6":-0.0001906915,
    "7":-0.0001780482,
    "8":-0.0001038713,
    "9":-0.0002063648,
    "10":-0.0002465267,
    "11":-0.0000896665,
    "12":-0.00004224,
    "13":-0.0000957808,
    "14":-0.000473709,
    "15":-0.0001138509,
    "16":-0.0004088884,
    "17":-0.0003813827,
    "18":-0.0000732011,
    "19":-0.0000785815,
    "20":-0.0000637418,
    "21":-0.00005574,
    "22":-0.0001736683,
    "23":-0.000118299,
    "24":-0.0000798252,
    "25":-0.0001569952,
    "26":-0.0003776662,
    "27":-0.000391511,
    "28":-0.0006224905,
    "29":-0.0001971516,
    "30":-0.0001777771,
    "31":-0.00003991,
    "32":-0.000033927,
    "33":-0.0001358895,
    "34":-0.0000708234,
    "35":-0.000292851,
    "36":-0.000227025,
    "37":-0.0003472788,
    "38":-0.0000538,
    "39":-0.000091173,
    "40":-0.0001030623,
    "41":-0.000051443,
    "42":-0.0003445379,
    "43":-0.0001481146,
    "44":-0.000045745,
    "45":-0.0002668705,
    "46":-0.0000564779,
    "47":-0.00005898,
    "48":-0.00011965,
    "49":-0.000072889
  }
}