{
  "Astrahl":{
    "0":0.00072162,
    "1":0.0014770286,
    "2":0.00061902,
    "3":0.0013305531,
    "4":0.0059206282,
    "5":0.00116033,
    "6":0.00040379,
    "7":0.00051262,
    "8":0.000910018,
    "9":0.000209,
    "10":0.001042055,
    "11":0.0028459834,
    "12":0.001236919,
    "13":0.0024819102,
    "14":0.0021447157,
    "15":0.002054584,
    "16":0.0011304392,
    "17":0.0021964045,
    "18":0.0016888991,
    "19":0.000839591,
    "20":0.00149093,
    "21":0.00058807,
    "22":0.00058444,
    "23":0.0016442507,
    "24":0.0006175,
    "25":0.0011393382,
    "26":0.000540759,
    "27":0.00062111,
    "28":0.00037962,
    "29":0.00041211,
    "30":0.000636329,
    "31":0.0009506951,
    "32":0.000597569,
    "33":0.0010076051,
    "34":0.000651339,
    "35":0.000456,
    "36":0.000499339,
    "37":0.0010339192,
    "38":0.000724527,
    "39":0.0003952,
    "40":0.00076722,
    "41":0.000304,
    "42":0.0014804606,
    "43":0.00045201,
    "44":0.000565459,
    "45":0.0020137739,
    "46":0.00052421,
    "47":0.0019994802,
    "48":0.00063251,
    "49":0.00064498
  },
  "Uniform":{
    "0":0.000683278,
    "1":0.0013928475,
    "2":0.00046611,
    "3":0.0010803211,
    "4":0.0060255976,
    "5":0.000719449,
    "6":0.000761707,
    "7":0.000479739,
    "8":0.0011746117,
    "9":0.00041842,
    "10":0.0010981249,
    "11":0.0028267003,
    "12":0.00079122,
    "13":0.0028990944,
    "14":0.0020262329,
    "15":0.002221892,
    "16":0.0011318201,
    "17":0.0033008899,
    "18":0.00141181,
    "19":0.000629049,
    "20":0.00117103,
    "21":0.000880969,
    "22":0.000657169,
    "23":0.0014108279,
    "24":0.00046442,
    "25":0.0012808782,
    "26":0.000583259,
    "27":0.000576869,
    "28":0.0002067,
    "29":0.00050161,
    "30":0.000484839,
    "31":0.0008838531,
    "32":0.000426339,
    "33":0.000789559,
    "34":0.00048,
    "35":0.00039871,
    "36":0.00043461,
    "37":0.001029215,
    "38":0.000619678,
    "39":0.0003799,
    "40":0.000889137,
    "41":0.00039661,
    "42":0.0015501611,
    "43":0.00030242,
    "44":0.0004325,
    "45":0.0014393182,
    "46":0.000443,
    "47":0.0016594624,
    "48":0.0006795831,
    "49":0.00074639
  },
  "Prop":{
    "0":0.0009782541,
    "1":0.0013740144,
    "2":0.00044191,
    "3":0.001114624,
    "4":0.0054530622,
    "5":0.000906919,
    "6":0.0005413,
    "7":0.000430649,
    "8":0.001318302,
    "9":0.00040894,
    "10":0.00089726,
    "11":0.0021803196,
    "12":0.00102553,
    "13":0.0026367155,
    "14":0.0015368477,
    "15":0.0020790579,
    "16":0.0010407801,
    "17":0.0028153549,
    "18":0.0016481807,
    "19":0.0008746266,
    "20":0.00093522,
    "21":0.000767729,
    "22":0.000819708,
    "23":0.0015342677,
    "24":0.00026381,
    "25":0.0009979931,
    "26":0.0006752582,
    "27":0.000537549,
    "28":0.0002886,
    "29":0.000662318,
    "30":0.000581529,
    "31":0.0010474331,
    "32":0.00040761,
    "33":0.0008736331,
    "34":0.00046571,
    "35":0.0003916,
    "36":0.00034971,
    "37":0.0010903591,
    "38":0.000575768,
    "39":0.000438839,
    "40":0.000714737,
    "41":0.0003884,
    "42":0.001780315,
    "43":0.00044395,
    "44":0.00030601,
    "45":0.0016442623,
    "46":0.0004728,
    "47":0.0015849688,
    "48":0.000376059,
    "49":0.00060473
  },
  "Delta_Uniform":{
    "0":0.000038342,
    "1":0.0000841811,
    "2":0.00015291,
    "3":0.000250232,
    "4":-0.0001049693,
    "5":0.000440881,
    "6":-0.000357917,
    "7":0.000032881,
    "8":-0.0002645937,
    "9":-0.00020942,
    "10":-0.0000560699,
    "11":0.0000192831,
    "12":0.000445699,
    "13":-0.0004171842,
    "14":0.0001184828,
    "15":-0.000167308,
    "16":-0.0000013809,
    "17":-0.0011044853,
    "18":0.0002770891,
    "19":0.000210542,
    "20":0.0003199,
    "21":-0.000292899,
    "22":-0.000072729,
    "23":0.0002334228,
    "24":0.00015308,
    "25":-0.00014154,
    "26":-0.0000425,
    "27":0.000044241,
    "28":0.00017292,
    "29":-0.0000895,
    "30":0.00015149,
    "31":0.000066842,
    "32":0.00017123,
    "33":0.0002180461,
    "34":0.000171339,
    "35":0.00005729,
    "36":0.000064729,
    "37":0.0000047042,
    "38":0.000104849,
    "39":0.0000153,
    "40":-0.000121917,
    "41":-0.00009261,
    "42":-0.0000697005,
    "43":0.00014959,
    "44":0.000132959,
    "45":0.0005744557,
    "46":0.00008121,
    "47":0.0003400178,
    "48":-0.0000470731,
    "49":-0.00010141
  },
  "Delta_Prop":{
    "0":-0.0002566341,
    "1":0.0001030142,
    "2":0.00017711,
    "3":0.0002159291,
    "4":0.0004675661,
    "5":0.000253411,
    "6":-0.00013751,
    "7":0.000081971,
    "8":-0.000408284,
    "9":-0.00019994,
    "10":0.000144795,
    "11":0.0006656638,
    "12":0.000211389,
    "13":-0.0001548053,
    "14":0.000607868,
    "15":-0.0000244739,
    "16":0.0000896591,
    "17":-0.0006189503,
    "18":0.0000407184,
    "19":-0.0000350356,
    "20":0.00055571,
    "21":-0.000179659,
    "22":-0.000235268,
    "23":0.000109983,
    "24":0.00035369,
    "25":0.0001413451,
    "26":-0.0001344992,
    "27":0.000083561,
    "28":0.00009102,
    "29":-0.000250208,
    "30":0.0000548,
    "31":-0.000096738,
    "32":0.000189959,
    "33":0.000133972,
    "34":0.000185629,
    "35":0.0000644,
    "36":0.000149629,
    "37":-0.0000564399,
    "38":0.000148759,
    "39":-0.000043639,
    "40":0.000052483,
    "41":-0.0000844,
    "42":-0.0002998545,
    "43":0.00000806,
    "44":0.000259449,
    "45":0.0003695116,
    "46":0.00005141,
    "47":0.0004145114,
    "48":0.000256451,
    "49":0.00004025
  }
}