{
  "Astrahl":{
    "0":0.4515753796,
    "1":0.4456739398,
    "2":0.2879135992,
    "3":0.2997161848,
    "4":0.236277487,
    "5":0.2906172928,
    "6":0.241158601,
    "7":0.235269496,
    "8":0.23633715,
    "9":0.2752029226,
    "10":0.3325015663,
    "11":0.2309360032,
    "12":0.177914935,
    "13":0.244916839,
    "14":0.2950570486,
    "15":0.2331917092,
    "16":0.2836424703,
    "17":0.18989092,
    "18":0.2807418919,
    "19":0.3991725622,
    "20":0.2944945024,
    "21":0.233390377,
    "22":0.2938143925,
    "23":0.2328833246,
    "24":0.2278718362,
    "25":0.19364716,
    "26":0.19034047,
    "27":0.2895514219,
    "28":0.326859834,
    "29":0.18454627,
    "30":0.3011917945,
    "31":0.24654421,
    "32":0.173952478,
    "33":0.28152919,
    "34":0.2781538687,
    "35":0.342643464,
    "36":0.1911761885,
    "37":0.3775673411,
    "38":0.295330375,
    "39":0.240177583,
    "40":0.2938976372,
    "41":0.2419021279,
    "42":0.1978580855,
    "43":0.3331767017,
    "44":0.18068014,
    "45":0.2832795611,
    "46":0.19303777,
    "47":0.2520870796,
    "48":0.174860749,
    "49":0.4070722421
  },
  "Uniform":{
    "0":0.5255097722,
    "1":0.5271221253,
    "2":0.3325338694,
    "3":0.3311473906,
    "4":0.289473337,
    "5":0.3498901921,
    "6":0.283862278,
    "7":0.286850161,
    "8":0.2894986536,
    "9":0.3480340132,
    "10":0.3953510928,
    "11":0.2944357849,
    "12":0.226584685,
    "13":0.286573861,
    "14":0.3548645164,
    "15":0.2894667031,
    "16":0.35313403,
    "17":0.22032568,
    "18":0.3446106503,
    "19":0.4433909383,
    "20":0.349278002,
    "21":0.28868302,
    "22":0.3381794965,
    "23":0.2836544129,
    "24":0.2875983742,
    "25":0.22110364,
    "26":0.22534894,
    "27":0.3415489013,
    "28":0.385946584,
    "29":0.22442148,
    "30":0.351645012,
    "31":0.287060005,
    "32":0.226992727,
    "33":0.3396541177,
    "34":0.3452030875,
    "35":0.4004131483,
    "36":0.2223811495,
    "37":0.4517072619,
    "38":0.348718609,
    "39":0.288853363,
    "40":0.3428806887,
    "41":0.2911341601,
    "42":0.223586141,
    "43":0.3944597107,
    "44":0.21990834,
    "45":0.3490185326,
    "46":0.22575779,
    "47":0.2931294879,
    "48":0.219200248,
    "49":0.4808592444
  },
  "Prop":{
    "0":0.5325398452,
    "1":0.5358042314,
    "2":0.3379326004,
    "3":0.3423705571,
    "4":0.290302921,
    "5":0.3620786842,
    "6":0.292774303,
    "7":0.300399598,
    "8":0.2994900261,
    "9":0.3351088918,
    "10":0.3936641158,
    "11":0.2910596022,
    "12":0.232892695,
    "13":0.290566999,
    "14":0.3436618033,
    "15":0.2788838641,
    "16":0.354179642,
    "17":0.23516452,
    "18":0.3426351955,
    "19":0.4541224479,
    "20":0.3221318656,
    "21":0.290080981,
    "22":0.3532185721,
    "23":0.3079305195,
    "24":0.2850557815,
    "25":0.2277658,
    "26":0.22489965,
    "27":0.3420510365,
    "28":0.3948183901,
    "29":0.23114908,
    "30":0.3429564181,
    "31":0.294359509,
    "32":0.226594693,
    "33":0.3464912134,
    "34":0.3455738245,
    "35":0.4038000816,
    "36":0.2317826527,
    "37":0.4574906958,
    "38":0.3515579911,
    "39":0.290075815,
    "40":0.3574261167,
    "41":0.2802746836,
    "42":0.2179562045,
    "43":0.4031414405,
    "44":0.22675779,
    "45":0.3447382301,
    "46":0.2359783,
    "47":0.2860846751,
    "48":0.243116209,
    "49":0.5013500789
  },
  "Delta_Uniform":{
    "0":-0.0739343926,
    "1":-0.0814481856,
    "2":-0.0446202702,
    "3":-0.0314312058,
    "4":-0.05319585,
    "5":-0.0592728993,
    "6":-0.042703677,
    "7":-0.051580665,
    "8":-0.0531615036,
    "9":-0.0728310906,
    "10":-0.0628495265,
    "11":-0.0634997817,
    "12":-0.04866975,
    "13":-0.041657022,
    "14":-0.0598074678,
    "15":-0.0562749939,
    "16":-0.0694915597,
    "17":-0.03043476,
    "18":-0.0638687584,
    "19":-0.0442183761,
    "20":-0.0547834996,
    "21":-0.055292643,
    "22":-0.044365104,
    "23":-0.0507710884,
    "24":-0.059726538,
    "25":-0.02745648,
    "26":-0.03500847,
    "27":-0.0519974794,
    "28":-0.05908675,
    "29":-0.03987521,
    "30":-0.0504532174,
    "31":-0.040515795,
    "32":-0.053040249,
    "33":-0.0581249277,
    "34":-0.0670492188,
    "35":-0.0577696843,
    "36":-0.031204961,
    "37":-0.0741399208,
    "38":-0.053388234,
    "39":-0.04867578,
    "40":-0.0489830515,
    "41":-0.0492320322,
    "42":-0.0257280555,
    "43":-0.0612830091,
    "44":-0.0392282,
    "45":-0.0657389714,
    "46":-0.03272002,
    "47":-0.0410424084,
    "48":-0.044339499,
    "49":-0.0737870024
  },
  "Delta_Prop":{
    "0":-0.0809644656,
    "1":-0.0901302916,
    "2":-0.0500190012,
    "3":-0.0426543723,
    "4":-0.054025434,
    "5":-0.0714613914,
    "6":-0.051615702,
    "7":-0.065130102,
    "8":-0.0631528762,
    "9":-0.0599059692,
    "10":-0.0611625496,
    "11":-0.060123599,
    "12":-0.05497776,
    "13":-0.04565016,
    "14":-0.0486047547,
    "15":-0.0456921549,
    "16":-0.0705371717,
    "17":-0.0452736,
    "18":-0.0618933037,
    "19":-0.0549498856,
    "20":-0.0276373632,
    "21":-0.056690604,
    "22":-0.0594041796,
    "23":-0.075047195,
    "24":-0.0571839453,
    "25":-0.03411864,
    "26":-0.03455918,
    "27":-0.0524996146,
    "28":-0.0679585561,
    "29":-0.04660281,
    "30":-0.0417646236,
    "31":-0.047815299,
    "32":-0.052642215,
    "33":-0.0649620234,
    "34":-0.0674199558,
    "35":-0.0611566176,
    "36":-0.0406064642,
    "37":-0.0799233547,
    "38":-0.0562276161,
    "39":-0.049898232,
    "40":-0.0635284795,
    "41":-0.0383725557,
    "42":-0.020098119,
    "43":-0.0699647389,
    "44":-0.04607765,
    "45":-0.061458669,
    "46":-0.04294053,
    "47":-0.0339975955,
    "48":-0.06825546,
    "49":-0.0942778368
  }
}