{
  "Astrahl":{
    "0":0.000572194,
    "1":0.0013854616,
    "2":0.0021181188,
    "3":0.0005964,
    "4":0.0017071284,
    "5":0.003664305,
    "6":0.00055037,
    "7":0.0008195096,
    "8":0.0008341437,
    "9":0.001139383,
    "10":0.0014070943,
    "11":0.001150184,
    "12":0.0022283273,
    "13":0.001470727,
    "14":0.0044406037,
    "15":0.0007390219,
    "16":0.0009113893,
    "17":0.0014136541,
    "18":0.00060892,
    "19":0.0020910213,
    "20":0.000688948,
    "21":0.0021248247,
    "22":0.00065576,
    "23":0.0010481001,
    "24":0.0005855,
    "25":0.000659267,
    "26":0.0010019108,
    "27":0.0033634478,
    "28":0.0026903883,
    "29":0.0019442008,
    "30":0.001096205,
    "31":0.0017154598,
    "32":0.0013956283,
    "33":0.0021701126,
    "34":0.000944794,
    "35":0.0016532193,
    "36":0.0024401523,
    "37":0.0035280224,
    "38":0.0009521468,
    "39":0.0023804494,
    "40":0.00059721,
    "41":0.000711733,
    "42":0.0019758108,
    "43":0.0026517576,
    "44":0.000646828,
    "45":0.0007745314,
    "46":0.0006878027,
    "47":0.0006023746,
    "48":0.000646828,
    "49":0.000634389
  },
  "Uniform":{
    "0":0.000864374,
    "1":0.0018077661,
    "2":0.00255638,
    "3":0.00074615,
    "4":0.0025182777,
    "5":0.0045336386,
    "6":0.00083206,
    "7":0.0009985317,
    "8":0.0010230826,
    "9":0.001455757,
    "10":0.0019444229,
    "11":0.001426423,
    "12":0.002864059,
    "13":0.0019184302,
    "14":0.0065352825,
    "15":0.0010211001,
    "16":0.0015729563,
    "17":0.0019191148,
    "18":0.00087274,
    "19":0.0027577997,
    "20":0.000967069,
    "21":0.0026805319,
    "22":0.00086995,
    "23":0.0013331621,
    "24":0.00080597,
    "25":0.000951644,
    "26":0.0013752011,
    "27":0.0046200494,
    "28":0.0035139401,
    "29":0.0036359832,
    "30":0.0016010506,
    "31":0.0022853259,
    "32":0.0019886126,
    "33":0.0035993382,
    "34":0.001482048,
    "35":0.0018689182,
    "36":0.002889691,
    "37":0.004865507,
    "38":0.0012365041,
    "39":0.0030880926,
    "40":0.00090743,
    "41":0.000856024,
    "42":0.0024939968,
    "43":0.0042232707,
    "44":0.00090098,
    "45":0.0013046771,
    "46":0.0011876003,
    "47":0.001021424,
    "48":0.000956712,
    "49":0.000856771
  },
  "Prop":{
    "0":0.000885888,
    "1":0.0018827654,
    "2":0.0026147991,
    "3":0.00080394,
    "4":0.0024323714,
    "5":0.0044070878,
    "6":0.00087515,
    "7":0.0009681562,
    "8":0.001078573,
    "9":0.001569633,
    "10":0.0019530466,
    "11":0.001400513,
    "12":0.0027395456,
    "13":0.0019527197,
    "14":0.0061106595,
    "15":0.0010081791,
    "16":0.0016049047,
    "17":0.0020301032,
    "18":0.00087267,
    "19":0.0029223964,
    "20":0.0009061,
    "21":0.0025414054,
    "22":0.00082545,
    "23":0.0012971804,
    "24":0.00087356,
    "25":0.000895896,
    "26":0.0012673262,
    "27":0.0047304707,
    "28":0.0032674931,
    "29":0.0036390378,
    "30":0.0014543949,
    "31":0.0021938314,
    "32":0.0021302315,
    "33":0.0031481976,
    "34":0.001314592,
    "35":0.001862888,
    "36":0.0029396986,
    "37":0.0054434064,
    "38":0.0010848247,
    "39":0.0032035032,
    "40":0.00080243,
    "41":0.000835728,
    "42":0.002540395,
    "43":0.0042638892,
    "44":0.000862287,
    "45":0.0011516252,
    "46":0.0010460817,
    "47":0.0010769407,
    "48":0.000924056,
    "49":0.000947796
  },
  "Delta_Uniform":{
    "0":-0.00029218,
    "1":-0.0004223045,
    "2":-0.0004382612,
    "3":-0.00014975,
    "4":-0.0008111493,
    "5":-0.0008693335,
    "6":-0.00028169,
    "7":-0.0001790221,
    "8":-0.0001889389,
    "9":-0.000316374,
    "10":-0.0005373286,
    "11":-0.000276239,
    "12":-0.0006357317,
    "13":-0.0004477031,
    "14":-0.0020946788,
    "15":-0.0002820783,
    "16":-0.000661567,
    "17":-0.0005054607,
    "18":-0.00026382,
    "19":-0.0006667784,
    "20":-0.000278121,
    "21":-0.0005557072,
    "22":-0.00021419,
    "23":-0.000285062,
    "24":-0.00022047,
    "25":-0.000292377,
    "26":-0.0003732903,
    "27":-0.0012566016,
    "28":-0.0008235519,
    "29":-0.0016917824,
    "30":-0.0005048456,
    "31":-0.0005698661,
    "32":-0.0005929843,
    "33":-0.0014292256,
    "34":-0.000537254,
    "35":-0.0002156989,
    "36":-0.0004495387,
    "37":-0.0013374846,
    "38":-0.0002843573,
    "39":-0.0007076432,
    "40":-0.00031022,
    "41":-0.000144291,
    "42":-0.000518186,
    "43":-0.001571513,
    "44":-0.000254152,
    "45":-0.0005301457,
    "46":-0.0004997976,
    "47":-0.0004190494,
    "48":-0.000309884,
    "49":-0.000222382
  },
  "Delta_Prop":{
    "0":-0.000313694,
    "1":-0.0004973039,
    "2":-0.0004966803,
    "3":-0.00020754,
    "4":-0.000725243,
    "5":-0.0007427828,
    "6":-0.00032478,
    "7":-0.0001486466,
    "8":-0.0002444293,
    "9":-0.00043025,
    "10":-0.0005459523,
    "11":-0.000250329,
    "12":-0.0005112183,
    "13":-0.0004819926,
    "14":-0.0016700559,
    "15":-0.0002691572,
    "16":-0.0006935154,
    "17":-0.0006164492,
    "18":-0.00026375,
    "19":-0.0008313751,
    "20":-0.000217152,
    "21":-0.0004165806,
    "22":-0.00016969,
    "23":-0.0002490803,
    "24":-0.00028806,
    "25":-0.000236629,
    "26":-0.0002654155,
    "27":-0.001367023,
    "28":-0.0005771048,
    "29":-0.001694837,
    "30":-0.0003581899,
    "31":-0.0004783716,
    "32":-0.0007346032,
    "33":-0.000978085,
    "34":-0.000369798,
    "35":-0.0002096687,
    "36":-0.0004995462,
    "37":-0.001915384,
    "38":-0.0001326779,
    "39":-0.0008230538,
    "40":-0.00020522,
    "41":-0.000123995,
    "42":-0.0005645842,
    "43":-0.0016121316,
    "44":-0.000215459,
    "45":-0.0003770938,
    "46":-0.000358279,
    "47":-0.0004745661,
    "48":-0.000277228,
    "49":-0.000313407
  }
}