{
  "Astrahl":{
    "0":0.000079097,
    "1":0.0001405677,
    "2":0.0001187579,
    "3":0.000145527,
    "4":0.0012504649,
    "5":0.0006647844,
    "6":0.0002999793,
    "7":0.0005488251,
    "8":0.0007687038,
    "9":0.0003793088,
    "10":0.000099731,
    "11":0.0002864741,
    "12":0.0001358821,
    "13":0.00015718,
    "14":0.0001815792,
    "15":0.000166123,
    "16":0.000378779,
    "17":0.0003265842,
    "18":0.0001489087,
    "19":0.0003379849,
    "20":0.0001898328,
    "21":0.0010566279,
    "22":0.0001187579,
    "23":0.0005162774,
    "24":0.000148779,
    "25":0.0004073889,
    "26":0.0002395634,
    "27":0.00013279,
    "28":0.0004984351,
    "29":0.000092853,
    "30":0.000089414,
    "31":0.0004094485,
    "32":0.0001722939,
    "33":0.000350213,
    "34":0.000160974,
    "35":0.0005235012,
    "36":0.0010682656,
    "37":0.0004890222,
    "38":0.0001932887,
    "39":0.0002712957,
    "40":0.0002202227,
    "41":0.0003597525,
    "42":0.0002644935,
    "43":0.000314187,
    "44":0.0005579743,
    "45":0.0000982824,
    "46":0.0003422837,
    "47":0.0008857269,
    "48":0.00007046,
    "49":0.0002249106
  },
  "Uniform":{
    "0":0.000145868,
    "1":0.000202169,
    "2":0.000185912,
    "3":0.000235998,
    "4":0.001614153,
    "5":0.0011840388,
    "6":0.0003924392,
    "7":0.0007976199,
    "8":0.0010913233,
    "9":0.0005212754,
    "10":0.000154843,
    "11":0.0003976465,
    "12":0.0001919556,
    "13":0.00021834,
    "14":0.0002972225,
    "15":0.000266465,
    "16":0.0006239159,
    "17":0.0005221409,
    "18":0.0002557042,
    "19":0.0003858202,
    "20":0.0002432967,
    "21":0.0015487061,
    "22":0.0001795281,
    "23":0.0007313309,
    "24":0.000191234,
    "25":0.0006462616,
    "26":0.0003556222,
    "27":0.000176531,
    "28":0.0006193596,
    "29":0.000154621,
    "30":0.000124804,
    "31":0.0006468283,
    "32":0.0002721317,
    "33":0.0005055727,
    "34":0.000202406,
    "35":0.0010231622,
    "36":0.0016287368,
    "37":0.0008497846,
    "38":0.0003211945,
    "39":0.0004093724,
    "40":0.0004092916,
    "41":0.0004671959,
    "42":0.0003825705,
    "43":0.0003968679,
    "44":0.0008308473,
    "45":0.0001753045,
    "46":0.0004532269,
    "47":0.0011764368,
    "48":0.00010832,
    "49":0.0002942431
  },
  "Prop":{
    "0":0.00014417,
    "1":0.0001921527,
    "2":0.0001261252,
    "3":0.000238734,
    "4":0.0017379895,
    "5":0.0011536829,
    "6":0.0004141574,
    "7":0.0007255751,
    "8":0.0011081342,
    "9":0.0004747255,
    "10":0.000126891,
    "11":0.0004558827,
    "12":0.0002481848,
    "13":0.000211469,
    "14":0.0002834739,
    "15":0.000207821,
    "16":0.0006489758,
    "17":0.000548681,
    "18":0.0003060023,
    "19":0.0003713829,
    "20":0.0002529803,
    "21":0.0014181261,
    "22":0.0002032274,
    "23":0.0007285365,
    "24":0.000220577,
    "25":0.0006163407,
    "26":0.0003498007,
    "27":0.00021416,
    "28":0.000674032,
    "29":0.000146662,
    "30":0.000119185,
    "31":0.0006653692,
    "32":0.0003362612,
    "33":0.0005218271,
    "34":0.0002228,
    "35":0.0010434434,
    "36":0.0015347552,
    "37":0.0008836101,
    "38":0.0003597348,
    "39":0.0004154641,
    "40":0.0003964042,
    "41":0.0004974826,
    "42":0.0004177592,
    "43":0.0005187273,
    "44":0.0008783303,
    "45":0.0002134842,
    "46":0.0003459892,
    "47":0.00126453,
    "48":0.00011438,
    "49":0.0003059992
  },
  "Delta_Uniform":{
    "0":-0.000066771,
    "1":-0.0000616013,
    "2":-0.0000671541,
    "3":-0.000090471,
    "4":-0.000363688,
    "5":-0.0005192544,
    "6":-0.0000924599,
    "7":-0.0002487948,
    "8":-0.0003226195,
    "9":-0.0001419666,
    "10":-0.000055112,
    "11":-0.0001111724,
    "12":-0.0000560735,
    "13":-0.00006116,
    "14":-0.0001156433,
    "15":-0.000100342,
    "16":-0.0002451369,
    "17":-0.0001955567,
    "18":-0.0001067955,
    "19":-0.0000478353,
    "20":-0.0000534639,
    "21":-0.0004920782,
    "22":-0.0000607702,
    "23":-0.0002150535,
    "24":-0.000042455,
    "25":-0.0002388727,
    "26":-0.0001160588,
    "27":-0.000043741,
    "28":-0.0001209245,
    "29":-0.000061768,
    "30":-0.00003539,
    "31":-0.0002373798,
    "32":-0.0000998378,
    "33":-0.0001553598,
    "34":-0.000041432,
    "35":-0.000499661,
    "36":-0.0005604712,
    "37":-0.0003607623,
    "38":-0.0001279058,
    "39":-0.0001380767,
    "40":-0.0001890689,
    "41":-0.0001074434,
    "42":-0.000118077,
    "43":-0.0000826808,
    "44":-0.000272873,
    "45":-0.0000770221,
    "46":-0.0001109432,
    "47":-0.0002907099,
    "48":-0.00003786,
    "49":-0.0000693325
  },
  "Delta_Prop":{
    "0":-0.000065073,
    "1":-0.000051585,
    "2":-0.0000073673,
    "3":-0.000093207,
    "4":-0.0004875246,
    "5":-0.0004888985,
    "6":-0.0001141781,
    "7":-0.00017675,
    "8":-0.0003394304,
    "9":-0.0000954166,
    "10":-0.00002716,
    "11":-0.0001694086,
    "12":-0.0001123027,
    "13":-0.000054289,
    "14":-0.0001018947,
    "15":-0.000041698,
    "16":-0.0002701967,
    "17":-0.0002220967,
    "18":-0.0001570936,
    "19":-0.000033398,
    "20":-0.0000631475,
    "21":-0.0003614982,
    "22":-0.0000844695,
    "23":-0.0002122591,
    "24":-0.000071798,
    "25":-0.0002089518,
    "26":-0.0001102374,
    "27":-0.00008137,
    "28":-0.0001755969,
    "29":-0.000053809,
    "30":-0.000029771,
    "31":-0.0002559207,
    "32":-0.0001639673,
    "33":-0.0001716141,
    "34":-0.000061826,
    "35":-0.0005199422,
    "36":-0.0004664897,
    "37":-0.0003945878,
    "38":-0.000166446,
    "39":-0.0001441685,
    "40":-0.0001761815,
    "41":-0.0001377301,
    "42":-0.0001532657,
    "43":-0.0002045402,
    "44":-0.000320356,
    "45":-0.0001152018,
    "46":-0.0000037055,
    "47":-0.0003788031,
    "48":-0.00004392,
    "49":-0.0000810886
  }
}