{
  "Astrahl":{
    "0":0.0000040951,
    "1":0.000006878,
    "2":0.000024073,
    "3":0.0000104341,
    "4":0.00000813,
    "5":0.0000046856,
    "6":0.000020066,
    "7":0.0000371412,
    "8":0.000006878,
    "9":0.00000813,
    "10":0.0000093712,
    "11":0.0000187424,
    "12":0.0000081902,
    "13":0.0,
    "14":0.0,
    "15":0.0000596471,
    "16":0.00000813,
    "17":0.0000356274,
    "18":0.00000542,
    "19":0.00000271,
    "20":0.0000040951,
    "21":0.0000122853,
    "22":0.0000208681,
    "23":0.0000140568,
    "24":0.0000361422,
    "25":0.0000506052,
    "26":0.000049556,
    "27":0.0,
    "28":0.000021409,
    "29":0.000010569,
    "30":0.0000118758,
    "31":0.0000579676,
    "32":0.00000813,
    "33":0.0000081902,
    "34":0.0000187424,
    "35":0.0000340461,
    "36":0.00000271,
    "37":0.000010317,
    "38":0.000010317,
    "39":0.0000159709,
    "40":0.000003439,
    "41":0.000006878,
    "42":0.000027645,
    "43":0.00000813,
    "44":0.000017195,
    "45":0.0,
    "46":0.0000182738,
    "47":0.0000168511,
    "48":0.000006878,
    "49":0.0000081902
  },
  "Uniform":{
    "0":0.000043587,
    "1":0.000044839,
    "2":0.000063185,
    "3":0.0000307838,
    "4":0.00002101,
    "5":0.0000373082,
    "6":0.0000966445,
    "7":0.0000917012,
    "8":0.000045977,
    "9":0.00002145,
    "10":0.000036716,
    "11":0.0000351987,
    "12":0.0000716153,
    "13":0.00002653,
    "14":0.00002985,
    "15":0.0002985001,
    "16":0.00002263,
    "17":0.000034077,
    "18":0.00002663,
    "19":0.00001893,
    "20":0.000022789,
    "21":0.0001022708,
    "22":0.0001161531,
    "23":0.000052804,
    "24":0.0001521728,
    "25":0.0002540598,
    "26":0.0002242065,
    "27":0.000031579,
    "28":0.000028479,
    "29":0.000055358,
    "30":0.0000683467,
    "31":0.0000994399,
    "32":0.00002044,
    "33":0.0000331472,
    "34":0.0000327862,
    "35":0.000035308,
    "36":0.00003784,
    "37":0.000034638,
    "38":0.0000687063,
    "39":0.0000590698,
    "40":0.00002738,
    "41":0.000037619,
    "42":0.0000691965,
    "43":0.00001921,
    "44":0.0001055193,
    "45":0.0000405591,
    "46":0.0000710363,
    "47":0.0000829671,
    "48":0.00002215,
    "49":0.0000410821
  },
  "Prop":{
    "0":0.0000394621,
    "1":0.000055134,
    "2":0.000034638,
    "3":0.0000422157,
    "4":0.00002714,
    "5":0.0000383667,
    "6":0.0000732753,
    "7":0.0000700052,
    "8":0.000036448,
    "9":0.0000097,
    "10":0.0000444813,
    "11":0.0000403149,
    "12":0.0000731745,
    "13":0.00001801,
    "14":0.00002154,
    "15":0.0002447105,
    "16":0.00002553,
    "17":0.0000579752,
    "18":0.00001241,
    "19":0.00001441,
    "20":0.000024527,
    "21":0.0000624673,
    "22":0.0000751531,
    "23":0.0000172546,
    "24":0.0000827446,
    "25":0.0002045218,
    "26":0.000248938,
    "27":0.000029028,
    "28":0.000046387,
    "29":0.000031099,
    "30":0.0000883964,
    "31":0.0001168412,
    "32":0.00001321,
    "33":0.000036635,
    "34":0.0000375052,
    "35":0.0000532062,
    "36":0.00001664,
    "37":0.000023979,
    "38":0.000044017,
    "39":0.0000359921,
    "40":0.000039158,
    "41":0.000036158,
    "42":0.0000831948,
    "43":0.00002814,
    "44":0.0000688363,
    "45":0.0000367762,
    "46":0.0000980857,
    "47":0.0000764932,
    "48":0.00002396,
    "49":0.0000252521
  },
  "Delta_Uniform":{
    "0":-0.0000394919,
    "1":-0.000037961,
    "2":-0.000039112,
    "3":-0.0000203497,
    "4":-0.00001288,
    "5":-0.0000326226,
    "6":-0.0000765785,
    "7":-0.00005456,
    "8":-0.000039099,
    "9":-0.00001332,
    "10":-0.0000273448,
    "11":-0.0000164563,
    "12":-0.0000634251,
    "13":-0.00002653,
    "14":-0.00002985,
    "15":-0.000238853,
    "16":-0.0000145,
    "17":0.0000015504,
    "18":-0.00002121,
    "19":-0.00001622,
    "20":-0.0000186939,
    "21":-0.0000899855,
    "22":-0.000095285,
    "23":-0.0000387472,
    "24":-0.0001160306,
    "25":-0.0002034546,
    "26":-0.0001746505,
    "27":-0.000031579,
    "28":-0.00000707,
    "29":-0.000044789,
    "30":-0.0000564709,
    "31":-0.0000414723,
    "32":-0.00001231,
    "33":-0.000024957,
    "34":-0.0000140438,
    "35":-0.0000012619,
    "36":-0.00003513,
    "37":-0.000024321,
    "38":-0.0000583893,
    "39":-0.0000430989,
    "40":-0.000023941,
    "41":-0.000030741,
    "42":-0.0000415515,
    "43":-0.00001108,
    "44":-0.0000883243,
    "45":-0.0000405591,
    "46":-0.0000527625,
    "47":-0.000066116,
    "48":-0.000015272,
    "49":-0.0000328919
  },
  "Delta_Prop":{
    "0":-0.000035367,
    "1":-0.000048256,
    "2":-0.000010565,
    "3":-0.0000317817,
    "4":-0.00001901,
    "5":-0.0000336811,
    "6":-0.0000532093,
    "7":-0.000032864,
    "8":-0.00002957,
    "9":-0.00000157,
    "10":-0.0000351101,
    "11":-0.0000215725,
    "12":-0.0000649843,
    "13":-0.00001801,
    "14":-0.00002154,
    "15":-0.0001850634,
    "16":-0.0000174,
    "17":-0.0000223478,
    "18":-0.00000699,
    "19":-0.0000117,
    "20":-0.0000204319,
    "21":-0.000050182,
    "22":-0.000054285,
    "23":-0.0000031978,
    "24":-0.0000466024,
    "25":-0.0001539166,
    "26":-0.0001993821,
    "27":-0.000029028,
    "28":-0.000024978,
    "29":-0.00002053,
    "30":-0.0000765206,
    "31":-0.0000588735,
    "32":-0.00000508,
    "33":-0.0000284448,
    "34":-0.0000187628,
    "35":-0.0000191601,
    "36":-0.00001393,
    "37":-0.000013662,
    "38":-0.0000337,
    "39":-0.0000200212,
    "40":-0.000035719,
    "41":-0.00002928,
    "42":-0.0000555498,
    "43":-0.00002001,
    "44":-0.0000516413,
    "45":-0.0000367762,
    "46":-0.0000798119,
    "47":-0.0000596421,
    "48":-0.000017082,
    "49":-0.0000170619
  }
}