{
  "Astrahl":{
    "0":0.16940722,
    "1":0.2589182015,
    "2":0.2601269373,
    "3":0.2267377845,
    "4":0.2789019234,
    "5":0.199808136,
    "6":0.179895895,
    "7":0.2343445896,
    "8":0.1897327004,
    "9":0.196991578,
    "10":0.387195783,
    "11":0.333338572,
    "12":0.1846433512,
    "13":0.3278521375,
    "14":0.2408257713,
    "15":0.375666014,
    "16":0.3755292453,
    "17":0.2766658957,
    "18":0.2618617906,
    "19":0.3692312017,
    "20":0.2751402885,
    "21":0.4343617901,
    "22":0.2683649433,
    "23":0.2512258428,
    "24":0.2702094947,
    "25":0.1688051121,
    "26":0.1775321289,
    "27":0.1909858861,
    "28":0.1721858975,
    "29":0.2542962967,
    "30":0.2274276498,
    "31":0.2308221889,
    "32":0.2754300537,
    "33":0.2554326793,
    "34":0.2811461137,
    "35":0.1851037973,
    "36":0.261647545,
    "37":0.2130755792,
    "38":0.1610963097,
    "39":0.4573788204,
    "40":0.157114744,
    "41":0.1835816019,
    "42":0.2165413136,
    "43":0.2930843651,
    "44":0.4075237462,
    "45":0.2137101462,
    "46":0.2375309576,
    "47":0.2204267256,
    "48":0.3106942095,
    "49":0.2476221144
  },
  "Uniform":{
    "0":0.18406934,
    "1":0.2853077699,
    "2":0.2852984008,
    "3":0.2475636565,
    "4":0.2949274797,
    "5":0.239923558,
    "6":0.2131995931,
    "7":0.2834299498,
    "8":0.2071987217,
    "9":0.251887203,
    "10":0.4218875984,
    "11":0.3878766064,
    "12":0.2100863295,
    "13":0.3655088206,
    "14":0.2990587735,
    "15":0.422873444,
    "16":0.4135421486,
    "17":0.3259980998,
    "18":0.3045066982,
    "19":0.4725382774,
    "20":0.296578857,
    "21":0.475381466,
    "22":0.3153518515,
    "23":0.2716379478,
    "24":0.3074948581,
    "25":0.2141381132,
    "26":0.2070279644,
    "27":0.252587133,
    "28":0.2120031775,
    "29":0.311289612,
    "30":0.2411543514,
    "31":0.2893862781,
    "32":0.264733951,
    "33":0.3050924949,
    "34":0.3281343544,
    "35":0.2562996719,
    "36":0.3072371031,
    "37":0.241143303,
    "38":0.1868828373,
    "39":0.5343249812,
    "40":0.191703724,
    "41":0.2029270946,
    "42":0.2402994017,
    "43":0.3538605263,
    "44":0.447963701,
    "45":0.2611778048,
    "46":0.2435405785,
    "47":0.2486238591,
    "48":0.3409256165,
    "49":0.3056882638
  },
  "Prop":{
    "0":0.19165958,
    "1":0.2998478208,
    "2":0.2926952302,
    "3":0.2555253176,
    "4":0.2959971256,
    "5":0.260224002,
    "6":0.1858150723,
    "7":0.265892732,
    "8":0.2020763612,
    "9":0.243857485,
    "10":0.4312177574,
    "11":0.4018055795,
    "12":0.1979127503,
    "13":0.3663058297,
    "14":0.2999959506,
    "15":0.4303370539,
    "16":0.4191305495,
    "17":0.3188191089,
    "18":0.3080488849,
    "19":0.4589092018,
    "20":0.3123551278,
    "21":0.480855626,
    "22":0.309901528,
    "23":0.2604917295,
    "24":0.2968860116,
    "25":0.2134318943,
    "26":0.2045046531,
    "27":0.2372882531,
    "28":0.1995649282,
    "29":0.2995591145,
    "30":0.227584319,
    "31":0.2737713686,
    "32":0.2858720533,
    "33":0.2974735045,
    "34":0.3175917974,
    "35":0.2473588199,
    "36":0.3053042346,
    "37":0.2417966985,
    "38":0.2004415443,
    "39":0.5426690249,
    "40":0.189608013,
    "41":0.192521144,
    "42":0.2433146934,
    "43":0.3385830784,
    "44":0.4559857098,
    "45":0.2512674957,
    "46":0.2332915386,
    "47":0.2664071947,
    "48":0.3414870547,
    "49":0.3111109815
  },
  "Delta_Uniform":{
    "0":-0.01466212,
    "1":-0.0263895684,
    "2":-0.0251714635,
    "3":-0.020825872,
    "4":-0.0160255563,
    "5":-0.040115422,
    "6":-0.0333036981,
    "7":-0.0490853602,
    "8":-0.0174660213,
    "9":-0.054895625,
    "10":-0.0346918153,
    "11":-0.0545380344,
    "12":-0.0254429783,
    "13":-0.037656683,
    "14":-0.0582330021,
    "15":-0.04720743,
    "16":-0.0380129033,
    "17":-0.0493322041,
    "18":-0.0426449076,
    "19":-0.1033070758,
    "20":-0.0214385685,
    "21":-0.041019676,
    "22":-0.0469869081,
    "23":-0.020412105,
    "24":-0.0372853634,
    "25":-0.0453330011,
    "26":-0.0294958355,
    "27":-0.0616012469,
    "28":-0.03981728,
    "29":-0.0569933153,
    "30":-0.0137267016,
    "31":-0.0585640892,
    "32":0.0106961027,
    "33":-0.0496598156,
    "34":-0.0469882407,
    "35":-0.0711958746,
    "36":-0.0455895582,
    "37":-0.0280677237,
    "38":-0.0257865276,
    "39":-0.0769461608,
    "40":-0.03458898,
    "41":-0.0193454926,
    "42":-0.0237580881,
    "43":-0.0607761612,
    "44":-0.0404399548,
    "45":-0.0474676587,
    "46":-0.0060096209,
    "47":-0.0281971335,
    "48":-0.030231407,
    "49":-0.0580661493
  },
  "Delta_Prop":{
    "0":-0.02225236,
    "1":-0.0409296193,
    "2":-0.0325682929,
    "3":-0.0287875331,
    "4":-0.0170952022,
    "5":-0.060415866,
    "6":-0.0059191773,
    "7":-0.0315481424,
    "8":-0.0123436608,
    "9":-0.046865907,
    "10":-0.0440219743,
    "11":-0.0684670075,
    "12":-0.0132693991,
    "13":-0.0384536922,
    "14":-0.0591701793,
    "15":-0.0546710398,
    "16":-0.0436013042,
    "17":-0.0421532132,
    "18":-0.0461870943,
    "19":-0.0896780002,
    "20":-0.0372148393,
    "21":-0.046493836,
    "22":-0.0415365847,
    "23":-0.0092658867,
    "24":-0.026676517,
    "25":-0.0446267823,
    "26":-0.0269725242,
    "27":-0.046302367,
    "28":-0.0273790307,
    "29":-0.0452628178,
    "30":-0.0001566692,
    "31":-0.0429491797,
    "32":-0.0104419996,
    "33":-0.0420408252,
    "34":-0.0364456837,
    "35":-0.0622550226,
    "36":-0.0436566896,
    "37":-0.0287211192,
    "38":-0.0393452346,
    "39":-0.0852902045,
    "40":-0.032493269,
    "41":-0.008939542,
    "42":-0.0267733797,
    "43":-0.0454987133,
    "44":-0.0484619636,
    "45":-0.0375573495,
    "46":0.004239419,
    "47":-0.0459804691,
    "48":-0.0307928451,
    "49":-0.063488867
  }
}