{
  "Astrahl":{
    "0":0.0003657834,
    "1":0.0000349375,
    "2":0.0000683642,
    "3":0.000028104,
    "4":0.0000715242,
    "5":0.0001123692,
    "6":0.0000722507,
    "7":0.0002724418,
    "8":0.0000599552,
    "9":0.0001170981,
    "10":0.0002043996,
    "11":0.00002342,
    "12":0.00003513,
    "13":0.0001176546,
    "14":0.000055468,
    "15":0.0000422926,
    "16":0.0000906226,
    "17":0.00003488,
    "18":0.0001964362,
    "19":0.0001858424,
    "20":0.00004033,
    "21":0.0002366944,
    "22":0.000057449,
    "23":0.000062457,
    "24":0.00003597,
    "25":0.000055468,
    "26":0.0004279254,
    "27":0.0000493076,
    "28":0.000057449,
    "29":0.0000930437,
    "30":0.0001125108,
    "31":0.0000788083,
    "32":0.0002372049,
    "33":0.000091899,
    "34":0.0002327518,
    "35":0.0000928764,
    "36":0.0001455837,
    "37":0.0004351045,
    "38":0.00002834,
    "39":0.00003513,
    "40":0.00003161,
    "41":0.000096118,
    "42":0.00011584,
    "43":0.0000938272,
    "44":0.00002507,
    "45":0.000047851,
    "46":0.0000410719,
    "47":0.0000715242,
    "48":0.000062457,
    "49":0.0001047972
  },
  "Uniform":{
    "0":0.0005204967,
    "1":0.0000693934,
    "2":0.0001134147,
    "3":0.000050851,
    "4":0.000092444,
    "5":0.0001895922,
    "6":0.0000865691,
    "7":0.0003674706,
    "8":0.000088506,
    "9":0.0002177268,
    "10":0.0003109333,
    "11":0.000051178,
    "12":0.000046407,
    "13":0.0001642481,
    "14":0.000064788,
    "15":0.0000492874,
    "16":0.0001042858,
    "17":0.0000494,
    "18":0.0003476924,
    "19":0.0002463761,
    "20":0.000044,
    "21":0.0004395943,
    "22":0.000078889,
    "23":0.0000924,
    "24":0.00004698,
    "25":0.000092587,
    "26":0.000702479,
    "27":0.0000623415,
    "28":0.000075539,
    "29":0.0001020531,
    "30":0.0001992461,
    "31":0.0000849154,
    "32":0.0003723362,
    "33":0.0001723399,
    "34":0.0003333902,
    "35":0.0001585719,
    "36":0.0002365328,
    "37":0.0005736679,
    "38":0.00004288,
    "39":0.000059297,
    "40":0.00005555,
    "41":0.0001539279,
    "42":0.0001860778,
    "43":0.0001376012,
    "44":0.00004305,
    "45":0.000076658,
    "46":0.0000573572,
    "47":0.0001012428,
    "48":0.000086505,
    "49":0.0001635335
  },
  "Prop":{
    "0":0.0005113255,
    "1":0.0000627368,
    "2":0.0001169239,
    "3":0.000044511,
    "4":0.0001027376,
    "5":0.0001895237,
    "6":0.0001088158,
    "7":0.000293486,
    "8":0.0000931416,
    "9":0.0002215683,
    "10":0.0002973113,
    "11":0.000053337,
    "12":0.000042618,
    "13":0.0001710145,
    "14":0.000084768,
    "15":0.0000493216,
    "16":0.000115059,
    "17":0.00004715,
    "18":0.000289615,
    "19":0.0002688918,
    "20":0.00003251,
    "21":0.0003231156,
    "22":0.000085834,
    "23":0.000084545,
    "24":0.00004369,
    "25":0.000076179,
    "26":0.0006995731,
    "27":0.0000717689,
    "28":0.000093977,
    "29":0.0001010718,
    "30":0.0001885605,
    "31":0.0001084942,
    "32":0.0003073841,
    "33":0.0001438163,
    "34":0.0003112848,
    "35":0.0001312081,
    "36":0.0002294906,
    "37":0.0005110809,
    "38":0.00004433,
    "39":0.00004774,
    "40":0.00004111,
    "41":0.0001348749,
    "42":0.0001650802,
    "43":0.0001508956,
    "44":0.00003597,
    "45":0.000092339,
    "46":0.0000479712,
    "47":0.0001007139,
    "48":0.00008328,
    "49":0.0001576224
  },
  "Delta_Uniform":{
    "0":-0.0001547133,
    "1":-0.0000344559,
    "2":-0.0000450505,
    "3":-0.000022747,
    "4":-0.0000209198,
    "5":-0.000077223,
    "6":-0.0000143184,
    "7":-0.0000950288,
    "8":-0.0000285508,
    "9":-0.0001006286,
    "10":-0.0001065337,
    "11":-0.000027758,
    "12":-0.000011277,
    "13":-0.0000465935,
    "14":-0.00000932,
    "15":-0.0000069948,
    "16":-0.0000136632,
    "17":-0.00001452,
    "18":-0.0001512562,
    "19":-0.0000605337,
    "20":-0.00000367,
    "21":-0.0002028999,
    "22":-0.00002144,
    "23":-0.000029943,
    "24":-0.00001101,
    "25":-0.000037119,
    "26":-0.0002745537,
    "27":-0.0000130339,
    "28":-0.00001809,
    "29":-0.0000090094,
    "30":-0.0000867353,
    "31":-0.0000061071,
    "32":-0.0001351313,
    "33":-0.0000804409,
    "34":-0.0001006384,
    "35":-0.0000656955,
    "36":-0.0000909492,
    "37":-0.0001385633,
    "38":-0.00001454,
    "39":-0.000024167,
    "40":-0.00002394,
    "41":-0.0000578098,
    "42":-0.0000702378,
    "43":-0.000043774,
    "44":-0.00001798,
    "45":-0.000028807,
    "46":-0.0000162853,
    "47":-0.0000297186,
    "48":-0.000024048,
    "49":-0.0000587363
  },
  "Delta_Prop":{
    "0":-0.0001455421,
    "1":-0.0000277993,
    "2":-0.0000485597,
    "3":-0.000016407,
    "4":-0.0000312133,
    "5":-0.0000771546,
    "6":-0.0000365651,
    "7":-0.0000210442,
    "8":-0.0000331864,
    "9":-0.0001044701,
    "10":-0.0000929117,
    "11":-0.000029917,
    "12":-0.000007488,
    "13":-0.0000533599,
    "14":-0.0000293,
    "15":-0.000007029,
    "16":-0.0000244364,
    "17":-0.00001227,
    "18":-0.0000931788,
    "19":-0.0000830494,
    "20":0.00000782,
    "21":-0.0000864212,
    "22":-0.000028385,
    "23":-0.000022088,
    "24":-0.00000772,
    "25":-0.000020711,
    "26":-0.0002716477,
    "27":-0.0000224613,
    "28":-0.000036528,
    "29":-0.000008028,
    "30":-0.0000760497,
    "31":-0.0000296859,
    "32":-0.0000701791,
    "33":-0.0000519173,
    "34":-0.0000785331,
    "35":-0.0000383318,
    "36":-0.0000839069,
    "37":-0.0000759764,
    "38":-0.00001599,
    "39":-0.00001261,
    "40":-0.0000095,
    "41":-0.0000387568,
    "42":-0.0000492403,
    "43":-0.0000570684,
    "44":-0.0000109,
    "45":-0.000044488,
    "46":-0.0000068993,
    "47":-0.0000291896,
    "48":-0.000020823,
    "49":-0.0000528252
  }
}