{
  "Astrahl":{
    "0":0.0010061731,
    "1":0.00190081,
    "2":0.0021971153,
    "3":0.002572313,
    "4":0.0009029241,
    "5":0.000801368,
    "6":0.00190171,
    "7":0.00100171,
    "8":0.0015951659,
    "9":0.000901539,
    "10":0.00200342,
    "11":0.00060054,
    "12":0.0012055609,
    "13":0.00100171,
    "14":0.0045345964,
    "15":0.00100171,
    "16":0.00210189,
    "17":0.0005012195,
    "18":0.0010009,
    "19":0.001402394,
    "20":0.0009029241,
    "21":0.0016954908,
    "22":0.000801368,
    "23":0.0016074146,
    "24":0.001391251,
    "25":0.001502565,
    "26":0.002792511,
    "27":0.001602736,
    "28":0.0010925856,
    "29":0.0009041707,
    "30":0.000901539,
    "31":0.000801368,
    "32":0.0021685832,
    "33":0.00060054,
    "34":0.001402394,
    "35":0.0013310773,
    "36":0.0037793549,
    "37":0.0006027805,
    "38":0.0022855609,
    "39":0.0006052829,
    "40":0.00110109,
    "41":0.0012037141,
    "42":0.0014925479,
    "43":0.0030330028,
    "44":0.0007017073,
    "45":0.00080072,
    "46":0.0008056021,
    "47":0.0009029241,
    "48":0.0007022743,
    "49":0.002191971
  },
  "Uniform":{
    "0":0.007948047,
    "1":0.0157010738,
    "2":0.0088782734,
    "3":0.0107990555,
    "4":0.0048029787,
    "5":0.005202274,
    "6":0.008722236,
    "7":0.003901895,
    "8":0.0075560204,
    "9":0.005101685,
    "10":0.0110370666,
    "11":0.00380132,
    "12":0.0041055022,
    "13":0.004602089,
    "14":0.0149398071,
    "15":0.0084339548,
    "16":0.0111848679,
    "17":0.0050044165,
    "18":0.00360132,
    "19":0.004602426,
    "20":0.00400397,
    "21":0.0086055193,
    "22":0.004202513,
    "23":0.0075213402,
    "24":0.008042052,
    "25":0.003901481,
    "26":0.0120028097,
    "27":0.0088154924,
    "28":0.0093851795,
    "29":0.0039052183,
    "30":0.004402789,
    "31":0.004602616,
    "32":0.0134147317,
    "33":0.00360103,
    "34":0.0078252896,
    "35":0.0079316148,
    "36":0.0158981868,
    "37":0.0032061337,
    "38":0.0164616988,
    "39":0.0048120581,
    "40":0.00340133,
    "41":0.0072861461,
    "42":0.0080248894,
    "43":0.0166791186,
    "44":0.0038039662,
    "45":0.00450131,
    "46":0.0050108414,
    "47":0.0048035808,
    "48":0.0043038456,
    "49":0.009752536
  },
  "Prop":{
    "0":0.0084834732,
    "1":0.0139208209,
    "2":0.0069979506,
    "3":0.0120135487,
    "4":0.0041047326,
    "5":0.004102554,
    "6":0.008982389,
    "7":0.003602043,
    "8":0.0072501327,
    "9":0.004201784,
    "10":0.0092990193,
    "11":0.0057012,
    "12":0.0041045895,
    "13":0.004301922,
    "14":0.0147595667,
    "15":0.0086235226,
    "16":0.0134510166,
    "17":0.0032038568,
    "18":0.00510092,
    "19":0.003902427,
    "20":0.0042042847,
    "21":0.0086107103,
    "22":0.003403277,
    "23":0.009680372,
    "24":0.009262578,
    "25":0.004102655,
    "26":0.0099197826,
    "27":0.0082133198,
    "28":0.0092352109,
    "29":0.0038058556,
    "30":0.003903478,
    "31":0.004102654,
    "32":0.0103495239,
    "33":0.00390134,
    "34":0.0087050084,
    "35":0.0074722275,
    "36":0.0161144668,
    "37":0.0041075374,
    "38":0.0145015642,
    "39":0.0038126928,
    "40":0.00430114,
    "41":0.0067988824,
    "42":0.0089043215,
    "43":0.0163693924,
    "44":0.0045036917,
    "45":0.00430131,
    "46":0.0042138612,
    "47":0.0047046279,
    "48":0.0046048896,
    "49":0.006481354
  },
  "Delta_Uniform":{
    "0":-0.0069418739,
    "1":-0.0138002638,
    "2":-0.0066811581,
    "3":-0.0082267425,
    "4":-0.0039000546,
    "5":-0.004400906,
    "6":-0.006820526,
    "7":-0.002900185,
    "8":-0.0059608545,
    "9":-0.004200146,
    "10":-0.0090336466,
    "11":-0.00320078,
    "12":-0.0028999413,
    "13":-0.003600379,
    "14":-0.0104052107,
    "15":-0.0074322448,
    "16":-0.0090829779,
    "17":-0.004503197,
    "18":-0.00260042,
    "19":-0.003200032,
    "20":-0.0031010459,
    "21":-0.0069100285,
    "22":-0.003401145,
    "23":-0.0059139257,
    "24":-0.006650801,
    "25":-0.002398916,
    "26":-0.0092102987,
    "27":-0.0072127564,
    "28":-0.0082925939,
    "29":-0.0030010476,
    "30":-0.00350125,
    "31":-0.003801248,
    "32":-0.0112461485,
    "33":-0.00300049,
    "34":-0.0064228956,
    "35":-0.0066005375,
    "36":-0.0121188319,
    "37":-0.0026033533,
    "38":-0.0141761379,
    "39":-0.0042067753,
    "40":-0.00230024,
    "41":-0.0060824319,
    "42":-0.0065323415,
    "43":-0.0136461158,
    "44":-0.0031022589,
    "45":-0.00370059,
    "46":-0.0042052393,
    "47":-0.0039006567,
    "48":-0.0036015713,
    "49":-0.007560565
  },
  "Delta_Prop":{
    "0":-0.0074773001,
    "1":-0.0120200109,
    "2":-0.0048008353,
    "3":-0.0094412357,
    "4":-0.0032018085,
    "5":-0.003301186,
    "6":-0.007080679,
    "7":-0.002600333,
    "8":-0.0056549668,
    "9":-0.003300245,
    "10":-0.0072955993,
    "11":-0.00510066,
    "12":-0.0028990286,
    "13":-0.003300212,
    "14":-0.0102249703,
    "15":-0.0076218126,
    "16":-0.0113491266,
    "17":-0.0027026373,
    "18":-0.00410002,
    "19":-0.002500033,
    "20":-0.0033013606,
    "21":-0.0069152195,
    "22":-0.002601909,
    "23":-0.0080729574,
    "24":-0.007871327,
    "25":-0.00260009,
    "26":-0.0071272716,
    "27":-0.0066105838,
    "28":-0.0081426253,
    "29":-0.0029016849,
    "30":-0.003001939,
    "31":-0.003301286,
    "32":-0.0081809407,
    "33":-0.0033008,
    "34":-0.0073026144,
    "35":-0.0061411502,
    "36":-0.0123351119,
    "37":-0.003504757,
    "38":-0.0122160033,
    "39":-0.00320741,
    "40":-0.00320005,
    "41":-0.0055951683,
    "42":-0.0074117736,
    "43":-0.0133363895,
    "44":-0.0038019844,
    "45":-0.00350059,
    "46":-0.0034082591,
    "47":-0.0038017038,
    "48":-0.0039026153,
    "49":-0.004289383
  }
}