{
  "Astrahl":{
    "0":0.0000006859,
    "1":0.0000001,
    "2":0.0,
    "3":0.00000077,
    "4":0.0,
    "5":0.0003040873,
    "6":0.000100819,
    "7":0.0,
    "8":0.0,
    "9":0.0,
    "10":0.000000361,
    "11":0.00000019,
    "12":0.0004717856,
    "13":0.00037119,
    "14":0.000200451,
    "15":0.0001057655,
    "16":0.0001006859,
    "17":0.0001022152,
    "18":0.000100361,
    "19":0.0001004339,
    "20":0.0001022731,
    "21":0.0,
    "22":0.00020028,
    "23":0.000000361,
    "24":0.0,
    "25":0.0,
    "26":0.000000361,
    "27":0.000001083,
    "28":0.0,
    "29":0.000100271,
    "30":0.0005828094,
    "31":0.000000461,
    "32":0.0,
    "33":0.000000271,
    "34":0.0,
    "35":0.0,
    "36":0.0000001,
    "37":0.0001006173,
    "38":0.0,
    "39":0.0001001,
    "40":0.0000015122,
    "41":0.000000932,
    "42":0.000200271,
    "43":0.0,
    "44":0.0,
    "45":0.0002007073,
    "46":0.0,
    "47":0.00019,
    "48":0.0000015447,
    "49":0.0004906669
  },
  "Uniform":{
    "0":0.001970703,
    "1":0.0008,
    "2":0.006723351,
    "3":0.004373,
    "4":0.00237,
    "5":0.0026619938,
    "6":0.010325516,
    "7":0.0052799,
    "8":0.00060038,
    "9":0.007203261,
    "10":0.0017001,
    "11":0.00130029,
    "12":0.0091107593,
    "13":0.004024,
    "14":0.00299029,
    "15":0.0040540613,
    "16":0.0027215808,
    "17":0.00100029,
    "18":0.00462228,
    "19":0.0020506149,
    "20":0.0039534932,
    "21":0.002160532,
    "22":0.00276,
    "23":0.001100371,
    "24":0.0049315769,
    "25":0.0020001,
    "26":0.002460171,
    "27":0.005273561,
    "28":0.0011001,
    "29":0.00140019,
    "30":0.0229463282,
    "31":0.00140019,
    "32":0.00120029,
    "33":0.00265039,
    "34":0.00318,
    "35":0.00160009,
    "36":0.00090009,
    "37":0.001200922,
    "38":0.0012,
    "39":0.0012,
    "40":0.00254018,
    "41":0.0011008859,
    "42":0.004061342,
    "43":0.001700271,
    "44":0.0027521825,
    "45":0.0011,
    "46":0.0009001,
    "47":0.00312009,
    "48":0.0045226149,
    "49":0.01152371
  },
  "Prop":{
    "0":0.003240613,
    "1":0.0006,
    "2":0.0067523249,
    "3":0.003840071,
    "4":0.00189,
    "5":0.0015820318,
    "6":0.010584371,
    "7":0.0054574339,
    "8":0.001400171,
    "9":0.0065741,
    "10":0.001200361,
    "11":0.0012,
    "12":0.0096686534,
    "13":0.0027311,
    "14":0.003591,
    "15":0.0053080333,
    "16":0.003971012,
    "17":0.0014001,
    "18":0.003501551,
    "19":0.00196009,
    "20":0.0047426274,
    "21":0.0019703249,
    "22":0.0018701,
    "23":0.0007,
    "24":0.0075860729,
    "25":0.0011,
    "26":0.003240742,
    "27":0.003150542,
    "28":0.00160029,
    "29":0.001100371,
    "30":0.0221930339,
    "31":0.0010001,
    "32":0.0008,
    "33":0.002880451,
    "34":0.0019501,
    "35":0.0009001,
    "36":0.0014,
    "37":0.001,
    "38":0.00130019,
    "39":0.001,
    "40":0.002641254,
    "41":0.001600461,
    "42":0.003542,
    "43":0.0006,
    "44":0.0026709569,
    "45":0.0012,
    "46":0.0012001,
    "47":0.003401171,
    "48":0.003822361,
    "49":0.01316681
  },
  "Delta_Uniform":{
    "0":-0.0019700171,
    "1":-0.0007999,
    "2":-0.006723351,
    "3":-0.00437223,
    "4":-0.00237,
    "5":-0.0023579065,
    "6":-0.0102246969,
    "7":-0.0052799,
    "8":-0.00060038,
    "9":-0.007203261,
    "10":-0.001699739,
    "11":-0.0013001,
    "12":-0.0086389737,
    "13":-0.00365281,
    "14":-0.002789839,
    "15":-0.0039482958,
    "16":-0.0026208949,
    "17":-0.0008980748,
    "18":-0.004521919,
    "19":-0.001950181,
    "20":-0.0038512201,
    "21":-0.002160532,
    "22":-0.00255972,
    "23":-0.00110001,
    "24":-0.0049315769,
    "25":-0.0020001,
    "26":-0.00245981,
    "27":-0.005272478,
    "28":-0.0011001,
    "29":-0.001299919,
    "30":-0.0223635188,
    "31":-0.001399729,
    "32":-0.00120029,
    "33":-0.002650119,
    "34":-0.00318,
    "35":-0.00160009,
    "36":-0.00089999,
    "37":-0.0011003047,
    "38":-0.0012,
    "39":-0.0010999,
    "40":-0.0025386678,
    "41":-0.0010999539,
    "42":-0.003861071,
    "43":-0.001700271,
    "44":-0.0027521825,
    "45":-0.0008992927,
    "46":-0.0009001,
    "47":-0.00293009,
    "48":-0.0045210702,
    "49":-0.0110330431
  },
  "Delta_Prop":{
    "0":-0.0032399271,
    "1":-0.0005999,
    "2":-0.0067523249,
    "3":-0.003839301,
    "4":-0.00189,
    "5":-0.0012779445,
    "6":-0.010483552,
    "7":-0.0054574339,
    "8":-0.001400171,
    "9":-0.0065741,
    "10":-0.0012,
    "11":-0.00119981,
    "12":-0.0091968678,
    "13":-0.00235991,
    "14":-0.003390549,
    "15":-0.0052022678,
    "16":-0.0038703261,
    "17":-0.0012978848,
    "18":-0.00340119,
    "19":-0.0018596561,
    "20":-0.0046403543,
    "21":-0.0019703249,
    "22":-0.00166982,
    "23":-0.000699639,
    "24":-0.0075860729,
    "25":-0.0011,
    "26":-0.003240381,
    "27":-0.003149459,
    "28":-0.00160029,
    "29":-0.0010001,
    "30":-0.0216102244,
    "31":-0.000999639,
    "32":-0.0008,
    "33":-0.00288018,
    "34":-0.0019501,
    "35":-0.0009001,
    "36":-0.0013999,
    "37":-0.0008993827,
    "38":-0.00130019,
    "39":-0.0008999,
    "40":-0.0026397418,
    "41":-0.001599529,
    "42":-0.003341729,
    "43":-0.0006,
    "44":-0.0026709569,
    "45":-0.0009992927,
    "46":-0.0012001,
    "47":-0.003211171,
    "48":-0.0038208163,
    "49":-0.0126761431
  }
}