{
  "Astrahl":{
    "0":0.0000002,
    "1":0.0,
    "2":0.0,
    "3":0.0,
    "4":0.0000063378,
    "5":0.0,
    "6":0.0,
    "7":0.00000109,
    "8":0.0,
    "9":0.000016826,
    "10":0.0000068719,
    "11":0.0000012439,
    "12":0.0000001,
    "13":0.0000011,
    "14":0.000001981,
    "15":0.00000019,
    "16":0.0,
    "17":0.000000551,
    "18":0.0,
    "19":0.000003261,
    "20":0.00000218,
    "21":0.00000109,
    "22":0.0000042788,
    "23":0.0,
    "24":0.0,
    "25":0.000002171,
    "26":0.0,
    "27":0.0,
    "28":0.0000072685,
    "29":0.0,
    "30":0.0000039024,
    "31":0.0,
    "32":0.0,
    "33":0.0,
    "34":0.0,
    "35":0.0000057379,
    "36":0.000004251,
    "37":0.000004052,
    "38":0.0,
    "39":0.0,
    "40":0.000005232,
    "41":0.0,
    "42":0.00000109,
    "43":0.00000109,
    "44":0.00000109,
    "45":0.0,
    "46":0.0000001,
    "47":0.000001171,
    "48":0.0,
    "49":0.000001171
  },
  "Uniform":{
    "0":0.00000791,
    "1":0.0000427616,
    "2":0.0000114829,
    "3":0.0000098,
    "4":0.0000103223,
    "5":0.0000068,
    "6":0.000003,
    "7":0.0000194831,
    "8":0.0000049,
    "9":0.0000336246,
    "10":0.0001064756,
    "11":0.0000001,
    "12":0.00000609,
    "13":0.00000499,
    "14":0.0000031,
    "15":0.00000499,
    "16":0.000003,
    "17":0.0000036049,
    "18":0.0,
    "19":0.00000799,
    "20":0.000005171,
    "21":0.000017101,
    "22":0.000007771,
    "23":0.000005071,
    "24":0.00000639,
    "25":0.000011023,
    "26":0.000049293,
    "27":0.00000329,
    "28":0.0001149153,
    "29":0.000002,
    "30":0.00000519,
    "31":0.0000082498,
    "32":0.000001,
    "33":0.0,
    "34":0.000001,
    "35":0.0000222202,
    "36":0.000009622,
    "37":0.000026669,
    "38":0.000009051,
    "39":0.00000109,
    "40":0.000009619,
    "41":0.000003261,
    "42":0.00000329,
    "43":0.0000031,
    "44":0.000003,
    "45":0.000005,
    "46":0.00000581,
    "47":0.000003981,
    "48":0.0000028569,
    "49":0.000003171
  },
  "Prop":{
    "0":0.0000135539,
    "1":0.0000228131,
    "2":0.0000096,
    "3":0.00001231,
    "4":0.0000177417,
    "5":0.00000618,
    "6":0.000001,
    "7":0.0000360131,
    "8":0.0000049,
    "9":0.0000697995,
    "10":0.0001366695,
    "11":0.00000128,
    "12":0.0000107,
    "13":0.000012771,
    "14":0.0000136349,
    "15":0.000010151,
    "16":0.000002,
    "17":0.0000184764,
    "18":0.000001,
    "19":0.0000137149,
    "20":0.000011942,
    "21":0.000014939,
    "22":0.000013571,
    "23":0.0000067,
    "24":0.0000022,
    "25":0.00000609,
    "26":0.0000740785,
    "27":0.00000509,
    "28":0.0001037484,
    "29":0.0000012,
    "30":0.000005971,
    "31":0.000012942,
    "32":0.000002,
    "33":0.00000409,
    "34":0.000001,
    "35":0.0000347475,
    "36":0.00002852,
    "37":0.0000224739,
    "38":0.0000093173,
    "39":0.000001,
    "40":0.0000194939,
    "41":0.0000096,
    "42":0.000006,
    "43":0.00000309,
    "44":0.00000219,
    "45":0.000001,
    "46":0.0000153,
    "47":0.0000077,
    "48":0.000005361,
    "49":0.000002
  },
  "Delta_Uniform":{
    "0":-0.00000771,
    "1":-0.0000427616,
    "2":-0.0000114829,
    "3":-0.0000098,
    "4":-0.0000039845,
    "5":-0.0000068,
    "6":-0.000003,
    "7":-0.0000183931,
    "8":-0.0000049,
    "9":-0.0000167986,
    "10":-0.0000996037,
    "11":0.0000011439,
    "12":-0.00000599,
    "13":-0.00000389,
    "14":-0.000001119,
    "15":-0.0000048,
    "16":-0.000003,
    "17":-0.0000030539,
    "18":0.0,
    "19":-0.000004729,
    "20":-0.000002991,
    "21":-0.000016011,
    "22":-0.0000034922,
    "23":-0.000005071,
    "24":-0.00000639,
    "25":-0.000008852,
    "26":-0.000049293,
    "27":-0.00000329,
    "28":-0.0001076468,
    "29":-0.000002,
    "30":-0.0000012876,
    "31":-0.0000082498,
    "32":-0.000001,
    "33":0.0,
    "34":-0.000001,
    "35":-0.0000164823,
    "36":-0.000005371,
    "37":-0.000022617,
    "38":-0.000009051,
    "39":-0.00000109,
    "40":-0.000004387,
    "41":-0.000003261,
    "42":-0.0000022,
    "43":-0.00000201,
    "44":-0.00000191,
    "45":-0.000005,
    "46":-0.00000571,
    "47":-0.00000281,
    "48":-0.0000028569,
    "49":-0.000002
  },
  "Delta_Prop":{
    "0":-0.0000133539,
    "1":-0.0000228131,
    "2":-0.0000096,
    "3":-0.00001231,
    "4":-0.0000114039,
    "5":-0.00000618,
    "6":-0.000001,
    "7":-0.0000349231,
    "8":-0.0000049,
    "9":-0.0000529735,
    "10":-0.0001297975,
    "11":-0.0000000361,
    "12":-0.0000106,
    "13":-0.000011671,
    "14":-0.0000116539,
    "15":-0.000009961,
    "16":-0.000002,
    "17":-0.0000179254,
    "18":-0.000001,
    "19":-0.0000104539,
    "20":-0.000009762,
    "21":-0.000013849,
    "22":-0.0000092922,
    "23":-0.0000067,
    "24":-0.0000022,
    "25":-0.000003919,
    "26":-0.0000740785,
    "27":-0.00000509,
    "28":-0.0000964798,
    "29":-0.0000012,
    "30":-0.0000020686,
    "31":-0.000012942,
    "32":-0.000002,
    "33":-0.00000409,
    "34":-0.000001,
    "35":-0.0000290096,
    "36":-0.000024269,
    "37":-0.0000184219,
    "38":-0.0000093173,
    "39":-0.000001,
    "40":-0.0000142619,
    "41":-0.0000096,
    "42":-0.00000491,
    "43":-0.000002,
    "44":-0.0000011,
    "45":-0.000001,
    "46":-0.0000152,
    "47":-0.000006529,
    "48":-0.000005361,
    "49":-0.000000829
  }
}