{
  "Astrahl":{
    "0":0.28600597,
    "1":0.289559116,
    "2":0.3383589925,
    "3":0.5963395559,
    "4":0.4386296805,
    "5":0.23293864,
    "6":0.5146753549,
    "7":0.3471995917,
    "8":0.5100754761,
    "9":0.7287554706,
    "10":0.3303360996,
    "11":0.310209103,
    "12":0.284316202,
    "13":0.5031533319,
    "14":0.3580750891,
    "15":0.4699787673,
    "16":0.3487534228,
    "17":0.2414317888,
    "18":0.3081236689,
    "19":0.2963669949,
    "20":0.298227583,
    "21":0.4398156315,
    "22":0.4158263301,
    "23":0.5822981677,
    "24":0.3316484657,
    "25":0.3987653688,
    "26":0.3420919472,
    "27":0.2954843783,
    "28":0.460995859,
    "29":0.2538680707,
    "30":0.3959344063,
    "31":0.329614111,
    "32":0.3105875358,
    "33":0.3062049882,
    "34":0.3288115711,
    "35":0.3625197377,
    "36":0.4774657661,
    "37":0.3409590572,
    "38":0.4831788809,
    "39":0.3411106232,
    "40":0.7031132364,
    "41":0.2979600743,
    "42":0.3962851381,
    "43":0.5365829269,
    "44":0.3540012265,
    "45":0.273285928,
    "46":0.5532786636,
    "47":0.4300688861,
    "48":0.3966305997,
    "49":0.271211707
  },
  "Uniform":{
    "0":0.293515885,
    "1":0.286884001,
    "2":0.3519154198,
    "3":0.5877260544,
    "4":0.4614723306,
    "5":0.23724703,
    "6":0.5083648665,
    "7":0.3595430278,
    "8":0.4957334583,
    "9":0.7263588152,
    "10":0.3731197051,
    "11":0.286255999,
    "12":0.297115777,
    "13":0.4960928937,
    "14":0.3513582451,
    "15":0.5053536879,
    "16":0.3571581529,
    "17":0.2309031253,
    "18":0.2975101408,
    "19":0.3124082843,
    "20":0.293031586,
    "21":0.4421137826,
    "22":0.4005576496,
    "23":0.5886025739,
    "24":0.348563818,
    "25":0.4084298946,
    "26":0.3561165877,
    "27":0.3130694758,
    "28":0.4538547064,
    "29":0.2507197213,
    "30":0.4192579933,
    "31":0.3487304026,
    "32":0.2981305635,
    "33":0.3051194398,
    "34":0.3486439513,
    "35":0.3793128528,
    "36":0.4552917912,
    "37":0.3504957534,
    "38":0.4904144285,
    "39":0.3611567195,
    "40":0.6702130903,
    "41":0.317138088,
    "42":0.408923104,
    "43":0.5432088396,
    "44":0.3680023875,
    "45":0.288027721,
    "46":0.582840071,
    "47":0.4426552112,
    "48":0.4038821546,
    "49":0.293562064
  },
  "Prop":{
    "0":0.30799594,
    "1":0.303556654,
    "2":0.3706271083,
    "3":0.6125595737,
    "4":0.4712544027,
    "5":0.24481837,
    "6":0.5083525863,
    "7":0.3566751337,
    "8":0.5192764228,
    "9":0.7388316599,
    "10":0.3539102918,
    "11":0.310125997,
    "12":0.308937727,
    "13":0.5152831208,
    "14":0.3574779166,
    "15":0.5101588735,
    "16":0.3559912507,
    "17":0.2376577234,
    "18":0.3165961555,
    "19":0.3156210541,
    "20":0.298721683,
    "21":0.4703101977,
    "22":0.428413855,
    "23":0.5941981517,
    "24":0.3552762767,
    "25":0.4250541499,
    "26":0.3648868457,
    "27":0.3071793059,
    "28":0.4749902922,
    "29":0.2621242468,
    "30":0.4338071197,
    "31":0.3557727775,
    "32":0.3125622032,
    "33":0.3205562958,
    "34":0.3588398254,
    "35":0.37178289,
    "36":0.4713244588,
    "37":0.3619489639,
    "38":0.5062276962,
    "39":0.3725197746,
    "40":0.6894120994,
    "41":0.3080616598,
    "42":0.4082029678,
    "43":0.5599741894,
    "44":0.3708952053,
    "45":0.303264154,
    "46":0.5783147854,
    "47":0.4685296978,
    "48":0.4219631884,
    "49":0.300777688
  },
  "Delta_Uniform":{
    "0":-0.007509915,
    "1":0.002675115,
    "2":-0.0135564273,
    "3":0.0086135014,
    "4":-0.0228426501,
    "5":-0.00430839,
    "6":0.0063104884,
    "7":-0.0123434361,
    "8":0.0143420178,
    "9":0.0023966554,
    "10":-0.0427836055,
    "11":0.023953104,
    "12":-0.012799575,
    "13":0.0070604381,
    "14":0.006716844,
    "15":-0.0353749206,
    "16":-0.0084047301,
    "17":0.0105286635,
    "18":0.0106135281,
    "19":-0.0160412894,
    "20":0.005195997,
    "21":-0.0022981511,
    "22":0.0152686805,
    "23":-0.0063044062,
    "24":-0.0169153523,
    "25":-0.0096645259,
    "26":-0.0140246405,
    "27":-0.0175850975,
    "28":0.0071411526,
    "29":0.0031483494,
    "30":-0.023323587,
    "31":-0.0191162916,
    "32":0.0124569724,
    "33":0.0010855484,
    "34":-0.0198323802,
    "35":-0.0167931151,
    "36":0.0221739749,
    "37":-0.0095366962,
    "38":-0.0072355476,
    "39":-0.0200460963,
    "40":0.0329001462,
    "41":-0.0191780136,
    "42":-0.0126379659,
    "43":-0.0066259127,
    "44":-0.014001161,
    "45":-0.014741793,
    "46":-0.0295614075,
    "47":-0.012586325,
    "48":-0.007251555,
    "49":-0.022350357
  },
  "Delta_Prop":{
    "0":-0.02198997,
    "1":-0.013997538,
    "2":-0.0322681158,
    "3":-0.0162200178,
    "4":-0.0326247223,
    "5":-0.01187973,
    "6":0.0063227686,
    "7":-0.009475542,
    "8":-0.0092009467,
    "9":-0.0100761893,
    "10":-0.0235741922,
    "11":0.000083106,
    "12":-0.024621525,
    "13":-0.012129789,
    "14":0.0005971725,
    "15":-0.0401801062,
    "16":-0.0072378279,
    "17":0.0037740654,
    "18":-0.0084724866,
    "19":-0.0192540592,
    "20":-0.0004941,
    "21":-0.0304945662,
    "22":-0.0125875249,
    "23":-0.011899984,
    "24":-0.023627811,
    "25":-0.0262887811,
    "26":-0.0227948985,
    "27":-0.0116949275,
    "28":-0.0139944332,
    "29":-0.0082561761,
    "30":-0.0378727134,
    "31":-0.0261586665,
    "32":-0.0019746674,
    "33":-0.0143513076,
    "34":-0.0300282543,
    "35":-0.0092631522,
    "36":0.0061413073,
    "37":-0.0209899067,
    "38":-0.0230488153,
    "39":-0.0314091513,
    "40":0.0137011371,
    "41":-0.0101015854,
    "42":-0.0119178297,
    "43":-0.0233912625,
    "44":-0.0168939788,
    "45":-0.029978226,
    "46":-0.0250361219,
    "47":-0.0384608117,
    "48":-0.0253325888,
    "49":-0.029565981
  }
}