{
  "Astrahl":{
    "0":0.001612701,
    "1":0.0026628865,
    "2":0.0025698849,
    "3":0.001208647,
    "4":0.0012366644,
    "5":0.001489087,
    "6":0.0014592931,
    "7":0.0029887424,
    "8":0.0078877654,
    "9":0.0028665337,
    "10":0.0017114641,
    "11":0.0022190233,
    "12":0.0016292842,
    "13":0.002683119,
    "14":0.00056962,
    "15":0.0010637872,
    "16":0.0028588659,
    "17":0.0014380131,
    "18":0.000652498,
    "19":0.0081183546,
    "20":0.0037178401,
    "21":0.0103453215,
    "22":0.0045506895,
    "23":0.0045850337,
    "24":0.0027326982,
    "25":0.001524066,
    "26":0.0046576194,
    "27":0.0010478443,
    "28":0.0025611435,
    "29":0.0009414635,
    "30":0.0020111655,
    "31":0.0013585772,
    "32":0.0078080583,
    "33":0.0013700976,
    "34":0.0038695419,
    "35":0.0015980311,
    "36":0.000765339,
    "37":0.001304578,
    "38":0.001493058,
    "39":0.0029729885,
    "40":0.0039991744,
    "41":0.001108308,
    "42":0.0011653631,
    "43":0.0045630175,
    "44":0.0017397901,
    "45":0.0175356457,
    "46":0.0018377594,
    "47":0.0027890565,
    "48":0.00066101,
    "49":0.0013840241
  },
  "Uniform":{
    "0":0.0012293061,
    "1":0.0022772632,
    "2":0.0023220036,
    "3":0.000993859,
    "4":0.0011870411,
    "5":0.0014421156,
    "6":0.0016812472,
    "7":0.001926998,
    "8":0.0076786364,
    "9":0.0034282872,
    "10":0.0013186328,
    "11":0.0020509288,
    "12":0.0016412621,
    "13":0.0025001546,
    "14":0.00064783,
    "15":0.0010291611,
    "16":0.0037448832,
    "17":0.0014223264,
    "18":0.001028389,
    "19":0.0071079529,
    "20":0.0028982331,
    "21":0.0103938295,
    "22":0.0042827057,
    "23":0.0040486592,
    "24":0.0026609876,
    "25":0.0011925801,
    "26":0.0045280611,
    "27":0.0012340421,
    "28":0.0022073159,
    "29":0.001431522,
    "30":0.0024142563,
    "31":0.001641694,
    "32":0.0080359468,
    "33":0.0015651368,
    "34":0.0050981249,
    "35":0.0012496551,
    "36":0.000880789,
    "37":0.0010024041,
    "38":0.0016061252,
    "39":0.0027647723,
    "40":0.003896473,
    "41":0.0011908691,
    "42":0.0012073782,
    "43":0.0042448642,
    "44":0.0018752174,
    "45":0.019945338,
    "46":0.0016066422,
    "47":0.0029112227,
    "48":0.001023538,
    "49":0.0013642321
  },
  "Prop":{
    "0":0.0012692302,
    "1":0.0029100226,
    "2":0.0017289702,
    "3":0.0013328631,
    "4":0.0010678751,
    "5":0.0019869662,
    "6":0.0013611586,
    "7":0.002957316,
    "8":0.0074642119,
    "9":0.0029385748,
    "10":0.0018252812,
    "11":0.0016462962,
    "12":0.0018532294,
    "13":0.0034953361,
    "14":0.00052442,
    "15":0.0010603321,
    "16":0.0040152404,
    "17":0.0015733849,
    "18":0.000827389,
    "19":0.0071643834,
    "20":0.0034418119,
    "21":0.0088802192,
    "22":0.0039511701,
    "23":0.0041618707,
    "24":0.0023884514,
    "25":0.0015255241,
    "26":0.0057331099,
    "27":0.0011821582,
    "28":0.0025904615,
    "29":0.001319119,
    "30":0.0029290687,
    "31":0.0017368625,
    "32":0.0100367964,
    "33":0.0014937207,
    "34":0.004424911,
    "35":0.0014577741,
    "36":0.00075167,
    "37":0.000953959,
    "38":0.0016983011,
    "39":0.0026338778,
    "40":0.0048350879,
    "41":0.0011313231,
    "42":0.0010407631,
    "43":0.0036084322,
    "44":0.0021770513,
    "45":0.0198162889,
    "46":0.0014757491,
    "47":0.0028070185,
    "48":0.000905725,
    "49":0.0009697651
  },
  "Delta_Uniform":{
    "0":0.0003833949,
    "1":0.0003856233,
    "2":0.0002478812,
    "3":0.000214788,
    "4":0.0000496233,
    "5":0.0000469714,
    "6":-0.0002219541,
    "7":0.0010617444,
    "8":0.000209129,
    "9":-0.0005617534,
    "10":0.0003928313,
    "11":0.0001680945,
    "12":-0.0000119779,
    "13":0.0001829645,
    "14":-0.00007821,
    "15":0.0000346261,
    "16":-0.0008860173,
    "17":0.0000156867,
    "18":-0.000375891,
    "19":0.0010104016,
    "20":0.000819607,
    "21":-0.000048508,
    "22":0.0002679838,
    "23":0.0005363745,
    "24":0.0000717106,
    "25":0.0003314859,
    "26":0.0001295583,
    "27":-0.0001861978,
    "28":0.0003538276,
    "29":-0.0004900585,
    "30":-0.0004030908,
    "31":-0.0002831168,
    "32":-0.0002278885,
    "33":-0.0001950392,
    "34":-0.0012285831,
    "35":0.000348376,
    "36":-0.00011545,
    "37":0.0003021739,
    "38":-0.0001130672,
    "39":0.0002082162,
    "40":0.0001027014,
    "41":-0.0000825611,
    "42":-0.0000420151,
    "43":0.0003181533,
    "44":-0.0001354273,
    "45":-0.0024096923,
    "46":0.0002311172,
    "47":-0.0001221662,
    "48":-0.000362528,
    "49":0.000019792
  },
  "Delta_Prop":{
    "0":0.0003434708,
    "1":-0.0002471361,
    "2":0.0008409147,
    "3":-0.0001242161,
    "4":0.0001687893,
    "5":-0.0004978792,
    "6":0.0000981345,
    "7":0.0000314264,
    "8":0.0004235535,
    "9":-0.000072041,
    "10":-0.0001138171,
    "11":0.0005727271,
    "12":-0.0002239452,
    "13":-0.0008122171,
    "14":0.0000452,
    "15":0.0000034551,
    "16":-0.0011563745,
    "17":-0.0001353718,
    "18":-0.000174891,
    "19":0.0009539712,
    "20":0.0002760283,
    "21":0.0014651023,
    "22":0.0005995193,
    "23":0.000423163,
    "24":0.0003442468,
    "25":-0.0000014581,
    "26":-0.0010754905,
    "27":-0.0001343139,
    "28":-0.000029318,
    "29":-0.0003776555,
    "30":-0.0009179032,
    "31":-0.0003782853,
    "32":-0.0022287381,
    "33":-0.0001236231,
    "34":-0.0005553691,
    "35":0.000140257,
    "36":0.000013669,
    "37":0.000350619,
    "38":-0.0002052431,
    "39":0.0003391107,
    "40":-0.0008359135,
    "41":-0.0000230151,
    "42":0.0001246,
    "43":0.0009545853,
    "44":-0.0004372612,
    "45":-0.0022806432,
    "46":0.0003620103,
    "47":-0.000017962,
    "48":-0.000244715,
    "49":0.000414259
  }
}