{
  "Astrahl":{
    "0":0.4703237913,
    "1":0.4362240656,
    "2":0.5621506096,
    "3":0.2967232148,
    "4":0.2049600583,
    "5":0.5202944654,
    "6":0.4675954165,
    "7":0.2329217199,
    "8":0.5614124074,
    "9":0.5202177675,
    "10":0.2164927185,
    "11":0.4521323096,
    "12":0.5011636852,
    "13":0.2861202034,
    "14":0.4046609107,
    "15":0.3074084828,
    "16":0.3194458205,
    "17":0.5034746875,
    "18":0.1756855733,
    "19":0.363340602,
    "20":0.2795514219,
    "21":0.5430651243,
    "22":0.3416480101,
    "23":0.2329538639,
    "24":0.3266266991,
    "25":0.4190214842,
    "26":0.3623378061,
    "27":0.3477261932,
    "28":0.3954282249,
    "29":0.4742625461,
    "30":0.5341936963,
    "31":0.4458514584,
    "32":0.4336193445,
    "33":0.3446956909,
    "34":0.5102451835,
    "35":0.5902403686,
    "36":0.3690256667,
    "37":0.4083012074,
    "38":0.4481508697,
    "39":0.2857181692,
    "40":0.5195845891,
    "41":0.4087221557,
    "42":0.4435658881,
    "43":0.3553276569,
    "44":0.3324675846,
    "45":0.3911101484,
    "46":0.2663535157,
    "47":0.5061123574,
    "48":0.3002347023,
    "49":0.3444780146,
    "50":0.5704017132,
    "51":0.2376057097,
    "52":0.3528318361,
    "53":0.2738508422,
    "54":0.4972489295,
    "55":0.3452390333,
    "56":0.2362957476,
    "57":0.4464227052,
    "58":0.3045328834,
    "59":0.4069348049,
    "60":0.5592924854,
    "61":0.3379447548,
    "62":0.4937981152,
    "63":0.2948980483,
    "64":0.4401631425,
    "65":0.5128034734,
    "66":0.4187654635,
    "67":0.4491087956,
    "68":0.3333007611,
    "69":0.4245772732,
    "70":0.490020196,
    "71":0.4614364403,
    "72":0.2008197613,
    "73":0.5238199521,
    "74":0.30967359,
    "75":0.4593830054,
    "76":0.4147689464,
    "77":0.2526700239,
    "78":0.4760916361,
    "79":0.2957285733,
    "80":0.4652173384,
    "81":0.5865523471,
    "82":0.5208548541,
    "83":0.4761534844,
    "84":0.4957562004,
    "85":0.4989878621,
    "86":0.2598230838,
    "87":0.4256774563,
    "88":0.2746167784,
    "89":0.3180605326,
    "90":0.5124474904,
    "91":0.2429304655,
    "92":0.3046229321,
    "93":0.4317672302,
    "94":0.5108676636,
    "95":0.3780247557,
    "96":0.3851226306,
    "97":0.5096225919,
    "98":0.5568219791,
    "99":0.4896546172
  },
  "Uniform":{
    "0":0.4966790283,
    "1":0.4344393388,
    "2":0.5419849891,
    "3":0.3171303789,
    "4":0.2170924924,
    "5":0.5119932399,
    "6":0.5024118689,
    "7":0.2478842481,
    "8":0.5839134607,
    "9":0.5230802325,
    "10":0.2246735214,
    "11":0.4728029926,
    "12":0.5275051944,
    "13":0.3001331931,
    "14":0.4626992499,
    "15":0.323073005,
    "16":0.3298469102,
    "17":0.5063760599,
    "18":0.1838534113,
    "19":0.3784646718,
    "20":0.3053925694,
    "21":0.5618770129,
    "22":0.3638148686,
    "23":0.2375002582,
    "24":0.3465616464,
    "25":0.4487596338,
    "26":0.3598938268,
    "27":0.3620965319,
    "28":0.4028258514,
    "29":0.4848306597,
    "30":0.5824684517,
    "31":0.4571964245,
    "32":0.425995142,
    "33":0.3519951943,
    "34":0.5423395406,
    "35":0.6081257586,
    "36":0.3893953888,
    "37":0.4405816714,
    "38":0.4488214383,
    "39":0.3124855279,
    "40":0.5524251928,
    "41":0.4333424417,
    "42":0.458272965,
    "43":0.3723608829,
    "44":0.3463415284,
    "45":0.398246054,
    "46":0.2862751887,
    "47":0.5295977965,
    "48":0.3204626129,
    "49":0.3934704551,
    "50":0.6015766808,
    "51":0.2555354393,
    "52":0.4044597758,
    "53":0.2962222846,
    "54":0.5220269388,
    "55":0.3796028154,
    "56":0.2304961756,
    "57":0.4653083501,
    "58":0.3188129464,
    "59":0.4702795315,
    "60":0.5797453998,
    "61":0.3654684204,
    "62":0.5181714205,
    "63":0.3069418983,
    "64":0.4298293046,
    "65":0.5275499791,
    "66":0.4330292102,
    "67":0.4502352276,
    "68":0.3482055484,
    "69":0.4460357913,
    "70":0.4986466837,
    "71":0.4780611366,
    "72":0.2181270069,
    "73":0.5414309681,
    "74":0.3123015075,
    "75":0.4753173465,
    "76":0.4417651763,
    "77":0.2735328387,
    "78":0.4721105106,
    "79":0.3257242176,
    "80":0.4679297035,
    "81":0.5970499337,
    "82":0.5231536603,
    "83":0.5115265015,
    "84":0.5032140695,
    "85":0.5384135337,
    "86":0.281319996,
    "87":0.4437676603,
    "88":0.2933747272,
    "89":0.3412321158,
    "90":0.5366018816,
    "91":0.2524256921,
    "92":0.3299776029,
    "93":0.4769981712,
    "94":0.4761042758,
    "95":0.3945305605,
    "96":0.4150185947,
    "97":0.4938561923,
    "98":0.5674912709,
    "99":0.5070077505
  },
  "Prop":{
    "0":0.4851244549,
    "1":0.4226814034,
    "2":0.5085988343,
    "3":0.3217551302,
    "4":0.2141898546,
    "5":0.5025504848,
    "6":0.4875793688,
    "7":0.2496853491,
    "8":0.5484259214,
    "9":0.5226395139,
    "10":0.2314830577,
    "11":0.4493627844,
    "12":0.5168474132,
    "13":0.283225327,
    "14":0.4282322454,
    "15":0.3149647987,
    "16":0.3252353278,
    "17":0.4840846355,
    "18":0.1920577241,
    "19":0.3728206277,
    "20":0.2981399212,
    "21":0.5543543601,
    "22":0.3609851758,
    "23":0.2368013481,
    "24":0.3501298515,
    "25":0.4440183398,
    "26":0.3534511447,
    "27":0.3467199982,
    "28":0.3859923761,
    "29":0.4769457603,
    "30":0.5609949395,
    "31":0.4411074537,
    "32":0.413762232,
    "33":0.3465613806,
    "34":0.5207642845,
    "35":0.5835811885,
    "36":0.3882419862,
    "37":0.4272633668,
    "38":0.432153892,
    "39":0.3007832562,
    "40":0.5361579804,
    "41":0.3982767367,
    "42":0.422431079,
    "43":0.3653142553,
    "44":0.3308380278,
    "45":0.3818933587,
    "46":0.2859112556,
    "47":0.5116260697,
    "48":0.3113340709,
    "49":0.3814932039,
    "50":0.5709095576,
    "51":0.2531837505,
    "52":0.3741849638,
    "53":0.2846007117,
    "54":0.4847453479,
    "55":0.3750774239,
    "56":0.2364024275,
    "57":0.4555173243,
    "58":0.3239011581,
    "59":0.4409163134,
    "60":0.5700184443,
    "61":0.3523662262,
    "62":0.5062739097,
    "63":0.3081545574,
    "64":0.3980073682,
    "65":0.4876982924,
    "66":0.3845418878,
    "67":0.4333931645,
    "68":0.3396520035,
    "69":0.4363336717,
    "70":0.5004295292,
    "71":0.4634760306,
    "72":0.2161690561,
    "73":0.520407129,
    "74":0.3144662531,
    "75":0.4440594733,
    "76":0.4069245215,
    "77":0.2756649398,
    "78":0.4559123605,
    "79":0.3168688021,
    "80":0.4605132669,
    "81":0.5844625993,
    "82":0.5083472139,
    "83":0.4897905391,
    "84":0.4688471142,
    "85":0.5348412993,
    "86":0.2874028829,
    "87":0.4280884865,
    "88":0.2940141885,
    "89":0.3283089478,
    "90":0.5240237307,
    "91":0.2580118335,
    "92":0.3263768877,
    "93":0.4543468991,
    "94":0.4581842112,
    "95":0.3656554189,
    "96":0.4093698686,
    "97":0.4694481515,
    "98":0.5501591635,
    "99":0.4730979086
  },
  "Delta_Uniform":{
    "0":-0.026355237,
    "1":0.0017847268,
    "2":0.0201656205,
    "3":-0.0204071641,
    "4":-0.0121324341,
    "5":0.0083012255,
    "6":-0.0348164524,
    "7":-0.0149625282,
    "8":-0.0225010533,
    "9":-0.002862465,
    "10":-0.0081808029,
    "11":-0.020670683,
    "12":-0.0263415092,
    "13":-0.0140129897,
    "14":-0.0580383392,
    "15":-0.0156645222,
    "16":-0.0104010897,
    "17":-0.0029013724,
    "18":-0.008167838,
    "19":-0.0151240698,
    "20":-0.0258411475,
    "21":-0.0188118886,
    "22":-0.0221668586,
    "23":-0.0045463943,
    "24":-0.0199349473,
    "25":-0.0297381496,
    "26":0.0024439793,
    "27":-0.0143703387,
    "28":-0.0073976265,
    "29":-0.0105681136,
    "30":-0.0482747554,
    "31":-0.0113449661,
    "32":0.0076242025,
    "33":-0.0072995034,
    "34":-0.032094357,
    "35":-0.01788539,
    "36":-0.0203697221,
    "37":-0.0322804641,
    "38":-0.0006705686,
    "39":-0.0267673587,
    "40":-0.0328406037,
    "41":-0.024620286,
    "42":-0.0147070769,
    "43":-0.017033226,
    "44":-0.0138739438,