{
  "Astrahl":{
    "0":0.19769454,
    "1":0.4232861622,
    "2":0.3592279784,
    "3":0.2308743317,
    "4":0.17223633,
    "5":0.2238921839,
    "6":0.209767239,
    "7":0.261805761,
    "8":0.178666945,
    "9":0.184761998,
    "10":0.2389901798,
    "11":0.3537330744,
    "12":0.2495402956,
    "13":0.234896059,
    "14":0.18721027,
    "15":0.224653584,
    "16":0.204682464,
    "17":0.240165748,
    "18":0.3133384181,
    "19":0.2496287421,
    "20":0.16217802,
    "21":0.1747174041,
    "22":0.211508478,
    "23":0.214282809,
    "24":0.205574019,
    "25":0.17357283,
    "26":0.1987713199,
    "27":0.2352590355,
    "28":0.16630722,
    "29":0.2798434663,
    "30":0.2532897091,
    "31":0.2184065713,
    "32":0.191004028,
    "33":0.15791931,
    "34":0.19414437,
    "35":0.230499928,
    "36":0.20417705,
    "37":0.17078603,
    "38":0.3178668331,
    "39":0.2272291255,
    "40":0.223588809,
    "41":0.269587486,
    "42":0.2738772623,
    "43":0.245181195,
    "44":0.159083179,
    "45":0.213760539,
    "46":0.230123709,
    "47":0.239936755,
    "48":0.3602825506,
    "49":0.2156865759
  },
  "Uniform":{
    "0":0.246240259,
    "1":0.4522624361,
    "2":0.3554911483,
    "3":0.2422467533,
    "4":0.19723301,
    "5":0.272833597,
    "6":0.24430473,
    "7":0.3237571611,
    "8":0.206569638,
    "9":0.18922496,
    "10":0.2425426882,
    "11":0.3643126439,
    "12":0.2963782415,
    "13":0.2866891042,
    "14":0.210393278,
    "15":0.2523021562,
    "16":0.2454172343,
    "17":0.299810746,
    "18":0.3618567499,
    "19":0.2841966621,
    "20":0.19167142,
    "21":0.215856387,
    "22":0.252569205,
    "23":0.244885878,
    "24":0.247812948,
    "25":0.19151171,
    "26":0.2467801205,
    "27":0.2462678174,
    "28":0.19976054,
    "29":0.3226381722,
    "30":0.289731078,
    "31":0.248332193,
    "32":0.24937786,
    "33":0.18611771,
    "34":0.252125569,
    "35":0.23451345,
    "36":0.237337389,
    "37":0.21484702,
    "38":0.3091044061,
    "39":0.2276429499,
    "40":0.2797278831,
    "41":0.288059707,
    "42":0.2912126312,
    "43":0.273478807,
    "44":0.207670777,
    "45":0.250523389,
    "46":0.276434416,
    "47":0.233943416,
    "48":0.3872450318,
    "49":0.23485626
  },
  "Prop":{
    "0":0.22944554,
    "1":0.4686711522,
    "2":0.3736892623,
    "3":0.2511405442,
    "4":0.21227703,
    "5":0.2565956521,
    "6":0.246081958,
    "7":0.306433567,
    "8":0.20350256,
    "9":0.19115998,
    "10":0.2655193094,
    "11":0.3925241729,
    "12":0.2976900814,
    "13":0.293843404,
    "14":0.203387049,
    "15":0.2550492479,
    "16":0.2412386783,
    "17":0.2710677321,
    "18":0.3667862163,
    "19":0.2774950541,
    "20":0.1802472,
    "21":0.2233523582,
    "22":0.249172254,
    "23":0.233709309,
    "24":0.245959669,
    "25":0.18871381,
    "26":0.228964142,
    "27":0.2750132938,
    "28":0.19875681,
    "29":0.3314502982,
    "30":0.2839500621,
    "31":0.2495539674,
    "32":0.238317408,
    "33":0.19752093,
    "34":0.241382719,
    "35":0.242054929,
    "36":0.22671954,
    "37":0.18223691,
    "38":0.3455464204,
    "39":0.2440234971,
    "40":0.269723628,
    "41":0.3014654491,
    "42":0.285426082,
    "43":0.2869783811,
    "44":0.196967697,
    "45":0.249555168,
    "46":0.286093846,
    "47":0.2480775291,
    "48":0.409291985,
    "49":0.230760682
  },
  "Delta_Uniform":{
    "0":-0.048545719,
    "1":-0.0289762739,
    "2":0.0037368301,
    "3":-0.0113724216,
    "4":-0.02499668,
    "5":-0.0489414131,
    "6":-0.034537491,
    "7":-0.0619514001,
    "8":-0.027902693,
    "9":-0.004462962,
    "10":-0.0035525084,
    "11":-0.0105795695,
    "12":-0.0468379459,
    "13":-0.0517930452,
    "14":-0.023183008,
    "15":-0.0276485722,
    "16":-0.0407347703,
    "17":-0.059644998,
    "18":-0.0485183317,
    "19":-0.03456792,
    "20":-0.0294934,
    "21":-0.0411389829,
    "22":-0.041060727,
    "23":-0.030603069,
    "24":-0.042238929,
    "25":-0.01793888,
    "26":-0.0480088006,
    "27":-0.0110087819,
    "28":-0.03345332,
    "29":-0.0427947059,
    "30":-0.0364413689,
    "31":-0.0299256217,
    "32":-0.058373832,
    "33":-0.0281984,
    "34":-0.057981199,
    "35":-0.004013522,
    "36":-0.033160339,
    "37":-0.04406099,
    "38":0.008762427,
    "39":-0.0004138244,
    "40":-0.0561390741,
    "41":-0.018472221,
    "42":-0.0173353689,
    "43":-0.028297612,
    "44":-0.048587598,
    "45":-0.03676285,
    "46":-0.046310707,
    "47":0.005993339,
    "48":-0.0269624812,
    "49":-0.0191696841
  },
  "Delta_Prop":{
    "0":-0.031751,
    "1":-0.04538499,
    "2":-0.0144612839,
    "3":-0.0202662125,
    "4":-0.0400407,
    "5":-0.0327034682,
    "6":-0.036314719,
    "7":-0.044627806,
    "8":-0.024835615,
    "9":-0.006397982,
    "10":-0.0265291296,
    "11":-0.0387910985,
    "12":-0.0481497858,
    "13":-0.058947345,
    "14":-0.016176779,
    "15":-0.0303956639,
    "16":-0.0365562143,
    "17":-0.0309019841,
    "18":-0.0534477981,
    "19":-0.027866312,
    "20":-0.01806918,
    "21":-0.0486349541,
    "22":-0.037663776,
    "23":-0.0194265,
    "24":-0.04038565,
    "25":-0.01514098,
    "26":-0.0301928221,
    "27":-0.0397542583,
    "28":-0.03244959,
    "29":-0.0516068319,
    "30":-0.030660353,
    "31":-0.0311473961,
    "32":-0.04731338,
    "33":-0.03960162,
    "34":-0.047238349,
    "35":-0.011555001,
    "36":-0.02254249,
    "37":-0.01145088,
    "38":-0.0276795873,
    "39":-0.0167943716,
    "40":-0.046134819,
    "41":-0.0318779631,
    "42":-0.0115488197,
    "43":-0.0417971861,
    "44":-0.037884518,
    "45":-0.035794629,
    "46":-0.055970137,
    "47":-0.0081407741,
    "48":-0.0490094344,
    "49":-0.0150741061
  }
}