{
  "Astrahl":{
    "0":0.03566599,
    "1":0.058444774,
    "2":0.0762141769,
    "3":0.0359002,
    "4":0.050097651,
    "5":0.0696869059,
    "6":0.0292712,
    "7":0.051746482,
    "8":0.0408984359,
    "9":0.0607383,
    "10":0.06484961,
    "11":0.0248324,
    "12":0.0532610107,
    "13":0.053435082,
    "14":0.0719309772,
    "15":0.0470961,
    "16":0.04160254,
    "17":0.069046611,
    "18":0.0402051,
    "19":0.0747791,
    "20":0.040351641,
    "21":0.0790120689,
    "22":0.0403512,
    "23":0.0427661592,
    "24":0.031534,
    "25":0.02820499,
    "26":0.057504033,
    "27":0.0910823226,
    "28":0.0727168979,
    "29":0.0828084,
    "30":0.03417025,
    "31":0.038150264,
    "32":0.038496252,
    "33":0.0346663617,
    "34":0.03803469,
    "35":0.065833304,
    "36":0.05576831,
    "37":0.0616125813,
    "38":0.0610936359,
    "39":0.061126984,
    "40":0.03317479,
    "41":0.0302002,
    "42":0.07442806,
    "43":0.075864554,
    "44":0.03973247,
    "45":0.0670320105,
    "46":0.03291713,
    "47":0.040794872,
    "48":0.0347237,
    "49":0.03971659
  },
  "Uniform":{
    "0":0.06803949,
    "1":0.112476351,
    "2":0.1421321778,
    "3":0.064931,
    "4":0.13255702,
    "5":0.143496632,
    "6":0.0697172,
    "7":0.0761122,
    "8":0.08430519,
    "9":0.1057859,
    "10":0.074947271,
    "11":0.07943529,
    "12":0.0784651952,
    "13":0.107160741,
    "14":0.1161700647,
    "15":0.0666274,
    "16":0.07213478,
    "17":0.099586161,
    "18":0.065271,
    "19":0.1358477749,
    "20":0.078694,
    "21":0.13508359,
    "22":0.0691392,
    "23":0.076845522,
    "24":0.0657411,
    "25":0.0719003,
    "26":0.0824927485,
    "27":0.1526117216,
    "28":0.1366606149,
    "29":0.21145389,
    "30":0.07584268,
    "31":0.08288878,
    "32":0.090736269,
    "33":0.069615261,
    "34":0.073195,
    "35":0.111186742,
    "36":0.0899785049,
    "37":0.10303269,
    "38":0.0761933579,
    "39":0.1037645342,
    "40":0.068441,
    "41":0.0718259,
    "42":0.13205589,
    "43":0.127776652,
    "44":0.0750932,
    "45":0.084899381,
    "46":0.07200609,
    "47":0.08019058,
    "48":0.0727337,
    "49":0.060085
  },
  "Prop":{
    "0":0.0677092,
    "1":0.09401221,
    "2":0.1245946849,
    "3":0.0643301,
    "4":0.145847889,
    "5":0.1200965524,
    "6":0.049821,
    "7":0.0677330659,
    "8":0.07163319,
    "9":0.10986719,
    "10":0.0821471309,
    "11":0.066936,
    "12":0.0826213509,
    "13":0.1054288308,
    "14":0.0980523397,
    "15":0.074152002,
    "16":0.0628365,
    "17":0.0967883959,
    "18":0.0707902,
    "19":0.1395636594,
    "20":0.055733,
    "21":0.1238992261,
    "22":0.0656393,
    "23":0.0747590859,
    "24":0.05012839,
    "25":0.0580611,
    "26":0.0761999962,
    "27":0.1306988061,
    "28":0.123258461,
    "29":0.168603771,
    "30":0.06442197,
    "31":0.0735264259,
    "32":0.05985959,
    "33":0.0813033889,
    "34":0.065521361,
    "35":0.0945774759,
    "36":0.1002972,
    "37":0.0981231834,
    "38":0.0655155479,
    "39":0.100377122,
    "40":0.05387949,
    "41":0.065372851,
    "42":0.11299989,
    "43":0.127323679,
    "44":0.0734851,
    "45":0.0796512119,
    "46":0.058970841,
    "47":0.074368751,
    "48":0.0688132,
    "49":0.0656379
  },
  "Delta_Uniform":{
    "0":-0.0323735,
    "1":-0.054031577,
    "2":-0.0659180009,
    "3":-0.0290308,
    "4":-0.082459369,
    "5":-0.0738097261,
    "6":-0.040446,
    "7":-0.024365718,
    "8":-0.0434067541,
    "9":-0.0450476,
    "10":-0.010097661,
    "11":-0.05460289,
    "12":-0.0252041845,
    "13":-0.053725659,
    "14":-0.0442390875,
    "15":-0.0195313,
    "16":-0.03053224,
    "17":-0.03053955,
    "18":-0.0250659,
    "19":-0.0610686749,
    "20":-0.038342359,
    "21":-0.0560715211,
    "22":-0.028788,
    "23":-0.0340793628,
    "24":-0.0342071,
    "25":-0.04369531,
    "26":-0.0249887155,
    "27":-0.061529399,
    "28":-0.063943717,
    "29":-0.12864549,
    "30":-0.04167243,
    "31":-0.044738516,
    "32":-0.052240017,
    "33":-0.0349488993,
    "34":-0.03516031,
    "35":-0.045353438,
    "36":-0.0342101949,
    "37":-0.0414201087,
    "38":-0.015099722,
    "39":-0.0426375502,
    "40":-0.03526621,
    "41":-0.0416257,
    "42":-0.05762783,
    "43":-0.051912098,
    "44":-0.03536073,
    "45":-0.0178673705,
    "46":-0.03908896,
    "47":-0.039395708,
    "48":-0.03801,
    "49":-0.02036841
  },
  "Delta_Prop":{
    "0":-0.03204321,
    "1":-0.035567436,
    "2":-0.048380508,
    "3":-0.0284299,
    "4":-0.095750238,
    "5":-0.0504096465,
    "6":-0.0205498,
    "7":-0.0159865839,
    "8":-0.0307347541,
    "9":-0.04912889,
    "10":-0.0172975209,
    "11":-0.0421036,
    "12":-0.0293603402,
    "13":-0.0519937488,
    "14":-0.0261213625,
    "15":-0.027055902,
    "16":-0.02123396,
    "17":-0.0277417849,
    "18":-0.0305851,
    "19":-0.0647845594,
    "20":-0.015381359,
    "21":-0.0448871572,
    "22":-0.0252881,
    "23":-0.0319929267,
    "24":-0.01859439,
    "25":-0.02985611,
    "26":-0.0186959633,
    "27":-0.0396164835,
    "28":-0.0505415631,
    "29":-0.085795371,
    "30":-0.03025172,
    "31":-0.0353761619,
    "32":-0.021363338,
    "33":-0.0466370272,
    "34":-0.027486671,
    "35":-0.0287441719,
    "36":-0.04452889,
    "37":-0.0365106021,
    "38":-0.004421912,
    "39":-0.039250138,
    "40":-0.0207047,
    "41":-0.035172651,
    "42":-0.03857183,
    "43":-0.051459125,
    "44":-0.03375263,
    "45":-0.0126192014,
    "46":-0.026053711,
    "47":-0.033573879,
    "48":-0.0340895,
    "49":-0.02592131
  }
}