{
  "Astrahl":{
    "0":0.0775215737,
    "1":0.08001338,
    "2":0.11181672,
    "3":0.0866660253,
    "4":0.106149766,
    "5":0.168117297,
    "6":0.0892943468,
    "7":0.096868974,
    "8":0.066610201,
    "9":0.08776718,
    "10":0.0531942,
    "11":0.0743897175,
    "12":0.05840356,
    "13":0.08148111,
    "14":0.057355544,
    "15":0.0753106405,
    "16":0.1254688989,
    "17":0.1005233966,
    "18":0.0737519155,
    "19":0.0717378768,
    "20":0.1512399299,
    "21":0.1531276631,
    "22":0.0956173393,
    "23":0.10953501,
    "24":0.1203038376,
    "25":0.058484218,
    "26":0.0585141,
    "27":0.080046913,
    "28":0.121192777,
    "29":0.0668976428,
    "30":0.1328772733,
    "31":0.08634974,
    "32":0.101038653,
    "33":0.1359969513,
    "34":0.0657239828,
    "35":0.092702245,
    "36":0.0766066928,
    "37":0.0764203693,
    "38":0.0996748874,
    "39":0.08045568,
    "40":0.077410851,
    "41":0.069134831,
    "42":0.0694608649,
    "43":0.0808849439,
    "44":0.1589917175,
    "45":0.1282835196,
    "46":0.1405160316,
    "47":0.079139632,
    "48":0.09585566,
    "49":0.0707653126
  },
  "Uniform":{
    "0":0.1764613248,
    "1":0.161615951,
    "2":0.195414161,
    "3":0.1533876297,
    "4":0.2418235496,
    "5":0.330792327,
    "6":0.174679672,
    "7":0.171791741,
    "8":0.12028279,
    "9":0.16664067,
    "10":0.11863039,
    "11":0.1309235662,
    "12":0.109876541,
    "13":0.16081939,
    "14":0.12020294,
    "15":0.110621893,
    "16":0.2385212703,
    "17":0.2074222231,
    "18":0.1327523164,
    "19":0.1319629465,
    "20":0.2693543496,
    "21":0.2364316,
    "22":0.1724034185,
    "23":0.230118162,
    "24":0.1896066793,
    "25":0.131463422,
    "26":0.1167414,
    "27":0.157078341,
    "28":0.2438416022,
    "29":0.1185928932,
    "30":0.2326907961,
    "31":0.1498261,
    "32":0.1950242805,
    "33":0.2926731647,
    "34":0.1184083087,
    "35":0.167595592,
    "36":0.1540242876,
    "37":0.121855014,
    "38":0.2031038949,
    "39":0.1745103,
    "40":0.156457131,
    "41":0.12913017,
    "42":0.120046601,
    "43":0.165432562,
    "44":0.3049995997,
    "45":0.2368443789,
    "46":0.2615855913,
    "47":0.165096601,
    "48":0.20535998,
    "49":0.103670455
  },
  "Prop":{
    "0":0.1363570592,
    "1":0.15222478,
    "2":0.19833369,
    "3":0.1491153208,
    "4":0.2457239527,
    "5":0.3245859905,
    "6":0.153628452,
    "7":0.161439841,
    "8":0.117482431,
    "9":0.15828688,
    "10":0.11825569,
    "11":0.125704201,
    "12":0.10329637,
    "13":0.167338051,
    "14":0.130140852,
    "15":0.119484401,
    "16":0.2322083552,
    "17":0.1667041253,
    "18":0.1180830797,
    "19":0.1283225379,
    "20":0.2565724956,
    "21":0.2519048923,
    "22":0.1658560674,
    "23":0.215613662,
    "24":0.1874765451,
    "25":0.1194816128,
    "26":0.1158335,
    "27":0.14600309,
    "28":0.2112515617,
    "29":0.1349704278,
    "30":0.2184728939,
    "31":0.1460735,
    "32":0.1859954933,
    "33":0.2904363855,
    "34":0.1260703561,
    "35":0.148954321,
    "36":0.1627936157,
    "37":0.1231287337,
    "38":0.1975861871,
    "39":0.16720498,
    "40":0.1531912479,
    "41":0.11621746,
    "42":0.117906791,
    "43":0.1568648175,
    "44":0.2749533187,
    "45":0.2302996508,
    "46":0.2509955273,
    "47":0.173100611,
    "48":0.18834789,
    "49":0.1130153856
  },
  "Delta_Uniform":{
    "0":-0.0989397511,
    "1":-0.081602571,
    "2":-0.083597441,
    "3":-0.0667216044,
    "4":-0.1356737836,
    "5":-0.16267503,
    "6":-0.0853853252,
    "7":-0.074922767,
    "8":-0.053672589,
    "9":-0.07887349,
    "10":-0.06543619,
    "11":-0.0565338487,
    "12":-0.051472981,
    "13":-0.07933828,
    "14":-0.062847396,
    "15":-0.0353112525,
    "16":-0.1130523715,
    "17":-0.1068988265,
    "18":-0.0590004009,
    "19":-0.0602250697,
    "20":-0.1181144196,
    "21":-0.0833039369,
    "22":-0.0767860792,
    "23":-0.120583152,
    "24":-0.0693028417,
    "25":-0.072979204,
    "26":-0.0582273,
    "27":-0.077031428,
    "28":-0.1226488253,
    "29":-0.0516952504,
    "30":-0.0998135228,
    "31":-0.06347636,
    "32":-0.0939856275,
    "33":-0.1566762134,
    "34":-0.0526843259,
    "35":-0.074893347,
    "36":-0.0774175948,
    "37":-0.0454346447,
    "38":-0.1034290075,
    "39":-0.09405462,
    "40":-0.07904628,
    "41":-0.059995339,
    "42":-0.0505857361,
    "43":-0.0845476181,
    "44":-0.1460078822,
    "45":-0.1085608593,
    "46":-0.1210695597,
    "47":-0.085956969,
    "48":-0.10950432,
    "49":-0.0329051424
  },
  "Delta_Prop":{
    "0":-0.0588354855,
    "1":-0.0722114,
    "2":-0.08651697,
    "3":-0.0624492955,
    "4":-0.1395741866,
    "5":-0.1564686935,
    "6":-0.0643341052,
    "7":-0.064570867,
    "8":-0.05087223,
    "9":-0.0705197,
    "10":-0.06506149,
    "11":-0.0513144835,
    "12":-0.04489281,
    "13":-0.085856941,
    "14":-0.072785308,
    "15":-0.0441737605,
    "16":-0.1067394564,
    "17":-0.0661807287,
    "18":-0.0443311642,
    "19":-0.0565846611,
    "20":-0.1053325657,
    "21":-0.0987772292,
    "22":-0.0702387282,
    "23":-0.106078652,
    "24":-0.0671727075,
    "25":-0.0609973948,
    "26":-0.0573194,
    "27":-0.065956177,
    "28":-0.0900587848,
    "29":-0.068072785,
    "30":-0.0855956205,
    "31":-0.05972376,
    "32":-0.0849568403,
    "33":-0.1544394342,
    "34":-0.0603463733,
    "35":-0.056252076,
    "36":-0.0861869229,
    "37":-0.0467083644,
    "38":-0.0979112996,
    "39":-0.0867493,
    "40":-0.0757803969,
    "41":-0.047082629,
    "42":-0.0484459261,
    "43":-0.0759798736,
    "44":-0.1159616012,
    "45":-0.1020161312,
    "46":-0.1104794957,
    "47":-0.093960979,
    "48":-0.09249223,
    "49":-0.042250073
  }
}