{
  "Astrahl":{
    "0":0.0119330147,
    "1":0.0139162023,
    "2":0.006091267,
    "3":0.002995369,
    "4":0.00245706,
    "5":0.0051585,
    "6":0.003235129,
    "7":0.00327608,
    "8":0.0057387341,
    "9":0.0037016161,
    "10":0.0074500881,
    "11":0.004626541,
    "12":0.0040951,
    "13":0.00286657,
    "14":0.003748472,
    "15":0.003279913,
    "16":0.0036519217,
    "17":0.0041268,
    "18":0.0060444111,
    "19":0.0094963601,
    "20":0.0087967161,
    "21":0.0037829,
    "22":0.007289278,
    "23":0.006091267,
    "24":0.005651238,
    "25":0.003439,
    "26":0.0020634,
    "27":0.0041736248,
    "28":0.0041736248,
    "29":0.0017195,
    "30":0.0089986181,
    "31":0.00286657,
    "32":0.00491412,
    "33":0.0074500881,
    "34":0.001874236,
    "35":0.0129341119,
    "36":0.00468559,
    "37":0.0049006361,
    "38":0.00614265,
    "39":0.00409241,
    "40":0.0062604372,
    "41":0.002811354,
    "42":0.0036519217,
    "43":0.0091886927,
    "44":0.0030951,
    "45":0.007248327,
    "46":0.00099731,
    "47":0.0089986181,
    "48":0.00368559,
    "49":0.0067383746
  },
  "Uniform":{
    "0":0.0325668162,
    "1":0.0357336545,
    "2":0.01157042,
    "3":0.017577269,
    "4":0.0083368,
    "5":0.01678961,
    "6":0.0125534,
    "7":0.01035391,
    "8":0.01635836,
    "9":0.01198842,
    "10":0.028791356,
    "11":0.01346383,
    "12":0.00945221,
    "13":0.0109728,
    "14":0.011604869,
    "15":0.01445621,
    "16":0.015359989,
    "17":0.00957731,
    "18":0.01786206,
    "19":0.027610128,
    "20":0.027118059,
    "21":0.0154222,
    "22":0.01411932,
    "23":0.019677727,
    "24":0.01548653,
    "25":0.00985801,
    "26":0.0101976,
    "27":0.0184102201,
    "28":0.01201142,
    "29":0.01023711,
    "30":0.024449453,
    "31":0.01001852,
    "32":0.0123172,
    "33":0.0120014,
    "34":0.014260338,
    "35":0.0394277806,
    "36":0.017833399,
    "37":0.0299866833,
    "38":0.01601441,
    "39":0.0117784,
    "40":0.0202889339,
    "41":0.01232453,
    "42":0.014430109,
    "43":0.0238029191,
    "44":0.01010211,
    "45":0.019692879,
    "46":0.0088877,
    "47":0.025964605,
    "48":0.00991741,
    "49":0.018082128
  },
  "Prop":{
    "0":0.0309386827,
    "1":0.039913091,
    "2":0.013373799,
    "3":0.018465238,
    "4":0.01024782,
    "5":0.021182409,
    "6":0.01145762,
    "7":0.0129828,
    "8":0.015816929,
    "9":0.015049548,
    "10":0.0335133499,
    "11":0.01383685,
    "12":0.0084766,
    "13":0.01108701,
    "14":0.01488972,
    "15":0.0114992,
    "16":0.0186371,
    "17":0.00949821,
    "18":0.0231822221,
    "19":0.0290521271,
    "20":0.0273420011,
    "21":0.01552002,
    "22":0.018758499,
    "23":0.0204082711,
    "24":0.01743582,
    "25":0.010094,
    "26":0.009453,
    "27":0.01495045,
    "28":0.019077108,
    "29":0.01013221,
    "30":0.0307803793,
    "31":0.01077952,
    "32":0.01163381,
    "33":0.015017378,
    "34":0.01166763,
    "35":0.0454326823,
    "36":0.017648829,
    "37":0.0287184401,
    "38":0.018701748,
    "39":0.01547501,
    "40":0.020064589,
    "41":0.01582825,
    "42":0.017963426,
    "43":0.0214061223,
    "44":0.007525,
    "45":0.023254799,
    "46":0.0085839,
    "47":0.0259764671,
    "48":0.01228812,
    "49":0.0173042191
  },
  "Delta_Uniform":{
    "0":-0.0206338015,
    "1":-0.0218174522,
    "2":-0.005479153,
    "3":-0.0145819,
    "4":-0.00587974,
    "5":-0.01163111,
    "6":-0.009318271,
    "7":-0.00707783,
    "8":-0.0106196259,
    "9":-0.0082868039,
    "10":-0.0213412679,
    "11":-0.008837289,
    "12":-0.00535711,
    "13":-0.00810623,
    "14":-0.007856397,
    "15":-0.011176297,
    "16":-0.0117080673,
    "17":-0.00545051,
    "18":-0.0118176489,
    "19":-0.0181137679,
    "20":-0.0183213429,
    "21":-0.0116393,
    "22":-0.006830042,
    "23":-0.01358646,
    "24":-0.009835292,
    "25":-0.00641901,
    "26":-0.0081342,
    "27":-0.0142365953,
    "28":-0.0078377952,
    "29":-0.00851761,
    "30":-0.0154508349,
    "31":-0.00715195,
    "32":-0.00740308,
    "33":-0.0045513119,
    "34":-0.012386102,
    "35":-0.0264936687,
    "36":-0.013147809,
    "37":-0.0250860472,
    "38":-0.00987176,
    "39":-0.00768599,
    "40":-0.0140284967,
    "41":-0.009513176,
    "42":-0.0107781873,
    "43":-0.0146142264,
    "44":-0.00700701,
    "45":-0.012444552,
    "46":-0.00789039,
    "47":-0.0169659869,
    "48":-0.00623182,
    "49":-0.0113437534
  },
  "Delta_Prop":{
    "0":-0.019005668,
    "1":-0.0259968887,
    "2":-0.007282532,
    "3":-0.015469869,
    "4":-0.00779076,
    "5":-0.016023909,
    "6":-0.008222491,
    "7":-0.00970672,
    "8":-0.0100781949,
    "9":-0.0113479319,
    "10":-0.0260632618,
    "11":-0.009210309,
    "12":-0.0043815,
    "13":-0.00822044,
    "14":-0.011141248,
    "15":-0.008219287,
    "16":-0.0149851783,
    "17":-0.00537141,
    "18":-0.017137811,
    "19":-0.019555767,
    "20":-0.018545285,
    "21":-0.01173712,
    "22":-0.011469221,
    "23":-0.0143170041,
    "24":-0.011784582,
    "25":-0.006655,
    "26":-0.0073896,
    "27":-0.0107768252,
    "28":-0.0149034832,
    "29":-0.00841271,
    "30":-0.0217817612,
    "31":-0.00791295,
    "32":-0.00671969,
    "33":-0.0075672899,
    "34":-0.009793394,
    "35":-0.0324985704,
    "36":-0.012963239,
    "37":-0.023817804,
    "38":-0.012559098,
    "39":-0.0113826,
    "40":-0.0138041518,
    "41":-0.013016896,
    "42":-0.0143115043,
    "43":-0.0122174296,
    "44":-0.0044299,
    "45":-0.016006472,
    "46":-0.00758659,
    "47":-0.016977849,
    "48":-0.00860253,
    "49":-0.0105658445
  }
}