{
  "Astrahl":{
    "0":0.0004900995,
    "1":0.0000364464,
    "2":0.0001171608,
    "3":0.00003439,
    "4":0.0001304594,
    "5":0.0000662563,
    "6":0.0001348442,
    "7":0.0004518086,
    "8":0.000020634,
    "9":0.000259056,
    "10":0.0000735946,
    "11":0.000044986,
    "12":0.000055284,
    "13":0.0002395035,
    "14":0.0000726822,
    "15":0.000017195,
    "16":0.000027512,
    "17":0.0001105677,
    "18":0.000037829,
    "19":0.00001355,
    "20":0.000023428,
    "21":0.0000502299,
    "22":0.0000932313,
    "23":0.0001425356,
    "24":0.0002471816,
    "25":0.000057723,
    "26":0.0002164178,
    "27":0.0001059331,
    "28":0.00001897,
    "29":0.000056097,
    "30":0.0002202227,
    "31":0.0000436753,
    "32":0.000057994,
    "33":0.0002262574,
    "34":0.0000782574,
    "35":0.0002420265,
    "36":0.0000505533,
    "37":0.000497508,
    "38":0.00003439,
    "39":0.0001983569,
    "40":0.0001447028,
    "41":0.0001936837,
    "42":0.0003271901,
    "43":0.00002439,
    "44":0.000057994,
    "45":0.0001373401,
    "46":0.0000864761,
    "47":0.0000382652,
    "48":0.0000374847,
    "49":0.0001209687
  },
  "Uniform":{
    "0":0.0010089167,
    "1":0.0001634273,
    "2":0.0003053302,
    "3":0.000065034,
    "4":0.0002767748,
    "5":0.000203353,
    "6":0.0002336881,
    "7":0.001194699,
    "8":0.000060236,
    "9":0.0003874275,
    "10":0.0002211824,
    "11":0.000091477,
    "12":0.000114132,
    "13":0.0006103398,
    "14":0.0002225423,
    "15":0.000077135,
    "16":0.000084645,
    "17":0.0002778762,
    "18":0.000078072,
    "19":0.0000597,
    "20":0.0000829558,
    "21":0.0002256897,
    "22":0.0001773983,
    "23":0.0003223899,
    "24":0.0006554036,
    "25":0.0001994612,
    "26":0.0005024853,
    "27":0.0002453365,
    "28":0.00004829,
    "29":0.000098776,
    "30":0.0005134994,
    "31":0.0001098602,
    "32":0.0001886014,
    "33":0.0005246401,
    "34":0.0002162902,
    "35":0.0004883797,
    "36":0.0001872996,
    "37":0.0007827867,
    "38":0.000044568,
    "39":0.0005880616,
    "40":0.0002541313,
    "41":0.0004105403,
    "42":0.0008247925,
    "43":0.00004758,
    "44":0.0001283262,
    "45":0.0002781847,
    "46":0.0001174192,
    "47":0.0002341776,
    "48":0.0000775726,
    "49":0.000376705
  },
  "Prop":{
    "0":0.001073133,
    "1":0.0001800721,
    "2":0.0002775448,
    "3":0.000068012,
    "4":0.0002795148,
    "5":0.0001987036,
    "6":0.0002528107,
    "7":0.0013439948,
    "8":0.000055816,
    "9":0.0004260725,
    "10":0.0002027923,
    "11":0.000077186,
    "12":0.000102936,
    "13":0.0005391956,
    "14":0.0002098574,
    "15":0.000078216,
    "16":0.000076348,
    "17":0.0003198121,
    "18":0.000084393,
    "19":0.00005257,
    "20":0.0001160234,
    "21":0.0001961162,
    "22":0.0002084922,
    "23":0.0003896832,
    "24":0.0007499368,
    "25":0.0002239135,
    "26":0.0004156254,
    "27":0.0002321491,
    "28":0.00004269,
    "29":0.000091384,
    "30":0.0005912517,
    "31":0.0001345236,
    "32":0.0002215302,
    "33":0.0006322784,
    "34":0.0002049882,
    "35":0.0006383137,
    "36":0.0002552812,
    "37":0.0007426069,
    "38":0.000085112,
    "39":0.0006484405,
    "40":0.0002473454,
    "41":0.000374623,
    "42":0.0008030348,
    "43":0.00004507,
    "44":0.0001536342,
    "45":0.0003020078,
    "46":0.0001361043,
    "47":0.0001851844,
    "48":0.0001002974,
    "49":0.0002534304
  },
  "Delta_Uniform":{
    "0":-0.0005188172,
    "1":-0.0001269809,
    "2":-0.0001881693,
    "3":-0.000030644,
    "4":-0.0001463154,
    "5":-0.0001370967,
    "6":-0.0000988439,
    "7":-0.0007428905,
    "8":-0.000039602,
    "9":-0.0001283715,
    "10":-0.0001475878,
    "11":-0.000046491,
    "12":-0.000058848,
    "13":-0.0003708363,
    "14":-0.0001498601,
    "15":-0.00005994,
    "16":-0.000057133,
    "17":-0.0001673085,
    "18":-0.000040243,
    "19":-0.00004615,
    "20":-0.0000595278,
    "21":-0.0001754598,
    "22":-0.0000841671,
    "23":-0.0001798542,
    "24":-0.000408222,
    "25":-0.0001417382,
    "26":-0.0002860675,
    "27":-0.0001394034,
    "28":-0.00002932,
    "29":-0.000042679,
    "30":-0.0002932767,
    "31":-0.0000661849,
    "32":-0.0001306074,
    "33":-0.0002983827,
    "34":-0.0001380328,
    "35":-0.0002463532,
    "36":-0.0001367463,
    "37":-0.0002852786,
    "38":-0.000010178,
    "39":-0.0003897047,
    "40":-0.0001094284,
    "41":-0.0002168566,
    "42":-0.0004976024,
    "43":-0.00002319,
    "44":-0.0000703322,
    "45":-0.0001408446,
    "46":-0.0000309431,
    "47":-0.0001959124,
    "48":-0.0000400879,
    "49":-0.0002557363
  },
  "Delta_Prop":{
    "0":-0.0005830336,
    "1":-0.0001436257,
    "2":-0.000160384,
    "3":-0.000033622,
    "4":-0.0001490554,
    "5":-0.0001324473,
    "6":-0.0001179665,
    "7":-0.0008921862,
    "8":-0.000035182,
    "9":-0.0001670165,
    "10":-0.0001291977,
    "11":-0.0000322,
    "12":-0.000047652,
    "13":-0.0002996922,
    "14":-0.0001371752,
    "15":-0.000061021,
    "16":-0.000048836,
    "17":-0.0002092444,
    "18":-0.000046564,
    "19":-0.00003902,
    "20":-0.0000925954,
    "21":-0.0001458863,
    "22":-0.0001152609,
    "23":-0.0002471475,
    "24":-0.0005027553,
    "25":-0.0001661905,
    "26":-0.0001992075,
    "27":-0.000126216,
    "28":-0.00002372,
    "29":-0.000035287,
    "30":-0.000371029,
    "31":-0.0000908483,
    "32":-0.0001635362,
    "33":-0.000406021,
    "34":-0.0001267308,
    "35":-0.0003962872,
    "36":-0.0002047279,
    "37":-0.0002450989,
    "38":-0.000050722,
    "39":-0.0004500837,
    "40":-0.0001026426,
    "41":-0.0001809393,
    "42":-0.0004758447,
    "43":-0.00002068,
    "44":-0.0000956402,
    "45":-0.0001646677,
    "46":-0.0000496282,
    "47":-0.0001469192,
    "48":-0.0000628127,
    "49":-0.0001324617
  }
}