{
  "Astrahl":{
    "0":0.0020121534,
    "1":0.0040116363,
    "2":0.0010065018,
    "3":0.0099016339,
    "4":0.0070048097,
    "5":0.0020069783,
    "6":0.013903012,
    "7":0.0040029586,
    "8":0.0070035182,
    "9":0.00300212,
    "10":0.002009869,
    "11":0.0020088763,
    "12":0.004003085,
    "13":0.0060090992,
    "14":0.00200247,
    "15":0.00200204,
    "16":0.0010068096,
    "17":0.0000065265,
    "18":0.002002755,
    "19":0.0030031809,
    "20":0.0020126496,
    "21":0.0020182302,
    "22":0.005007381,
    "23":0.00400119,
    "24":0.00000215,
    "25":0.0030106535,
    "26":0.0050023729,
    "27":0.0020098779,
    "28":0.0020040269,
    "29":0.002003577,
    "30":0.0020138023,
    "31":0.00400184,
    "32":0.00500143,
    "33":0.001003667,
    "34":0.0030040466,
    "35":0.000003306,
    "36":0.0060031548,
    "37":0.00200133,
    "38":0.001003945,
    "39":0.0030265799,
    "40":0.0030081471,
    "41":0.0010045429,
    "42":0.0020032277,
    "43":0.0010035186,
    "44":0.00390129,
    "45":0.003005149,
    "46":0.0090152752,
    "47":0.0010066076,
    "48":0.004001541,
    "49":0.00300127
  },
  "Uniform":{
    "0":0.03600067,
    "1":0.04,
    "2":0.0360010317,
    "3":0.09988009,
    "4":0.11678028,
    "5":0.036000912,
    "6":0.11165,
    "7":0.02600019,
    "8":0.066000361,
    "9":0.033,
    "10":0.046000171,
    "11":0.0340007949,
    "12":0.0647,
    "13":0.0780004149,
    "14":0.0350001,
    "15":0.038000841,
    "16":0.060100551,
    "17":0.032000261,
    "18":0.0270001,
    "19":0.0666002,
    "20":0.030000271,
    "21":0.038001273,
    "22":0.064100171,
    "23":0.04,
    "24":0.039,
    "25":0.07370057,
    "26":0.1419881539,
    "27":0.0420003339,
    "28":0.039000442,
    "29":0.036,
    "30":0.038,
    "31":0.03100009,
    "32":0.0762001,
    "33":0.03700019,
    "34":0.0300004249,
    "35":0.06390019,
    "36":0.0942605634,
    "37":0.0360002,
    "38":0.038,
    "39":0.033000442,
    "40":0.0744,
    "41":0.069600252,
    "42":0.05910029,
    "43":0.034000171,
    "44":0.0731,
    "45":0.04100019,
    "46":0.149268409,
    "47":0.03700019,
    "48":0.022,
    "49":0.037
  },
  "Prop":{
    "0":0.044000731,
    "1":0.0400006859,
    "2":0.04800009,
    "3":0.11264,
    "4":0.1007801,
    "5":0.043,
    "6":0.11125009,
    "7":0.033,
    "8":0.07420019,
    "9":0.039,
    "10":0.0370004339,
    "11":0.04700038,
    "12":0.0752001,
    "13":0.0747,
    "14":0.035,
    "15":0.031,
    "16":0.072700271,
    "17":0.0370001,
    "18":0.03500039,
    "19":0.084700352,
    "20":0.039000432,
    "21":0.0350009659,
    "22":0.06950009,
    "23":0.033,
    "24":0.042,
    "25":0.0695005149,
    "26":0.132308,
    "27":0.03600009,
    "28":0.029,
    "29":0.036000993,
    "30":0.050000442,
    "31":0.028,
    "32":0.0777001,
    "33":0.044,
    "34":0.03100029,
    "35":0.0897,
    "36":0.113840171,
    "37":0.037,
    "38":0.035000171,
    "39":0.0320020583,
    "40":0.0751004339,
    "41":0.08,
    "42":0.0795,
    "43":0.03300019,
    "44":0.081800081,
    "45":0.03800038,
    "46":0.1632665171,
    "47":0.04100038,
    "48":0.04,
    "49":0.0340001
  },
  "Delta_Uniform":{
    "0":-0.0339885166,
    "1":-0.0359883637,
    "2":-0.0349945299,
    "3":-0.0899784561,
    "4":-0.1097754703,
    "5":-0.0339939337,
    "6":-0.097746988,
    "7":-0.0219972314,
    "8":-0.0589968428,
    "9":-0.02999788,
    "10":-0.043990302,
    "11":-0.0319919186,
    "12":-0.060696915,
    "13":-0.0719913157,
    "14":-0.03299763,
    "15":-0.035998801,
    "16":-0.0590937414,
    "17":-0.0319937345,
    "18":-0.024997345,
    "19":-0.0635970191,
    "20":-0.0279876214,
    "21":-0.0359830428,
    "22":-0.05909279,
    "23":-0.03599881,
    "24":-0.03899785,
    "25":-0.0706899165,
    "26":-0.136985781,
    "27":-0.039990456,
    "28":-0.0369964151,
    "29":-0.033996423,
    "30":-0.0359861977,
    "31":-0.02699825,
    "32":-0.07119867,
    "33":-0.035996523,
    "34":-0.0269963783,
    "35":-0.063896884,
    "36":-0.0882574086,
    "37":-0.03399887,
    "38":-0.036996055,
    "39":-0.0299738621,
    "40":-0.0713918529,
    "41":-0.0685957091,
    "42":-0.0570970623,
    "43":-0.0329966524,
    "44":-0.06919871,
    "45":-0.037995041,
    "46":-0.1402531338,
    "47":-0.0359935824,
    "48":-0.017998459,
    "49":-0.03399873
  },
  "Delta_Prop":{
    "0":-0.0419885776,
    "1":-0.0359890496,
    "2":-0.0469935882,
    "3":-0.1027383661,
    "4":-0.0937752903,
    "5":-0.0409930217,
    "6":-0.097347078,
    "7":-0.0289970414,
    "8":-0.0671966718,
    "9":-0.03599788,
    "10":-0.0349905649,
    "11":-0.0449915037,
    "12":-0.071197015,
    "13":-0.0686909008,
    "14":-0.03299753,
    "15":-0.02899796,
    "16":-0.0716934614,
    "17":-0.0369935735,
    "18":-0.032997635,
    "19":-0.0816971711,
    "20":-0.0369877824,
    "21":-0.0329827357,
    "22":-0.064492709,
    "23":-0.02899881,
    "24":-0.04199785,
    "25":-0.0664898614,
    "26":-0.1273056271,
    "27":-0.0339902121,
    "28":-0.0269959731,
    "29":-0.033997416,
    "30":-0.0479866397,
    "31":-0.02399816,
    "32":-0.07269867,
    "33":-0.042996333,
    "34":-0.0279962434,
    "35":-0.089696694,
    "36":-0.1078370162,
    "37":-0.03499867,
    "38":-0.033996226,
    "39":-0.0289754784,
    "40":-0.0720922868,
    "41":-0.0789954571,
    "42":-0.0774967723,
    "43":-0.0319966714,
    "44":-0.077898791,
    "45":-0.034995231,
    "46":-0.1542512419,
    "47":-0.0399937724,
    "48":-0.035998459,
    "49":-0.03099883
  }
}