{
  "Astrahl":{
    "0":0.0002927633,
    "1":0.000157209,
    "2":0.0002078778,
    "3":0.0001264645,
    "4":0.0000185207,
    "5":0.0004037293,
    "6":0.000289739,
    "7":0.0000465353,
    "8":0.0002168113,
    "9":0.0005206573,
    "10":0.0000419895,
    "11":0.0001600917,
    "12":0.0005125065,
    "13":0.000043935,
    "14":0.0001417426,
    "15":0.0000890625,
    "16":0.0000833514,
    "17":0.0002492076,
    "18":0.0000348771,
    "19":0.000138553,
    "20":0.0000596915,
    "21":0.0003987076,
    "22":0.0002029352,
    "23":0.0000265004,
    "24":0.0001189716,
    "25":0.0002591685,
    "26":0.0001190002,
    "27":0.0000751591,
    "28":0.0000891861,
    "29":0.0002617661,
    "30":0.0003793107,
    "31":0.0001370802,
    "32":0.0001398413,
    "33":0.0000919334,
    "34":0.0002557801,
    "35":0.0002820537,
    "36":0.0001956488,
    "37":0.000173904,
    "38":0.0001460489,
    "39":0.0000462705,
    "40":0.0002637058,
    "41":0.0001134156,
    "42":0.0001251467,
    "43":0.0000837075,
    "44":0.0000480863,
    "45":0.0001194105,
    "46":0.0000705844,
    "47":0.0002598733,
    "48":0.0000403276,
    "49":0.0001214331,
    "50":0.0002152559,
    "51":0.0000268,
    "52":0.0000686128,
    "53":0.0000278964,
    "54":0.0001712305,
    "55":0.0001530809,
    "56":0.0000483876,
    "57":0.0002351087,
    "58":0.0001189581,
    "59":0.0001769907,
    "60":0.0005775301,
    "61":0.0000799399,
    "62":0.0005037337,
    "63":0.0000701664,
    "64":0.000140243,
    "65":0.0001051406,
    "66":0.0000654428,
    "67":0.0001860997,
    "68":0.0000686646,
    "69":0.0002161007,
    "70":0.0005456763,
    "71":0.0002018538,
    "72":0.0000197329,
    "73":0.0003242579,
    "74":0.0000938579,
    "75":0.0001028659,
    "76":0.0002368877,
    "77":0.0000868001,
    "78":0.0002330065,
    "79":0.0000750535,
    "80":0.0002463933,
    "81":0.0006088572,
    "82":0.0005591114,
    "83":0.0002597723,
    "84":0.0002718877,
    "85":0.0005120769,
    "86":0.0000888934,
    "87":0.0002115642,
    "88":0.0000952496,
    "89":0.00005728,
    "90":0.0003413385,
    "91":0.0000701912,
    "92":0.0001028176,
    "93":0.0003514165,
    "94":0.000224042,
    "95":0.0001593797,
    "96":0.0001443833,
    "97":0.0003107636,
    "98":0.0005653505,
    "99":0.0001628304
  },
  "Uniform":{
    "0":0.0002809458,
    "1":0.0001426067,
    "2":0.0001160688,
    "3":0.0000961492,
    "4":0.0000157623,
    "5":0.000324774,
    "6":0.0003044182,
    "7":0.0000379337,
    "8":0.0001497499,
    "9":0.0004207428,
    "10":0.0000382258,
    "11":0.0001658076,
    "12":0.0004193836,
    "13":0.0000387334,
    "14":0.0001100424,
    "15":0.0000669782,
    "16":0.0000677413,
    "17":0.0002905161,
    "18":0.0000256863,
    "19":0.0001135681,
    "20":0.0000537144,
    "21":0.000376576,
    "22":0.0001270922,
    "23":0.0000241369,
    "24":0.0001132314,
    "25":0.0002874721,
    "26":0.0001440561,
    "27":0.0000617649,
    "28":0.0000741956,
    "29":0.0002429869,
    "30":0.0003156488,
    "31":0.0001208939,
    "32":0.0001245765,
    "33":0.0000998199,
    "34":0.0002209827,
    "35":0.000275245,
    "36":0.0001646201,
    "37":0.0001908186,
    "38":0.0001450934,
    "39":0.0000440575,
    "40":0.0002339961,
    "41":0.0000969171,
    "42":0.0001363513,
    "43":0.0000849899,
    "44":0.0000432216,
    "45":0.0001287444,
    "46":0.0000584412,
    "47":0.0002237176,
    "48":0.0000392108,
    "49":0.0001409971,
    "50":0.0002395025,
    "51":0.0000251609,
    "52":0.0000788699,
    "53":0.0000279692,
    "54":0.0001386522,
    "55":0.0001369375,
    "56":0.0000380862,
    "57":0.0002033574,
    "58":0.0001055374,
    "59":0.000129542,
    "60":0.0004958655,
    "61":0.0000791227,
    "62":0.0003242096,
    "63":0.0000723715,
    "64":0.0000938706,
    "65":0.0001387253,
    "66":0.0000845701,
    "67":0.0001553959,
    "68":0.0000591126,
    "69":0.0001812151,
    "70":0.0004000136,
    "71":0.0001887086,
    "72":0.0000155367,
    "73":0.0002876243,
    "74":0.0000995403,
    "75":0.0000971711,
    "76":0.0001447779,
    "77":0.0000654912,
    "78":0.0001977474,
    "79":0.00007155,
    "80":0.0002101242,
    "81":0.0005460617,
    "82":0.0004066354,
    "83":0.0002049584,
    "84":0.0002462921,
    "85":0.0005496753,
    "86":0.0000694169,
    "87":0.0001494288,
    "88":0.0000661291,
    "89":0.0000460758,
    "90":0.0002639812,
    "91":0.0000476198,
    "92":0.0000866976,
    "93":0.0002653429,
    "94":0.0002300964,
    "95":0.0001154706,
    "96":0.0001523894,
    "97":0.0002157606,
    "98":0.0004174559,
    "99":0.0001814827
  },
  "Prop":{
    "0":0.0002716461,
    "1":0.0001349334,
    "2":0.0001038274,
    "3":0.0000979124,
    "4":0.000015202,
    "5":0.0002498337,
    "6":0.0002516435,
    "7":0.0000354643,
    "8":0.0001492716,
    "9":0.000394824,
    "10":0.0000373456,
    "11":0.0001291937,
    "12":0.0003141671,
    "13":0.0000362271,
    "14":0.0000916334,
    "15":0.0000568094,
    "16":0.0000649727,
    "17":0.0002572187,
    "18":0.0000342548,
    "19":0.0000923182,
    "20":0.0000469393,
    "21":0.0003622618,
    "22":0.0001176766,
    "23":0.0000222363,
    "24":0.000108876,
    "25":0.0002214853,
    "26":0.0001239072,
    "27":0.0000556318,
    "28":0.0000732743,
    "29":0.0002218772,
    "30":0.0002650705,
    "31":0.0001063342,
    "32":0.0001034544,
    "33":0.0001010954,
    "34":0.0001851946,
    "35":0.0002722404,
    "36":0.0001447823,
    "37":0.0001349229,
    "38":0.0001210106,
    "39":0.0000432592,
    "40":0.0002333148,
    "41":0.0001023238,
    "42":0.0001478732,
    "43":0.0000847065,
    "44":0.0000415735,
    "45":0.000125427,
    "46":0.0000618694,
    "47":0.0001789176,
    "48":0.000038194,
    "49":0.0001402405,
    "50":0.0002419951,
    "51":0.0000248252,
    "52":0.0000823486,
    "53":0.0000277544,
    "54":0.0001180883,
    "55":0.000108721,
    "56":0.0000394783,
    "57":0.0001889021,
    "58":0.0000851742,
    "59":0.0001280932,
    "60":0.0003761163,
    "61":0.0000745936,
    "62":0.0002212715,
    "63":0.0000750856,
    "64":0.0000801409,
    "65":0.0001215085,
    "66":0.0000809615,
    "67":0.0001286079,
    "68":0.000056324,
    "69":0.0001368477,
    "70":0.0003717381,
    "71":0.0001458231,
    "72":0.0000153502,
    "73":0.0002184595,
    "74":0.0000868995,
    "75":0.0000846677,
    "76":0.0000995,
    "77":0.0000746508,
    "78":0.0001870218,
    "79":0.0000684788,
    "80":0.0002068706,
    "81":0.0004387414,
    "82":0.0002640165,
    "83":0.0001550663,
    "84":0.0001609232,
    "85":0.0004406317,
    "86":0.0000646114,
    "87":0.0001306292,
    "88":0.0000652093,
    "89":0.0000446241,
    "90":0.0002313543,
    "91":0.0000454143,
    "92":0.0000808646,
    "93":0.0001695742,
    "94":0.0002213461,
    "95":0.0000881225,
    "96":0.0001335659,
    "97":0.0001515731,
    "98":0.0003356491,
    "99":0.0001210905
  },
  "Delta_Uniform":{
    "0":0.0000118176,
    "1":0.0000146022,
    "2":0.0000918089,
    "3":0.0000303153,
    "4":0.0000027584,
    "5":0.0000789553,
    "6":-0.0000146793,
    "7":0.0000086015,
    "8":0.0000670613,
    "9":0.0000999146,
    "10":0.0000037637,
    "11":-0.0000057159,
    "12":0.0000931229,
    "13":0.0000052016,
    "14":0.0000317003,
    "15":0.0000220842,
    "16":0.0000156101,
    "17":-0.0000413085,
    "18":0.0000091908,
    "19":0.000024985,
    "20":0.0000059771,
    "21":0.0000221316,
    "22":0.000075843,
    "23":0.0000023635,
    "24":0.0000057403,
    "25":-0.0000283036,
    "26":-0.0000250558,
    "27":0.0000133942,
    "28":0.0000149905,
    "29":0.0000187792,
    "30":0.0000636619,
    "31":0.0000161863,
    "32":0.0000152647,
    "33":-0.0000078864,
    "34":0.0000347974,
    "35":0.0000068087,
    "36":0.0000310287,
    "37":-0.0000169146,
    "38":0.0000009555,
    "39":0.0000022129,
    "40":0.0000297097,
    "41":0.0000164985,
    "42":-0.0000112046,
    "43":-0.0000012823,
    "44":0.0000048647,
    "45":-0.0000093339,
    "46":0.0000121432,