{
  "Astrahl":{
    "0":0.0059120166,
    "1":0.005782136,
    "2":0.003683149,
    "3":0.0174288342,
    "4":0.0044678434,
    "5":0.00721227,
    "6":0.0141652504,
    "7":0.0060543301,
    "8":0.0048204164,
    "9":0.003303245,
    "10":0.0049693383,
    "11":0.0102589627,
    "12":0.0111722795,
    "13":0.004960414,
    "14":0.00304929,
    "15":0.003384003,
    "16":0.0222836589,
    "17":0.0049366873,
    "18":0.0044296691,
    "19":0.0097749673,
    "20":0.0041902564,
    "21":0.004953053,
    "22":0.00306867,
    "23":0.0151978449,
    "24":0.0048051084,
    "25":0.00299267,
    "26":0.0057527598,
    "27":0.0048338062,
    "28":0.0299860736,
    "29":0.0067327713,
    "30":0.0038686471,
    "31":0.003384545,
    "32":0.0058433878,
    "33":0.0131192732,
    "34":0.0054676866,
    "35":0.0127940535,
    "36":0.0119237009,
    "37":0.003137932,
    "38":0.0047008591,
    "39":0.0069193302,
    "40":0.004159481,
    "41":0.006578226,
    "42":0.0050410906,
    "43":0.0040878749,
    "44":0.0041667119,
    "45":0.0033032199,
    "46":0.004392968,
    "47":0.0065486789,
    "48":0.0181770157,
    "49":0.0050990713
  },
  "Uniform":{
    "0":0.0084689705,
    "1":0.0103419964,
    "2":0.004718687,
    "3":0.0252689657,
    "4":0.0065459753,
    "5":0.0108023359,
    "6":0.0176577123,
    "7":0.0080369682,
    "8":0.0052677782,
    "9":0.005779772,
    "10":0.0060245457,
    "11":0.0163346767,
    "12":0.0179005138,
    "13":0.005904168,
    "14":0.00495957,
    "15":0.004995983,
    "16":0.0272314123,
    "17":0.0090528053,
    "18":0.0068760933,
    "19":0.0118640864,
    "20":0.0065225434,
    "21":0.00552393,
    "22":0.00507528,
    "23":0.0208746847,
    "24":0.0064111606,
    "25":0.00456839,
    "26":0.0068181193,
    "27":0.0063616523,
    "28":0.0459324188,
    "29":0.0113620251,
    "30":0.0044934621,
    "31":0.004637495,
    "32":0.008410768,
    "33":0.0209398217,
    "34":0.0086363436,
    "35":0.0202351308,
    "36":0.016441222,
    "37":0.005005257,
    "38":0.0064733975,
    "39":0.0093684317,
    "40":0.0047950365,
    "41":0.008965893,
    "42":0.0057664101,
    "43":0.0051666326,
    "44":0.0066561642,
    "45":0.0052707667,
    "46":0.0055876553,
    "47":0.0089106452,
    "48":0.0220760472,
    "49":0.0085349214
  },
  "Prop":{
    "0":0.0100923907,
    "1":0.0096745863,
    "2":0.004993044,
    "3":0.0252566147,
    "4":0.0048087486,
    "5":0.0113994191,
    "6":0.0166323721,
    "7":0.0071569331,
    "8":0.0053155921,
    "9":0.005490834,
    "10":0.0068222244,
    "11":0.0136743173,
    "12":0.0184880014,
    "13":0.0061863031,
    "14":0.00529229,
    "15":0.005671394,
    "16":0.0335003817,
    "17":0.0095277894,
    "18":0.0050345271,
    "19":0.0127968413,
    "20":0.0049169616,
    "21":0.005580635,
    "22":0.00508751,
    "23":0.0211004864,
    "24":0.0051745255,
    "25":0.00347655,
    "26":0.0057634674,
    "27":0.0059168652,
    "28":0.04276231,
    "29":0.0089398875,
    "30":0.0057850654,
    "31":0.004557795,
    "32":0.0080342161,
    "33":0.0190589278,
    "34":0.0083537018,
    "35":0.0178258366,
    "36":0.014976452,
    "37":0.004739834,
    "38":0.0060224372,
    "39":0.0081827752,
    "40":0.0052004415,
    "41":0.008986351,
    "42":0.0058305333,
    "43":0.0045247171,
    "44":0.0053118108,
    "45":0.0056282112,
    "46":0.0060814496,
    "47":0.0073445439,
    "48":0.0226793215,
    "49":0.0088634296
  },
  "Delta_Uniform":{
    "0":-0.0025569539,
    "1":-0.0045598604,
    "2":-0.001035538,
    "3":-0.0078401315,
    "4":-0.0020781319,
    "5":-0.003590066,
    "6":-0.0034924619,
    "7":-0.0019826381,
    "8":-0.0004473618,
    "9":-0.002476527,
    "10":-0.0010552074,
    "11":-0.006075714,
    "12":-0.0067282343,
    "13":-0.0009437541,
    "14":-0.00191028,
    "15":-0.00161198,
    "16":-0.0049477534,
    "17":-0.004116118,
    "18":-0.0024464242,
    "19":-0.0020891191,
    "20":-0.002332287,
    "21":-0.000570877,
    "22":-0.00200661,
    "23":-0.0056768398,
    "24":-0.0016060522,
    "25":-0.00157572,
    "26":-0.0010653595,
    "27":-0.001527846,
    "28":-0.0159463452,
    "29":-0.0046292539,
    "30":-0.000624815,
    "31":-0.00125295,
    "32":-0.0025673801,
    "33":-0.0078205485,
    "34":-0.003168657,
    "35":-0.0074410774,
    "36":-0.0045175211,
    "37":-0.001867325,
    "38":-0.0017725384,
    "39":-0.0024491016,
    "40":-0.0006355555,
    "41":-0.002387667,
    "42":-0.0007253196,
    "43":-0.0010787577,
    "44":-0.0024894523,
    "45":-0.0019675468,
    "46":-0.0011946873,
    "47":-0.0023619663,
    "48":-0.0038990315,
    "49":-0.0034358501
  },
  "Delta_Prop":{
    "0":-0.0041803741,
    "1":-0.0038924503,
    "2":-0.001309895,
    "3":-0.0078277805,
    "4":-0.0003409052,
    "5":-0.0041871492,
    "6":-0.0024671216,
    "7":-0.001102603,
    "8":-0.0004951757,
    "9":-0.002187589,
    "10":-0.0018528861,
    "11":-0.0034153546,
    "12":-0.0073157218,
    "13":-0.0012258891,
    "14":-0.002243,
    "15":-0.002287391,
    "16":-0.0112167229,
    "17":-0.0045911021,
    "18":-0.000604858,
    "19":-0.003021874,
    "20":-0.0007267051,
    "21":-0.000627582,
    "22":-0.00201884,
    "23":-0.0059026415,
    "24":-0.0003694171,
    "25":-0.00048388,
    "26":-0.0000107076,
    "27":-0.0010830589,
    "28":-0.0127762364,
    "29":-0.0022071163,
    "30":-0.0019164183,
    "31":-0.00117325,
    "32":-0.0021908282,
    "33":-0.0059396546,
    "34":-0.0028860152,
    "35":-0.0050317831,
    "36":-0.0030527511,
    "37":-0.001601902,
    "38":-0.0013215781,
    "39":-0.001263445,
    "40":-0.0010409605,
    "41":-0.002408125,
    "42":-0.0007894427,
    "43":-0.0004368422,
    "44":-0.0011450989,
    "45":-0.0023249913,
    "46":-0.0016884817,
    "47":-0.0007958651,
    "48":-0.0045023058,
    "49":-0.0037643583
  }
}