{
  "Astrahl":{
    "0":0.0009788021,
    "1":0.0007935151,
    "2":0.000406229,
    "3":0.0009522591,
    "4":0.0017371397,
    "5":0.0008668731,
    "6":0.0011908309,
    "7":0.00102167,
    "8":0.001075058,
    "9":0.00128364,
    "10":0.0041172053,
    "11":0.0008287451,
    "12":0.000698638,
    "13":0.000845249,
    "14":0.001280475,
    "15":0.0016517642,
    "16":0.0010042431,
    "17":0.0013608467,
    "18":0.00085937,
    "19":0.0015818395,
    "20":0.0003523,
    "21":0.00064227,
    "22":0.0024210374,
    "23":0.002436902,
    "24":0.000542,
    "25":0.0025408089,
    "26":0.0019070541,
    "27":0.00099731,
    "28":0.0006141731,
    "29":0.00091598,
    "30":0.001181876,
    "31":0.0008504647,
    "32":0.0040680314,
    "33":0.0013615853,
    "34":0.001200401,
    "35":0.0010859241,
    "36":0.0016605796,
    "37":0.0025091919,
    "38":0.0008933217,
    "39":0.000593219,
    "40":0.000853379,
    "41":0.0015881131,
    "42":0.00050677,
    "43":0.0021824464,
    "44":0.000692227,
    "45":0.0025985073,
    "46":0.001176461,
    "47":0.000561849,
    "48":0.0022605362,
    "49":0.000361
  },
  "Uniform":{
    "0":0.000901228,
    "1":0.000846539,
    "2":0.00051154,
    "3":0.000715439,
    "4":0.0027299185,
    "5":0.000767008,
    "6":0.000964985,
    "7":0.00086091,
    "8":0.001267198,
    "9":0.000850769,
    "10":0.0033617941,
    "11":0.0006565,
    "12":0.000683288,
    "13":0.0008901417,
    "14":0.0016174887,
    "15":0.0019935137,
    "16":0.00071251,
    "17":0.0011751928,
    "18":0.0006474331,
    "19":0.001745032,
    "20":0.000724778,
    "21":0.00029971,
    "22":0.0023485411,
    "23":0.0016784759,
    "24":0.00036401,
    "25":0.0021091694,
    "26":0.002240949,
    "27":0.001109658,
    "28":0.000527247,
    "29":0.0009718171,
    "30":0.0007741017,
    "31":0.0018383733,
    "32":0.0031640647,
    "33":0.0016285301,
    "34":0.0008729931,
    "35":0.000990356,
    "36":0.0014723231,
    "37":0.0018726302,
    "38":0.000853707,
    "39":0.000737208,
    "40":0.000787659,
    "41":0.001393071,
    "42":0.000615839,
    "43":0.0014375696,
    "44":0.0006026241,
    "45":0.0035463023,
    "46":0.0009232219,
    "47":0.00057472,
    "48":0.0026818496,
    "49":0.0002058
  },
  "Prop":{
    "0":0.000838278,
    "1":0.0007463441,
    "2":0.00036381,
    "3":0.001150449,
    "4":0.0036597891,
    "5":0.000925618,
    "6":0.0015840626,
    "7":0.0009382576,
    "8":0.001240288,
    "9":0.001010211,
    "10":0.0043168544,
    "11":0.000889378,
    "12":0.00068221,
    "13":0.0011329462,
    "14":0.0018576959,
    "15":0.002008572,
    "16":0.001204439,
    "17":0.001134919,
    "18":0.0008617276,
    "19":0.0017511494,
    "20":0.00061044,
    "21":0.00062973,
    "22":0.0028847175,
    "23":0.0023190874,
    "24":0.0004651,
    "25":0.002464902,
    "26":0.0023768526,
    "27":0.0011152643,
    "28":0.00056752,
    "29":0.0013602913,
    "30":0.0011844382,
    "31":0.0018596194,
    "32":0.0039917587,
    "33":0.0013560051,
    "34":0.0010107,
    "35":0.0012029921,
    "36":0.0016140003,
    "37":0.0016667961,
    "38":0.001141948,
    "39":0.000840479,
    "40":0.000930947,
    "41":0.0020713894,
    "42":0.000739649,
    "43":0.0016539463,
    "44":0.0005939,
    "45":0.002983266,
    "46":0.0009527746,
    "47":0.00051275,
    "48":0.0034166292,
    "49":0.00039361
  },
  "Delta_Uniform":{
    "0":0.0000775741,
    "1":-0.0000530239,
    "2":-0.000105311,
    "3":0.0002368201,
    "4":-0.0009927788,
    "5":0.0000998651,
    "6":0.0002258459,
    "7":0.00016076,
    "8":-0.00019214,
    "9":0.000432871,
    "10":0.0007554112,
    "11":0.0001722451,
    "12":0.00001535,
    "13":-0.0000448927,
    "14":-0.0003370137,
    "15":-0.0003417496,
    "16":0.0002917331,
    "17":0.0001856539,
    "18":0.0002119369,
    "19":-0.0001631925,
    "20":-0.000372478,
    "21":0.00034256,
    "22":0.0000724963,
    "23":0.0007584261,
    "24":0.00017799,
    "25":0.0004316395,
    "26":-0.0003338949,
    "27":-0.000112348,
    "28":0.0000869261,
    "29":-0.0000558371,
    "30":0.0004077743,
    "31":-0.0009879086,
    "32":0.0009039666,
    "33":-0.0002669448,
    "34":0.0003274079,
    "35":0.0000955681,
    "36":0.0001882565,
    "37":0.0006365617,
    "38":0.0000396147,
    "39":-0.000143989,
    "40":0.00006572,
    "41":0.0001950421,
    "42":-0.000109069,
    "43":0.0007448768,
    "44":0.0000896029,
    "45":-0.000947795,
    "46":0.0002532391,
    "47":-0.000012871,
    "48":-0.0004213135,
    "49":0.0001552
  },
  "Delta_Prop":{
    "0":0.0001405241,
    "1":0.000047171,
    "2":0.000042419,
    "3":-0.0001981899,
    "4":-0.0019226494,
    "5":-0.0000587449,
    "6":-0.0003932317,
    "7":0.0000834124,
    "8":-0.00016523,
    "9":0.000273429,
    "10":-0.000199649,
    "11":-0.0000606329,
    "12":0.000016428,
    "13":-0.0002876972,
    "14":-0.0005772209,
    "15":-0.0003568078,
    "16":-0.0002001959,
    "17":0.0002259277,
    "18":-0.0000023576,
    "19":-0.0001693099,
    "20":-0.00025814,
    "21":0.00001254,
    "22":-0.0004636801,
    "23":0.0001178146,
    "24":0.0000769,
    "25":0.0000759069,
    "26":-0.0004697985,
    "27":-0.0001179543,
    "28":0.0000466531,
    "29":-0.0004443113,
    "30":-0.0000025622,
    "31":-0.0010091547,
    "32":0.0000762727,
    "33":0.0000055802,
    "34":0.000189701,
    "35":-0.000117068,
    "36":0.0000465793,
    "37":0.0008423958,
    "38":-0.0002486263,
    "39":-0.00024726,
    "40":-0.000077568,
    "41":-0.0004832763,
    "42":-0.000232879,
    "43":0.0005285001,
    "44":0.000098327,
    "45":-0.0003847586,
    "46":0.0002236864,
    "47":0.000049099,
    "48":-0.0011560931,
    "49":-0.00003261
  }
}