{
  "Astrahl":{
    "0":0.0001002439,
    "1":0.0010850048,
    "2":0.0006014634,
    "3":0.0004018536,
    "4":0.0007032439,
    "5":0.0004012996,
    "6":0.0,
    "7":0.0001901539,
    "8":0.0002011761,
    "9":0.0003808341,
    "10":0.00030027,
    "11":0.000300513,
    "12":0.0006027805,
    "13":0.0003017642,
    "14":0.0003018519,
    "15":0.000897131,
    "16":0.0013329195,
    "17":0.0007611696,
    "18":0.0006922418,
    "19":0.0003007317,
    "20":0.0002007371,
    "21":0.0007672805,
    "22":0.0008025992,
    "23":0.0009520853,
    "24":0.0003017642,
    "25":0.00090081,
    "26":0.000400684,
    "27":0.0001006173,
    "28":0.0002011761,
    "29":0.000801368,
    "30":0.000500855,
    "31":0.0006014634,
    "32":0.0002060559,
    "33":0.0007017073,
    "34":0.0002009268,
    "35":0.0003011057,
    "36":0.000100171,
    "37":0.0015927189,
    "38":0.001627579,
    "39":0.00050045,
    "40":0.0004023523,
    "41":0.0,
    "42":0.000300513,
    "43":0.0007093135,
    "44":0.0007087909,
    "45":0.0002004878,
    "46":0.000200342,
    "47":0.000200342,
    "48":0.0,
    "49":0.0002009268
  },
  "Uniform":{
    "0":0.002801392,
    "1":0.0157749203,
    "2":0.0024017459,
    "3":0.0064148712,
    "4":0.004884637,
    "5":0.005492356,
    "6":0.0027016708,
    "7":0.00564018,
    "8":0.002501754,
    "9":0.0058524354,
    "10":0.005391321,
    "11":0.0069723828,
    "12":0.0084570327,
    "13":0.0024020945,
    "14":0.0032014808,
    "15":0.0112462813,
    "16":0.0126355893,
    "17":0.0057916986,
    "18":0.0059029248,
    "19":0.002800821,
    "20":0.0108662311,
    "21":0.0061512367,
    "22":0.0088405195,
    "23":0.011411836,
    "24":0.0025018103,
    "25":0.0136526493,
    "26":0.0059244908,
    "27":0.003503977,
    "28":0.0033035894,
    "29":0.0085310496,
    "30":0.005981202,
    "31":0.0052722413,
    "32":0.0028163131,
    "33":0.0089596704,
    "34":0.0025029406,
    "35":0.0028016247,
    "36":0.003001111,
    "37":0.0175291761,
    "38":0.016140562,
    "39":0.00488059,
    "40":0.005857903,
    "41":0.0031016399,
    "42":0.002001002,
    "43":0.0053626604,
    "44":0.0029058685,
    "45":0.003201012,
    "46":0.00250059,
    "47":0.003201402,
    "48":0.003501525,
    "49":0.0031026852
  },
  "Prop":{
    "0":0.002601202,
    "1":0.0133508214,
    "2":0.0017023979,
    "3":0.0054551862,
    "4":0.0040036758,
    "5":0.0039931462,
    "6":0.0023018459,
    "7":0.003111392,
    "8":0.0031032526,
    "9":0.0048619577,
    "10":0.004391002,
    "11":0.003921753,
    "12":0.0053045108,
    "13":0.0017051446,
    "14":0.0029029833,
    "15":0.0084781807,
    "16":0.0085504392,
    "17":0.0040116169,
    "18":0.0042933958,
    "19":0.002501464,
    "20":0.0083376392,
    "21":0.005004417,
    "22":0.006567925,
    "23":0.0080068482,
    "24":0.001803112,
    "25":0.0109638259,
    "26":0.0059780358,
    "27":0.002401743,
    "28":0.0024020908,
    "29":0.0070999821,
    "30":0.0042814459,
    "31":0.0045932887,
    "32":0.0017172145,
    "33":0.0059280965,
    "34":0.0017027828,
    "35":0.0025027006,
    "36":0.002701472,
    "37":0.0153739207,
    "38":0.0130951425,
    "39":0.004391102,
    "40":0.0047763968,
    "41":0.0028013269,
    "42":0.002801301,
    "43":0.0049633655,
    "44":0.0021107832,
    "45":0.002101663,
    "46":0.002301383,
    "47":0.002300922,
    "48":0.0027021748,
    "49":0.0024033207
  },
  "Delta_Uniform":{
    "0":-0.0027011481,
    "1":-0.0146899155,
    "2":-0.0018002825,
    "3":-0.0060130176,
    "4":-0.0041813931,
    "5":-0.0050910564,
    "6":-0.0027016708,
    "7":-0.0054500261,
    "8":-0.0023005778,
    "9":-0.0054716013,
    "10":-0.005091051,
    "11":-0.0066718698,
    "12":-0.0078542522,
    "13":-0.0021003303,
    "14":-0.0028996289,
    "15":-0.0103491503,
    "16":-0.0113026699,
    "17":-0.005030529,
    "18":-0.005210683,
    "19":-0.0025000893,
    "20":-0.010665494,
    "21":-0.0053839562,
    "22":-0.0080379203,
    "23":-0.0104597506,
    "24":-0.0022000461,
    "25":-0.0127518393,
    "26":-0.0055238068,
    "27":-0.0034033597,
    "28":-0.0031024133,
    "29":-0.0077296816,
    "30":-0.005480347,
    "31":-0.0046707779,
    "32":-0.0026102571,
    "33":-0.0082579631,
    "34":-0.0023020138,
    "35":-0.002500519,
    "36":-0.00290094,
    "37":-0.0159364572,
    "38":-0.014512983,
    "39":-0.00438014,
    "40":-0.0054555507,
    "41":-0.0031016399,
    "42":-0.001700489,
    "43":-0.0046533469,
    "44":-0.0021970776,
    "45":-0.0030005242,
    "46":-0.002300248,
    "47":-0.00300106,
    "48":-0.003501525,
    "49":-0.0029017584
  },
  "Delta_Prop":{
    "0":-0.0025009581,
    "1":-0.0122658165,
    "2":-0.0011009345,
    "3":-0.0050533326,
    "4":-0.0033004319,
    "5":-0.0035918466,
    "6":-0.0023018459,
    "7":-0.0029212381,
    "8":-0.0029020765,
    "9":-0.0044811236,
    "10":-0.004090732,
    "11":-0.00362124,
    "12":-0.0047017303,
    "13":-0.0014033804,
    "14":-0.0026011314,
    "15":-0.0075810497,
    "16":-0.0072175197,
    "17":-0.0032504473,
    "18":-0.003601154,
    "19":-0.0022007323,
    "20":-0.0081369021,
    "21":-0.0042371364,
    "22":-0.0057653258,
    "23":-0.0070547628,
    "24":-0.0015013478,
    "25":-0.0100630159,
    "26":-0.0055773518,
    "27":-0.0023011257,
    "28":-0.0022009147,
    "29":-0.0062986141,
    "30":-0.0037805909,
    "31":-0.0039918253,
    "32":-0.0015111586,
    "33":-0.0052263892,
    "34":-0.001501856,
    "35":-0.0022015949,
    "36":-0.002601301,
    "37":-0.0137812018,
    "38":-0.0114675635,
    "39":-0.003890652,
    "40":-0.0043740445,
    "41":-0.0028013269,
    "42":-0.002500788,
    "43":-0.004254052,
    "44":-0.0014019923,
    "45":-0.0019011752,
    "46":-0.002101041,
    "47":-0.00210058,
    "48":-0.0027021748,
    "49":-0.0022023939
  }
}