{
  "Astrahl":{
    "0":0.4317396689,
    "1":0.4145525149,
    "2":0.410676903,
    "3":0.5012665887,
    "4":0.4381532258,
    "5":0.5460768245,
    "6":0.283702006,
    "7":0.5055382939,
    "8":0.354918541,
    "9":0.3401509338,
    "10":0.3628572673,
    "11":0.3710521518,
    "12":0.407380204,
    "13":0.3016246816,
    "14":0.5010176205,
    "15":0.4155761541,
    "16":0.3596098609,
    "17":0.218558961,
    "18":0.4809668765,
    "19":0.4826254466,
    "20":0.3628750746,
    "21":0.3620400553,
    "22":0.4715307459,
    "23":0.4718897449,
    "24":0.3185693803,
    "25":0.308098116,
    "26":0.3975848233,
    "27":0.4350928579,
    "28":0.2966051692,
    "29":0.3545240005,
    "30":0.4235668282,
    "31":0.2963256414,
    "32":0.4022692512,
    "33":0.2995001983,
    "34":0.3060781354,
    "35":0.3364168432,
    "36":0.2349627499,
    "37":0.4502728158,
    "38":0.23073454,
    "39":0.2259723559,
    "40":0.2320124455,
    "41":0.7026806845,
    "42":0.2314466757,
    "43":0.4192898193,
    "44":0.5453993158,
    "45":0.223768918,
    "46":0.2954810836,
    "47":0.3737792396,
    "48":0.2884585528,
    "49":0.5174819578
  },
  "Uniform":{
    "0":0.45317827,
    "1":0.3981107801,
    "2":0.3958012425,
    "3":0.5444947136,
    "4":0.4541715522,
    "5":0.5454076285,
    "6":0.3022316713,
    "7":0.4903136117,
    "8":0.3666973922,
    "9":0.3507577622,
    "10":0.3648512588,
    "11":0.3491883904,
    "12":0.4149961821,
    "13":0.3049676578,
    "14":0.532938117,
    "15":0.4156098404,
    "16":0.3544353541,
    "17":0.234665416,
    "18":0.4621825066,
    "19":0.5136772638,
    "20":0.3547254151,
    "21":0.3510748018,
    "22":0.45704289,
    "23":0.486681434,
    "24":0.3604185779,
    "25":0.3121525092,
    "26":0.4059533009,
    "27":0.4335704453,
    "28":0.3001735027,
    "29":0.3539524645,
    "30":0.4084185995,
    "31":0.3056414741,
    "32":0.4075527516,
    "33":0.3081340045,
    "34":0.300559816,
    "35":0.3645417216,
    "36":0.2466238843,
    "37":0.456313091,
    "38":0.23572819,
    "39":0.2493726487,
    "40":0.2484876916,
    "41":0.7057981536,
    "42":0.2394962875,
    "43":0.3899624766,
    "44":0.5420040633,
    "45":0.230760901,
    "46":0.303207139,
    "47":0.4362755844,
    "48":0.2875359232,
    "49":0.5366413622
  },
  "Prop":{
    "0":0.4657470669,
    "1":0.4160549247,
    "2":0.4155311091,
    "3":0.5485127965,
    "4":0.4675702894,
    "5":0.5598946435,
    "6":0.3116380888,
    "7":0.5045069688,
    "8":0.3663032176,
    "9":0.3609581976,
    "10":0.3712034039,
    "11":0.373830779,
    "12":0.426510383,
    "13":0.3020248549,
    "14":0.5329647533,
    "15":0.4122158811,
    "16":0.3563069887,
    "17":0.231434713,
    "18":0.4810363275,
    "19":0.5019640479,
    "20":0.3676160904,
    "21":0.3520014256,
    "22":0.4562033437,
    "23":0.4853429251,
    "24":0.3521468765,
    "25":0.3165263341,
    "26":0.4301584708,
    "27":0.4241315819,
    "28":0.3086993512,
    "29":0.3592875781,
    "30":0.4268961979,
    "31":0.3062486679,
    "32":0.4103268737,
    "33":0.3095091982,
    "34":0.3015789652,
    "35":0.3679123721,
    "36":0.2429489629,
    "37":0.4672074379,
    "38":0.24659389,
    "39":0.2536156513,
    "40":0.2527451983,
    "41":0.7098262398,
    "42":0.2477605564,
    "43":0.4115510396,
    "44":0.5546945183,
    "45":0.245706508,
    "46":0.3053810089,
    "47":0.4275053083,
    "48":0.3025890118,
    "49":0.550652118
  },
  "Delta_Uniform":{
    "0":-0.0214386011,
    "1":0.0164417348,
    "2":0.0148756605,
    "3":-0.0432281248,
    "4":-0.0160183265,
    "5":0.000669196,
    "6":-0.0185296653,
    "7":0.0152246821,
    "8":-0.0117788512,
    "9":-0.0106068284,
    "10":-0.0019939915,
    "11":0.0218637614,
    "12":-0.0076159782,
    "13":-0.0033429762,
    "14":-0.0319204965,
    "15":-0.0000336864,
    "16":0.0051745068,
    "17":-0.016106455,
    "18":0.0187843699,
    "19":-0.0310518172,
    "20":0.0081496595,
    "21":0.0109652535,
    "22":0.0144878559,
    "23":-0.0147916891,
    "24":-0.0418491976,
    "25":-0.0040543932,
    "26":-0.0083684776,
    "27":0.0015224125,
    "28":-0.0035683335,
    "29":0.000571536,
    "30":0.0151482287,
    "31":-0.0093158328,
    "32":-0.0052835004,
    "33":-0.0086338062,
    "34":0.0055183194,
    "35":-0.0281248784,
    "36":-0.0116611344,
    "37":-0.0060402752,
    "38":-0.00499365,
    "39":-0.0234002928,
    "40":-0.0164752461,
    "41":-0.003117469,
    "42":-0.0080496118,
    "43":0.0293273428,
    "44":0.0033952525,
    "45":-0.006991983,
    "46":-0.0077260554,
    "47":-0.0624963448,
    "48":0.0009226296,
    "49":-0.0191594043
  },
  "Delta_Prop":{
    "0":-0.034007398,
    "1":-0.0015024099,
    "2":-0.0048542061,
    "3":-0.0472462077,
    "4":-0.0294170636,
    "5":-0.013817819,
    "6":-0.0279360828,
    "7":0.0010313251,
    "8":-0.0113846766,
    "9":-0.0208072639,
    "10":-0.0083461366,
    "11":-0.0027786272,
    "12":-0.019130179,
    "13":-0.0004001733,
    "14":-0.0319471329,
    "15":0.003360273,
    "16":0.0033028722,
    "17":-0.012875752,
    "18":-0.0000694509,
    "19":-0.0193386012,
    "20":-0.0047410159,
    "21":0.0100386297,
    "22":0.0153274022,
    "23":-0.0134531803,
    "24":-0.0335774962,
    "25":-0.0084282182,
    "26":-0.0325736476,
    "27":0.0109612759,
    "28":-0.012094182,
    "29":-0.0047635776,
    "30":-0.0033293698,
    "31":-0.0099230266,
    "32":-0.0080576224,
    "33":-0.0100089999,
    "34":0.0044991702,
    "35":-0.0314955289,
    "36":-0.007986213,
    "37":-0.0169346221,
    "38":-0.01585935,
    "39":-0.0276432954,
    "40":-0.0207327528,
    "41":-0.0071455552,
    "42":-0.0163138807,
    "43":0.0077387797,
    "44":-0.0092952025,
    "45":-0.02193759,
    "46":-0.0098999253,
    "47":-0.0537260686,
    "48":-0.014130459,
    "49":-0.0331701602
  }
}