{
  "Astrahl":{
    "0":0.0582181106,
    "1":0.044792721,
    "2":0.0599635537,
    "3":0.0710627712,
    "4":0.0500117072,
    "5":0.048187672,
    "6":0.1082128925,
    "7":0.0946326575,
    "8":0.1729664658,
    "9":0.0688436925,
    "10":0.0846550356,
    "11":0.040288963,
    "12":0.04334046,
    "13":0.0406337189,
    "14":0.081376588,
    "15":0.0386514688,
    "16":0.085763912,
    "17":0.1256366453,
    "18":0.067092951,
    "19":0.048956307,
    "20":0.099451844,
    "21":0.04190355,
    "22":0.068143059,
    "23":0.04137807,
    "24":0.0420581409,
    "25":0.0767958158,
    "26":0.0785984139,
    "27":0.1166134054,
    "28":0.0817860741,
    "29":0.0787673506,
    "30":0.0814324247,
    "31":0.04030608,
    "32":0.072874841,
    "33":0.053345112,
    "34":0.054250898,
    "35":0.04503212,
    "36":0.0776059752,
    "37":0.0648536891,
    "38":0.03849915,
    "39":0.044103411,
    "40":0.108399671,
    "41":0.039715501,
    "42":0.1458386342,
    "43":0.0502263423,
    "44":0.044089502,
    "45":0.0514204509,
    "46":0.0391813123,
    "47":0.04109176,
    "48":0.039724252,
    "49":0.040515133
  },
  "Uniform":{
    "0":0.0851039318,
    "1":0.05731636,
    "2":0.0818644293,
    "3":0.0873615404,
    "4":0.0657875248,
    "5":0.0750803899,
    "6":0.1788916232,
    "7":0.1238602651,
    "8":0.2980072642,
    "9":0.105138639,
    "10":0.1336069123,
    "11":0.056212154,
    "12":0.05584969,
    "13":0.0671806758,
    "14":0.0918828443,
    "15":0.062264375,
    "16":0.1324186541,
    "17":0.1767095428,
    "18":0.122490974,
    "19":0.0736112738,
    "20":0.1439461867,
    "21":0.05975837,
    "22":0.0720319708,
    "23":0.069708621,
    "24":0.0671612259,
    "25":0.1107923189,
    "26":0.1219186319,
    "27":0.156895244,
    "28":0.1065167183,
    "29":0.1237550526,
    "30":0.1105726259,
    "31":0.05690638,
    "32":0.110644772,
    "33":0.0764171779,
    "34":0.0668847979,
    "35":0.0754382521,
    "36":0.117106909,
    "37":0.082747193,
    "38":0.06014598,
    "39":0.06329766,
    "40":0.151825524,
    "41":0.065713533,
    "42":0.2555873377,
    "43":0.0697298007,
    "44":0.058095602,
    "45":0.0660833419,
    "46":0.0601293399,
    "47":0.05823609,
    "48":0.066326153,
    "49":0.070212531
  },
  "Prop":{
    "0":0.0879345669,
    "1":0.06988317,
    "2":0.1084406061,
    "3":0.1024825484,
    "4":0.0894355141,
    "5":0.083522435,
    "6":0.1754829113,
    "7":0.1425473558,
    "8":0.3258566611,
    "9":0.1349463318,
    "10":0.1504131726,
    "11":0.074784032,
    "12":0.06442936,
    "13":0.0679538809,
    "14":0.107901888,
    "15":0.064689931,
    "16":0.1506819751,
    "17":0.1958846262,
    "18":0.1294663709,
    "19":0.076810933,
    "20":0.1807186869,
    "21":0.06853895,
    "22":0.0916260569,
    "23":0.07260917,
    "24":0.0626156579,
    "25":0.1288966233,
    "26":0.1321543716,
    "27":0.194495369,
    "28":0.1220645725,
    "29":0.1489002794,
    "30":0.1441727009,
    "31":0.06749218,
    "32":0.132505162,
    "33":0.071571103,
    "34":0.076304964,
    "35":0.0863866107,
    "36":0.1385630617,
    "37":0.0984235514,
    "38":0.06791296,
    "39":0.077226762,
    "40":0.1875281759,
    "41":0.077682491,
    "42":0.2845322278,
    "43":0.0703118051,
    "44":0.063306702,
    "45":0.0795322242,
    "46":0.075534074,
    "47":0.0678038,
    "48":0.074243252,
    "49":0.072314372
  },
  "Delta_Uniform":{
    "0":-0.0268858212,
    "1":-0.012523639,
    "2":-0.0219008757,
    "3":-0.0162987693,
    "4":-0.0157758176,
    "5":-0.0268927179,
    "6":-0.0706787308,
    "7":-0.0292276076,
    "8":-0.1250407984,
    "9":-0.0362949465,
    "10":-0.0489518767,
    "11":-0.015923191,
    "12":-0.01250923,
    "13":-0.0265469569,
    "14":-0.0105062562,
    "15":-0.0236129062,
    "16":-0.0466547421,
    "17":-0.0510728975,
    "18":-0.055398023,
    "19":-0.0246549668,
    "20":-0.0444943427,
    "21":-0.01785482,
    "22":-0.0038889118,
    "23":-0.028330551,
    "24":-0.025103085,
    "25":-0.0339965031,
    "26":-0.043320218,
    "27":-0.0402818386,
    "28":-0.0247306442,
    "29":-0.044987702,
    "30":-0.0291402012,
    "31":-0.0166003,
    "32":-0.037769931,
    "33":-0.0230720659,
    "34":-0.0126338999,
    "35":-0.0304061321,
    "36":-0.0395009338,
    "37":-0.0178935039,
    "38":-0.02164683,
    "39":-0.019194249,
    "40":-0.043425853,
    "41":-0.025998032,
    "42":-0.1097487035,
    "43":-0.0195034584,
    "44":-0.0140061,
    "45":-0.014662891,
    "46":-0.0209480276,
    "47":-0.01714433,
    "48":-0.026601901,
    "49":-0.029697398
  },
  "Delta_Prop":{
    "0":-0.0297164563,
    "1":-0.025090449,
    "2":-0.0484770524,
    "3":-0.0314197773,
    "4":-0.0394238069,
    "5":-0.035334763,
    "6":-0.0672700188,
    "7":-0.0479146983,
    "8":-0.1528901953,
    "9":-0.0661026393,
    "10":-0.0657581369,
    "11":-0.034495069,
    "12":-0.0210889,
    "13":-0.027320162,
    "14":-0.0265252999,
    "15":-0.0260384622,
    "16":-0.0649180631,
    "17":-0.070247981,
    "18":-0.0623734199,
    "19":-0.027854626,
    "20":-0.0812668429,
    "21":-0.0266354,
    "22":-0.0234829979,
    "23":-0.0312311,
    "24":-0.020557517,
    "25":-0.0521008075,
    "26":-0.0535559577,
    "27":-0.0778819636,
    "28":-0.0402784984,
    "29":-0.0701329288,
    "30":-0.0627402762,
    "31":-0.0271861,
    "32":-0.059630321,
    "33":-0.018225991,
    "34":-0.022054066,
    "35":-0.0413544907,
    "36":-0.0609570864,
    "37":-0.0335698623,
    "38":-0.02941381,
    "39":-0.033123351,
    "40":-0.0791285049,
    "41":-0.03796699,
    "42":-0.1386935936,
    "43":-0.0200854628,
    "44":-0.0192172,
    "45":-0.0281117733,
    "46":-0.0363527617,
    "47":-0.02671204,
    "48":-0.034519,
    "49":-0.031799239
  }
}