{
  "Astrahl":{
    "0":0.131587597,
    "1":0.1294633747,
    "2":0.122574905,
    "3":0.1710992818,
    "4":0.1166893804,
    "5":0.1472863699,
    "6":0.1629245255,
    "7":0.172323343,
    "8":0.1741658885,
    "9":0.205928181,
    "10":0.2166327279,
    "11":0.13229055,
    "12":0.2673395869,
    "13":0.2080688149,
    "14":0.134451862,
    "15":0.206044882,
    "16":0.2414876762,
    "17":0.1699268446,
    "18":0.1592620309,
    "19":0.116907787,
    "20":0.119828206,
    "21":0.3582674122,
    "22":0.1584158904,
    "23":0.13214142,
    "24":0.229900065,
    "25":0.1929234645,
    "26":0.2547987402,
    "27":0.13302073,
    "28":0.1774742005,
    "29":0.1650671694,
    "30":0.1980623969,
    "31":0.149482063,
    "32":0.1286404912,
    "33":0.1719816464,
    "34":0.2329195366,
    "35":0.2351067535,
    "36":0.1454227051,
    "37":0.1947889009,
    "38":0.1815035302,
    "39":0.1343395503,
    "40":0.165079422,
    "41":0.1843652481,
    "42":0.1496949877,
    "43":0.1214591824,
    "44":0.1834599076,
    "45":0.2111019254,
    "46":0.1727554987,
    "47":0.218718134,
    "48":0.22837614,
    "49":0.13156309
  },
  "Uniform":{
    "0":0.192818338,
    "1":0.1880702989,
    "2":0.19680777,
    "3":0.2292860257,
    "4":0.1894536657,
    "5":0.2439248257,
    "6":0.2203770654,
    "7":0.233140114,
    "8":0.2251103795,
    "9":0.2615575509,
    "10":0.3462394597,
    "11":0.17656593,
    "12":0.3846773621,
    "13":0.2838569176,
    "14":0.1869263582,
    "15":0.2911230356,
    "16":0.3400757477,
    "17":0.2364600745,
    "18":0.2441122282,
    "19":0.184623522,
    "20":0.193524165,
    "21":0.4570280922,
    "22":0.2444874883,
    "23":0.18499778,
    "24":0.3290237623,
    "25":0.2968254783,
    "26":0.3776288483,
    "27":0.16912877,
    "28":0.2422440666,
    "29":0.2302874118,
    "30":0.2832854761,
    "31":0.245336139,
    "32":0.1974250987,
    "33":0.2294553903,
    "34":0.3435698455,
    "35":0.3312594639,
    "36":0.1976030672,
    "37":0.2824702129,
    "38":0.2861936962,
    "39":0.1815329559,
    "40":0.233301754,
    "41":0.2411548994,
    "42":0.2406123595,
    "43":0.1763626748,
    "44":0.2510950264,
    "45":0.2682195489,
    "46":0.2353625578,
    "47":0.2845446639,
    "48":0.301305218,
    "49":0.18522653
  },
  "Prop":{
    "0":0.176360606,
    "1":0.1901049813,
    "2":0.181087415,
    "3":0.2400152004,
    "4":0.1833508147,
    "5":0.2385664336,
    "6":0.2463501401,
    "7":0.247757346,
    "8":0.235945294,
    "9":0.2755512937,
    "10":0.3449021473,
    "11":0.18867211,
    "12":0.3553059444,
    "13":0.2757289437,
    "14":0.1733676324,
    "15":0.2860167734,
    "16":0.3402784826,
    "17":0.2417314006,
    "18":0.2353316346,
    "19":0.188674728,
    "20":0.168405736,
    "21":0.4593343239,
    "22":0.2457920446,
    "23":0.18529091,
    "24":0.3435054339,
    "25":0.3042487842,
    "26":0.3685415386,
    "27":0.19141819,
    "28":0.2225402514,
    "29":0.2529831942,
    "30":0.2879972577,
    "31":0.228600943,
    "32":0.1886000437,
    "33":0.2397368349,
    "34":0.3386778722,
    "35":0.3207164892,
    "36":0.1821527703,
    "37":0.2906299513,
    "38":0.2736776095,
    "39":0.183736048,
    "40":0.246976227,
    "41":0.2344473056,
    "42":0.2206439287,
    "43":0.1778515466,
    "44":0.2343685783,
    "45":0.3026258926,
    "46":0.2323199907,
    "47":0.2870778356,
    "48":0.2999873401,
    "49":0.18815776
  },
  "Delta_Uniform":{
    "0":-0.061230741,
    "1":-0.0586069242,
    "2":-0.074232865,
    "3":-0.0581867439,
    "4":-0.0727642853,
    "5":-0.0966384558,
    "6":-0.0574525399,
    "7":-0.060816771,
    "8":-0.050944491,
    "9":-0.0556293699,
    "10":-0.1296067318,
    "11":-0.04427538,
    "12":-0.1173377752,
    "13":-0.0757881027,
    "14":-0.0524744962,
    "15":-0.0850781535,
    "16":-0.0985880715,
    "17":-0.0665332299,
    "18":-0.0848501973,
    "19":-0.067715735,
    "20":-0.073695959,
    "21":-0.09876068,
    "22":-0.0860715979,
    "23":-0.05285636,
    "24":-0.0991236974,
    "25":-0.1039020138,
    "26":-0.1228301081,
    "27":-0.03610804,
    "28":-0.0647698661,
    "29":-0.0652202424,
    "30":-0.0852230792,
    "31":-0.095854076,
    "32":-0.0687846075,
    "33":-0.0574737438,
    "34":-0.1106503089,
    "35":-0.0961527104,
    "36":-0.0521803621,
    "37":-0.087681312,
    "38":-0.104690166,
    "39":-0.0471934056,
    "40":-0.068222332,
    "41":-0.0567896513,
    "42":-0.0909173718,
    "43":-0.0549034924,
    "44":-0.0676351188,
    "45":-0.0571176235,
    "46":-0.0626070591,
    "47":-0.0658265299,
    "48":-0.0729290779,
    "49":-0.05366344
  },
  "Delta_Prop":{
    "0":-0.044773009,
    "1":-0.0606416066,
    "2":-0.05851251,
    "3":-0.0689159186,
    "4":-0.0666614343,
    "5":-0.0912800637,
    "6":-0.0834256146,
    "7":-0.075434003,
    "8":-0.0617794055,
    "9":-0.0696231127,
    "10":-0.1282694194,
    "11":-0.05638156,
    "12":-0.0879663576,
    "13":-0.0676601288,
    "14":-0.0389157704,
    "15":-0.0799718914,
    "16":-0.0987908064,
    "17":-0.071804556,
    "18":-0.0760696037,
    "19":-0.071766941,
    "20":-0.04857753,
    "21":-0.1010669118,
    "22":-0.0873761542,
    "23":-0.05314949,
    "24":-0.113605369,
    "25":-0.1113253197,
    "26":-0.1137427983,
    "27":-0.05839746,
    "28":-0.0450660509,
    "29":-0.0879160248,
    "30":-0.0899348608,
    "31":-0.07911888,
    "32":-0.0599595525,
    "33":-0.0677551884,
    "34":-0.1057583356,
    "35":-0.0856097357,
    "36":-0.0367300652,
    "37":-0.0958410504,
    "38":-0.0921740793,
    "39":-0.0493964977,
    "40":-0.081896805,
    "41":-0.0500820575,
    "42":-0.070948941,
    "43":-0.0563923642,
    "44":-0.0509086706,
    "45":-0.0915239672,
    "46":-0.059564492,
    "47":-0.0683597016,
    "48":-0.0716112001,
    "49":-0.05659467
  }
}