{
  "Astrahl":{
    "0":0.0000014277,
    "1":0.0000036501,
    "2":0.0000007852,
    "3":0.0000014526,
    "4":0.0000095937,
    "5":0.0000012621,
    "6":0.00000024,
    "7":0.0000028936,
    "8":0.000000534,
    "9":0.0000208308,
    "10":0.0000406703,
    "11":0.0000006968,
    "12":0.0000006152,
    "13":0.000001402,
    "14":0.0000028766,
    "15":0.0000010047,
    "16":0.0000008105,
    "17":0.0000023546,
    "18":0.000000628,
    "19":0.0000018627,
    "20":0.0000010735,
    "21":0.0000017426,
    "22":0.0000035489,
    "23":0.0000011286,
    "24":0.000000482,
    "25":0.0000016982,
    "26":0.0000339868,
    "27":0.0000017351,
    "28":0.000013286,
    "29":0.00000031,
    "30":0.000001717,
    "31":0.0000028948,
    "32":0.000000525,
    "33":0.00000018,
    "34":0.0000014967,
    "35":0.0000082565,
    "36":0.0000021318,
    "37":0.0000025743,
    "38":0.0000025574,
    "39":0.00000037,
    "40":0.0000022372,
    "41":0.0000020484,
    "42":0.000000499,
    "43":0.000000552,
    "44":0.000000457,
    "45":0.00000029,
    "46":0.0000016574,
    "47":0.0000011334,
    "48":0.0000027038,
    "49":0.0000009572
  },
  "Uniform":{
    "0":0.000001241,
    "1":0.0000037644,
    "2":0.0000013166,
    "3":0.0000015421,
    "4":0.0000117879,
    "5":0.0000008371,
    "6":0.0000002,
    "7":0.0000046718,
    "8":0.000000586,
    "9":0.0000205942,
    "10":0.0000451129,
    "11":0.0000006284,
    "12":0.0000007187,
    "13":0.0000017443,
    "14":0.0000021495,
    "15":0.0000009957,
    "16":0.0000008333,
    "17":0.0000027746,
    "18":0.000000644,
    "19":0.0000021667,
    "20":0.0000012256,
    "21":0.0000017229,
    "22":0.0000030098,
    "23":0.0000009867,
    "24":0.000000489,
    "25":0.000001542,
    "26":0.0000356917,
    "27":0.0000020799,
    "28":0.000012997,
    "29":0.00000036,
    "30":0.0000022207,
    "31":0.0000026548,
    "32":0.00000055,
    "33":0.00000026,
    "34":0.0000020993,
    "35":0.0000070028,
    "36":0.000001791,
    "37":0.0000029119,
    "38":0.0000024255,
    "39":0.00000023,
    "40":0.000002844,
    "41":0.0000020483,
    "42":0.000000511,
    "43":0.000000555,
    "44":0.000000498,
    "45":0.00000028,
    "46":0.0000014228,
    "47":0.0000012921,
    "48":0.0000026421,
    "49":0.0000009981
  },
  "Prop":{
    "0":0.0000014045,
    "1":0.0000033953,
    "2":0.0000007649,
    "3":0.000001335,
    "4":0.0000098745,
    "5":0.0000007563,
    "6":0.00000028,
    "7":0.0000030667,
    "8":0.000000584,
    "9":0.0000224488,
    "10":0.0000377133,
    "11":0.000000829,
    "12":0.0000007701,
    "13":0.0000014263,
    "14":0.0000022026,
    "15":0.0000007069,
    "16":0.0000008713,
    "17":0.000002896,
    "18":0.000000577,
    "19":0.0000020834,
    "20":0.0000010199,
    "21":0.0000017849,
    "22":0.000004191,
    "23":0.0000009287,
    "24":0.000000556,
    "25":0.0000016485,
    "26":0.0000361296,
    "27":0.0000018326,
    "28":0.000010361,
    "29":0.0000002,
    "30":0.0000019272,
    "31":0.0000032083,
    "32":0.000000631,
    "33":0.00000026,
    "34":0.0000015918,
    "35":0.0000067962,
    "36":0.0000022278,
    "37":0.0000027104,
    "38":0.0000025735,
    "39":0.00000026,
    "40":0.0000026563,
    "41":0.0000019382,
    "42":0.000000449,
    "43":0.000000535,
    "44":0.000000441,
    "45":0.00000027,
    "46":0.0000019626,
    "47":0.000000972,
    "48":0.000002882,
    "49":0.0000011135
  },
  "Delta_Uniform":{
    "0":0.0000001867,
    "1":-0.0000001143,
    "2":-0.0000005314,
    "3":-0.0000000895,
    "4":-0.0000021942,
    "5":0.000000425,
    "6":0.00000004,
    "7":-0.0000017782,
    "8":-0.000000052,
    "9":0.0000002365,
    "10":-0.0000044426,
    "11":0.0000000684,
    "12":-0.0000001035,
    "13":-0.0000003423,
    "14":0.0000007271,
    "15":0.000000009,
    "16":-0.0000000228,
    "17":-0.00000042,
    "18":-0.000000016,
    "19":-0.000000304,
    "20":-0.0000001521,
    "21":0.0000000197,
    "22":0.0000005391,
    "23":0.0000001419,
    "24":-0.000000007,
    "25":0.0000001561,
    "26":-0.0000017049,
    "27":-0.0000003448,
    "28":0.000000289,
    "29":-0.00000005,
    "30":-0.0000005037,
    "31":0.00000024,
    "32":-0.000000025,
    "33":-0.00000008,
    "34":-0.0000006026,
    "35":0.0000012536,
    "36":0.0000003408,
    "37":-0.0000003376,
    "38":0.0000001319,
    "39":0.00000014,
    "40":-0.0000006068,
    "41":0.0000000001,
    "42":-0.000000012,
    "43":-0.000000003,
    "44":-0.000000041,
    "45":0.00000001,
    "46":0.0000002347,
    "47":-0.0000001587,
    "48":0.0000000618,
    "49":-0.0000000409
  },
  "Delta_Prop":{
    "0":0.0000000232,
    "1":0.0000002548,
    "2":0.0000000203,
    "3":0.0000001176,
    "4":-0.0000002808,
    "5":0.0000005058,
    "6":-0.00000004,
    "7":-0.0000001731,
    "8":-0.00000005,
    "9":-0.000001618,
    "10":0.000002957,
    "11":-0.0000001322,
    "12":-0.0000001549,
    "13":-0.0000000243,
    "14":0.000000674,
    "15":0.0000002978,
    "16":-0.0000000608,
    "17":-0.0000005414,
    "18":0.000000051,
    "19":-0.0000002207,
    "20":0.0000000536,
    "21":-0.0000000423,
    "22":-0.0000006421,
    "23":0.0000001999,
    "24":-0.000000074,
    "25":0.0000000497,
    "26":-0.0000021428,
    "27":-0.0000000975,
    "28":0.000002925,
    "29":0.00000011,
    "30":-0.0000002101,
    "31":-0.0000003136,
    "32":-0.000000106,
    "33":-0.00000008,
    "34":-0.0000000951,
    "35":0.0000014603,
    "36":-0.000000096,
    "37":-0.0000001361,
    "38":-0.0000000161,
    "39":0.00000011,
    "40":-0.000000419,
    "41":0.0000001102,
    "42":0.00000005,
    "43":0.000000017,
    "44":0.000000016,
    "45":0.00000002,
    "46":-0.0000003052,
    "47":0.0000001614,
    "48":-0.0000001782,
    "49":-0.0000001563
  }
}