{
  "Astrahl":{
    "0":0.0033837461,
    "1":0.003076908,
    "2":0.00155574,
    "3":0.0073821415,
    "4":0.0032926554,
    "5":0.0032801202,
    "6":0.0023248401,
    "7":0.0034396278,
    "8":0.0030324894,
    "9":0.002025595,
    "10":0.0021142128,
    "11":0.002642766,
    "12":0.001915108,
    "13":0.001957228,
    "14":0.0050109816,
    "15":0.003989734,
    "16":0.0027751191,
    "17":0.0075006441,
    "18":0.002678699,
    "19":0.0035103167,
    "20":0.0023248401,
    "21":0.002283398,
    "22":0.0068170162,
    "23":0.0046535732,
    "24":0.002678699,
    "25":0.010663191,
    "26":0.0035466363,
    "27":0.0025574627,
    "28":0.0056609633,
    "29":0.001806672,
    "30":0.0040331299,
    "31":0.0157181762,
    "32":0.0056733296,
    "33":0.0025527656,
    "34":0.0043211751,
    "35":0.00158455,
    "36":0.00138288,
    "37":0.0055565836,
    "38":0.0135107071,
    "39":0.0116610024,
    "40":0.0076330717,
    "41":0.001875299,
    "42":0.002025595,
    "43":0.0069907584,
    "44":0.0049087167,
    "45":0.0045577807,
    "46":0.00146931,
    "47":0.002642766,
    "48":0.0029268048,
    "49":0.0020722011
  },
  "Uniform":{
    "0":0.0051356511,
    "1":0.004038244,
    "2":0.00216727,
    "3":0.0102767155,
    "4":0.0042690272,
    "5":0.0051538021,
    "6":0.0034144784,
    "7":0.0040815313,
    "8":0.0038047518,
    "9":0.002474696,
    "10":0.0034831648,
    "11":0.0031762589,
    "12":0.002706405,
    "13":0.002798235,
    "14":0.0076006745,
    "15":0.0051833303,
    "16":0.0039926221,
    "17":0.011901216,
    "18":0.0038109029,
    "19":0.005967837,
    "20":0.0033813873,
    "21":0.002707352,
    "22":0.0082838427,
    "23":0.0063741308,
    "24":0.0037340247,
    "25":0.0140120093,
    "26":0.0046179527,
    "27":0.0039759173,
    "28":0.007807,
    "29":0.00276271,
    "30":0.0054720114,
    "31":0.0203248716,
    "32":0.0086984604,
    "33":0.0034814582,
    "34":0.0064621794,
    "35":0.0022072,
    "36":0.00211618,
    "37":0.0073080873,
    "38":0.0194489783,
    "39":0.0153237428,
    "40":0.0106266542,
    "41":0.003228328,
    "42":0.002698089,
    "43":0.0105319806,
    "44":0.0071474957,
    "45":0.00704794,
    "46":0.00209452,
    "47":0.0031916884,
    "48":0.0046917463,
    "49":0.0036485697
  },
  "Prop":{
    "0":0.0056650789,
    "1":0.003815393,
    "2":0.0021188,
    "3":0.0099142005,
    "4":0.0045401517,
    "5":0.0051589283,
    "6":0.0032853382,
    "7":0.0041953401,
    "8":0.0037805636,
    "9":0.002797237,
    "10":0.0030651392,
    "11":0.0034851746,
    "12":0.002628267,
    "13":0.002749824,
    "14":0.0075369993,
    "15":0.0053908408,
    "16":0.0040886354,
    "17":0.012120184,
    "18":0.0037252077,
    "19":0.0053375964,
    "20":0.0035524891,
    "21":0.002470149,
    "22":0.0087933816,
    "23":0.0064861217,
    "24":0.0035279886,
    "25":0.0138578199,
    "26":0.0044659931,
    "27":0.0036512525,
    "28":0.0075364911,
    "29":0.003043998,
    "30":0.0054068503,
    "31":0.0220461558,
    "32":0.0089877486,
    "33":0.0032273427,
    "34":0.0061135222,
    "35":0.0019304,
    "36":0.0021313,
    "37":0.0069389392,
    "38":0.0197176465,
    "39":0.0156850537,
    "40":0.009970957,
    "41":0.003252425,
    "42":0.002479188,
    "43":0.0106399481,
    "44":0.0075634646,
    "45":0.0068047323,
    "46":0.00221229,
    "47":0.0032230653,
    "48":0.0044007081,
    "49":0.0036431692
  },
  "Delta_Uniform":{
    "0":-0.001751905,
    "1":-0.000961336,
    "2":-0.00061153,
    "3":-0.0028945741,
    "4":-0.0009763718,
    "5":-0.0018736819,
    "6":-0.0010896383,
    "7":-0.0006419035,
    "8":-0.0007722624,
    "9":-0.000449101,
    "10":-0.001368952,
    "11":-0.0005334929,
    "12":-0.000791297,
    "13":-0.000841007,
    "14":-0.0025896929,
    "15":-0.0011935963,
    "16":-0.001217503,
    "17":-0.0044005719,
    "18":-0.001132204,
    "19":-0.0024575202,
    "20":-0.0010565472,
    "21":-0.000423954,
    "22":-0.0014668265,
    "23":-0.0017205576,
    "24":-0.0010553258,
    "25":-0.0033488183,
    "26":-0.0010713164,
    "27":-0.0014184546,
    "28":-0.0021460367,
    "29":-0.000956038,
    "30":-0.0014388815,
    "31":-0.0046066954,
    "32":-0.0030251308,
    "33":-0.0009286926,
    "34":-0.0021410043,
    "35":-0.00062265,
    "36":-0.0007333,
    "37":-0.0017515037,
    "38":-0.0059382713,
    "39":-0.0036627404,
    "40":-0.0029935826,
    "41":-0.001353029,
    "42":-0.000672494,
    "43":-0.0035412222,
    "44":-0.002238779,
    "45":-0.0024901592,
    "46":-0.00062521,
    "47":-0.0005489224,
    "48":-0.0017649415,
    "49":-0.0015763686
  },
  "Delta_Prop":{
    "0":-0.0022813328,
    "1":-0.000738485,
    "2":-0.00056306,
    "3":-0.002532059,
    "4":-0.0012474963,
    "5":-0.0018788081,
    "6":-0.0009604981,
    "7":-0.0007557123,
    "8":-0.0007480742,
    "9":-0.000771642,
    "10":-0.0009509264,
    "11":-0.0008424086,
    "12":-0.000713159,
    "13":-0.000792596,
    "14":-0.0025260177,
    "15":-0.0014011068,
    "16":-0.0013135163,
    "17":-0.0046195399,
    "18":-0.0010465087,
    "19":-0.0018272796,
    "20":-0.001227649,
    "21":-0.000186751,
    "22":-0.0019763654,
    "23":-0.0018325486,
    "24":-0.0008492896,
    "25":-0.0031946289,
    "26":-0.0009193568,
    "27":-0.0010937898,
    "28":-0.0018755278,
    "29":-0.001237326,
    "30":-0.0013737205,
    "31":-0.0063279796,
    "32":-0.0033144191,
    "33":-0.0006745771,
    "34":-0.0017923471,
    "35":-0.00034585,
    "36":-0.00074842,
    "37":-0.0013823556,
    "38":-0.0062069394,
    "39":-0.0040240513,
    "40":-0.0023378853,
    "41":-0.001377126,
    "42":-0.000453593,
    "43":-0.0036491897,
    "44":-0.0026547479,
    "45":-0.0022469515,
    "46":-0.00074298,
    "47":-0.0005802993,
    "48":-0.0014739033,
    "49":-0.0015709681
  }
}