{
  "Astrahl":{
    "0":0.00070063,
    "1":0.0004009756,
    "2":0.000400684,
    "3":0.0007913509,
    "4":0.0,
    "5":0.0001003249,
    "6":0.0004012996,
    "7":0.00040036,
    "8":0.0001004634,
    "9":0.00060054,
    "10":0.0016923697,
    "11":0.0002014417,
    "12":0.000201761,
    "13":0.00030027,
    "14":0.0,
    "15":0.000300513,
    "16":0.0,
    "17":0.0,
    "18":0.0,
    "19":0.0004009756,
    "20":0.0003808341,
    "21":0.00020018,
    "22":0.0004024692,
    "23":0.000100171,
    "24":0.0005029403,
    "25":0.0001907924,
    "26":0.00050045,
    "27":0.000480252,
    "28":0.0005029403,
    "29":0.000601026,
    "30":0.0001008388,
    "31":0.0001904171,
    "32":0.00040036,
    "33":0.000504994,
    "34":0.0001021161,
    "35":0.000400684,
    "36":0.0,
    "37":0.0004012996,
    "38":0.0001003249,
    "39":0.000300513,
    "40":0.0002012346,
    "41":0.0002006498,
    "42":0.000200342,
    "43":0.0003013902,
    "44":0.0005012195,
    "45":0.000290261,
    "46":0.0,
    "47":0.000500855,
    "48":0.00010009,
    "49":0.0001003249
  },
  "Uniform":{
    "0":0.00210057,
    "1":0.003300541,
    "2":0.003100831,
    "3":0.0054320579,
    "4":0.0030016979,
    "5":0.0030025289,
    "6":0.002701553,
    "7":0.00270037,
    "8":0.0024022722,
    "9":0.00518056,
    "10":0.0173804433,
    "11":0.0018025007,
    "12":0.0026047867,
    "13":0.00280048,
    "14":0.003201586,
    "15":0.003001092,
    "16":0.003900551,
    "17":0.00250057,
    "18":0.0028013369,
    "19":0.0029009027,
    "20":0.0074019837,
    "21":0.0023003,
    "22":0.0026023648,
    "23":0.002700732,
    "24":0.0032017328,
    "25":0.0118808175,
    "26":0.00240019,
    "27":0.005960261,
    "28":0.0030019974,
    "29":0.002700912,
    "30":0.0035039806,
    "31":0.0051522691,
    "32":0.00410045,
    "33":0.0026017328,
    "34":0.0039153327,
    "35":0.003501345,
    "36":0.002703222,
    "37":0.0026013849,
    "38":0.0029023377,
    "39":0.003000812,
    "40":0.0031026168,
    "41":0.003101976,
    "42":0.002200551,
    "43":0.002301986,
    "44":0.003301192,
    "45":0.005160822,
    "46":0.005580571,
    "47":0.0062214979,
    "48":0.00220019,
    "49":0.002901235
  },
  "Prop":{
    "0":0.0022005,
    "1":0.002800974,
    "2":0.002301292,
    "3":0.004991302,
    "4":0.001602204,
    "5":0.0027018677,
    "6":0.0024020328,
    "7":0.00250038,
    "8":0.0021035245,
    "9":0.005061412,
    "10":0.0188535991,
    "11":0.0027018993,
    "12":0.0032056471,
    "13":0.00250039,
    "14":0.00320037,
    "15":0.00260037,
    "16":0.002400561,
    "17":0.00300047,
    "18":0.0029024548,
    "19":0.002601202,
    "20":0.0053822347,
    "21":0.00230058,
    "22":0.003002727,
    "23":0.00270057,
    "24":0.0023024657,
    "25":0.0100860769,
    "26":0.00330048,
    "27":0.00497037,
    "28":0.0026020637,
    "29":0.002201293,
    "30":0.0021067713,
    "31":0.0049216769,
    "32":0.00220039,
    "33":0.0023044811,
    "34":0.0035202512,
    "35":0.002700451,
    "36":0.003106475,
    "37":0.0025018689,
    "38":0.002701363,
    "39":0.002801331,
    "40":0.0028025607,
    "41":0.0023023277,
    "42":0.00250085,
    "43":0.0031021223,
    "44":0.0023012369,
    "45":0.003920722,
    "46":0.00547028,
    "47":0.0056321779,
    "48":0.00210048,
    "49":0.0022011559
  },
  "Delta_Uniform":{
    "0":-0.00139994,
    "1":-0.0028995654,
    "2":-0.002700147,
    "3":-0.004640707,
    "4":-0.0030016979,
    "5":-0.002902204,
    "6":-0.0023002534,
    "7":-0.00230001,
    "8":-0.0023018088,
    "9":-0.00458002,
    "10":-0.0156880736,
    "11":-0.001601059,
    "12":-0.0024030258,
    "13":-0.00250021,
    "14":-0.003201586,
    "15":-0.002700579,
    "16":-0.003900551,
    "17":-0.00250057,
    "18":-0.0028013369,
    "19":-0.0024999271,
    "20":-0.0070211496,
    "21":-0.00210012,
    "22":-0.0021998956,
    "23":-0.002600561,
    "24":-0.0026987925,
    "25":-0.011690025,
    "26":-0.00189974,
    "27":-0.005480009,
    "28":-0.0024990571,
    "29":-0.002099886,
    "30":-0.0034031418,
    "31":-0.004961852,
    "32":-0.00370009,
    "33":-0.0020967388,
    "34":-0.0038132166,
    "35":-0.003100661,
    "36":-0.002703222,
    "37":-0.0022000853,
    "38":-0.0028020128,
    "39":-0.002700299,
    "40":-0.0029013822,
    "41":-0.0029013262,
    "42":-0.002000209,
    "43":-0.0020005958,
    "44":-0.0027999725,
    "45":-0.004870561,
    "46":-0.005580571,
    "47":-0.0057206429,
    "48":-0.0021001,
    "49":-0.0028009101
  },
  "Delta_Prop":{
    "0":-0.00149987,
    "1":-0.0023999984,
    "2":-0.001900608,
    "3":-0.0041999511,
    "4":-0.001602204,
    "5":-0.0026015428,
    "6":-0.0020007332,
    "7":-0.00210002,
    "8":-0.0020030611,
    "9":-0.004460872,
    "10":-0.0171612294,
    "11":-0.0025004576,
    "12":-0.0030038862,
    "13":-0.00220012,
    "14":-0.00320037,
    "15":-0.002299857,
    "16":-0.002400561,
    "17":-0.00300047,
    "18":-0.0029024548,
    "19":-0.0022002264,
    "20":-0.0050014006,
    "21":-0.0021004,
    "22":-0.0026002578,
    "23":-0.002600399,
    "24":-0.0017995254,
    "25":-0.0098952845,
    "26":-0.00280003,
    "27":-0.004490118,
    "28":-0.0020991234,
    "29":-0.001600267,
    "30":-0.0020059326,
    "31":-0.0047312598,
    "32":-0.00180003,
    "33":-0.0017994871,
    "34":-0.0034181351,
    "35":-0.002299767,
    "36":-0.003106475,
    "37":-0.0021005693,
    "38":-0.0026010381,
    "39":-0.002500818,
    "40":-0.0026013261,
    "41":-0.0021016779,
    "42":-0.002300508,
    "43":-0.0028007321,
    "44":-0.0018000174,
    "45":-0.003630461,
    "46":-0.00547028,
    "47":-0.0051313229,
    "48":-0.00200039,
    "49":-0.002100831
  }
}