{
  "Astrahl":{
    "0":0.23628223,
    "1":0.2299831929,
    "2":0.216292636,
    "3":0.2994230764,
    "4":0.2908395316,
    "5":0.2721734875,
    "6":0.2648711332,
    "7":0.20854594,
    "8":0.3385869006,
    "9":0.243223596,
    "10":0.3606592794,
    "11":0.3586168478,
    "12":0.3134840569,
    "13":0.21642643,
    "14":0.207088325,
    "15":0.216921294,
    "16":0.262978335,
    "17":0.21549141,
    "18":0.3129222385,
    "19":0.2276500537,
    "20":0.2715946932,
    "21":0.22913227,
    "22":0.3198308241,
    "23":0.226173358,
    "24":0.3607501918,
    "25":0.3768483367,
    "26":0.23517153,
    "27":0.25843969,
    "28":0.2492053588,
    "29":0.274411134,
    "30":0.4389970884,
    "31":0.4039202387,
    "32":0.21015989,
    "33":0.2881365096,
    "34":0.6386185827,
    "35":0.255630376,
    "36":0.2670901333,
    "37":0.2643337765,
    "38":0.2914388677,
    "39":0.222431824,
    "40":0.3016607873,
    "41":0.3036417283,
    "42":0.269975674,
    "43":0.2432891806,
    "44":0.2223761086,
    "45":0.241932088,
    "46":0.248960295,
    "47":0.3060173935,
    "48":0.21444526,
    "49":0.28781056
  },
  "Uniform":{
    "0":0.25686343,
    "1":0.2439287434,
    "2":0.244543735,
    "3":0.3342440773,
    "4":0.2914024563,
    "5":0.2814975432,
    "6":0.2837570122,
    "7":0.24155011,
    "8":0.3450647588,
    "9":0.300232864,
    "10":0.4215987051,
    "11":0.3793471276,
    "12":0.3457173863,
    "13":0.24145588,
    "14":0.248640822,
    "15":0.256365954,
    "16":0.292367215,
    "17":0.24018909,
    "18":0.3306672235,
    "19":0.2538445204,
    "20":0.3130775836,
    "21":0.23238889,
    "22":0.3442991825,
    "23":0.249570702,
    "24":0.4177899061,
    "25":0.4208384475,
    "26":0.24756443,
    "27":0.288370576,
    "28":0.2570487017,
    "29":0.295490017,
    "30":0.4549634992,
    "31":0.4131688852,
    "32":0.23969591,
    "33":0.2799216233,
    "34":0.6248828135,
    "35":0.289565803,
    "36":0.3097802019,
    "37":0.2872719802,
    "38":0.2961284743,
    "39":0.241367077,
    "40":0.3503867189,
    "41":0.3319404535,
    "42":0.287598106,
    "43":0.2478079785,
    "44":0.2531678392,
    "45":0.287494686,
    "46":0.300045934,
    "47":0.3383715313,
    "48":0.24699754,
    "49":0.2758432131
  },
  "Prop":{
    "0":0.23789152,
    "1":0.2558348622,
    "2":0.257262436,
    "3":0.3346685641,
    "4":0.2869162615,
    "5":0.3080482894,
    "6":0.3082367998,
    "7":0.25245055,
    "8":0.3464928398,
    "9":0.29057311,
    "10":0.418511897,
    "11":0.3959185151,
    "12":0.3565619663,
    "13":0.23962491,
    "14":0.243304524,
    "15":0.243849087,
    "16":0.282929392,
    "17":0.25327107,
    "18":0.3434572621,
    "19":0.2391718805,
    "20":0.3102705843,
    "21":0.24523471,
    "22":0.3527431895,
    "23":0.244337014,
    "24":0.4294671609,
    "25":0.4272466263,
    "26":0.24265891,
    "27":0.282292516,
    "28":0.2544030956,
    "29":0.304632217,
    "30":0.4708489772,
    "31":0.4298760511,
    "32":0.25105816,
    "33":0.2751257883,
    "34":0.6432971209,
    "35":0.290566035,
    "36":0.2859143428,
    "37":0.3049862545,
    "38":0.2922950053,
    "39":0.235649304,
    "40":0.36055632,
    "41":0.3466259893,
    "42":0.290694943,
    "43":0.250006925,
    "44":0.2566104202,
    "45":0.299459737,
    "46":0.277457455,
    "47":0.3430443556,
    "48":0.226998,
    "49":0.3044982043
  },
  "Delta_Uniform":{
    "0":-0.0205812,
    "1":-0.0139455505,
    "2":-0.028251099,
    "3":-0.0348210009,
    "4":-0.0005629247,
    "5":-0.0093240557,
    "6":-0.018885879,
    "7":-0.03300417,
    "8":-0.0064778583,
    "9":-0.057009268,
    "10":-0.0609394257,
    "11":-0.0207302798,
    "12":-0.0322333294,
    "13":-0.02502945,
    "14":-0.041552497,
    "15":-0.03944466,
    "16":-0.02938888,
    "17":-0.02469768,
    "18":-0.017744985,
    "19":-0.0261944667,
    "20":-0.0414828905,
    "21":-0.00325662,
    "22":-0.0244683584,
    "23":-0.023397344,
    "24":-0.0570397143,
    "25":-0.0439901108,
    "26":-0.0123929,
    "27":-0.029930886,
    "28":-0.007843343,
    "29":-0.021078883,
    "30":-0.0159664108,
    "31":-0.0092486465,
    "32":-0.02953602,
    "33":0.0082148863,
    "34":0.0137357692,
    "35":-0.033935427,
    "36":-0.0426900686,
    "37":-0.0229382037,
    "38":-0.0046896066,
    "39":-0.018935253,
    "40":-0.0487259316,
    "41":-0.0282987252,
    "42":-0.017622432,
    "43":-0.0045187979,
    "44":-0.0307917306,
    "45":-0.045562598,
    "46":-0.051085639,
    "47":-0.0323541378,
    "48":-0.03255228,
    "49":0.0119673469
  },
  "Delta_Prop":{
    "0":-0.00160929,
    "1":-0.0258516693,
    "2":-0.0409698,
    "3":-0.0352454877,
    "4":0.0039232701,
    "5":-0.0358748019,
    "6":-0.0433656666,
    "7":-0.04390461,
    "8":-0.0079059392,
    "9":-0.047349514,
    "10":-0.0578526176,
    "11":-0.0373016673,
    "12":-0.0430779093,
    "13":-0.02319848,
    "14":-0.036216199,
    "15":-0.026927793,
    "16":-0.019951057,
    "17":-0.03777966,
    "18":-0.0305350236,
    "19":-0.0115218268,
    "20":-0.0386758912,
    "21":-0.01610244,
    "22":-0.0329123654,
    "23":-0.018163656,
    "24":-0.0687169691,
    "25":-0.0503982897,
    "26":-0.00748738,
    "27":-0.023852826,
    "28":-0.0051977368,
    "29":-0.030221083,
    "30":-0.0318518887,
    "31":-0.0259558124,
    "32":-0.04089827,
    "33":0.0130107213,
    "34":-0.0046785382,
    "35":-0.034935659,
    "36":-0.0188242095,
    "37":-0.040652478,
    "38":-0.0008561376,
    "39":-0.01321748,
    "40":-0.0588955327,
    "41":-0.042984261,
    "42":-0.020719269,
    "43":-0.0067177444,
    "44":-0.0342343116,
    "45":-0.057527649,
    "46":-0.02849716,
    "47":-0.0370269621,
    "48":-0.01255274,
    "49":-0.0166876443
  }
}