{
  "Astrahl":{
    "0":0.001982907,
    "1":0.0064634568,
    "2":0.0035345385,
    "3":0.0059459622,
    "4":0.0015447,
    "5":0.0031073619,
    "6":0.002548299,
    "7":0.002663453,
    "8":0.003068804,
    "9":0.002718672,
    "10":0.0047306884,
    "11":0.0025772133,
    "12":0.0053920182,
    "13":0.0019451725,
    "14":0.002056348,
    "15":0.0030749475,
    "16":0.0044366539,
    "17":0.0024898208,
    "18":0.0059482675,
    "19":0.002795907,
    "20":0.00133874,
    "21":0.0033550884,
    "22":0.0034957435,
    "23":0.002423553,
    "24":0.001633525,
    "25":0.00159619,
    "26":0.0034297491,
    "27":0.0045118483,
    "28":0.00169917,
    "29":0.0016024718,
    "30":0.0028010484,
    "31":0.0048162851,
    "32":0.00196023,
    "33":0.00159619,
    "34":0.001502843,
    "35":0.001894889,
    "36":0.001437502,
    "37":0.00108129,
    "38":0.0029378649,
    "39":0.0053272517,
    "40":0.0030754977,
    "41":0.002334207,
    "42":0.0043260636,
    "43":0.0023299225,
    "44":0.003619747,
    "45":0.001176138,
    "46":0.0027027101,
    "47":0.0041393523,
    "48":0.0033545481,
    "49":0.007224101
  },
  "Uniform":{
    "0":0.00389741,
    "1":0.0118455396,
    "2":0.0080625977,
    "3":0.0101594075,
    "4":0.00292616,
    "5":0.0061302048,
    "6":0.003254068,
    "7":0.0064883902,
    "8":0.004803824,
    "9":0.005382249,
    "10":0.0065213713,
    "11":0.0054316088,
    "12":0.011623249,
    "13":0.0042628686,
    "14":0.004285628,
    "15":0.0066576496,
    "16":0.0068543193,
    "17":0.0045240392,
    "18":0.0109999702,
    "19":0.0054694346,
    "20":0.00288127,
    "21":0.0049065784,
    "22":0.0073351336,
    "23":0.003768306,
    "24":0.003643647,
    "25":0.00269175,
    "26":0.0066866153,
    "27":0.009055884,
    "28":0.00329801,
    "29":0.0049061767,
    "30":0.0042942801,
    "31":0.0104768732,
    "32":0.003291967,
    "33":0.00291499,
    "34":0.00401042,
    "35":0.003468161,
    "36":0.003705877,
    "37":0.00263122,
    "38":0.0050831024,
    "39":0.0095548389,
    "40":0.0054079329,
    "41":0.0043912767,
    "42":0.0076407438,
    "43":0.0051092152,
    "44":0.005438533,
    "45":0.003455381,
    "46":0.0057889248,
    "47":0.0065772768,
    "48":0.0060428013,
    "49":0.0095820179
  },
  "Prop":{
    "0":0.004083704,
    "1":0.0115134972,
    "2":0.008623276,
    "3":0.0102504915,
    "4":0.00253403,
    "5":0.0071521497,
    "6":0.003548171,
    "7":0.0055725584,
    "8":0.005254107,
    "9":0.005206473,
    "10":0.0067183597,
    "11":0.0056882911,
    "12":0.0124927324,
    "13":0.0043056385,
    "14":0.004150717,
    "15":0.006910682,
    "16":0.0066756702,
    "17":0.0045405982,
    "18":0.0120311297,
    "19":0.0051158621,
    "20":0.00247959,
    "21":0.0052506928,
    "22":0.0067337285,
    "23":0.003827223,
    "24":0.003389107,
    "25":0.00268272,
    "26":0.0063365962,
    "27":0.0098569448,
    "28":0.00245169,
    "29":0.0051368113,
    "30":0.0047134922,
    "31":0.0102265526,
    "32":0.00376173,
    "33":0.00269111,
    "34":0.00358605,
    "35":0.003653568,
    "36":0.003431353,
    "37":0.00314722,
    "38":0.0048904091,
    "39":0.0106669957,
    "40":0.0048854076,
    "41":0.004308589,
    "42":0.0087090258,
    "43":0.0049923169,
    "44":0.004836269,
    "45":0.004004489,
    "46":0.005123547,
    "47":0.0069316782,
    "48":0.0067761745,
    "49":0.0103339921
  },
  "Delta_Uniform":{
    "0":-0.001914503,
    "1":-0.0053820828,
    "2":-0.0045280591,
    "3":-0.0042134452,
    "4":-0.00138146,
    "5":-0.0030228429,
    "6":-0.000705769,
    "7":-0.0038249372,
    "8":-0.00173502,
    "9":-0.002663577,
    "10":-0.0017906829,
    "11":-0.0028543955,
    "12":-0.0062312308,
    "13":-0.0023176961,
    "14":-0.00222928,
    "15":-0.0035827021,
    "16":-0.0024176654,
    "17":-0.0020342184,
    "18":-0.0050517027,
    "19":-0.0026735276,
    "20":-0.00154253,
    "21":-0.00155149,
    "22":-0.0038393901,
    "23":-0.001344753,
    "24":-0.002010122,
    "25":-0.00109556,
    "26":-0.0032568662,
    "27":-0.0045440357,
    "28":-0.00159884,
    "29":-0.0033037049,
    "30":-0.0014932317,
    "31":-0.005660588,
    "32":-0.001331737,
    "33":-0.0013188,
    "34":-0.002507577,
    "35":-0.001573272,
    "36":-0.002268375,
    "37":-0.00154993,
    "38":-0.0021452375,
    "39":-0.0042275872,
    "40":-0.0023324352,
    "41":-0.0020570697,
    "42":-0.0033146802,
    "43":-0.0027792927,
    "44":-0.001818786,
    "45":-0.002279243,
    "46":-0.0030862147,
    "47":-0.0024379244,
    "48":-0.0026882532,
    "49":-0.0023579169
  },
  "Delta_Prop":{
    "0":-0.002100797,
    "1":-0.0050500404,
    "2":-0.0050887375,
    "3":-0.0043045293,
    "4":-0.00098933,
    "5":-0.0040447878,
    "6":-0.000999872,
    "7":-0.0029091053,
    "8":-0.002185303,
    "9":-0.002487801,
    "10":-0.0019876713,
    "11":-0.0031110778,
    "12":-0.0071007142,
    "13":-0.002360466,
    "14":-0.002094369,
    "15":-0.0038357345,
    "16":-0.0022390163,
    "17":-0.0020507774,
    "18":-0.0060828623,
    "19":-0.0023199551,
    "20":-0.00114085,
    "21":-0.0018956044,
    "22":-0.003237985,
    "23":-0.00140367,
    "24":-0.001755582,
    "25":-0.00108653,
    "26":-0.0029068471,
    "27":-0.0053450964,
    "28":-0.00075252,
    "29":-0.0035343395,
    "30":-0.0019124438,
    "31":-0.0054102675,
    "32":-0.0018015,
    "33":-0.00109492,
    "34":-0.002083207,
    "35":-0.001758679,
    "36":-0.001993851,
    "37":-0.00206593,
    "38":-0.0019525442,
    "39":-0.005339744,
    "40":-0.0018099099,
    "41":-0.001974382,
    "42":-0.0043829622,
    "43":-0.0026623944,
    "44":-0.001216522,
    "45":-0.002828351,
    "46":-0.0024208369,
    "47":-0.0027923259,
    "48":-0.0034216264,
    "49":-0.0031098912
  }
}