{
  "Astrahl":{
    "0":0.1600169116,
    "1":0.06951285,
    "2":0.1646064703,
    "3":0.1284305343,
    "4":0.077939136,
    "5":0.1694596151,
    "6":0.1250312745,
    "7":0.1136133376,
    "8":0.0915193148,
    "9":0.1059626833,
    "10":0.1269048043,
    "11":0.082975248,
    "12":0.2654880202,
    "13":0.112130578,
    "14":0.0920547929,
    "15":0.1874808642,
    "16":0.1408936238,
    "17":0.101812013,
    "18":0.1415872911,
    "19":0.1867024994,
    "20":0.2208048819,
    "21":0.1875760047,
    "22":0.081087607,
    "23":0.074630035,
    "24":0.1499775093,
    "25":0.072865,
    "26":0.0890818681,
    "27":0.1561584098,
    "28":0.1215264348,
    "29":0.081407872,
    "30":0.2943339666,
    "31":0.0954441942,
    "32":0.1493507644,
    "33":0.0949268827,
    "34":0.088859908,
    "35":0.0775207656,
    "36":0.077706,
    "37":0.1413155928,
    "38":0.06989688,
    "39":0.07516882,
    "40":0.230266665,
    "41":0.0850263855,
    "42":0.1312654353,
    "43":0.080178778,
    "44":0.2920258664,
    "45":0.094803364,
    "46":0.0854992692,
    "47":0.0945945478,
    "48":0.1127025224,
    "49":0.131280078
  },
  "Uniform":{
    "0":0.1876676754,
    "1":0.10538443,
    "2":0.2032269007,
    "3":0.1381121044,
    "4":0.116257006,
    "5":0.2100632025,
    "6":0.1621757647,
    "7":0.1435042866,
    "8":0.1132038121,
    "9":0.1366467944,
    "10":0.1773243,
    "11":0.103395646,
    "12":0.3336385777,
    "13":0.1303652402,
    "14":0.1113067033,
    "15":0.2312292703,
    "16":0.1836212504,
    "17":0.1146686305,
    "18":0.177100616,
    "19":0.2432184692,
    "20":0.3041601908,
    "21":0.2515270481,
    "22":0.100769399,
    "23":0.1054574756,
    "24":0.1831110692,
    "25":0.09663975,
    "26":0.1114696683,
    "27":0.197094366,
    "28":0.1739936043,
    "29":0.1144583254,
    "30":0.2742336347,
    "31":0.1096043419,
    "32":0.1891863934,
    "33":0.1302230427,
    "34":0.111361149,
    "35":0.1040869818,
    "36":0.09787722,
    "37":0.1827464014,
    "38":0.09772101,
    "39":0.10152178,
    "40":0.3061541084,
    "41":0.1193262056,
    "42":0.1337964085,
    "43":0.10091816,
    "44":0.3707188592,
    "45":0.1117242687,
    "46":0.1029518107,
    "47":0.1182882655,
    "48":0.1239456,
    "49":0.1511319875
  },
  "Prop":{
    "0":0.2055709221,
    "1":0.10036764,
    "2":0.21401,
    "3":0.1320964451,
    "4":0.110871298,
    "5":0.2061446577,
    "6":0.1570920981,
    "7":0.1486427816,
    "8":0.1173377593,
    "9":0.1339537713,
    "10":0.1761578191,
    "11":0.105702742,
    "12":0.3371058778,
    "13":0.1283530123,
    "14":0.1138433265,
    "15":0.2392872243,
    "16":0.1878694034,
    "17":0.1118148313,
    "18":0.1926069484,
    "19":0.2478976312,
    "20":0.2952904902,
    "21":0.2614894461,
    "22":0.109275075,
    "23":0.1147790735,
    "24":0.1947915833,
    "25":0.10104148,
    "26":0.1104489484,
    "27":0.2016416173,
    "28":0.1888534468,
    "29":0.1094220802,
    "30":0.2735179546,
    "31":0.1193016953,
    "32":0.1842272804,
    "33":0.1348732963,
    "34":0.118174599,
    "35":0.1078204922,
    "36":0.10068201,
    "37":0.1884999132,
    "38":0.10217096,
    "39":0.10327204,
    "40":0.315624019,
    "41":0.1159019432,
    "42":0.1334126345,
    "43":0.11159388,
    "44":0.3793785851,
    "45":0.1265623669,
    "46":0.1143674722,
    "47":0.1240230925,
    "48":0.139900617,
    "49":0.1518585672
  },
  "Delta_Uniform":{
    "0":-0.0276507638,
    "1":-0.03587158,
    "2":-0.0386204305,
    "3":-0.0096815701,
    "4":-0.03831787,
    "5":-0.0406035874,
    "6":-0.0371444902,
    "7":-0.029890949,
    "8":-0.0216844973,
    "9":-0.030684111,
    "10":-0.0504194957,
    "11":-0.020420398,
    "12":-0.0681505575,
    "13":-0.0182346622,
    "14":-0.0192519104,
    "15":-0.0437484061,
    "16":-0.0427276266,
    "17":-0.0128566175,
    "18":-0.0355133249,
    "19":-0.0565159699,
    "20":-0.0833553089,
    "21":-0.0639510434,
    "22":-0.019681792,
    "23":-0.0308274406,
    "24":-0.0331335598,
    "25":-0.02377475,
    "26":-0.0223878002,
    "27":-0.0409359563,
    "28":-0.0524671695,
    "29":-0.0330504534,
    "30":0.0201003319,
    "31":-0.0141601477,
    "32":-0.039835629,
    "33":-0.03529616,
    "34":-0.022501241,
    "35":-0.0265662162,
    "36":-0.02017122,
    "37":-0.0414308086,
    "38":-0.02782413,
    "39":-0.02635296,
    "40":-0.0758874434,
    "41":-0.0342998201,
    "42":-0.0025309732,
    "43":-0.020739382,
    "44":-0.0786929928,
    "45":-0.0169209047,
    "46":-0.0174525415,
    "47":-0.0236937177,
    "48":-0.0112430775,
    "49":-0.0198519095
  },
  "Delta_Prop":{
    "0":-0.0455540105,
    "1":-0.03085479,
    "2":-0.0494035297,
    "3":-0.0036659108,
    "4":-0.032932162,
    "5":-0.0366850426,
    "6":-0.0320608236,
    "7":-0.035029444,
    "8":-0.0258184445,
    "9":-0.027991088,
    "10":-0.0492530148,
    "11":-0.022727494,
    "12":-0.0716178576,
    "13":-0.0162224343,
    "14":-0.0217885336,
    "15":-0.0518063601,
    "16":-0.0469757797,
    "17":-0.0100028183,
    "18":-0.0510196573,
    "19":-0.0611951318,
    "20":-0.0744856082,
    "21":-0.0739134414,
    "22":-0.028187468,
    "23":-0.0401490385,
    "24":-0.0448140739,
    "25":-0.02817648,
    "26":-0.0213670803,
    "27":-0.0454832076,
    "28":-0.067327012,
    "29":-0.0280142082,
    "30":0.0208160121,
    "31":-0.023857501,
    "32":-0.034876516,
    "33":-0.0399464136,
    "34":-0.029314691,
    "35":-0.0302997266,
    "36":-0.02297601,
    "37":-0.0471843205,
    "38":-0.03227408,
    "39":-0.02810322,
    "40":-0.085357354,
    "41":-0.0308755577,
    "42":-0.0021471993,
    "43":-0.031415102,
    "44":-0.0873527187,
    "45":-0.0317590029,
    "46":-0.028868203,
    "47":-0.0294285447,
    "48":-0.0271980946,
    "49":-0.0205784892
  }
}