{
  "Astrahl":{
    "0":0.00000001,
    "1":0.0000000271,
    "2":0.0,
    "3":0.0,
    "4":0.0,
    "5":0.0,
    "6":0.0,
    "7":0.0,
    "8":0.0,
    "9":0.0,
    "10":0.000000049,
    "11":0.0,
    "12":0.0000000461,
    "13":0.0,
    "14":0.0,
    "15":0.0000000461,
    "16":0.0,
    "17":0.0,
    "18":0.000000058,
    "19":0.0000000361,
    "20":0.00000001,
    "21":0.0,
    "22":0.0,
    "23":0.00000001,
    "24":0.0,
    "25":0.0,
    "26":0.0,
    "27":0.0,
    "28":0.0000002234,
    "29":0.00000001,
    "30":0.0,
    "31":0.0,
    "32":0.0,
    "33":0.0,
    "34":0.0,
    "35":0.0,
    "36":0.00000001,
    "37":0.0000000515,
    "38":0.0,
    "39":0.000000019,
    "40":0.0,
    "41":0.00000001,
    "42":0.000000019,
    "43":0.0,
    "44":0.0,
    "45":0.0,
    "46":0.00000001,
    "47":0.0,
    "48":0.00000001,
    "49":0.0
  },
  "Uniform":{
    "0":0.0,
    "1":0.000000019,
    "2":0.0,
    "3":0.000000019,
    "4":0.0000000271,
    "5":0.000000019,
    "6":0.0000000551,
    "7":0.000000019,
    "8":0.0000000361,
    "9":0.0,
    "10":0.0,
    "11":0.0000000271,
    "12":0.0000000515,
    "13":0.0,
    "14":0.0,
    "15":0.0,
    "16":0.0,
    "17":0.0,
    "18":0.0,
    "19":0.0000001256,
    "20":0.0,
    "21":0.000000019,
    "22":0.0,
    "23":0.0,
    "24":0.000000019,
    "25":0.0,
    "26":0.0000000705,
    "27":0.0,
    "28":0.0000000732,
    "29":0.000000019,
    "30":0.0000000551,
    "31":0.00000001,
    "32":0.0,
    "33":0.000000029,
    "34":0.00000001,
    "35":0.0,
    "36":0.0,
    "37":0.0,
    "38":0.0,
    "39":0.0,
    "40":0.0,
    "41":0.00000002,
    "42":0.0000000461,
    "43":0.0,
    "44":0.0,
    "45":0.000000019,
    "46":0.00000001,
    "47":0.0,
    "48":0.0000000976,
    "49":0.0
  },
  "Prop":{
    "0":0.0,
    "1":0.0,
    "2":0.0,
    "3":0.00000001,
    "4":0.0,
    "5":0.0,
    "6":0.0,
    "7":0.0,
    "8":0.0,
    "9":0.0,
    "10":0.0,
    "11":0.0,
    "12":0.0,
    "13":0.00000003,
    "14":0.0,
    "15":0.000000019,
    "16":0.00000001,
    "17":0.00000001,
    "18":0.0000000632,
    "19":0.0000002457,
    "20":0.0,
    "21":0.00000001,
    "22":0.0,
    "23":0.000000019,
    "24":0.0,
    "25":0.0,
    "26":0.0,
    "27":0.00000001,
    "28":0.0000000876,
    "29":0.0,
    "30":0.0,
    "31":0.0,
    "32":0.0,
    "33":0.0,
    "34":0.0,
    "35":0.0,
    "36":0.0,
    "37":0.0000000515,
    "38":0.0000000344,
    "39":0.000000019,
    "40":0.000000019,
    "41":0.0,
    "42":0.00000001,
    "43":0.0,
    "44":0.000000029,
    "45":0.0,
    "46":0.00000001,
    "47":0.0,
    "48":0.0,
    "49":0.0
  },
  "Delta_Uniform":{
    "0":0.00000001,
    "1":0.0000000081,
    "2":0.0,
    "3":-0.000000019,
    "4":-0.0000000271,
    "5":-0.000000019,
    "6":-0.0000000551,
    "7":-0.000000019,
    "8":-0.0000000361,
    "9":0.0,
    "10":0.000000049,
    "11":-0.0000000271,
    "12":-0.0000000054,
    "13":0.0,
    "14":0.0,
    "15":0.0000000461,
    "16":0.0,
    "17":0.0,
    "18":0.000000058,
    "19":-0.0000000895,
    "20":0.00000001,
    "21":-0.000000019,
    "22":0.0,
    "23":0.00000001,
    "24":-0.000000019,
    "25":0.0,
    "26":-0.0000000705,
    "27":0.0,
    "28":0.0000001502,
    "29":-0.000000009,
    "30":-0.0000000551,
    "31":-0.00000001,
    "32":0.0,
    "33":-0.000000029,
    "34":-0.00000001,
    "35":0.0,
    "36":0.00000001,
    "37":0.0000000515,
    "38":0.0,
    "39":0.000000019,
    "40":0.0,
    "41":-0.00000001,
    "42":-0.0000000271,
    "43":0.0,
    "44":0.0,
    "45":-0.000000019,
    "46":0.0,
    "47":0.0,
    "48":-0.0000000876,
    "49":0.0
  },
  "Delta_Prop":{
    "0":0.00000001,
    "1":0.0000000271,
    "2":0.0,
    "3":-0.00000001,
    "4":0.0,
    "5":0.0,
    "6":0.0,
    "7":0.0,
    "8":0.0,
    "9":0.0,
    "10":0.000000049,
    "11":0.0,
    "12":0.0000000461,
    "13":-0.00000003,
    "14":0.0,
    "15":0.0000000271,
    "16":-0.00000001,
    "17":-0.00000001,
    "18":-0.0000000052,
    "19":-0.0000002096,
    "20":0.00000001,
    "21":-0.00000001,
    "22":0.0,
    "23":-0.000000009,
    "24":0.0,
    "25":0.0,
    "26":0.0,
    "27":-0.00000001,
    "28":0.0000001358,
    "29":0.00000001,
    "30":0.0,
    "31":0.0,
    "32":0.0,
    "33":0.0,
    "34":0.0,
    "35":0.0,
    "36":0.00000001,
    "37":0.0,
    "38":-0.0000000344,
    "39":0.0,
    "40":-0.000000019,
    "41":0.00000001,
    "42":0.000000009,
    "43":0.0,
    "44":-0.000000029,
    "45":0.0,
    "46":0.0,
    "47":0.0,
    "48":0.00000001,
    "49":0.0
  }
}