{
  "Astrahl":{
    "0":0.10277181,
    "1":0.2509598661,
    "2":0.1672513085,
    "3":0.1517028524,
    "4":0.1216153717,
    "5":0.2426751168,
    "6":0.1570206817,
    "7":0.1581960214,
    "8":0.2199955361,
    "9":0.112212442,
    "10":0.2652115783,
    "11":0.1210624426,
    "12":0.1668875864,
    "13":0.2159322145,
    "14":0.149499028,
    "15":0.098749027,
    "16":0.2461304644,
    "17":0.10660069,
    "18":0.1175302,
    "19":0.1054126349,
    "20":0.1057024,
    "21":0.1588313053,
    "22":0.10180981,
    "23":0.1614780316,
    "24":0.1151048238,
    "25":0.1637441335,
    "26":0.1594354321,
    "27":0.0953223419,
    "28":0.1259816896,
    "29":0.1142680606,
    "30":0.2010491803,
    "31":0.3674194326,
    "32":0.1202896101,
    "33":0.116684875,
    "34":0.102937645,
    "35":0.2480680336,
    "36":0.1664179722,
    "37":0.1185116052,
    "38":0.3146928115,
    "39":0.1218859106,
    "40":0.16189543,
    "41":0.120771613,
    "42":0.156489552,
    "43":0.2258893533,
    "44":0.1207312747,
    "45":0.1932259114,
    "46":0.11437048,
    "47":0.1044107398,
    "48":0.1134310308,
    "49":0.1042894747
  },
  "Uniform":{
    "0":0.15241489,
    "1":0.3534387657,
    "2":0.2278573945,
    "3":0.2202513079,
    "4":0.1575170112,
    "5":0.3406401298,
    "6":0.2351655748,
    "7":0.2167132222,
    "8":0.2878933824,
    "9":0.154817522,
    "10":0.3468081705,
    "11":0.164038023,
    "12":0.2172787067,
    "13":0.2790220541,
    "14":0.22993426,
    "15":0.155089828,
    "16":0.3482407394,
    "17":0.16266995,
    "18":0.15426997,
    "19":0.1595177317,
    "20":0.16394059,
    "21":0.2208640969,
    "22":0.15844528,
    "23":0.2275359778,
    "24":0.1568006245,
    "25":0.2224134934,
    "26":0.2296824247,
    "27":0.1642541596,
    "28":0.163376099,
    "29":0.1558452394,
    "30":0.2927891701,
    "31":0.459836125,
    "32":0.1679019438,
    "33":0.154986254,
    "34":0.156575132,
    "35":0.3380353033,
    "36":0.2261337004,
    "37":0.160613477,
    "38":0.3967882823,
    "39":0.1623829071,
    "40":0.223406227,
    "41":0.149106987,
    "42":0.22455352,
    "43":0.2938959231,
    "44":0.1690006863,
    "45":0.2839396285,
    "46":0.15355764,
    "47":0.148808952,
    "48":0.1609637732,
    "49":0.1562662801
  },
  "Prop":{
    "0":0.14120079,
    "1":0.3380168363,
    "2":0.2317548053,
    "3":0.221318682,
    "4":0.1621240071,
    "5":0.3407112082,
    "6":0.2227593727,
    "7":0.2287540935,
    "8":0.2855664266,
    "9":0.157688847,
    "10":0.3514940797,
    "11":0.1551814912,
    "12":0.2275375056,
    "13":0.2929001753,
    "14":0.220263417,
    "15":0.158111,
    "16":0.3466517104,
    "17":0.15268058,
    "18":0.15914313,
    "19":0.1504144698,
    "20":0.15732901,
    "21":0.216033247,
    "22":0.14782154,
    "23":0.2260316962,
    "24":0.1588279776,
    "25":0.2318336149,
    "26":0.2221766821,
    "27":0.1589783822,
    "28":0.1562915106,
    "29":0.1500400779,
    "30":0.2843778628,
    "31":0.4429214709,
    "32":0.1596477456,
    "33":0.154210185,
    "34":0.156619611,
    "35":0.3408494137,
    "36":0.2201079475,
    "37":0.1492707082,
    "38":0.3940297252,
    "39":0.1543507676,
    "40":0.213641578,
    "41":0.154326016,
    "42":0.221269825,
    "43":0.2763529606,
    "44":0.1652922991,
    "45":0.2812008799,
    "46":0.1545408,
    "47":0.1500127649,
    "48":0.162260147,
    "49":0.1589807601
  },
  "Delta_Uniform":{
    "0":-0.04964308,
    "1":-0.1024788996,
    "2":-0.0606060859,
    "3":-0.0685484555,
    "4":-0.0359016395,
    "5":-0.097965013,
    "6":-0.0781448931,
    "7":-0.0585172008,
    "8":-0.0678978462,
    "9":-0.04260508,
    "10":-0.0815965923,
    "11":-0.0429755804,
    "12":-0.0503911202,
    "13":-0.0630898396,
    "14":-0.080435232,
    "15":-0.056340801,
    "16":-0.102110275,
    "17":-0.05606926,
    "18":-0.03673977,
    "19":-0.0541050968,
    "20":-0.05823819,
    "21":-0.0620327916,
    "22":-0.05663547,
    "23":-0.0660579462,
    "24":-0.0416958006,
    "25":-0.0586693598,
    "26":-0.0702469926,
    "27":-0.0689318177,
    "28":-0.0373944094,
    "29":-0.0415771788,
    "30":-0.0917399898,
    "31":-0.0924166924,
    "32":-0.0476123338,
    "33":-0.038301379,
    "34":-0.053637487,
    "35":-0.0899672697,
    "36":-0.0597157282,
    "37":-0.0421018717,
    "38":-0.0820954708,
    "39":-0.0404969965,
    "40":-0.061510797,
    "41":-0.028335374,
    "42":-0.068063968,
    "43":-0.0680065698,
    "44":-0.0482694115,
    "45":-0.0907137171,
    "46":-0.03918716,
    "47":-0.0443982122,
    "48":-0.0475327424,
    "49":-0.0519768054
  },
  "Delta_Prop":{
    "0":-0.03842898,
    "1":-0.0870569701,
    "2":-0.0645034968,
    "3":-0.0696158295,
    "4":-0.0405086354,
    "5":-0.0980360914,
    "6":-0.065738691,
    "7":-0.0705580721,
    "8":-0.0655708904,
    "9":-0.045476405,
    "10":-0.0862825014,
    "11":-0.0341190486,
    "12":-0.0606499192,
    "13":-0.0769679609,
    "14":-0.070764389,
    "15":-0.059361973,
    "16":-0.100521246,
    "17":-0.04607989,
    "18":-0.04161293,
    "19":-0.0450018349,
    "20":-0.05162661,
    "21":-0.0572019417,
    "22":-0.04601173,
    "23":-0.0645536646,
    "24":-0.0437231538,
    "25":-0.0680894814,
    "26":-0.06274125,
    "27":-0.0636560403,
    "28":-0.030309821,
    "29":-0.0357720173,
    "30":-0.0833286825,
    "31":-0.0755020383,
    "32":-0.0393581356,
    "33":-0.03752531,
    "34":-0.053681966,
    "35":-0.0927813801,
    "36":-0.0536899753,
    "37":-0.0307591029,
    "38":-0.0793369136,
    "39":-0.032464857,
    "40":-0.051746148,
    "41":-0.033554403,
    "42":-0.064780273,
    "43":-0.0504636073,
    "44":-0.0445610244,
    "45":-0.0879749685,
    "46":-0.04017032,
    "47":-0.0456020251,
    "48":-0.0488291161,
    "49":-0.0546912854
  }
}