{
  "Astrahl":{
    "0":0.148684384,
    "1":0.150807565,
    "2":0.1969115972,
    "3":0.3655552978,
    "4":0.1518895225,
    "5":0.1916962744,
    "6":0.14602564,
    "7":0.2270104939,
    "8":0.143720967,
    "9":0.1587408313,
    "10":0.1623997697,
    "11":0.2323097066,
    "12":0.229087522,
    "13":0.15001804,
    "14":0.1571972834,
    "15":0.5110847812,
    "16":0.226033336,
    "17":0.1531224622,
    "18":0.2271370477,
    "19":0.1500987907,
    "20":0.267769767,
    "21":0.2232346297,
    "22":0.1510833884,
    "23":0.214027916,
    "24":0.1561280923,
    "25":0.2214996839,
    "26":0.2926432679,
    "27":0.14542678,
    "28":0.2237892472,
    "29":0.2336524453,
    "30":0.2311756394,
    "31":0.142606405,
    "32":0.2953738977,
    "33":0.1515813825,
    "34":0.3064802179,
    "35":0.149810275,
    "36":0.1559294641,
    "37":0.2960275148,
    "38":0.2924404416,
    "39":0.14892013,
    "40":0.2314179114,
    "41":0.2061114647,
    "42":0.2273960599,
    "43":0.2322920756,
    "44":0.143954101,
    "45":0.146220031,
    "46":0.1497028995,
    "47":0.2676681801,
    "48":0.149810275,
    "49":0.1488071166
  },
  "Uniform":{
    "0":0.172522198,
    "1":0.179946334,
    "2":0.2497688784,
    "3":0.3842792144,
    "4":0.1703890512,
    "5":0.2493472404,
    "6":0.17222734,
    "7":0.2505074617,
    "8":0.1797784406,
    "9":0.1733644636,
    "10":0.1748432281,
    "11":0.2547940505,
    "12":0.247498651,
    "13":0.16675543,
    "14":0.1771638576,
    "15":0.5299394668,
    "16":0.25003639,
    "17":0.1714296709,
    "18":0.2526174736,
    "19":0.1814385412,
    "20":0.3153768981,
    "21":0.2544236829,
    "22":0.1741636419,
    "23":0.2468082264,
    "24":0.1717847929,
    "25":0.2517386581,
    "26":0.3145653118,
    "27":0.16865371,
    "28":0.2461095811,
    "29":0.2428572358,
    "30":0.264093594,
    "31":0.174175813,
    "32":0.3178771079,
    "33":0.172404397,
    "34":0.3202383012,
    "35":0.178994485,
    "36":0.1786746043,
    "37":0.3135881806,
    "38":0.3150398257,
    "39":0.17572545,
    "40":0.2501669498,
    "41":0.2515237014,
    "42":0.2512979975,
    "43":0.2474733239,
    "44":0.1749515905,
    "45":0.170935066,
    "46":0.1687093866,
    "47":0.3136803772,
    "48":0.176301802,
    "49":0.1801200052
  },
  "Prop":{
    "0":0.176652721,
    "1":0.16517934,
    "2":0.2473218219,
    "3":0.3768213186,
    "4":0.1740906577,
    "5":0.2530697086,
    "6":0.17411428,
    "7":0.2461433338,
    "8":0.172506974,
    "9":0.1778375272,
    "10":0.1797366337,
    "11":0.2519772581,
    "12":0.248358619,
    "13":0.16963066,
    "14":0.1845210175,
    "15":0.5414667509,
    "16":0.255725425,
    "17":0.1711221868,
    "18":0.2517600433,
    "19":0.1743067657,
    "20":0.3111732741,
    "21":0.2447277472,
    "22":0.1736415213,
    "23":0.2541301655,
    "24":0.171766387,
    "25":0.2559484721,
    "26":0.3188409356,
    "27":0.17122456,
    "28":0.2571880582,
    "29":0.2473929469,
    "30":0.2609844251,
    "31":0.166875319,
    "32":0.3217746209,
    "33":0.1794699058,
    "34":0.3246028318,
    "35":0.168954976,
    "36":0.1714912309,
    "37":0.3142252546,
    "38":0.3162869462,
    "39":0.17500186,
    "40":0.2497205386,
    "41":0.2452082099,
    "42":0.2441705002,
    "43":0.2561742598,
    "44":0.1732700791,
    "45":0.176314195,
    "46":0.1734850423,
    "47":0.307042467,
    "48":0.179070409,
    "49":0.1805185285
  },
  "Delta_Uniform":{
    "0":-0.023837814,
    "1":-0.029138769,
    "2":-0.0528572812,
    "3":-0.0187239166,
    "4":-0.0184995287,
    "5":-0.0576509659,
    "6":-0.0262017,
    "7":-0.0234969678,
    "8":-0.0360574736,
    "9":-0.0146236324,
    "10":-0.0124434584,
    "11":-0.0224843439,
    "12":-0.018411129,
    "13":-0.01673739,
    "14":-0.0199665742,
    "15":-0.0188546856,
    "16":-0.024003054,
    "17":-0.0183072087,
    "18":-0.025480426,
    "19":-0.0313397505,
    "20":-0.0476071311,
    "21":-0.0311890532,
    "22":-0.0230802535,
    "23":-0.0327803105,
    "24":-0.0156567006,
    "25":-0.0302389742,
    "26":-0.021922044,
    "27":-0.02322693,
    "28":-0.0223203339,
    "29":-0.0092047905,
    "30":-0.0329179546,
    "31":-0.031569408,
    "32":-0.0225032102,
    "33":-0.0208230145,
    "34":-0.0137580833,
    "35":-0.02918421,
    "36":-0.0227451402,
    "37":-0.0175606658,
    "38":-0.0225993841,
    "39":-0.02680532,
    "40":-0.0187490383,
    "41":-0.0454122367,
    "42":-0.0239019376,
    "43":-0.0151812483,
    "44":-0.0309974895,
    "45":-0.024715035,
    "46":-0.0190064871,
    "47":-0.0460121971,
    "48":-0.026491527,
    "49":-0.0313128886
  },
  "Delta_Prop":{
    "0":-0.027968337,
    "1":-0.014371775,
    "2":-0.0504102247,
    "3":-0.0112660208,
    "4":-0.0222011352,
    "5":-0.0613734342,
    "6":-0.02808864,
    "7":-0.0191328399,
    "8":-0.028786007,
    "9":-0.019096696,
    "10":-0.017336864,
    "11":-0.0196675515,
    "12":-0.019271097,
    "13":-0.01961262,
    "14":-0.0273237341,
    "15":-0.0303819697,
    "16":-0.029692089,
    "17":-0.0179997246,
    "18":-0.0246229956,
    "19":-0.024207975,
    "20":-0.0434035071,
    "21":-0.0214931175,
    "22":-0.0225581329,
    "23":-0.0401022496,
    "24":-0.0156382947,
    "25":-0.0344487882,
    "26":-0.0261976677,
    "27":-0.02579778,
    "28":-0.033398811,
    "29":-0.0137405016,
    "30":-0.0298087857,
    "31":-0.024268914,
    "32":-0.0264007232,
    "33":-0.0278885233,
    "34":-0.0181226139,
    "35":-0.019144701,
    "36":-0.0155617668,
    "37":-0.0181977398,
    "38":-0.0238465046,
    "39":-0.02608173,
    "40":-0.0183026272,
    "41":-0.0390967452,
    "42":-0.0167744403,
    "43":-0.0238821842,
    "44":-0.0293159781,
    "45":-0.030094164,
    "46":-0.0237821427,
    "47":-0.0393742869,
    "48":-0.029260134,
    "49":-0.0317114119
  }
}