{
  "Astrahl":{
    "0":0.03000713,
    "1":0.03263685,
    "2":0.0317627978,
    "3":0.0784418593,
    "4":0.031214892,
    "5":0.0479823649,
    "6":0.02923599,
    "7":0.042544162,
    "8":0.032310432,
    "9":0.0374880102,
    "10":0.0225703299,
    "11":0.0511250104,
    "12":0.0400978,
    "13":0.0284738,
    "14":0.0305808413,
    "15":0.1273864546,
    "16":0.04998298,
    "17":0.0358558479,
    "18":0.0474194388,
    "19":0.0371119839,
    "20":0.057053528,
    "21":0.058905798,
    "22":0.0229365758,
    "23":0.0527175177,
    "24":0.0349232899,
    "25":0.053211986,
    "26":0.0627852379,
    "27":0.03042839,
    "28":0.0479775,
    "29":0.0490348979,
    "30":0.0609439294,
    "31":0.02986115,
    "32":0.059426653,
    "33":0.0278371467,
    "34":0.0539292316,
    "35":0.02836422,
    "36":0.031781184,
    "37":0.0644869228,
    "38":0.0684844337,
    "39":0.03636329,
    "40":0.0549470567,
    "41":0.0413410969,
    "42":0.0526311427,
    "43":0.053898977,
    "44":0.035704457,
    "45":0.02344525,
    "46":0.0351394132,
    "47":0.0651298981,
    "48":0.028678582,
    "49":0.0370509303
  },
  "Uniform":{
    "0":0.08715648,
    "1":0.08676277,
    "2":0.109892254,
    "3":0.20556365,
    "4":0.082859071,
    "5":0.1285137119,
    "6":0.08320558,
    "7":0.131055152,
    "8":0.079853013,
    "9":0.0975369326,
    "10":0.0824687991,
    "11":0.1151915979,
    "12":0.1236964,
    "13":0.08798408,
    "14":0.0876326433,
    "15":0.2945490561,
    "16":0.11208899,
    "17":0.08212167,
    "18":0.1190752769,
    "19":0.0882016669,
    "20":0.1669852499,
    "21":0.123392176,
    "22":0.0790418461,
    "23":0.1315543099,
    "24":0.0858517999,
    "25":0.1172113529,
    "26":0.1531454929,
    "27":0.088424,
    "28":0.1234643969,
    "29":0.129565201,
    "30":0.1365551252,
    "31":0.075266521,
    "32":0.1672611179,
    "33":0.0802049858,
    "34":0.1700153374,
    "35":0.09545389,
    "36":0.094205504,
    "37":0.1757476698,
    "38":0.1681695718,
    "39":0.09405159,
    "40":0.127664701,
    "41":0.1185408956,
    "42":0.120876463,
    "43":0.116938731,
    "44":0.08432206,
    "45":0.0842055,
    "46":0.0793694019,
    "47":0.1527897379,
    "48":0.0874587,
    "49":0.0823946982
  },
  "Prop":{
    "0":0.07829877,
    "1":0.07859867,
    "2":0.1161269817,
    "3":0.2154897225,
    "4":0.081666134,
    "5":0.113529381,
    "6":0.0670053,
    "7":0.132463103,
    "8":0.078810382,
    "9":0.0825759976,
    "10":0.0801459387,
    "11":0.1350919461,
    "12":0.143980492,
    "13":0.07750109,
    "14":0.080237694,
    "15":0.2970393293,
    "16":0.12662008,
    "17":0.079266301,
    "18":0.1326369448,
    "19":0.07402205,
    "20":0.1433631268,
    "21":0.126615974,
    "22":0.082863194,
    "23":0.1360355117,
    "24":0.095515961,
    "25":0.1331682513,
    "26":0.1689960188,
    "27":0.08669749,
    "28":0.1243558569,
    "29":0.125384823,
    "30":0.1384080482,
    "31":0.08325809,
    "32":0.1721996738,
    "33":0.080665928,
    "34":0.1737307989,
    "35":0.0845055,
    "36":0.081207194,
    "37":0.171200764,
    "38":0.174609253,
    "39":0.0815273,
    "40":0.120758373,
    "41":0.108533818,
    "42":0.1158994639,
    "43":0.1370476067,
    "44":0.073784631,
    "45":0.08125269,
    "46":0.0831690846,
    "47":0.1566722179,
    "48":0.08726238,
    "49":0.0836396489
  },
  "Delta_Uniform":{
    "0":-0.05714935,
    "1":-0.05412592,
    "2":-0.0781294562,
    "3":-0.1271217907,
    "4":-0.051644179,
    "5":-0.080531347,
    "6":-0.05396959,
    "7":-0.08851099,
    "8":-0.047542581,
    "9":-0.0600489224,
    "10":-0.0598984692,
    "11":-0.0640665875,
    "12":-0.0835986,
    "13":-0.05951028,
    "14":-0.057051802,
    "15":-0.1671626014,
    "16":-0.06210601,
    "17":-0.0462658221,
    "18":-0.0716558381,
    "19":-0.051089683,
    "20":-0.1099317219,
    "21":-0.064486378,
    "22":-0.0561052703,
    "23":-0.0788367922,
    "24":-0.05092851,
    "25":-0.0639993669,
    "26":-0.090360255,
    "27":-0.05799561,
    "28":-0.0754868969,
    "29":-0.0805303031,
    "30":-0.0756111958,
    "31":-0.045405371,
    "32":-0.1078344649,
    "33":-0.0523678391,
    "34":-0.1160861058,
    "35":-0.06708967,
    "36":-0.06242432,
    "37":-0.111260747,
    "38":-0.0996851381,
    "39":-0.0576883,
    "40":-0.0727176443,
    "41":-0.0771997987,
    "42":-0.0682453203,
    "43":-0.063039754,
    "44":-0.048617603,
    "45":-0.06076025,
    "46":-0.0442299887,
    "47":-0.0876598398,
    "48":-0.058780118,
    "49":-0.0453437679
  },
  "Delta_Prop":{
    "0":-0.04829164,
    "1":-0.04596182,
    "2":-0.0843641839,
    "3":-0.1370478632,
    "4":-0.050451242,
    "5":-0.0655470161,
    "6":-0.03776931,
    "7":-0.089918941,
    "8":-0.04649995,
    "9":-0.0450879874,
    "10":-0.0575756088,
    "11":-0.0839669357,
    "12":-0.103882692,
    "13":-0.04902729,
    "14":-0.0496568527,
    "15":-0.1696528746,
    "16":-0.0766371,
    "17":-0.0434104531,
    "18":-0.085217506,
    "19":-0.0369100661,
    "20":-0.0863095988,
    "21":-0.067710176,
    "22":-0.0599266182,
    "23":-0.083317994,
    "24":-0.0605926711,
    "25":-0.0799562653,
    "26":-0.1062107809,
    "27":-0.0562691,
    "28":-0.0763783569,
    "29":-0.0763499251,
    "30":-0.0774641187,
    "31":-0.05339694,
    "32":-0.1127730208,
    "33":-0.0528287813,
    "34":-0.1198015673,
    "35":-0.05614128,
    "36":-0.04942601,
    "37":-0.1067138412,
    "38":-0.1061248193,
    "39":-0.04516401,
    "40":-0.0658113163,
    "41":-0.0671927211,
    "42":-0.0632683212,
    "43":-0.0831486297,
    "44":-0.038080174,
    "45":-0.05780744,
    "46":-0.0480296714,
    "47":-0.0915423198,
    "48":-0.058583798,
    "49":-0.0465887186
  }
}