{
  "Astrahl":{
    "0":0.0001079645,
    "1":0.00002398,
    "2":0.0000625314,
    "3":0.0000695121,
    "4":0.00002943,
    "5":0.0000366663,
    "6":0.00003052,
    "7":0.0001734926,
    "8":0.0001277327,
    "9":0.000061585,
    "10":0.00002943,
    "11":0.0000640537,
    "12":0.0000641852,
    "13":0.0000468291,
    "14":0.000062348,
    "15":0.000033959,
    "16":0.0004410319,
    "17":0.0000617117,
    "18":0.0000423968,
    "19":0.0002150559,
    "20":0.000065576,
    "21":0.00003815,
    "22":0.0002907267,
    "23":0.000051884,
    "24":0.0001834001,
    "25":0.0001878595,
    "26":0.0001776188,
    "27":0.000054064,
    "28":0.0000619462,
    "29":0.0000979267,
    "30":0.0001332981,
    "31":0.0000737633,
    "32":0.000045998,
    "33":0.000060277,
    "34":0.000032788,
    "35":0.0001851316,
    "36":0.00002507,
    "37":0.0001042476,
    "38":0.0001418558,
    "39":0.0001078119,
    "40":0.000165111,
    "41":0.00003597,
    "42":0.000036301,
    "43":0.0000459071,
    "44":0.0000936094,
    "45":0.0003678961,
    "46":0.0000889113,
    "47":0.00003597,
    "48":0.0001329474,
    "49":0.00003052
  },
  "Uniform":{
    "0":0.0001590102,
    "1":0.00003806,
    "2":0.0000963261,
    "3":0.0000956321,
    "4":0.0000463,
    "5":0.0000639801,
    "6":0.00004741,
    "7":0.0002973152,
    "8":0.000183555,
    "9":0.000084943,
    "10":0.00004115,
    "11":0.0000784742,
    "12":0.000120639,
    "13":0.0000589517,
    "14":0.000082947,
    "15":0.000045865,
    "16":0.0005419067,
    "17":0.0000979269,
    "18":0.0000598961,
    "19":0.0003798881,
    "20":0.0000891099,
    "21":0.00004441,
    "22":0.0004663575,
    "23":0.00008544,
    "24":0.0002481697,
    "25":0.0002592417,
    "26":0.0002385751,
    "27":0.000091426,
    "28":0.0001036439,
    "29":0.0001757017,
    "30":0.0001590016,
    "31":0.0000872214,
    "32":0.000085593,
    "33":0.000084079,
    "34":0.000045074,
    "35":0.0002091048,
    "36":0.00005347,
    "37":0.0001667889,
    "38":0.000251374,
    "39":0.0001626652,
    "40":0.0002427884,
    "41":0.00004603,
    "42":0.000051053,
    "43":0.000066693,
    "44":0.0001030445,
    "45":0.0005431322,
    "46":0.0001048275,
    "47":0.00005466,
    "48":0.000240821,
    "49":0.00004845
  },
  "Prop":{
    "0":0.0001395584,
    "1":0.00004045,
    "2":0.0001064896,
    "3":0.0000929007,
    "4":0.00004729,
    "5":0.0000535343,
    "6":0.00004378,
    "7":0.000339589,
    "8":0.0001559992,
    "9":0.000070962,
    "10":0.00004462,
    "11":0.0000900902,
    "12":0.0001001414,
    "13":0.0000550376,
    "14":0.000098886,
    "15":0.000048849,
    "16":0.0004791404,
    "17":0.0000862557,
    "18":0.0000521495,
    "19":0.0003221717,
    "20":0.0000987889,
    "21":0.00003828,
    "22":0.0005543903,
    "23":0.000081966,
    "24":0.0003164434,
    "25":0.0002543854,
    "26":0.0002289544,
    "27":0.000086566,
    "28":0.0001024157,
    "29":0.0001909651,
    "30":0.0001609399,
    "31":0.0001065555,
    "32":0.000080292,
    "33":0.000098278,
    "34":0.000046379,
    "35":0.0002697089,
    "36":0.00005083,
    "37":0.0001707131,
    "38":0.0002181731,
    "39":0.0001740786,
    "40":0.0002172166,
    "41":0.00003692,
    "42":0.000045645,
    "43":0.0000598675,
    "44":0.0001165322,
    "45":0.0004945243,
    "46":0.0001378541,
    "47":0.00004444,
    "48":0.0002148435,
    "49":0.00004652
  },
  "Delta_Uniform":{
    "0":-0.0000510457,
    "1":-0.00001408,
    "2":-0.0000337947,
    "3":-0.0000261201,
    "4":-0.00001687,
    "5":-0.0000273138,
    "6":-0.00001689,
    "7":-0.0001238226,
    "8":-0.0000558223,
    "9":-0.000023358,
    "10":-0.00001172,
    "11":-0.0000144205,
    "12":-0.0000564537,
    "13":-0.0000121225,
    "14":-0.000020599,
    "15":-0.000011906,
    "16":-0.0001008747,
    "17":-0.0000362152,
    "18":-0.0000174993,
    "19":-0.0001648322,
    "20":-0.0000235339,
    "21":-0.00000626,
    "22":-0.0001756308,
    "23":-0.000033556,
    "24":-0.0000647696,
    "25":-0.0000713822,
    "26":-0.0000609563,
    "27":-0.000037362,
    "28":-0.0000416976,
    "29":-0.000077775,
    "30":-0.0000257035,
    "31":-0.0000134582,
    "32":-0.000039595,
    "33":-0.000023802,
    "34":-0.000012286,
    "35":-0.0000239732,
    "36":-0.0000284,
    "37":-0.0000625413,
    "38":-0.0001095182,
    "39":-0.0000548533,
    "40":-0.0000776774,
    "41":-0.00001006,
    "42":-0.000014752,
    "43":-0.0000207859,
    "44":-0.000009435,
    "45":-0.0001752361,
    "46":-0.0000159162,
    "47":-0.00001869,
    "48":-0.0001078736,
    "49":-0.00001793
  },
  "Delta_Prop":{
    "0":-0.0000315939,
    "1":-0.00001647,
    "2":-0.0000439582,
    "3":-0.0000233886,
    "4":-0.00001786,
    "5":-0.000016868,
    "6":-0.00001326,
    "7":-0.0001660964,
    "8":-0.0000282666,
    "9":-0.000009377,
    "10":-0.00001519,
    "11":-0.0000260365,
    "12":-0.0000359561,
    "13":-0.0000082085,
    "14":-0.000036538,
    "15":-0.00001489,
    "16":-0.0000381084,
    "17":-0.000024544,
    "18":-0.0000097527,
    "19":-0.0001071158,
    "20":-0.0000332129,
    "21":-0.00000013,
    "22":-0.0002636637,
    "23":-0.000030082,
    "24":-0.0001330433,
    "25":-0.0000665259,
    "26":-0.0000513356,
    "27":-0.000032502,
    "28":-0.0000404694,
    "29":-0.0000930384,
    "30":-0.0000276418,
    "31":-0.0000327922,
    "32":-0.000034294,
    "33":-0.000038001,
    "34":-0.000013591,
    "35":-0.0000845773,
    "36":-0.00002576,
    "37":-0.0000664655,
    "38":-0.0000763173,
    "39":-0.0000662667,
    "40":-0.0000521056,
    "41":-0.00000095,
    "42":-0.000009344,
    "43":-0.0000139604,
    "44":-0.0000229227,
    "45":-0.0001266281,
    "46":-0.0000489428,
    "47":-0.00000847,
    "48":-0.0000818961,
    "49":-0.000016
  }
}