{
  "Astrahl":{
    "0":0.001982907,
    "1":0.0030749475,
    "2":0.008736126,
    "3":0.0020596,
    "4":0.0032183391,
    "5":0.0090557158,
    "6":0.00139023,
    "7":0.0022367256,
    "8":0.0035414822,
    "9":0.001764207,
    "10":0.0041895734,
    "11":0.002090912,
    "12":0.0071235493,
    "13":0.0034297491,
    "14":0.0065304224,
    "15":0.002663453,
    "16":0.0027027101,
    "17":0.0033114819,
    "18":0.00139023,
    "19":0.0045278579,
    "20":0.002350112,
    "21":0.0055340485,
    "22":0.00087533,
    "23":0.0066475349,
    "24":0.00123576,
    "25":0.001909466,
    "26":0.0080728859,
    "27":0.0049137806,
    "28":0.0047882366,
    "29":0.0018833482,
    "30":0.0021435287,
    "31":0.0027744302,
    "32":0.0043571864,
    "33":0.0043828277,
    "34":0.001568184,
    "35":0.0072852601,
    "36":0.0033293163,
    "37":0.0031719548,
    "38":0.0068694893,
    "39":0.0099224723,
    "40":0.00175066,
    "41":0.002507563,
    "42":0.0028854075,
    "43":0.0043601594,
    "44":0.001836025,
    "45":0.0043828277,
    "46":0.0026095132,
    "47":0.0042816103,
    "48":0.001982907,
    "49":0.001982907
  },
  "Uniform":{
    "0":0.003731242,
    "1":0.0067554052,
    "2":0.0165100365,
    "3":0.00287655,
    "4":0.006691133,
    "5":0.0181486191,
    "6":0.00283812,
    "7":0.0054655187,
    "8":0.0056306661,
    "9":0.003292012,
    "10":0.0092581229,
    "11":0.00339588,
    "12":0.014155196,
    "13":0.0061946143,
    "14":0.0131487772,
    "15":0.0059343729,
    "16":0.0054701902,
    "17":0.0067348064,
    "18":0.00264991,
    "19":0.0087105433,
    "20":0.003652248,
    "21":0.0097991652,
    "22":0.00290319,
    "23":0.012843464,
    "24":0.00290351,
    "25":0.00380907,
    "26":0.0161361813,
    "27":0.0131605602,
    "28":0.0085097397,
    "29":0.0055800742,
    "30":0.0051969382,
    "31":0.0059028582,
    "32":0.0079371461,
    "33":0.0079063249,
    "34":0.003903128,
    "35":0.013533367,
    "36":0.0070270994,
    "37":0.005209414,
    "38":0.0122689246,
    "39":0.0174403332,
    "40":0.00309728,
    "41":0.005336067,
    "42":0.0057137138,
    "43":0.0097175667,
    "44":0.004399224,
    "45":0.008008023,
    "46":0.0046943594,
    "47":0.0074575466,
    "48":0.004153858,
    "49":0.004381779
  },
  "Prop":{
    "0":0.004035014,
    "1":0.0068575465,
    "2":0.0177710497,
    "3":0.00235839,
    "4":0.0066231108,
    "5":0.0170441521,
    "6":0.0028146,
    "7":0.0057564225,
    "8":0.0047512341,
    "9":0.003494674,
    "10":0.0083882037,
    "11":0.003574372,
    "12":0.014099055,
    "13":0.0066867182,
    "14":0.0141873218,
    "15":0.0061815945,
    "16":0.0051446958,
    "17":0.006531679,
    "18":0.00312226,
    "19":0.0101114191,
    "20":0.003637971,
    "21":0.0096334072,
    "22":0.0027929,
    "23":0.010801266,
    "24":0.00254709,
    "25":0.004097213,
    "26":0.0155369011,
    "27":0.0126192284,
    "28":0.0074445435,
    "29":0.0048350608,
    "30":0.0049832212,
    "31":0.0061914904,
    "32":0.0082309361,
    "33":0.0078584576,
    "34":0.003575784,
    "35":0.0128671358,
    "36":0.0068692809,
    "37":0.0064306844,
    "38":0.0113764419,
    "39":0.0167700911,
    "40":0.00288374,
    "41":0.005111858,
    "42":0.0054492877,
    "43":0.009810899,
    "44":0.004345416,
    "45":0.0075292249,
    "46":0.0045094499,
    "47":0.0082051542,
    "48":0.003805031,
    "49":0.004171326
  },
  "Delta_Uniform":{
    "0":-0.001748335,
    "1":-0.0036804578,
    "2":-0.0077739105,
    "3":-0.00081695,
    "4":-0.0034727939,
    "5":-0.0090929033,
    "6":-0.00144789,
    "7":-0.0032287931,
    "8":-0.0020891839,
    "9":-0.001527805,
    "10":-0.0050685495,
    "11":-0.001304968,
    "12":-0.0070316467,
    "13":-0.0027648652,
    "14":-0.0066183547,
    "15":-0.0032709199,
    "16":-0.0027674801,
    "17":-0.0034233245,
    "18":-0.00125968,
    "19":-0.0041826854,
    "20":-0.001302136,
    "21":-0.0042651167,
    "22":-0.00202786,
    "23":-0.0061959291,
    "24":-0.00166775,
    "25":-0.001899604,
    "26":-0.0080632953,
    "27":-0.0082467796,
    "28":-0.0037215031,
    "29":-0.003696726,
    "30":-0.0030534095,
    "31":-0.0031284279,
    "32":-0.0035799597,
    "33":-0.0035234972,
    "34":-0.002334944,
    "35":-0.0062481069,
    "36":-0.0036977831,
    "37":-0.0020374591,
    "38":-0.0053994353,
    "39":-0.0075178609,
    "40":-0.00134662,
    "41":-0.002828504,
    "42":-0.0028283064,
    "43":-0.0053574073,
    "44":-0.002563199,
    "45":-0.0036251953,
    "46":-0.0020848462,
    "47":-0.0031759363,
    "48":-0.002170951,
    "49":-0.002398872
  },
  "Delta_Prop":{
    "0":-0.002052107,
    "1":-0.003782599,
    "2":-0.0090349237,
    "3":-0.00029879,
    "4":-0.0034047717,
    "5":-0.0079884363,
    "6":-0.00142437,
    "7":-0.0035196969,
    "8":-0.0012097519,
    "9":-0.001730467,
    "10":-0.0041986303,
    "11":-0.00148346,
    "12":-0.0069755057,
    "13":-0.0032569691,
    "14":-0.0076568994,
    "15":-0.0035181415,
    "16":-0.0024419857,
    "17":-0.0032201971,
    "18":-0.00173203,
    "19":-0.0055835613,
    "20":-0.001287859,
    "21":-0.0040993587,
    "22":-0.00191757,
    "23":-0.0041537311,
    "24":-0.00131133,
    "25":-0.002187747,
    "26":-0.0074640152,
    "27":-0.0077054478,
    "28":-0.0026563069,
    "29":-0.0029517126,
    "30":-0.0028396925,
    "31":-0.0034170601,
    "32":-0.0038737497,
    "33":-0.0034756298,
    "34":-0.0020076,
    "35":-0.0055818756,
    "36":-0.0035399646,
    "37":-0.0032587296,
    "38":-0.0045069526,
    "39":-0.0068476187,
    "40":-0.00113308,
    "41":-0.002604295,
    "42":-0.0025638802,
    "43":-0.0054507395,
    "44":-0.002509391,
    "45":-0.0031463972,
    "46":-0.0018999367,
    "47":-0.0039235439,
    "48":-0.001822124,
    "49":-0.002188419
  }
}