{
  "Astrahl":{
    "0":0.00056639,
    "1":0.001271803,
    "2":0.00072086,
    "3":0.0014783311,
    "4":0.00065341,
    "5":0.000881292,
    "6":0.0005054,
    "7":0.0002166,
    "8":0.000849433,
    "9":0.0020038365,
    "10":0.0008428989,
    "11":0.001060751,
    "12":0.001540906,
    "13":0.0016083579,
    "14":0.001925623,
    "15":0.00036043,
    "16":0.00010298,
    "17":0.0006231835,
    "18":0.0013496099,
    "19":0.0009912359,
    "20":0.001700525,
    "21":0.002180719,
    "22":0.0002888,
    "23":0.000715711,
    "24":0.001556138,
    "25":0.00117686,
    "26":0.00057038,
    "27":0.000514087,
    "28":0.0005149,
    "29":0.0027522348,
    "30":0.002134209,
    "31":0.001065843,
    "32":0.000326705,
    "33":0.0007942,
    "34":0.0014427037,
    "35":0.0002166,
    "36":0.00042598,
    "37":0.00066937,
    "38":0.000445131,
    "39":0.0012145598,
    "40":0.00092682,
    "41":0.0038954727,
    "42":0.001110797,
    "43":0.00065341,
    "44":0.000588069,
    "45":0.0008878177,
    "46":0.000361,
    "47":0.000807851,
    "48":0.0018082097,
    "49":0.0017380706
  },
  "Uniform":{
    "0":0.0004638,
    "1":0.000982581,
    "2":0.000783101,
    "3":0.001416334,
    "4":0.00042409,
    "5":0.00062407,
    "6":0.00038379,
    "7":0.00043848,
    "8":0.00068746,
    "9":0.0019324049,
    "10":0.001165422,
    "11":0.00078084,
    "12":0.000973481,
    "13":0.001243532,
    "14":0.0016426157,
    "15":0.00055058,
    "16":0.0003693,
    "17":0.0013077229,
    "18":0.0012685812,
    "19":0.0014207429,
    "20":0.0011371522,
    "21":0.0018923218,
    "22":0.0002401,
    "23":0.000811201,
    "24":0.0027470407,
    "25":0.0016129501,
    "26":0.00071147,
    "27":0.00076956,
    "28":0.0002672,
    "29":0.0035142415,
    "30":0.0025438799,
    "31":0.0015965388,
    "32":0.0007042,
    "33":0.00063007,
    "34":0.001503366,
    "35":0.0003181,
    "36":0.00077628,
    "37":0.000867101,
    "38":0.000765811,
    "39":0.001227043,
    "40":0.000759711,
    "41":0.0057430975,
    "42":0.000822881,
    "43":0.00037859,
    "44":0.000836521,
    "45":0.001055781,
    "46":0.00063058,
    "47":0.00063268,
    "48":0.0017300562,
    "49":0.0014965266
  },
  "Prop":{
    "0":0.0004667,
    "1":0.0011510889,
    "2":0.0005945,
    "3":0.001699935,
    "4":0.000751201,
    "5":0.00095287,
    "6":0.00033769,
    "7":0.0002263,
    "8":0.000844393,
    "9":0.0026950465,
    "10":0.0014412178,
    "11":0.001190353,
    "12":0.001185723,
    "13":0.001422622,
    "14":0.0018047226,
    "15":0.0004624,
    "16":0.00045228,
    "17":0.0009715899,
    "18":0.001281794,
    "19":0.0017793993,
    "20":0.0017980767,
    "21":0.0021213856,
    "22":0.0003822,
    "23":0.00062848,
    "24":0.0024999981,
    "25":0.0014835057,
    "26":0.000838231,
    "27":0.00077868,
    "28":0.00061238,
    "29":0.0036437555,
    "30":0.0025134915,
    "31":0.00145304,
    "32":0.00057709,
    "33":0.00057177,
    "34":0.0019356708,
    "35":0.0003532,
    "36":0.000632311,
    "37":0.0004627,
    "38":0.000803571,
    "39":0.00095085,
    "40":0.001003601,
    "41":0.0074328579,
    "42":0.0014688778,
    "43":0.00056348,
    "44":0.001105942,
    "45":0.001555933,
    "46":0.0004777,
    "47":0.00070869,
    "48":0.0015837,
    "49":0.001579183
  },
  "Delta_Uniform":{
    "0":0.00010259,
    "1":0.000289222,
    "2":-0.000062241,
    "3":0.0000619971,
    "4":0.00022932,
    "5":0.000257222,
    "6":0.00012161,
    "7":-0.00022188,
    "8":0.000161973,
    "9":0.0000714316,
    "10":-0.0003225231,
    "11":0.000279911,
    "12":0.000567425,
    "13":0.0003648259,
    "14":0.0002830073,
    "15":-0.00019015,
    "16":-0.00026632,
    "17":-0.0006845394,
    "18":0.0000810287,
    "19":-0.000429507,
    "20":0.0005633728,
    "21":0.0002883971,
    "22":0.0000487,
    "23":-0.00009549,
    "24":-0.0011909027,
    "25":-0.0004360901,
    "26":-0.00014109,
    "27":-0.000255473,
    "28":0.0002477,
    "29":-0.0007620067,
    "30":-0.0004096709,
    "31":-0.0005306958,
    "32":-0.000377495,
    "33":0.00016413,
    "34":-0.0000606623,
    "35":-0.0001015,
    "36":-0.0003503,
    "37":-0.000197731,
    "38":-0.00032068,
    "39":-0.0000124832,
    "40":0.000167109,
    "41":-0.0018476248,
    "42":0.000287916,
    "43":0.00027482,
    "44":-0.000248452,
    "45":-0.0001679633,
    "46":-0.00026958,
    "47":0.000175171,
    "48":0.0000781535,
    "49":0.000241544
  },
  "Delta_Prop":{
    "0":0.00009969,
    "1":0.0001207141,
    "2":0.00012636,
    "3":-0.0002216039,
    "4":-0.000097791,
    "5":-0.000071578,
    "6":0.00016771,
    "7":-0.0000097,
    "8":0.00000504,
    "9":-0.00069121,
    "10":-0.0005983189,
    "11":-0.000129602,
    "12":0.000355183,
    "13":0.0001857359,
    "14":0.0001209004,
    "15":-0.00010197,
    "16":-0.0003493,
    "17":-0.0003484064,
    "18":0.0000678159,
    "19":-0.0007881634,
    "20":-0.0000975517,
    "21":0.0000593334,
    "22":-0.0000934,
    "23":0.000087231,
    "24":-0.0009438601,
    "25":-0.0003066457,
    "26":-0.000267851,
    "27":-0.000264593,
    "28":-0.00009748,
    "29":-0.0008915207,
    "30":-0.0003792825,
    "31":-0.000387197,
    "32":-0.000250385,
    "33":0.00022243,
    "34":-0.0004929671,
    "35":-0.0001366,
    "36":-0.000206331,
    "37":0.00020667,
    "38":-0.00035844,
    "39":0.0002637098,
    "40":-0.000076781,
    "41":-0.0035373852,
    "42":-0.0003580808,
    "43":0.00008993,
    "44":-0.000517873,
    "45":-0.0006681153,
    "46":-0.0001167,
    "47":0.000099161,
    "48":0.0002245096,
    "49":0.0001588876
  }
}