{
  "Astrahl":{
    "0":0.0013943022,
    "1":0.0011067904,
    "2":0.00080072,
    "3":0.001710729,
    "4":0.0018961406,
    "5":0.000200342,
    "6":0.000601026,
    "7":0.0007101517,
    "8":0.0006039658,
    "9":0.0016267666,
    "10":0.0081141233,
    "11":0.0024130017,
    "12":0.0022071478,
    "13":0.0061533548,
    "14":0.001140486,
    "15":0.0039961406,
    "16":0.001003249,
    "17":0.0015036585,
    "18":0.00070063,
    "19":0.00130117,
    "20":0.0013036737,
    "21":0.0005044024,
    "22":0.00080072,
    "23":0.000701197,
    "24":0.001003249,
    "25":0.0015242341,
    "26":0.0023586642,
    "27":0.0090632492,
    "28":0.0038934989,
    "29":0.0041658073,
    "30":0.003003856,
    "31":0.0006053527,
    "32":0.0011431756,
    "33":0.000760324,
    "34":0.00100171,
    "35":0.0010083877,
    "36":0.0004023523,
    "37":0.0023840698,
    "38":0.00150135,
    "39":0.001591531,
    "40":0.0018129566,
    "41":0.000901539,
    "42":0.000601026,
    "43":0.0010036856,
    "44":0.0029825236,
    "45":0.0016264374,
    "46":0.0006027805,
    "47":0.0122180065,
    "48":0.001140486,
    "49":0.001101881
  },
  "Uniform":{
    "0":0.0076790193,
    "1":0.0052094288,
    "2":0.00450129,
    "3":0.008640622,
    "4":0.0073858772,
    "5":0.004702008,
    "6":0.003702465,
    "7":0.0044218925,
    "8":0.0038065585,
    "9":0.0080181351,
    "10":0.0417640462,
    "11":0.0173948992,
    "12":0.0088789883,
    "13":0.0328499693,
    "14":0.008051135,
    "15":0.0179013629,
    "16":0.0040030127,
    "17":0.0080170085,
    "18":0.00410103,
    "19":0.00420094,
    "20":0.0168496254,
    "21":0.0049162003,
    "22":0.00390103,
    "23":0.005201884,
    "24":0.0042051445,
    "25":0.007054914,
    "26":0.0119929685,
    "27":0.0413867724,
    "28":0.0158669343,
    "29":0.0204062505,
    "30":0.0083213358,
    "31":0.0035108373,
    "32":0.0075796679,
    "33":0.007361107,
    "34":0.003502175,
    "35":0.0041142666,
    "36":0.0035079895,
    "37":0.0115880408,
    "38":0.00420111,
    "39":0.008242544,
    "40":0.0079732237,
    "41":0.004601866,
    "42":0.003702014,
    "43":0.0049040597,
    "44":0.0114184571,
    "45":0.0128015769,
    "46":0.004206706,
    "47":0.0384863563,
    "48":0.007450974,
    "49":0.004202664
  },
  "Prop":{
    "0":0.0093971683,
    "1":0.0045097214,
    "2":0.00510113,
    "3":0.008341045,
    "4":0.0094538805,
    "5":0.004902208,
    "6":0.004602165,
    "7":0.0046175514,
    "8":0.005409421,
    "9":0.0084489393,
    "10":0.0506210473,
    "11":0.0182775096,
    "12":0.0089798114,
    "13":0.0370589017,
    "14":0.010241072,
    "15":0.0158984666,
    "16":0.004601643,
    "17":0.0080956319,
    "18":0.00420103,
    "19":0.00500084,
    "20":0.0178325814,
    "21":0.0048112628,
    "22":0.00450131,
    "23":0.004102004,
    "24":0.0044043947,
    "25":0.009746472,
    "26":0.0129730566,
    "27":0.0489735217,
    "28":0.015783457,
    "29":0.0222625861,
    "30":0.0133386406,
    "31":0.0039136764,
    "32":0.0075730908,
    "33":0.008890975,
    "34":0.004601904,
    "35":0.0040122975,
    "36":0.0035040586,
    "37":0.0125142773,
    "38":0.00480112,
    "39":0.008631424,
    "40":0.0095027531,
    "41":0.005102256,
    "42":0.004901667,
    "43":0.0052049004,
    "44":0.0144835918,
    "45":0.0130525526,
    "46":0.0050061853,
    "47":0.0464381979,
    "48":0.007961074,
    "49":0.005102307
  },
  "Delta_Uniform":{
    "0":-0.0062847171,
    "1":-0.0041026384,
    "2":-0.00370057,
    "3":-0.006929893,
    "4":-0.0054897366,
    "5":-0.004501666,
    "6":-0.003101439,
    "7":-0.0037117408,
    "8":-0.0032025927,
    "9":-0.0063913686,
    "10":-0.0336499229,
    "11":-0.0149818974,
    "12":-0.0066718405,
    "13":-0.0266966145,
    "14":-0.006910649,
    "15":-0.0139052223,
    "16":-0.0029997637,
    "17":-0.00651335,
    "18":-0.0034004,
    "19":-0.00289977,
    "20":-0.0155459517,
    "21":-0.0044117979,
    "22":-0.00310031,
    "23":-0.004500687,
    "24":-0.0032018955,
    "25":-0.0055306799,
    "26":-0.0096343043,
    "27":-0.0323235232,
    "28":-0.0119734354,
    "29":-0.0162404432,
    "30":-0.0053174799,
    "31":-0.0029054847,
    "32":-0.0064364924,
    "33":-0.006600783,
    "34":-0.002500465,
    "35":-0.0031058789,
    "36":-0.0031056372,
    "37":-0.009203971,
    "38":-0.00269976,
    "39":-0.006651013,
    "40":-0.0061602671,
    "41":-0.003700327,
    "42":-0.003100988,
    "43":-0.0039003741,
    "44":-0.0084359335,
    "45":-0.0111751395,
    "46":-0.0036039255,
    "47":-0.0262683498,
    "48":-0.006310488,
    "49":-0.003100783
  },
  "Delta_Prop":{
    "0":-0.0080028661,
    "1":-0.003402931,
    "2":-0.00430041,
    "3":-0.006630316,
    "4":-0.0075577399,
    "5":-0.004701866,
    "6":-0.004001139,
    "7":-0.0039073998,
    "8":-0.0048054552,
    "9":-0.0068221727,
    "10":-0.042506924,
    "11":-0.0158645079,
    "12":-0.0067726636,
    "13":-0.0309055469,
    "14":-0.009100586,
    "15":-0.011902326,
    "16":-0.003598394,
    "17":-0.0065919734,
    "18":-0.0035004,
    "19":-0.00369967,
    "20":-0.0165289077,
    "21":-0.0043068604,
    "22":-0.00370059,
    "23":-0.003400807,
    "24":-0.0034011457,
    "25":-0.0082222379,
    "26":-0.0106143924,
    "27":-0.0399102726,
    "28":-0.0118899581,
    "29":-0.0180967788,
    "30":-0.0103347846,
    "31":-0.0033083237,
    "32":-0.0064299152,
    "33":-0.008130651,
    "34":-0.003600194,
    "35":-0.0030039098,
    "36":-0.0031017063,
    "37":-0.0101302075,
    "38":-0.00329977,
    "39":-0.007039893,
    "40":-0.0076897965,
    "41":-0.004200717,
    "42":-0.004300641,
    "43":-0.0042012148,
    "44":-0.0115010682,
    "45":-0.0114261152,
    "46":-0.0044034049,
    "47":-0.0342201914,
    "48":-0.006820588,
    "49":-0.004000426
  }
}