{
  "Astrahl":{
    "0":0.4865998134,
    "1":0.3828391268,
    "2":0.4374734629,
    "3":0.3679559984,
    "4":0.3876186087,
    "5":0.2942846083,
    "6":0.5293050553,
    "7":0.4585542558,
    "8":0.27656146,
    "9":0.3015874257,
    "10":0.3989228278,
    "11":0.4097231669,
    "12":0.4592572472,
    "13":0.4452314865,
    "14":0.3556830979,
    "15":0.270565678,
    "16":0.324141751,
    "17":0.5932033927,
    "18":0.4836102222,
    "19":0.4421619455,
    "20":0.3224581255,
    "21":0.4087679509,
    "22":0.3148734558,
    "23":0.5725399383,
    "24":0.27176788,
    "25":0.3988997712,
    "26":0.34139953,
    "27":0.3700380727,
    "28":0.324397468,
    "29":0.4361527671,
    "30":0.4047990773,
    "31":0.334928197,
    "32":0.326467261,
    "33":0.5479213129,
    "34":0.4781157264,
    "35":0.3322349151,
    "36":0.3466637119,
    "37":0.3305808055,
    "38":0.4682343066,
    "39":0.261357031,
    "40":0.2803393,
    "41":0.4629781205,
    "42":0.3328683994,
    "43":0.3304133884,
    "44":0.333090064,
    "45":0.2988465364,
    "46":0.4460416742,
    "47":0.29182591,
    "48":0.4674550486,
    "49":0.273426274
  },
  "Uniform":{
    "0":0.451926587,
    "1":0.3941682234,
    "2":0.429103857,
    "3":0.3656851947,
    "4":0.3662186825,
    "5":0.293433499,
    "6":0.4988718755,
    "7":0.4608001845,
    "8":0.29521486,
    "9":0.3165758464,
    "10":0.4013282508,
    "11":0.4091452084,
    "12":0.4559794241,
    "13":0.4384432861,
    "14":0.3745586081,
    "15":0.29112769,
    "16":0.351646354,
    "17":0.582457586,
    "18":0.5036630477,
    "19":0.4453352619,
    "20":0.3506638726,
    "21":0.4028202586,
    "22":0.3216599296,
    "23":0.5398778697,
    "24":0.29709441,
    "25":0.4250045657,
    "26":0.351099757,
    "27":0.3696572635,
    "28":0.354302749,
    "29":0.4180684164,
    "30":0.4311413296,
    "31":0.343228186,
    "32":0.347840488,
    "33":0.5512606134,
    "34":0.4585245009,
    "35":0.3606448471,
    "36":0.3531226357,
    "37":0.3497351266,
    "38":0.4544596209,
    "39":0.284168323,
    "40":0.28790362,
    "41":0.468482331,
    "42":0.3636208351,
    "43":0.3616258952,
    "44":0.357409828,
    "45":0.2991892546,
    "46":0.4870393811,
    "47":0.301424491,
    "48":0.4598874561,
    "49":0.288348409
  },
  "Prop":{
    "0":0.4700432825,
    "1":0.4046236871,
    "2":0.4152653969,
    "3":0.3725100963,
    "4":0.3709089955,
    "5":0.2935336249,
    "6":0.5074294503,
    "7":0.4501381782,
    "8":0.29420164,
    "9":0.3109927699,
    "10":0.3978274826,
    "11":0.4086144162,
    "12":0.4509861488,
    "13":0.4427849849,
    "14":0.3695834178,
    "15":0.288545716,
    "16":0.35090164,
    "17":0.5847003643,
    "18":0.4937214964,
    "19":0.4431807404,
    "20":0.3507780988,
    "21":0.4073080555,
    "22":0.3167734973,
    "23":0.5334305178,
    "24":0.28662472,
    "25":0.409464111,
    "26":0.344801611,
    "27":0.3694305394,
    "28":0.355172365,
    "29":0.4319614317,
    "30":0.4199867267,
    "31":0.329461183,
    "32":0.354751084,
    "33":0.5419641774,
    "34":0.4689817843,
    "35":0.356142807,
    "36":0.349296787,
    "37":0.3600000217,
    "38":0.4633741488,
    "39":0.28780498,
    "40":0.28218997,
    "41":0.4531191732,
    "42":0.3508836661,
    "43":0.3630844988,
    "44":0.348442966,
    "45":0.2872551934,
    "46":0.4835153958,
    "47":0.292344634,
    "48":0.4669228918,
    "49":0.289047789
  },
  "Delta_Uniform":{
    "0":0.0346732265,
    "1":-0.0113290966,
    "2":0.0083696059,
    "3":0.0022708037,
    "4":0.0213999262,
    "5":0.0008511093,
    "6":0.0304331797,
    "7":-0.0022459287,
    "8":-0.0186534,
    "9":-0.0149884206,
    "10":-0.002405423,
    "11":0.0005779585,
    "12":0.0032778231,
    "13":0.0067882004,
    "14":-0.0188755102,
    "15":-0.020562012,
    "16":-0.027504603,
    "17":0.0107458066,
    "18":-0.0200528255,
    "19":-0.0031733163,
    "20":-0.0282057471,
    "21":0.0059476923,
    "22":-0.0067864738,
    "23":0.0326620686,
    "24":-0.02532653,
    "25":-0.0261047945,
    "26":-0.009700227,
    "27":0.0003808092,
    "28":-0.029905281,
    "29":0.0180843507,
    "30":-0.0263422523,
    "31":-0.008299989,
    "32":-0.021373227,
    "33":-0.0033393004,
    "34":0.0195912255,
    "35":-0.0284099321,
    "36":-0.0064589238,
    "37":-0.0191543211,
    "38":0.0137746857,
    "39":-0.022811292,
    "40":-0.00756432,
    "41":-0.0055042105,
    "42":-0.0307524357,
    "43":-0.0312125068,
    "44":-0.024319764,
    "45":-0.0003427182,
    "46":-0.0409977068,
    "47":-0.009598581,
    "48":0.0075675925,
    "49":-0.014922135
  },
  "Delta_Prop":{
    "0":0.016556531,
    "1":-0.0217845604,
    "2":0.022208066,
    "3":-0.0045540979,
    "4":0.0167096132,
    "5":0.0007509834,
    "6":0.021875605,
    "7":0.0084160776,
    "8":-0.01764018,
    "9":-0.0094053442,
    "10":0.0010953452,
    "11":0.0011087507,
    "12":0.0082710984,
    "13":0.0024465016,
    "14":-0.0139003199,
    "15":-0.017980038,
    "16":-0.026759889,
    "17":0.0085030284,
    "18":-0.0101112742,
    "19":-0.0010187949,
    "20":-0.0283199733,
    "21":0.0014598954,
    "22":-0.0019000415,
    "23":0.0391094205,
    "24":-0.01485684,
    "25":-0.0105643397,
    "26":-0.003402081,
    "27":0.0006075333,
    "28":-0.030774897,
    "29":0.0041913354,
    "30":-0.0151876494,
    "31":0.005467014,
    "32":-0.028283823,
    "33":0.0059571355,
    "34":0.0091339421,
    "35":-0.0239078919,
    "36":-0.0026330751,
    "37":-0.0294192162,
    "38":0.0048601579,
    "39":-0.026447949,
    "40":-0.00185067,
    "41":0.0098589474,
    "42":-0.0180152667,
    "43":-0.0326711104,
    "44":-0.015352902,
    "45":0.011591343,
    "46":-0.0374737216,
    "47":-0.000518724,
    "48":0.0005321568,
    "49":-0.015621515
  }
}