{
  "Astrahl":{
    "0":0.0208301829,
    "1":0.0261617394,
    "2":0.0708563121,
    "3":0.056517488,
    "4":0.019710896,
    "5":0.033617388,
    "6":0.0243939198,
    "7":0.0275350966,
    "8":0.0833932391,
    "9":0.0422178358,
    "10":0.017669597,
    "11":0.0383528962,
    "12":0.0140343566,
    "13":0.0513831583,
    "14":0.01602753,
    "15":0.0282488524,
    "16":0.0279909777,
    "17":0.0221375219,
    "18":0.020721857,
    "19":0.0355555114,
    "20":0.0320950237,
    "21":0.0702614897,
    "22":0.0339217916,
    "23":0.0303830757,
    "24":0.0337476627,
    "25":0.0764711751,
    "26":0.0619674359,
    "27":0.0133677023,
    "28":0.0459025959,
    "29":0.0290598956,
    "30":0.0440647238,
    "31":0.0403180855,
    "32":0.0475935142,
    "33":0.0252211796,
    "34":0.05687091,
    "35":0.069356449,
    "36":0.018379158,
    "37":0.0249014433,
    "38":0.028292938,
    "39":0.0317883326,
    "40":0.0646146309,
    "41":0.0206057441,
    "42":0.0235825093,
    "43":0.0612785956,
    "44":0.0325868451,
    "45":0.090113325,
    "46":0.0444818094,
    "47":0.0272756372,
    "48":0.016913179,
    "49":0.030858938
  },
  "Uniform":{
    "0":0.0458205895,
    "1":0.0577875797,
    "2":0.2053424347,
    "3":0.14376613,
    "4":0.064400569,
    "5":0.1071259222,
    "6":0.0583929745,
    "7":0.0668257864,
    "8":0.2526035333,
    "9":0.1148070054,
    "10":0.0537228034,
    "11":0.1060500612,
    "12":0.0536447317,
    "13":0.1002013477,
    "14":0.05218663,
    "15":0.0509203892,
    "16":0.0588344997,
    "17":0.0580132958,
    "18":0.054727569,
    "19":0.0614207186,
    "20":0.0647104616,
    "21":0.1717544589,
    "22":0.1228538477,
    "23":0.0702694979,
    "24":0.1112178036,
    "25":0.2044168332,
    "26":0.160106294,
    "27":0.0470489631,
    "28":0.1235798746,
    "29":0.064583095,
    "30":0.0844757288,
    "31":0.1127604138,
    "32":0.1473647997,
    "33":0.0549722474,
    "34":0.1687924664,
    "35":0.1952261591,
    "36":0.054930788,
    "37":0.061501597,
    "38":0.1041568141,
    "39":0.0642468466,
    "40":0.1618268862,
    "41":0.055248297,
    "42":0.055226939,
    "43":0.1715060003,
    "44":0.0631906053,
    "45":0.1750112439,
    "46":0.1084037572,
    "47":0.063543346,
    "48":0.05876373,
    "49":0.109188245
  },
  "Prop":{
    "0":0.0571850351,
    "1":0.0591542814,
    "2":0.1983210444,
    "3":0.14489847,
    "4":0.057779178,
    "5":0.1073312017,
    "6":0.0558779383,
    "7":0.0595193038,
    "8":0.252268585,
    "9":0.1104163872,
    "10":0.060468949,
    "11":0.1072857342,
    "12":0.0633835138,
    "13":0.1130223735,
    "14":0.06415743,
    "15":0.061164396,
    "16":0.0609580173,
    "17":0.0457355224,
    "18":0.060176747,
    "19":0.0661244646,
    "20":0.0609327506,
    "21":0.1567557233,
    "22":0.1132047509,
    "23":0.0645048963,
    "24":0.1042650774,
    "25":0.2117513971,
    "26":0.1617041149,
    "27":0.0436319551,
    "28":0.1325259956,
    "29":0.068494356,
    "30":0.072127708,
    "31":0.1071831933,
    "32":0.1563788435,
    "33":0.0612649302,
    "34":0.1705612158,
    "35":0.206399591,
    "36":0.057591959,
    "37":0.0638661121,
    "38":0.1032003692,
    "39":0.0585792436,
    "40":0.1645691575,
    "41":0.0575825491,
    "42":0.0501361721,
    "43":0.1568624714,
    "44":0.0565156705,
    "45":0.1620362291,
    "46":0.1028205258,
    "47":0.06486026,
    "48":0.052832878,
    "49":0.106967126
  },
  "Delta_Uniform":{
    "0":-0.0249904066,
    "1":-0.0316258403,
    "2":-0.1344861226,
    "3":-0.087248642,
    "4":-0.044689673,
    "5":-0.0735085342,
    "6":-0.0339990547,
    "7":-0.0392906898,
    "8":-0.1692102941,
    "9":-0.0725891696,
    "10":-0.0360532064,
    "11":-0.067697165,
    "12":-0.0396103751,
    "13":-0.0488181894,
    "14":-0.0361591,
    "15":-0.0226715368,
    "16":-0.0308435221,
    "17":-0.0358757739,
    "18":-0.034005712,
    "19":-0.0258652073,
    "20":-0.0326154379,
    "21":-0.1014929692,
    "22":-0.088932056,
    "23":-0.0398864222,
    "24":-0.0774701409,
    "25":-0.1279456581,
    "26":-0.0981388581,
    "27":-0.0336812608,
    "28":-0.0776772787,
    "29":-0.0355231994,
    "30":-0.040411005,
    "31":-0.0724423283,
    "32":-0.0997712856,
    "33":-0.0297510678,
    "34":-0.1119215564,
    "35":-0.1258697101,
    "36":-0.03655163,
    "37":-0.0366001537,
    "38":-0.0758638761,
    "39":-0.032458514,
    "40":-0.0972122552,
    "41":-0.0346425529,
    "42":-0.0316444297,
    "43":-0.1102274047,
    "44":-0.0306037601,
    "45":-0.084897919,
    "46":-0.0639219478,
    "47":-0.0362677088,
    "48":-0.041850551,
    "49":-0.078329307
  },
  "Delta_Prop":{
    "0":-0.0363548522,
    "1":-0.032992542,
    "2":-0.1274647323,
    "3":-0.088380982,
    "4":-0.038068282,
    "5":-0.0737138137,
    "6":-0.0314840185,
    "7":-0.0319842072,
    "8":-0.1688753458,
    "9":-0.0681985514,
    "10":-0.042799352,
    "11":-0.068932838,
    "12":-0.0493491572,
    "13":-0.0616392152,
    "14":-0.0481299,
    "15":-0.0329155436,
    "16":-0.0329670397,
    "17":-0.0235980005,
    "18":-0.03945489,
    "19":-0.0305689532,
    "20":-0.0288377269,
    "21":-0.0864942336,
    "22":-0.0792829592,
    "23":-0.0341218206,
    "24":-0.0705174147,
    "25":-0.135280222,
    "26":-0.099736679,
    "27":-0.0302642528,
    "28":-0.0866233997,
    "29":-0.0394344604,
    "30":-0.0280629842,
    "31":-0.0668651078,
    "32":-0.1087853294,
    "33":-0.0360437506,
    "34":-0.1136903058,
    "35":-0.137043142,
    "36":-0.039212801,
    "37":-0.0389646688,
    "38":-0.0749074312,
    "39":-0.026790911,
    "40":-0.0999545266,
    "41":-0.036976805,
    "42":-0.0265536628,
    "43":-0.0955838758,
    "44":-0.0239288254,
    "45":-0.0719229041,
    "46":-0.0583387164,
    "47":-0.0375846228,
    "48":-0.035919699,
    "49":-0.076108188
  }
}