{
  "Astrahl":{
    "0":0.0701959483,
    "1":0.087626796,
    "2":0.1242176507,
    "3":0.0441217724,
    "4":0.0397483509,
    "5":0.1034172821,
    "6":0.1147776942,
    "7":0.036882031,
    "8":0.150360282,
    "9":0.1144905487,
    "10":0.027470052,
    "11":0.0844548038,
    "12":0.1419387054,
    "13":0.0762336716,
    "14":0.1044758189,
    "15":0.0598385446,
    "16":0.0631668514,
    "17":0.0690263066,
    "18":0.0253303514,
    "19":0.0617289408,
    "20":0.0804012754,
    "21":0.1243457529,
    "22":0.0858111174,
    "23":0.0367164774,
    "24":0.0464263398,
    "25":0.0510641796,
    "26":0.0390472658,
    "27":0.0631809498,
    "28":0.0746775614,
    "29":0.1209550885,
    "30":0.1089729175,
    "31":0.0792487774,
    "32":0.1023787381,
    "33":0.0595267679,
    "34":0.1375954465,
    "35":0.1271516484,
    "36":0.0675228794,
    "37":0.0914769284,
    "38":0.0728560056,
    "39":0.0374720274,
    "40":0.1302392268,
    "41":0.0513112828,
    "42":0.0664848915,
    "43":0.0679748365,
    "44":0.0502701554,
    "45":0.0359882299,
    "46":0.0355462562,
    "47":0.111031392,
    "48":0.0439957307,
    "49":0.0567805853,
    "50":0.1540512385,
    "51":0.0356397646,
    "52":0.0532147221,
    "53":0.0398244291,
    "54":0.081718655,
    "55":0.0690239346,
    "56":0.0350372722,
    "57":0.0971710768,
    "58":0.0479256268,
    "59":0.0649542319,
    "60":0.119532216,
    "61":0.0575594238,
    "62":0.1053350864,
    "63":0.0311706663,
    "64":0.1219511789,
    "65":0.1089865302,
    "66":0.0437711129,
    "67":0.0654255165,
    "68":0.0470527387,
    "69":0.1107709979,
    "70":0.1107539839,
    "71":0.095145424,
    "72":0.032663759,
    "73":0.1015474069,
    "74":0.043066497,
    "75":0.0833139559,
    "76":0.0908895498,
    "77":0.0361721813,
    "78":0.0653167487,
    "79":0.0357623151,
    "80":0.1107254655,
    "81":0.1134420481,
    "82":0.1439749546,
    "83":0.0827543544,
    "84":0.0474636094,
    "85":0.0737148894,
    "86":0.0466104467,
    "87":0.0682641935,
    "88":0.0459311149,
    "89":0.0598287576,
    "90":0.1076013123,
    "91":0.0385321871,
    "92":0.0424066197,
    "93":0.1392910979,
    "94":0.0505867836,
    "95":0.0657389756,
    "96":0.0724109014,
    "97":0.1193255618,
    "98":0.1283566148,
    "99":0.1019646154
  },
  "Uniform":{
    "0":0.1082202445,
    "1":0.1789157647,
    "2":0.2405064032,
    "3":0.067181951,
    "4":0.0852003111,
    "5":0.2179216098,
    "6":0.1462249764,
    "7":0.0769392344,
    "8":0.3076273017,
    "9":0.213791759,
    "10":0.0475186214,
    "11":0.1657100919,
    "12":0.2225746883,
    "13":0.1672749279,
    "14":0.1742620436,
    "15":0.1165290068,
    "16":0.1253030332,
    "17":0.1164298754,
    "18":0.0497753568,
    "19":0.127135817,
    "20":0.1516759602,
    "21":0.2212487471,
    "22":0.1834425771,
    "23":0.0758552161,
    "24":0.0808118729,
    "25":0.0728651905,
    "26":0.0588901462,
    "27":0.1296840691,
    "28":0.1424304338,
    "29":0.2098612374,
    "30":0.1674931809,
    "31":0.1429972426,
    "32":0.193916919,
    "33":0.1095794491,
    "34":0.2760264495,
    "35":0.2100359371,
    "36":0.1020829449,
    "37":0.122417281,
    "38":0.1455344807,
    "39":0.0731420365,
    "40":0.1982718215,
    "41":0.0977575876,
    "42":0.122677759,
    "43":0.1239873259,
    "44":0.0972036617,
    "45":0.0641133092,
    "46":0.0508703424,
    "47":0.2183019503,
    "48":0.073338991,
    "49":0.0978847651,
    "50":0.1884641035,
    "51":0.0674845843,
    "52":0.0808043537,
    "53":0.060971843,
    "54":0.1678826423,
    "55":0.1453688467,
    "56":0.070339015,
    "57":0.1978173221,
    "58":0.0987305471,
    "59":0.0936286016,
    "60":0.2307962819,
    "61":0.0845519799,
    "62":0.1871571151,
    "63":0.0525334218,
    "64":0.2384226251,
    "65":0.1137585891,
    "66":0.0729592709,
    "67":0.0799930387,
    "68":0.0781766655,
    "69":0.1936776016,
    "70":0.2073376999,
    "71":0.1296808122,
    "72":0.065686963,
    "73":0.1201763949,
    "74":0.0664532001,
    "75":0.1687117057,
    "76":0.1730074518,
    "77":0.0510209805,
    "78":0.1192549186,
    "79":0.0698997653,
    "80":0.2190412004,
    "81":0.2202956321,
    "82":0.2909241978,
    "83":0.1347682579,
    "84":0.0737008641,
    "85":0.1189410202,
    "86":0.0941645446,
    "87":0.1241534616,
    "88":0.0751285997,
    "89":0.1167821413,
    "90":0.1722929668,
    "91":0.0779872098,
    "92":0.0844422493,
    "93":0.2796326001,
    "94":0.0630800919,
    "95":0.1057463954,
    "96":0.1105418234,
    "97":0.2528072549,
    "98":0.2642948524,
    "99":0.1013744175
  },
  "Prop":{
    "0":0.1150273436,
    "1":0.1701938915,
    "2":0.2142949287,
    "3":0.0716077656,
    "4":0.0792994669,
    "5":0.2082882719,
    "6":0.1460726275,
    "7":0.0779002388,
    "8":0.2624988688,
    "9":0.210870331,
    "10":0.0513026816,
    "11":0.1621030249,
    "12":0.2180941062,
    "13":0.140234579,
    "14":0.1630384968,
    "15":0.113320987,
    "16":0.1218594505,
    "17":0.1223719617,
    "18":0.0531095202,
    "19":0.1257073926,
    "20":0.1356296685,
    "21":0.2161001158,
    "22":0.1705409501,
    "23":0.0747635879,
    "24":0.0856976972,
    "25":0.0792927451,
    "26":0.0643306827,
    "27":0.1227920944,
    "28":0.1358593008,
    "29":0.2017415968,
    "30":0.1702189678,
    "31":0.140915001,
    "32":0.1795209357,
    "33":0.112321767,
    "34":0.2452103718,
    "35":0.2052235359,
    "36":0.1058437007,
    "37":0.1225213088,
    "38":0.143380517,
    "39":0.0752540253,
    "40":0.1921015188,
    "41":0.1010773891,
    "42":0.12531328,
    "43":0.1219185309,
    "44":0.0958375299,
    "45":0.0703635758,
    "46":0.0549609377,
    "47":0.2052247407,
    "48":0.0744166615,
    "49":0.1030632095,
    "50":0.1791658553,
    "51":0.068080498,
    "52":0.0823098144,
    "53":0.0622939876,
    "54":0.1622401076,
    "55":0.1416249448,
    "56":0.0731249668,
    "57":0.1866460533,
    "58":0.1018311854,
    "59":0.0964673083,
    "60":0.2259732803,
    "61":0.0856528374,
    "62":0.1850874989,
    "63":0.0573132433,
    "64":0.1985097082,
    "65":0.104071951,
    "66":0.0758112717,
    "67":0.0822286945,
    "68":0.0804507971,
    "69":0.1842249145,
    "70":0.2049434467,
    "71":0.1293733624,
    "72":0.0646777672,
    "73":0.1214594722,
    "74":0.0714299997,
    "75":0.15915871,
    "76":0.1636610107,
    "77":0.0551328885,
    "78":0.1242373014,
    "79":0.0741315499,
    "80":0.2052411872,
    "81":0.2189630846,
    "82":0.263215645,
    "83":0.1374965022,
    "84":0.07912883,
    "85":0.1286288679,
    "86":0.0956671248,
    "87":0.1262170387,
    "88":0.0786039577,
    "89":0.1113342037,
    "90":0.1722641974,
    "91":0.0800612855,
    "92":0.0882386771,
    "93":0.2454498725,
    "94":0.0680507447,
    "95":0.106875729,
    "96":0.1130108311,
    "97":0.2235131282,
    "98":0.2463993211,
    "99":0.0932567477
  },
  "Delta_Uniform":{
    "0":-0.0380242962,
    "1":-0.0912889687,
    "2":-0.1162887526,
    "3":-0.0230601786,
    "4":-0.0454519602,
    "5":-0.1145043277,
    "6":-0.0314472822,
    "7":-0.0400572034,
    "8":-0.1572670196,
    "9":-0.0993012103,
    "10":-0.0200485694,
    "11":-0.0812552882,
    "12":-0.0806359829,
    "13":-0.0910412563,
    "14":-0.0697862248,
    "15":-0.0566904622,
    "16":-0.0621361818,
    "17":-0.0474035688,
    "18":-0.0244450054,
    "19":-0.0654068762,
    "20":-0.0712746848,
    "21":-0.0969029942,
    "22":-0.0976314597,
    "23":-0.0391387387,
    "24":-0.0343855331,
    "25":-0.021801011,
    "26":-0.0198428804,
    "27":-0.0665031193,
    "28":-0.0677528724,
    "29":-0.0889061489,
    "30":-0.0585202634,
    "31":-0.0637484652,
    "32":-0.0915381808,
    "33":-0.0500526812,
    "34":-0.1384310031,
    "35":-0.0828842888,
    "36":-0.0345600654,
    "37":-0.0309403526,
    "38":-0.0726784751,
    "39":-0.0356700092,
    "40":-0.0680325947,
    "41":-0.0464463048,
    "42":-0.0561928675,
    "43":-0.0560124894,
    "44":-0.0469335063,
    "45":-0.0281250793,