{
  "Astrahl":{
    "0":0.3305866734,
    "1":0.1855571925,
    "2":0.2336548765,
    "3":0.152727412,
    "4":0.2128942096,
    "5":0.2180259661,
    "6":0.1983650855,
    "7":0.2567718394,
    "8":0.2128092876,
    "9":0.3740168158,
    "10":0.2411517917,
    "11":0.151452942,
    "12":0.155425584,
    "13":0.1981264023,
    "14":0.200930966,
    "15":0.1550029582,
    "16":0.2417220091,
    "17":0.15462396,
    "18":0.2904016691,
    "19":0.2529623895,
    "20":0.15486302,
    "21":0.2331393655,
    "22":0.198047745,
    "23":0.149152881,
    "24":0.16972495,
    "25":0.190078388,
    "26":0.3614747546,
    "27":0.2006542649,
    "28":0.199715138,
    "29":0.2053678387,
    "30":0.2165183159,
    "31":0.2014266842,
    "32":0.2532261622,
    "33":0.2918089136,
    "34":0.3055229604,
    "35":0.2914008533,
    "36":0.2024769196,
    "37":0.2544974622,
    "38":0.1636737,
    "39":0.161820073,
    "40":0.15734192,
    "41":0.1754418431,
    "42":0.1856125047,
    "43":0.1587198758,
    "44":0.14792089,
    "45":0.202707935,
    "46":0.1840614138,
    "47":0.2089316243,
    "48":0.195999227,
    "49":0.2734538838
  },
  "Uniform":{
    "0":0.3520175356,
    "1":0.2276361333,
    "2":0.2935935623,
    "3":0.196626591,
    "4":0.2474101713,
    "5":0.2472364027,
    "6":0.2415202641,
    "7":0.3175130468,
    "8":0.2500335271,
    "9":0.4054715149,
    "10":0.2972983557,
    "11":0.188110934,
    "12":0.179979029,
    "13":0.2549846215,
    "14":0.255397114,
    "15":0.1972487664,
    "16":0.2976727573,
    "17":0.2019735,
    "18":0.3103220658,
    "19":0.2989661944,
    "20":0.1967012,
    "21":0.2789006396,
    "22":0.239669065,
    "23":0.189704935,
    "24":0.18551987,
    "25":0.240260976,
    "26":0.4256806511,
    "27":0.2342927028,
    "28":0.260737993,
    "29":0.239042854,
    "30":0.2458197973,
    "31":0.2537693434,
    "32":0.3104190009,
    "33":0.3320425856,
    "34":0.3907777539,
    "35":0.3522260694,
    "36":0.2480719269,
    "37":0.3162424153,
    "38":0.17703495,
    "39":0.198198657,
    "40":0.18665217,
    "41":0.2079494805,
    "42":0.2501200497,
    "43":0.2030655905,
    "44":0.19970018,
    "45":0.243090296,
    "46":0.1966980132,
    "47":0.2532029242,
    "48":0.242433901,
    "49":0.3045229289
  },
  "Prop":{
    "0":0.3737927153,
    "1":0.2158190479,
    "2":0.2921059479,
    "3":0.200171637,
    "4":0.2485097266,
    "5":0.2441005959,
    "6":0.2457703683,
    "7":0.3081578557,
    "8":0.2289592512,
    "9":0.4282339619,
    "10":0.2734765327,
    "11":0.191756492,
    "12":0.185143678,
    "13":0.2378294893,
    "14":0.235119196,
    "15":0.1875516931,
    "16":0.2923662834,
    "17":0.18232154,
    "18":0.3062315206,
    "19":0.301475166,
    "20":0.17889175,
    "21":0.2839657517,
    "22":0.248146876,
    "23":0.197928134,
    "24":0.18989782,
    "25":0.236979477,
    "26":0.4194791924,
    "27":0.2281711668,
    "28":0.245932057,
    "29":0.2423285284,
    "30":0.2381097517,
    "31":0.2439126424,
    "32":0.2923423278,
    "33":0.3324688539,
    "34":0.3800123541,
    "35":0.3316780118,
    "36":0.2325663037,
    "37":0.2936692727,
    "38":0.18313719,
    "39":0.187978787,
    "40":0.19715932,
    "41":0.1967280583,
    "42":0.2341452982,
    "43":0.1887664473,
    "44":0.18030095,
    "45":0.234562024,
    "46":0.2110578346,
    "47":0.2544580752,
    "48":0.234665092,
    "49":0.2950560055
  },
  "Delta_Uniform":{
    "0":-0.0214308622,
    "1":-0.0420789408,
    "2":-0.0599386858,
    "3":-0.043899179,
    "4":-0.0345159617,
    "5":-0.0292104366,
    "6":-0.0431551786,
    "7":-0.0607412074,
    "8":-0.0372242395,
    "9":-0.0314546991,
    "10":-0.056146564,
    "11":-0.036657992,
    "12":-0.024553445,
    "13":-0.0568582192,
    "14":-0.054466148,
    "15":-0.0422458082,
    "16":-0.0559507482,
    "17":-0.04734954,
    "18":-0.0199203967,
    "19":-0.0460038049,
    "20":-0.04183818,
    "21":-0.0457612741,
    "22":-0.04162132,
    "23":-0.040552054,
    "24":-0.01579492,
    "25":-0.050182588,
    "26":-0.0642058965,
    "27":-0.0336384379,
    "28":-0.061022855,
    "29":-0.0336750153,
    "30":-0.0293014814,
    "31":-0.0523426592,
    "32":-0.0571928387,
    "33":-0.040233672,
    "34":-0.0852547934,
    "35":-0.0608252161,
    "36":-0.0455950073,
    "37":-0.0617449531,
    "38":-0.01336125,
    "39":-0.036378584,
    "40":-0.02931025,
    "41":-0.0325076374,
    "42":-0.064507545,
    "43":-0.0443457147,
    "44":-0.05177929,
    "45":-0.040382361,
    "46":-0.0126365994,
    "47":-0.0442712999,
    "48":-0.046434674,
    "49":-0.0310690451
  },
  "Delta_Prop":{
    "0":-0.0432060419,
    "1":-0.0302618554,
    "2":-0.0584510714,
    "3":-0.047444225,
    "4":-0.0356155169,
    "5":-0.0260746298,
    "6":-0.0474052828,
    "7":-0.0513860163,
    "8":-0.0161499636,
    "9":-0.0542171461,
    "10":-0.032324741,
    "11":-0.04030355,
    "12":-0.029718094,
    "13":-0.039703087,
    "14":-0.03418823,
    "15":-0.0325487349,
    "16":-0.0506442743,
    "17":-0.02769758,
    "18":-0.0158298515,
    "19":-0.0485127764,
    "20":-0.02402873,
    "21":-0.0508263862,
    "22":-0.050099131,
    "23":-0.048775253,
    "24":-0.02017287,
    "25":-0.046901089,
    "26":-0.0580044379,
    "27":-0.0275169019,
    "28":-0.046216919,
    "29":-0.0369606897,
    "30":-0.0215914359,
    "31":-0.0424859582,
    "32":-0.0391161657,
    "33":-0.0406599403,
    "34":-0.0744893936,
    "35":-0.0402771584,
    "36":-0.0300893841,
    "37":-0.0391718105,
    "38":-0.01946349,
    "39":-0.026158714,
    "40":-0.0398174,
    "41":-0.0212862152,
    "42":-0.0485327935,
    "43":-0.0300465715,
    "44":-0.03238006,
    "45":-0.031854089,
    "46":-0.0269964208,
    "47":-0.0455264509,
    "48":-0.038665865,
    "49":-0.0216021217
  }
}