{
  "Astrahl":{
    "0":0.0013679055,
    "1":0.00066937,
    "2":0.000440646,
    "3":0.0032083419,
    "4":0.0013047566,
    "5":0.0007041524,
    "6":0.0009259021,
    "7":0.0007096033,
    "8":0.0001780524,
    "9":0.0009987949,
    "10":0.0025069966,
    "11":0.0078210758,
    "12":0.000980115,
    "13":0.001372161,
    "14":0.0018622417,
    "15":0.0027849524,
    "16":0.0018818208,
    "17":0.00072086,
    "18":0.0059458084,
    "19":0.0020490039,
    "20":0.0007096033,
    "21":0.0010683145,
    "22":0.000522728,
    "23":0.0030001833,
    "24":0.0020974693,
    "25":0.0006492674,
    "26":0.000807851,
    "27":0.0009668246,
    "28":0.0019716268,
    "29":0.0008384922,
    "30":0.000326705,
    "31":0.00066937,
    "32":0.0020410121,
    "33":0.0014353096,
    "34":0.0041748058,
    "35":0.0016439142,
    "36":0.0011639011,
    "37":0.0032638397,
    "38":0.0023859024,
    "39":0.0018438913,
    "40":0.0014427037,
    "41":0.0006231835,
    "42":0.0016899659,
    "43":0.0009792883,
    "44":0.000778069,
    "45":0.0012558959,
    "46":0.0042792088,
    "47":0.0021124573,
    "48":0.001110797,
    "49":0.000563322
  },
  "Uniform":{
    "0":0.0059393959,
    "1":0.00190629,
    "2":0.002045414,
    "3":0.0095396631,
    "4":0.0051392351,
    "5":0.004344301,
    "6":0.0047931039,
    "7":0.0036239244,
    "8":0.0025813855,
    "9":0.0034197094,
    "10":0.0111555508,
    "11":0.0299752877,
    "12":0.0045459513,
    "13":0.004883706,
    "14":0.0077355389,
    "15":0.0092184508,
    "16":0.0058886947,
    "17":0.003532726,
    "18":0.0214596985,
    "19":0.0058426372,
    "20":0.003608244,
    "21":0.0029877037,
    "22":0.001540064,
    "23":0.0084880319,
    "24":0.0060750572,
    "25":0.0034483133,
    "26":0.002229784,
    "27":0.0053831815,
    "28":0.0086897062,
    "29":0.006017418,
    "30":0.002022955,
    "31":0.00146875,
    "32":0.0057136157,
    "33":0.0055365835,
    "34":0.0150520932,
    "35":0.0071242292,
    "36":0.0035319205,
    "37":0.0120124978,
    "38":0.0072083968,
    "39":0.0075070099,
    "40":0.0035187377,
    "41":0.0028548274,
    "42":0.0051561623,
    "43":0.0029401062,
    "44":0.0054770947,
    "45":0.0069336768,
    "46":0.0151349147,
    "47":0.0089270338,
    "48":0.0039633038,
    "49":0.0046086565
  },
  "Prop":{
    "0":0.0062466818,
    "1":0.0016392,
    "2":0.002184885,
    "3":0.0081900658,
    "4":0.0061533247,
    "5":0.0049830316,
    "6":0.0049705106,
    "7":0.0040660972,
    "8":0.0030682766,
    "9":0.003706014,
    "10":0.0115297172,
    "11":0.0302647437,
    "12":0.0039942526,
    "13":0.0059495741,
    "14":0.0074277554,
    "15":0.0095857768,
    "16":0.0060475117,
    "17":0.002575401,
    "18":0.0215058892,
    "19":0.0060775702,
    "20":0.0041472675,
    "21":0.0035060422,
    "22":0.002516867,
    "23":0.0085903888,
    "24":0.0076315829,
    "25":0.0034915998,
    "26":0.002309006,
    "27":0.0055853558,
    "28":0.0083635743,
    "29":0.0056631918,
    "30":0.001735201,
    "31":0.00180401,
    "32":0.005151966,
    "33":0.006185679,
    "34":0.0184584498,
    "35":0.0077876459,
    "36":0.0037755252,
    "37":0.0133253694,
    "38":0.0085969191,
    "39":0.0085967564,
    "40":0.0039054316,
    "41":0.0032652231,
    "42":0.0037031175,
    "43":0.0030839978,
    "44":0.0042477627,
    "45":0.0063191155,
    "46":0.0156383803,
    "47":0.0095837769,
    "48":0.0037354486,
    "49":0.0045280179
  },
  "Delta_Uniform":{
    "0":-0.0045714904,
    "1":-0.00123692,
    "2":-0.001604768,
    "3":-0.0063313212,
    "4":-0.0038344785,
    "5":-0.0036401485,
    "6":-0.0038672018,
    "7":-0.0029143211,
    "8":-0.0024033331,
    "9":-0.0024209145,
    "10":-0.0086485542,
    "11":-0.0221542119,
    "12":-0.0035658363,
    "13":-0.003511545,
    "14":-0.0058732972,
    "15":-0.0064334983,
    "16":-0.0040068739,
    "17":-0.002811866,
    "18":-0.0155138901,
    "19":-0.0037936333,
    "20":-0.0028986408,
    "21":-0.0019193892,
    "22":-0.001017336,
    "23":-0.0054878486,
    "24":-0.0039775879,
    "25":-0.0027990459,
    "26":-0.001421933,
    "27":-0.0044163569,
    "28":-0.0067180794,
    "29":-0.0051789258,
    "30":-0.00169625,
    "31":-0.00079938,
    "32":-0.0036726036,
    "33":-0.0041012739,
    "34":-0.0108772874,
    "35":-0.005480315,
    "36":-0.0023680195,
    "37":-0.0087486581,
    "38":-0.0048224943,
    "39":-0.0056631185,
    "40":-0.002076034,
    "41":-0.0022316439,
    "42":-0.0034661964,
    "43":-0.0019608178,
    "44":-0.0046990257,
    "45":-0.005677781,
    "46":-0.0108557059,
    "47":-0.0068145764,
    "48":-0.0028525068,
    "49":-0.0040453345
  },
  "Delta_Prop":{
    "0":-0.0048787763,
    "1":-0.00096983,
    "2":-0.001744239,
    "3":-0.0049817239,
    "4":-0.0048485681,
    "5":-0.0042788792,
    "6":-0.0040446085,
    "7":-0.003356494,
    "8":-0.0028902242,
    "9":-0.0027072191,
    "10":-0.0090227205,
    "11":-0.0224436679,
    "12":-0.0030141376,
    "13":-0.0045774131,
    "14":-0.0055655137,
    "15":-0.0068008243,
    "16":-0.0041656909,
    "17":-0.001854541,
    "18":-0.0155600808,
    "19":-0.0040285663,
    "20":-0.0034376642,
    "21":-0.0024377277,
    "22":-0.001994139,
    "23":-0.0055902055,
    "24":-0.0055341136,
    "25":-0.0028423324,
    "26":-0.001501155,
    "27":-0.0046185312,
    "28":-0.0063919474,
    "29":-0.0048246996,
    "30":-0.001408496,
    "31":-0.00113464,
    "32":-0.0031109539,
    "33":-0.0047503694,
    "34":-0.0142836441,
    "35":-0.0061437317,
    "36":-0.0026116241,
    "37":-0.0100615297,
    "38":-0.0062110167,
    "39":-0.0067528651,
    "40":-0.0024627279,
    "41":-0.0026420396,
    "42":-0.0020131517,
    "43":-0.0021047095,
    "44":-0.0034696937,
    "45":-0.0050632197,
    "46":-0.0113591715,
    "47":-0.0074713196,
    "48":-0.0026246516,
    "49":-0.003964696
  }
}