{
  "Astrahl":{
    "0":0.2420851034,
    "1":0.3475050019,
    "2":0.180412165,
    "3":0.174786435,
    "4":0.2036762334,
    "5":0.2486086255,
    "6":0.3513909333,
    "7":0.158311719,
    "8":0.20964672,
    "9":0.196652449,
    "10":0.2042375881,
    "11":0.3379798524,
    "12":0.174201516,
    "13":0.2320943752,
    "14":0.2963926882,
    "15":0.2515805098,
    "16":0.5068325708,
    "17":0.17931906,
    "18":0.3864842112,
    "19":0.1954733395,
    "20":0.198127619,
    "21":0.1854245457,
    "22":0.2468614113,
    "23":0.162062929,
    "24":0.238924746,
    "25":0.15736203,
    "26":0.2888336126,
    "27":0.2377893124,
    "28":0.4328540324,
    "29":0.202663585,
    "30":0.210056678,
    "31":0.3352282315,
    "32":0.203183569,
    "33":0.2034992422,
    "34":0.2182550392,
    "35":0.2698376671,
    "36":0.153968489,
    "37":0.2412064009,
    "38":0.177869539,
    "39":0.17279845,
    "40":0.2626476256,
    "41":0.2295941211,
    "42":0.2400031863,
    "43":0.4232011461,
    "44":0.2791503476,
    "45":0.3011709781,
    "46":0.205339159,
    "47":0.2177920128,
    "48":0.2795947453,
    "49":0.3081051667
  },
  "Uniform":{
    "0":0.2801587394,
    "1":0.4069596625,
    "2":0.200211786,
    "3":0.205092468,
    "4":0.2373587352,
    "5":0.282891962,
    "6":0.3749837475,
    "7":0.208635398,
    "8":0.259861239,
    "9":0.246970918,
    "10":0.2101673981,
    "11":0.3653131987,
    "12":0.205161288,
    "13":0.241496468,
    "14":0.3046060864,
    "15":0.2589739549,
    "16":0.529412487,
    "17":0.235888018,
    "18":0.3969848192,
    "19":0.2009434831,
    "20":0.23825494,
    "21":0.216965897,
    "22":0.2497785171,
    "23":0.19760886,
    "24":0.2896382331,
    "25":0.19911812,
    "26":0.298877364,
    "27":0.2892426813,
    "28":0.4585549071,
    "29":0.230709769,
    "30":0.249979878,
    "31":0.3790958793,
    "32":0.255623768,
    "33":0.2489149601,
    "34":0.240034139,
    "35":0.322535422,
    "36":0.194469288,
    "37":0.269413246,
    "38":0.213332479,
    "39":0.19607545,
    "40":0.2943204653,
    "41":0.2844828683,
    "42":0.2840976641,
    "43":0.4521559642,
    "44":0.3197551034,
    "45":0.3495848806,
    "46":0.24824268,
    "47":0.2171514098,
    "48":0.3273116851,
    "49":0.3217172581
  },
  "Prop":{
    "0":0.2907908472,
    "1":0.3995178626,
    "2":0.2093571271,
    "3":0.198468619,
    "4":0.2383924113,
    "5":0.2679922953,
    "6":0.3985930809,
    "7":0.192883399,
    "8":0.219634999,
    "9":0.242969428,
    "10":0.2023253496,
    "11":0.3719288999,
    "12":0.191509909,
    "13":0.2539635712,
    "14":0.3268547533,
    "15":0.2580142847,
    "16":0.5513212516,
    "17":0.22947011,
    "18":0.4100786861,
    "19":0.1981466244,
    "20":0.240240879,
    "21":0.2059331802,
    "22":0.2605740412,
    "23":0.202478589,
    "24":0.2898827803,
    "25":0.19276924,
    "26":0.3406236519,
    "27":0.2724302872,
    "28":0.4535452276,
    "29":0.2424576753,
    "30":0.23276537,
    "31":0.3924032793,
    "32":0.243375929,
    "33":0.2434506112,
    "34":0.241552916,
    "35":0.3086337473,
    "36":0.205059039,
    "37":0.25256596,
    "38":0.20225925,
    "39":0.19941992,
    "40":0.2959509934,
    "41":0.2624530292,
    "42":0.2770275223,
    "43":0.4759987695,
    "44":0.307763409,
    "45":0.3668417817,
    "46":0.225332638,
    "47":0.2234304212,
    "48":0.310226372,
    "49":0.3353525291
  },
  "Delta_Uniform":{
    "0":-0.038073636,
    "1":-0.0594546606,
    "2":-0.019799621,
    "3":-0.030306033,
    "4":-0.0336825018,
    "5":-0.0342833365,
    "6":-0.0235928142,
    "7":-0.050323679,
    "8":-0.050214519,
    "9":-0.050318469,
    "10":-0.00592981,
    "11":-0.0273333463,
    "12":-0.030959772,
    "13":-0.0094020928,
    "14":-0.0082133982,
    "15":-0.0073934451,
    "16":-0.0225799162,
    "17":-0.056568958,
    "18":-0.0105006079,
    "19":-0.0054701436,
    "20":-0.040127321,
    "21":-0.0315413513,
    "22":-0.0029171058,
    "23":-0.035545931,
    "24":-0.0507134871,
    "25":-0.04175609,
    "26":-0.0100437514,
    "27":-0.0514533689,
    "28":-0.0257008747,
    "29":-0.028046184,
    "30":-0.0399232,
    "31":-0.0438676477,
    "32":-0.052440199,
    "33":-0.0454157179,
    "34":-0.0217790998,
    "35":-0.0526977549,
    "36":-0.040500799,
    "37":-0.0282068451,
    "38":-0.03546294,
    "39":-0.023277,
    "40":-0.0316728397,
    "41":-0.0548887472,
    "42":-0.0440944778,
    "43":-0.0289548181,
    "44":-0.0406047558,
    "45":-0.0484139025,
    "46":-0.042903521,
    "47":0.000640603,
    "48":-0.0477169398,
    "49":-0.0136120914
  },
  "Delta_Prop":{
    "0":-0.0487057438,
    "1":-0.0520128607,
    "2":-0.0289449621,
    "3":-0.023682184,
    "4":-0.0347161779,
    "5":-0.0193836698,
    "6":-0.0472021476,
    "7":-0.03457168,
    "8":-0.009988279,
    "9":-0.046316979,
    "10":0.0019122385,
    "11":-0.0339490475,
    "12":-0.017308393,
    "13":-0.021869196,
    "14":-0.0304620651,
    "15":-0.006433775,
    "16":-0.0444886808,
    "17":-0.05015105,
    "18":-0.0235944749,
    "19":-0.0026732849,
    "20":-0.04211326,
    "21":-0.0205086345,
    "22":-0.0137126299,
    "23":-0.04041566,
    "24":-0.0509580343,
    "25":-0.03540721,
    "26":-0.0517900393,
    "27":-0.0346409748,
    "28":-0.0206911952,
    "29":-0.0397940903,
    "30":-0.022708692,
    "31":-0.0571750478,
    "32":-0.04019236,
    "33":-0.039951369,
    "34":-0.0232978768,
    "35":-0.0387960802,
    "36":-0.05109055,
    "37":-0.0113595591,
    "38":-0.024389711,
    "39":-0.02662147,
    "40":-0.0333033678,
    "41":-0.0328589081,
    "42":-0.037024336,
    "43":-0.0527976234,
    "44":-0.0286130614,
    "45":-0.0656708036,
    "46":-0.019993479,
    "47":-0.0056384084,
    "48":-0.0306316267,
    "49":-0.0272473624
  }
}