{
  "Astrahl":{
    "0":0.0013317265,
    "1":0.00046569,
    "2":0.00025745,
    "3":0.000514087,
    "4":0.000921671,
    "5":0.000522728,
    "6":0.000718751,
    "7":0.0010977288,
    "8":0.00041192,
    "9":0.00025745,
    "10":0.00030894,
    "11":0.00087533,
    "12":0.001282101,
    "13":0.0013778179,
    "14":0.00081947,
    "15":0.0008294524,
    "16":0.000865032,
    "17":0.0010134858,
    "18":0.0008303,
    "19":0.0019956114,
    "20":0.0003971,
    "21":0.000870181,
    "22":0.000778069,
    "23":0.0006224552,
    "24":0.0012251359,
    "25":0.00056639,
    "26":0.0010158462,
    "27":0.0011042629,
    "28":0.00030894,
    "29":0.0017627609,
    "30":0.00074366,
    "31":0.000921671,
    "32":0.0010815159,
    "33":0.000367205,
    "34":0.002785487,
    "35":0.0012218767,
    "36":0.000361,
    "37":0.000514087,
    "38":0.0014897748,
    "39":0.0004332,
    "40":0.00120224,
    "41":0.000588069,
    "42":0.0006523783,
    "43":0.00056639,
    "44":0.0012674744,
    "45":0.0006523783,
    "46":0.0006523783,
    "47":0.0002527,
    "48":0.001024651,
    "49":0.0007775579
  },
  "Uniform":{
    "0":0.001569455,
    "1":0.00051309,
    "2":0.0005617,
    "3":0.00098697,
    "4":0.00070007,
    "5":0.00049838,
    "6":0.00084606,
    "7":0.001038712,
    "8":0.00053009,
    "9":0.0003803,
    "10":0.00050499,
    "11":0.0009531079,
    "12":0.0011363879,
    "13":0.001521804,
    "14":0.000745101,
    "15":0.001310451,
    "16":0.00079858,
    "17":0.001202151,
    "18":0.000534631,
    "19":0.0026723297,
    "20":0.0004164,
    "21":0.00094126,
    "22":0.001212873,
    "23":0.00065397,
    "24":0.0013059986,
    "25":0.00081554,
    "26":0.0015361099,
    "27":0.000853791,
    "28":0.00046089,
    "29":0.0023842861,
    "30":0.00044889,
    "31":0.00052489,
    "32":0.0012987799,
    "33":0.000500331,
    "34":0.0033000686,
    "35":0.0012835558,
    "36":0.00054009,
    "37":0.00073986,
    "38":0.0014040089,
    "39":0.0005604,
    "40":0.001316943,
    "41":0.000724511,
    "42":0.001068822,
    "43":0.00048187,
    "44":0.0011854488,
    "45":0.00073888,
    "46":0.0010458799,
    "47":0.00037289,
    "48":0.0013083399,
    "49":0.000745511
  },
  "Prop":{
    "0":0.001496423,
    "1":0.000440031,
    "2":0.0003922,
    "3":0.001260512,
    "4":0.00080057,
    "5":0.0004657,
    "6":0.00094365,
    "7":0.001515033,
    "8":0.0005385,
    "9":0.0005717,
    "10":0.000507311,
    "11":0.0012415779,
    "12":0.001049012,
    "13":0.0020718798,
    "14":0.000742821,
    "15":0.001022091,
    "16":0.00062129,
    "17":0.00100777,
    "18":0.00075773,
    "19":0.0033739774,
    "20":0.0003535,
    "21":0.000846711,
    "22":0.000684062,
    "23":0.00097131,
    "24":0.0013637288,
    "25":0.000794221,
    "26":0.001315461,
    "27":0.000510431,
    "28":0.00052779,
    "29":0.0024301937,
    "30":0.00077149,
    "31":0.00073147,
    "32":0.001436182,
    "33":0.000684631,
    "34":0.0034816601,
    "35":0.001688624,
    "36":0.0003574,
    "37":0.0007546279,
    "38":0.0015736008,
    "39":0.0004401,
    "40":0.001170342,
    "41":0.0004867,
    "42":0.00068237,
    "43":0.00049979,
    "44":0.001366323,
    "45":0.001028332,
    "46":0.0010452379,
    "47":0.0002492,
    "48":0.0011621579,
    "49":0.00071978
  },
  "Delta_Uniform":{
    "0":-0.0002377285,
    "1":-0.0000474,
    "2":-0.00030425,
    "3":-0.000472883,
    "4":0.000221601,
    "5":0.000024348,
    "6":-0.000127309,
    "7":0.0000590168,
    "8":-0.00011817,
    "9":-0.00012285,
    "10":-0.00019605,
    "11":-0.0000777779,
    "12":0.0001457131,
    "13":-0.0001439861,
    "14":0.000074369,
    "15":-0.0004809986,
    "16":0.000066452,
    "17":-0.0001886652,
    "18":0.000295669,
    "19":-0.0006767183,
    "20":-0.0000193,
    "21":-0.000071079,
    "22":-0.000434804,
    "23":-0.0000315148,
    "24":-0.0000808628,
    "25":-0.00024915,
    "26":-0.0005202637,
    "27":0.0002504719,
    "28":-0.00015195,
    "29":-0.0006215252,
    "30":0.00029477,
    "31":0.000396781,
    "32":-0.000217264,
    "33":-0.000133126,
    "34":-0.0005145816,
    "35":-0.0000616791,
    "36":-0.00017909,
    "37":-0.000225773,
    "38":0.0000857659,
    "39":-0.0001272,
    "40":-0.000114703,
    "41":-0.000136442,
    "42":-0.0004164437,
    "43":0.00008452,
    "44":0.0000820256,
    "45":-0.0000865017,
    "46":-0.0003935016,
    "47":-0.00012019,
    "48":-0.0002836889,
    "49":0.0000320469
  },
  "Delta_Prop":{
    "0":-0.0001646965,
    "1":0.000025659,
    "2":-0.00013475,
    "3":-0.000746425,
    "4":0.000121101,
    "5":0.000057028,
    "6":-0.000224899,
    "7":-0.0004173042,
    "8":-0.00012658,
    "9":-0.00031425,
    "10":-0.000198371,
    "11":-0.0003662479,
    "12":0.000233089,
    "13":-0.0006940619,
    "14":0.000076649,
    "15":-0.0001926386,
    "16":0.000243742,
    "17":0.0000057158,
    "18":0.00007257,
    "19":-0.001378366,
    "20":0.0000436,
    "21":0.00002347,
    "22":0.000094007,
    "23":-0.0003488548,
    "24":-0.000138593,
    "25":-0.000227831,
    "26":-0.0002996148,
    "27":0.0005938319,
    "28":-0.00021885,
    "29":-0.0006674328,
    "30":-0.00002783,
    "31":0.000190201,
    "32":-0.0003546661,
    "33":-0.000317426,
    "34":-0.0006961731,
    "35":-0.0004667473,
    "36":0.0000036,
    "37":-0.0002405409,
    "38":-0.000083826,
    "39":-0.0000069,
    "40":0.000031898,
    "41":0.000101369,
    "42":-0.0000299917,
    "43":0.0000666,
    "44":-0.0000988486,
    "45":-0.0003759537,
    "46":-0.0003928596,
    "47":0.0000035,
    "48":-0.0001375069,
    "49":0.0000577779
  }
}