{
  "Astrahl":{
    "0":0.2141848909,
    "1":0.06439654,
    "2":0.06538555,
    "3":0.0705755845,
    "4":0.0727581133,
    "5":0.06008086,
    "6":0.1213624734,
    "7":0.06340753,
    "8":0.0795312199,
    "9":0.0718726617,
    "10":0.073882045,
    "11":0.0805569634,
    "12":0.1358170251,
    "13":0.112511039,
    "14":0.2118652865,
    "15":0.0890624494,
    "16":0.0836017689,
    "17":0.0589495006,
    "18":0.1012487609,
    "19":0.0644115917,
    "20":0.0712369519,
    "21":0.0842477689,
    "22":0.1434928545,
    "23":0.0658544833,
    "24":0.068203783,
    "25":0.07116814,
    "26":0.0888241934,
    "27":0.1235579853,
    "28":0.1393729799,
    "29":0.06241852,
    "30":0.1040585868,
    "31":0.069191902,
    "32":0.068203783,
    "33":0.1642918547,
    "34":0.081722197,
    "35":0.0811889254,
    "36":0.1225889893,
    "37":0.05846248,
    "38":0.1281899723,
    "39":0.0849094457,
    "40":0.0826231851,
    "41":0.05737357,
    "42":0.1563898446,
    "43":0.0665270466,
    "44":0.1894589254,
    "45":0.1192201353,
    "46":0.0859821867,
    "47":0.063263188,
    "48":0.0863113322,
    "49":0.1237070579
  },
  "Uniform":{
    "0":0.317053781,
    "1":0.09896194,
    "2":0.09655936,
    "3":0.1075002366,
    "4":0.1071729496,
    "5":0.104908924,
    "6":0.1892515317,
    "7":0.10003672,
    "8":0.1080775414,
    "9":0.1045773642,
    "10":0.101637298,
    "11":0.1129959694,
    "12":0.1575979884,
    "13":0.1822106674,
    "14":0.3261809011,
    "15":0.1154327598,
    "16":0.1168612354,
    "17":0.1050139612,
    "18":0.1269374111,
    "19":0.1089233015,
    "20":0.1040334514,
    "21":0.1204893946,
    "22":0.194408772,
    "23":0.1008126433,
    "24":0.09785611,
    "25":0.096511285,
    "26":0.1183983236,
    "27":0.1867010469,
    "28":0.199973691,
    "29":0.10079648,
    "30":0.1276426241,
    "31":0.102370446,
    "32":0.092980864,
    "33":0.2605427071,
    "34":0.109487935,
    "35":0.1053143531,
    "36":0.1895613031,
    "37":0.1007082,
    "38":0.1834287706,
    "39":0.1068989393,
    "40":0.11396821,
    "41":0.09443736,
    "42":0.2660035215,
    "43":0.1073344769,
    "44":0.2708470709,
    "45":0.1796881984,
    "46":0.122480196,
    "47":0.098215326,
    "48":0.1160140401,
    "49":0.1947278819
  },
  "Prop":{
    "0":0.3160573464,
    "1":0.10162945,
    "2":0.09996309,
    "3":0.1043248281,
    "4":0.1042517431,
    "5":0.105512607,
    "6":0.19274293,
    "7":0.09615825,
    "8":0.1100892106,
    "9":0.1082115409,
    "10":0.104754265,
    "11":0.1104316516,
    "12":0.1520741362,
    "13":0.1880175226,
    "14":0.3269053014,
    "15":0.1119591955,
    "16":0.1149416902,
    "17":0.099636589,
    "18":0.132358324,
    "19":0.1044628774,
    "20":0.0975698112,
    "21":0.1165409288,
    "22":0.1930243509,
    "23":0.1001731465,
    "24":0.092343025,
    "25":0.098271244,
    "26":0.108496408,
    "27":0.1851381601,
    "28":0.1921535885,
    "29":0.0949328,
    "30":0.1291154926,
    "31":0.096889447,
    "32":0.099173782,
    "33":0.2560226091,
    "34":0.104487247,
    "35":0.1039735252,
    "36":0.17517448,
    "37":0.09860436,
    "38":0.1898106331,
    "39":0.106409131,
    "40":0.1149291973,
    "41":0.09748135,
    "42":0.2546928888,
    "43":0.1040861238,
    "44":0.2667224952,
    "45":0.1791397581,
    "46":0.1181219824,
    "47":0.096901137,
    "48":0.110536834,
    "49":0.1972597955
  },
  "Delta_Uniform":{
    "0":-0.1028688901,
    "1":-0.0345654,
    "2":-0.03117381,
    "3":-0.0369246521,
    "4":-0.0344148363,
    "5":-0.044828064,
    "6":-0.0678890583,
    "7":-0.03662919,
    "8":-0.0285463215,
    "9":-0.0327047025,
    "10":-0.027755253,
    "11":-0.032439006,
    "12":-0.0217809633,
    "13":-0.0696996284,
    "14":-0.1143156146,
    "15":-0.0263703104,
    "16":-0.0332594665,
    "17":-0.0460644606,
    "18":-0.0256886502,
    "19":-0.0445117099,
    "20":-0.0327964995,
    "21":-0.0362416257,
    "22":-0.0509159175,
    "23":-0.03495816,
    "24":-0.029652327,
    "25":-0.025343145,
    "26":-0.0295741302,
    "27":-0.0631430616,
    "28":-0.060600711,
    "29":-0.03837796,
    "30":-0.0235840373,
    "31":-0.033178544,
    "32":-0.024777081,
    "33":-0.0962508524,
    "34":-0.027765738,
    "35":-0.0241254277,
    "36":-0.0669723138,
    "37":-0.04224572,
    "38":-0.0552387983,
    "39":-0.0219894936,
    "40":-0.0313450249,
    "41":-0.03706379,
    "42":-0.1096136769,
    "43":-0.0408074304,
    "44":-0.0813881455,
    "45":-0.0604680631,
    "46":-0.0364980093,
    "47":-0.034952138,
    "48":-0.0297027079,
    "49":-0.071020824
  },
  "Delta_Prop":{
    "0":-0.1018724555,
    "1":-0.03723291,
    "2":-0.03457754,
    "3":-0.0337492436,
    "4":-0.0314936298,
    "5":-0.045431747,
    "6":-0.0713804566,
    "7":-0.03275072,
    "8":-0.0305579907,
    "9":-0.0363388792,
    "10":-0.03087222,
    "11":-0.0298746882,
    "12":-0.0162571111,
    "13":-0.0755064836,
    "14":-0.1150400148,
    "15":-0.0228967461,
    "16":-0.0313399213,
    "17":-0.0406870884,
    "18":-0.0311095631,
    "19":-0.0400512857,
    "20":-0.0263328593,
    "21":-0.0322931599,
    "22":-0.0495314964,
    "23":-0.0343186632,
    "24":-0.024139242,
    "25":-0.027103104,
    "26":-0.0196722146,
    "27":-0.0615801748,
    "28":-0.0527806085,
    "29":-0.03251428,
    "30":-0.0250569058,
    "31":-0.027697545,
    "32":-0.030969999,
    "33":-0.0917307545,
    "34":-0.02276505,
    "35":-0.0227845998,
    "36":-0.0525854907,
    "37":-0.04014188,
    "38":-0.0616206608,
    "39":-0.0214996854,
    "40":-0.0323060122,
    "41":-0.04010778,
    "42":-0.0983030442,
    "43":-0.0375590773,
    "44":-0.0772635697,
    "45":-0.0599196228,
    "46":-0.0321397957,
    "47":-0.033637949,
    "48":-0.0242255018,
    "49":-0.0735527376
  }
}