{
  "Astrahl":{
    "0":0.0021684193,
    "1":0.0010175407,
    "2":0.002342365,
    "3":0.0006936726,
    "4":0.0000809431,
    "5":0.0017878693,
    "6":0.0034116835,
    "7":0.0001937595,
    "8":0.002791369,
    "9":0.0049800127,
    "10":0.0002004859,
    "11":0.0012059237,
    "12":0.0068364905,
    "13":0.0002787087,
    "14":0.0012706394,
    "15":0.0006211539,
    "16":0.0004014083,
    "17":0.0012416725,
    "18":0.0001260437,
    "19":0.0005589005,
    "20":0.0003339482,
    "21":0.0047917112,
    "22":0.0008298108,
    "23":0.0001031614,
    "24":0.0006328861,
    "25":0.0009333545,
    "26":0.0004433794,
    "27":0.0004022153,
    "28":0.0006165633,
    "29":0.0032944607,
    "30":0.0050318127,
    "31":0.0014131317,
    "32":0.0015957595,
    "33":0.0007876533,
    "34":0.0026803412,
    "35":0.0043830679,
    "36":0.0014199179,
    "37":0.0011799687,
    "38":0.00081721,
    "39":0.0002081926,
    "40":0.0038784265,
    "41":0.0007735553,
    "42":0.000734715,
    "43":0.0006670709,
    "44":0.0002656072,
    "45":0.0005442914,
    "46":0.0003478849,
    "47":0.0027714919,
    "48":0.0002859414,
    "49":0.0008726439,
    "50":0.0040760209,
    "51":0.0001519919,
    "52":0.0004111907,
    "53":0.0001891464,
    "54":0.0010940466,
    "55":0.0006711997,
    "56":0.0001891731,
    "57":0.0019341575,
    "58":0.0003849096,
    "59":0.0016549377,
    "60":0.0043049249,
    "61":0.0006186972,
    "62":0.0053042211,
    "63":0.0003511095,
    "64":0.0010354227,
    "65":0.0012647578,
    "66":0.0003210038,
    "67":0.0013350704,
    "68":0.0004813139,
    "69":0.0018421695,
    "70":0.0046774233,
    "71":0.0015102994,
    "72":0.0000871321,
    "73":0.0032956034,
    "74":0.0005808818,
    "75":0.0007486048,
    "76":0.0017466234,
    "77":0.000454503,
    "78":0.0016188419,
    "79":0.000330176,
    "80":0.0022678791,
    "81":0.0034415149,
    "82":0.0050036285,
    "83":0.0031164241,
    "84":0.0006111394,
    "85":0.0025471488,
    "86":0.0003846341,
    "87":0.0017956664,
    "88":0.0005361008,
    "89":0.0004572813,
    "90":0.0040411876,
    "91":0.0001791134,
    "92":0.0004707124,
    "93":0.0036138884,
    "94":0.0014538261,
    "95":0.0010328426,
    "96":0.0014299239,
    "97":0.0025923135,
    "98":0.0036036719,
    "99":0.0009514206
  },
  "Uniform":{
    "0":0.0021762607,
    "1":0.0010211551,
    "2":0.0023505153,
    "3":0.0006959905,
    "4":0.0000812213,
    "5":0.0017943062,
    "6":0.0034238118,
    "7":0.0001944232,
    "8":0.0028009969,
    "9":0.0049967218,
    "10":0.0002011868,
    "11":0.001210097,
    "12":0.0068607501,
    "13":0.0002796504,
    "14":0.0012748002,
    "15":0.000623302,
    "16":0.0004027958,
    "17":0.0012461129,
    "18":0.0001264661,
    "19":0.0005608273,
    "20":0.0003350788,
    "21":0.0048091602,
    "22":0.0008325257,
    "23":0.0001035119,
    "24":0.0006350953,
    "25":0.0009348511,
    "26":0.0004426221,
    "27":0.0004035732,
    "28":0.0006186929,
    "29":0.0033059211,
    "30":0.0050498212,
    "31":0.0014178525,
    "32":0.0016013096,
    "33":0.0007902127,
    "34":0.0026896206,
    "35":0.0043986246,
    "36":0.0014249447,
    "37":0.0011840461,
    "38":0.0008200003,
    "39":0.000208861,
    "40":0.0038922276,
    "41":0.000776288,
    "42":0.0007371216,
    "43":0.0006693031,
    "44":0.0002665395,
    "45":0.000546211,
    "46":0.0003491075,
    "47":0.0027811094,
    "48":0.0002869227,
    "49":0.0008757984,
    "50":0.0040891124,
    "51":0.0001525073,
    "52":0.0004126415,
    "53":0.0001897832,
    "54":0.0010978505,
    "55":0.0006734665,
    "56":0.0001897728,
    "57":0.0019410606,
    "58":0.0003861338,
    "59":0.0016606072,
    "60":0.0043197196,
    "61":0.0006208748,
    "62":0.0053227561,
    "63":0.0003523416,
    "64":0.001038669,
    "65":0.0012691972,
    "66":0.0003220826,
    "67":0.0013398155,
    "68":0.0004829667,
    "69":0.0018487777,
    "70":0.0046935304,
    "71":0.0015157734,
    "72":0.0000874209,
    "73":0.003307427,
    "74":0.0005829695,
    "75":0.0007509652,
    "76":0.0017521968,
    "77":0.0004559383,
    "78":0.0016245968,
    "79":0.0003313161,
    "80":0.002275638,
    "81":0.0034540003,
    "82":0.0050214703,
    "83":0.0031273828,
    "84":0.0006105072,
    "85":0.0025551585,
    "86":0.0003859669,
    "87":0.0018018825,
    "88":0.0005379396,
    "89":0.0004588394,
    "90":0.0040552675,
    "91":0.0001796993,
    "92":0.0004723474,
    "93":0.0036265608,
    "94":0.0014587496,
    "95":0.0010364134,
    "96":0.0014349818,
    "97":0.0026013657,
    "98":0.0036157552,
    "99":0.0009548246
  },
  "Prop":{
    "0":0.0021766082,
    "1":0.0010212064,
    "2":0.0023462657,
    "3":0.0006957997,
    "4":0.0000811927,
    "5":0.0017949663,
    "6":0.0034214309,
    "7":0.0001944124,
    "8":0.0027966805,
    "9":0.0049966932,
    "10":0.0002011658,
    "11":0.0012091748,
    "12":0.0068536627,
    "13":0.0002793806,
    "14":0.0012730696,
    "15":0.0006226702,
    "16":0.0004028934,
    "17":0.001247228,
    "18":0.0001263662,
    "19":0.0005609237,
    "20":0.0003349134,
    "21":0.0048081681,
    "22":0.0008321862,
    "23":0.0001035196,
    "24":0.0006354258,
    "25":0.0009356758,
    "26":0.0004430218,
    "27":0.0004034589,
    "28":0.0006184828,
    "29":0.0033041445,
    "30":0.0050444611,
    "31":0.0014169012,
    "32":0.0015994554,
    "33":0.0007896744,
    "34":0.0026876627,
    "35":0.0043944421,
    "36":0.0014237727,
    "37":0.0011841236,
    "38":0.0008200159,
    "39":0.0002088875,
    "40":0.0038889457,
    "41":0.0007756664,
    "42":0.0007372805,
    "43":0.0006693068,
    "44":0.0002664462,
    "45":0.0005467034,
    "46":0.0003489493,
    "47":0.0027793074,
    "48":0.0002867974,
    "49":0.0008756873,
    "50":0.0040840615,
    "51":0.0001524778,
    "52":0.0004126047,
    "53":0.0001896759,
    "54":0.00109677,
    "55":0.0006736805,
    "56":0.0001897872,
    "57":0.0019407626,
    "58":0.0003861584,
    "59":0.001658769,
    "60":0.0043200868,
    "61":0.0006205549,
    "62":0.0053142848,
    "63":0.0003524845,
    "64":0.0010372167,
    "65":0.0012676689,
    "66":0.0003219339,
    "67":0.0013387182,
    "68":0.0004827454,
    "69":0.0018478564,
    "70":0.0046923493,
    "71":0.001515527,
    "72":0.0000873925,
    "73":0.0033041871,
    "74":0.0005829759,
    "75":0.00075036,
    "76":0.0017492119,
    "77":0.0004555069,
    "78":0.001625016,
    "79":0.0003314836,
    "80":0.0022749693,
    "81":0.0034557395,
    "82":0.0050162836,
    "83":0.0031228525,
    "84":0.0006109537,
    "85":0.0025578594,
    "86":0.0003857153,
    "87":0.0018001126,
    "88":0.0005375834,
    "89":0.0004584126,
    "90":0.0040517422,
    "91":0.0001796976,
    "92":0.0004725362,
    "93":0.0036208858,
    "94":0.0014592642,
    "95":0.0010350136,
    "96":0.0014341659,
    "97":0.0025979877,
    "98":0.0036146545,
    "99":0.0009544232
  },
  "Delta_Uniform":{
    "0":-0.0000078414,
    "1":-0.0000036143,
    "2":-0.0000081503,
    "3":-0.0000023179,
    "4":-0.0000002782,
    "5":-0.000006437,
    "6":-0.0000121282,
    "7":-0.0000006637,
    "8":-0.0000096279,
    "9":-0.0000167091,
    "10":-0.0000007009,
    "11":-0.0000041733,
    "12":-0.0000242597,
    "13":-0.0000009416,
    "14":-0.0000041608,
    "15":-0.0000021481,
    "16":-0.0000013874,
    "17":-0.0000044405,
    "18":-0.0000004224,
    "19":-0.0000019268,
    "20":-0.0000011307,
    "21":-0.000017449,
    "22":-0.0000027148,
    "23":-0.0000003505,
    "24":-0.0000022092,
    "25":-0.0000014967,
    "26":0.0000007573,
    "27":-0.0000013578,
    "28":-0.0000021296,
    "29":-0.0000114604,
    "30":-0.0000180085,
    "31":-0.0000047208,
    "32":-0.00000555,
    "33":-0.0000025594,
    "34":-0.0000092794,
    "35":-0.0000155567,
    "36":-0.0000050268,
    "37":-0.0000040774,
    "38":-0.0000027902,
    "39":-0.0000006684,
    "40":-0.0000138011,
    "41":-0.0000027327,
    "42":-0.0000024067,
    "43":-0.0000022322,
    "44":-0.0000009323,