{
  "Astrahl":{
    "0":0.0000244449,
    "1":0.0000065341,
    "2":0.0,
    "3":0.0,
    "4":0.000005149,
    "5":0.000010469,
    "6":0.0,
    "7":0.000005149,
    "8":0.0,
    "9":0.0,
    "10":0.0000130682,
    "11":0.0,
    "12":0.0,
    "13":0.0,
    "14":0.0,
    "15":0.0,
    "16":0.0,
    "17":0.0,
    "18":0.0,
    "19":0.000005149,
    "20":0.0000073441,
    "21":0.00000361,
    "22":0.000005149,
    "23":0.0000065341,
    "24":0.0,
    "25":0.0,
    "26":0.0,
    "27":0.0000093197,
    "28":0.0000040951,
    "29":0.0,
    "30":0.0,
    "31":0.0,
    "32":0.0,
    "33":0.0,
    "34":0.0,
    "35":0.0,
    "36":0.0000065341,
    "37":0.0,
    "38":0.0,
    "39":0.0,
    "40":0.0000093197,
    "41":0.0,
    "42":0.0000077807,
    "43":0.0,
    "44":0.0,
    "45":0.0,
    "46":0.0,
    "47":0.0,
    "48":0.0,
    "49":0.0
  },
  "Uniform":{
    "0":0.0001135488,
    "1":0.0000387647,
    "2":0.000002,
    "3":0.00002072,
    "4":0.00000661,
    "5":0.000010949,
    "6":0.000011949,
    "7":0.00000922,
    "8":0.000013849,
    "9":0.00001402,
    "10":0.0000726002,
    "11":0.0000048,
    "12":0.0000039,
    "13":0.00001141,
    "14":0.0000077,
    "15":0.000008149,
    "16":0.000013559,
    "17":0.0000019,
    "18":0.000019188,
    "19":0.0000822622,
    "20":0.0000637442,
    "21":0.0000124,
    "22":0.0000116,
    "23":0.000018459,
    "24":0.00002342,
    "25":0.00000851,
    "26":0.00001331,
    "27":0.00001592,
    "28":0.00001473,
    "29":0.0000077,
    "30":0.0000460669,
    "31":0.00000841,
    "32":0.0000048,
    "33":0.00001041,
    "34":0.0000144341,
    "35":0.0001595042,
    "36":0.000031999,
    "37":0.0000387041,
    "38":0.00001891,
    "39":0.0000115,
    "40":0.0000553703,
    "41":0.00001302,
    "42":0.0000143,
    "43":0.0000544652,
    "44":0.000005,
    "45":0.000035148,
    "46":0.000003,
    "47":0.0000626515,
    "48":0.00001502,
    "49":0.000015098
  },
  "Prop":{
    "0":0.0001232311,
    "1":0.0000414801,
    "2":0.00000751,
    "3":0.00002984,
    "4":0.00001122,
    "5":0.00002043,
    "6":0.00000861,
    "7":0.0000049,
    "8":0.00000741,
    "9":0.0000067,
    "10":0.00006381,
    "11":0.00001202,
    "12":0.00001212,
    "13":0.00000841,
    "14":0.000007339,
    "15":0.00001792,
    "16":0.000017269,
    "17":0.0000049,
    "18":0.00000561,
    "19":0.0000785381,
    "20":0.0000938971,
    "21":0.0000039,
    "22":0.0000289521,
    "23":0.00001493,
    "24":0.00002253,
    "25":0.0000039,
    "26":0.0000067,
    "27":0.00001241,
    "28":0.00001873,
    "29":0.000001,
    "30":0.0000325811,
    "31":0.0000058,
    "32":0.00000561,
    "33":0.00001502,
    "34":0.00001221,
    "35":0.0001550849,
    "36":0.000024969,
    "37":0.0000980775,
    "38":0.000020459,
    "39":0.000003,
    "40":0.00002595,
    "41":0.0000105,
    "42":0.000017369,
    "43":0.000042278,
    "44":0.0000078,
    "45":0.000027389,
    "46":0.00001231,
    "47":0.000029657,
    "48":0.00000931,
    "49":0.000020789
  },
  "Delta_Uniform":{
    "0":-0.0000891039,
    "1":-0.0000322306,
    "2":-0.000002,
    "3":-0.00002072,
    "4":-0.000001461,
    "5":-0.00000048,
    "6":-0.000011949,
    "7":-0.000004071,
    "8":-0.000013849,
    "9":-0.00001402,
    "10":-0.000059532,
    "11":-0.0000048,
    "12":-0.0000039,
    "13":-0.00001141,
    "14":-0.0000077,
    "15":-0.000008149,
    "16":-0.000013559,
    "17":-0.0000019,
    "18":-0.000019188,
    "19":-0.0000771132,
    "20":-0.0000564001,
    "21":-0.00000879,
    "22":-0.000006451,
    "23":-0.0000119249,
    "24":-0.00002342,
    "25":-0.00000851,
    "26":-0.00001331,
    "27":-0.0000066003,
    "28":-0.0000106349,
    "29":-0.0000077,
    "30":-0.0000460669,
    "31":-0.00000841,
    "32":-0.0000048,
    "33":-0.00001041,
    "34":-0.0000144341,
    "35":-0.0001595042,
    "36":-0.0000254649,
    "37":-0.0000387041,
    "38":-0.00001891,
    "39":-0.0000115,
    "40":-0.0000460506,
    "41":-0.00001302,
    "42":-0.0000065193,
    "43":-0.0000544652,
    "44":-0.000005,
    "45":-0.000035148,
    "46":-0.000003,
    "47":-0.0000626515,
    "48":-0.00001502,
    "49":-0.000015098
  },
  "Delta_Prop":{
    "0":-0.0000987862,
    "1":-0.000034946,
    "2":-0.00000751,
    "3":-0.00002984,
    "4":-0.000006071,
    "5":-0.000009961,
    "6":-0.00000861,
    "7":0.000000249,
    "8":-0.00000741,
    "9":-0.0000067,
    "10":-0.0000507418,
    "11":-0.00001202,
    "12":-0.00001212,
    "13":-0.00000841,
    "14":-0.000007339,
    "15":-0.00001792,
    "16":-0.000017269,
    "17":-0.0000049,
    "18":-0.00000561,
    "19":-0.0000733891,
    "20":-0.000086553,
    "21":-0.00000029,
    "22":-0.0000238031,
    "23":-0.0000083959,
    "24":-0.00002253,
    "25":-0.0000039,
    "26":-0.0000067,
    "27":-0.0000030903,
    "28":-0.0000146349,
    "29":-0.000001,
    "30":-0.0000325811,
    "31":-0.0000058,
    "32":-0.00000561,
    "33":-0.00001502,
    "34":-0.00001221,
    "35":-0.0001550849,
    "36":-0.0000184349,
    "37":-0.0000980775,
    "38":-0.000020459,
    "39":-0.000003,
    "40":-0.0000166303,
    "41":-0.0000105,
    "42":-0.0000095883,
    "43":-0.000042278,
    "44":-0.0000078,
    "45":-0.000027389,
    "46":-0.00001231,
    "47":-0.000029657,
    "48":-0.00000931,
    "49":-0.000020789
  }
}