{
  "Astrahl":{
    "0":0.1702063061,
    "1":0.1631261211,
    "2":0.1812186197,
    "3":0.1638010238,
    "4":0.275639314,
    "5":0.1576786331,
    "6":0.1676656059,
    "7":0.1377137019,
    "8":0.1828618305,
    "9":0.123235993,
    "10":0.2059169975,
    "11":0.2498284904,
    "12":0.2471153275,
    "13":0.2481560693,
    "14":0.122169187,
    "15":0.1581070438,
    "16":0.1887092327,
    "17":0.1511502087,
    "18":0.1436275153,
    "19":0.1805381272,
    "20":0.204792189,
    "21":0.1945130947,
    "22":0.2019760532,
    "23":0.11081799,
    "24":0.132231115,
    "25":0.237842288,
    "26":0.2414564615,
    "27":0.1986647083,
    "28":0.1865355733,
    "29":0.1367959717,
    "30":0.2375844274,
    "31":0.122930398,
    "32":0.1514083519,
    "33":0.1373496058,
    "34":0.1378234398,
    "35":0.1633835256,
    "36":0.2125972619,
    "37":0.128501272,
    "38":0.2233046647,
    "39":0.2372957566,
    "40":0.2130145233,
    "41":0.1822902514,
    "42":0.1849036101,
    "43":0.1386332999,
    "44":0.127604242,
    "45":0.1557343351,
    "46":0.3461763633,
    "47":0.303519213,
    "48":0.170582257,
    "49":0.11943937
  },
  "Uniform":{
    "0":0.1843021876,
    "1":0.1760158951,
    "2":0.1974967102,
    "3":0.1718163302,
    "4":0.3166029142,
    "5":0.1723730552,
    "6":0.1797014534,
    "7":0.1577844222,
    "8":0.1895603821,
    "9":0.143987302,
    "10":0.2511383125,
    "11":0.2958660231,
    "12":0.2946229453,
    "13":0.271609913,
    "14":0.13925476,
    "15":0.1616974903,
    "16":0.193698141,
    "17":0.1602207184,
    "18":0.1619209369,
    "19":0.1876689484,
    "20":0.2333078189,
    "21":0.2030303964,
    "22":0.2053220785,
    "23":0.12801844,
    "24":0.147594475,
    "25":0.2633834678,
    "26":0.2325694221,
    "27":0.2118256094,
    "28":0.2191095532,
    "29":0.1452922309,
    "30":0.2686109765,
    "31":0.134876592,
    "32":0.1523004535,
    "33":0.1459602163,
    "34":0.1585725717,
    "35":0.1760963419,
    "36":0.2172219543,
    "37":0.141454431,
    "38":0.2729844109,
    "39":0.2705508522,
    "40":0.2197449134,
    "41":0.1927294781,
    "42":0.1871648436,
    "43":0.1577838238,
    "44":0.149366665,
    "45":0.170843163,
    "46":0.3678497425,
    "47":0.3554685717,
    "48":0.209243566,
    "49":0.135659439
  },
  "Prop":{
    "0":0.1892463007,
    "1":0.1655139694,
    "2":0.1991985708,
    "3":0.1718316538,
    "4":0.3143797318,
    "5":0.1712199307,
    "6":0.1785332164,
    "7":0.1586813151,
    "8":0.1878090332,
    "9":0.142312141,
    "10":0.2500796048,
    "11":0.2900313701,
    "12":0.2831900739,
    "13":0.2722435654,
    "14":0.143032861,
    "15":0.1637017381,
    "16":0.1969384419,
    "17":0.1596990363,
    "18":0.1630039312,
    "19":0.1880208935,
    "20":0.2363970196,
    "21":0.2045482339,
    "22":0.2055637789,
    "23":0.12460267,
    "24":0.15251725,
    "25":0.2626545598,
    "26":0.2360602939,
    "27":0.2130959924,
    "28":0.2149388704,
    "29":0.1474581637,
    "30":0.2652075142,
    "31":0.138485458,
    "32":0.1588909861,
    "33":0.1494961768,
    "34":0.1540447997,
    "35":0.1692754882,
    "36":0.2145612693,
    "37":0.13842307,
    "38":0.272088964,
    "39":0.2687635543,
    "40":0.220773914,
    "41":0.1976105151,
    "42":0.1850092773,
    "43":0.1632592626,
    "44":0.146607157,
    "45":0.1741697253,
    "46":0.3552771378,
    "47":0.3580468151,
    "48":0.205483717,
    "49":0.141116149
  },
  "Delta_Uniform":{
    "0":-0.0140958815,
    "1":-0.0128897741,
    "2":-0.0162780905,
    "3":-0.0080153064,
    "4":-0.0409636001,
    "5":-0.0146944221,
    "6":-0.0120358475,
    "7":-0.0200707204,
    "8":-0.0066985515,
    "9":-0.020751309,
    "10":-0.045221315,
    "11":-0.0460375327,
    "12":-0.0475076178,
    "13":-0.0234538437,
    "14":-0.017085573,
    "15":-0.0035904465,
    "16":-0.0049889083,
    "17":-0.0090705097,
    "18":-0.0182934216,
    "19":-0.0071308212,
    "20":-0.0285156299,
    "21":-0.0085173017,
    "22":-0.0033460253,
    "23":-0.01720045,
    "24":-0.01536336,
    "25":-0.0255411798,
    "26":0.0088870394,
    "27":-0.0131609011,
    "28":-0.0325739799,
    "29":-0.0084962592,
    "30":-0.0310265492,
    "31":-0.011946194,
    "32":-0.0008921016,
    "33":-0.0086106105,
    "34":-0.0207491319,
    "35":-0.0127128163,
    "36":-0.0046246924,
    "37":-0.012953159,
    "38":-0.0496797462,
    "39":-0.0332550956,
    "40":-0.0067303901,
    "41":-0.0104392267,
    "42":-0.0022612335,
    "43":-0.0191505239,
    "44":-0.021762423,
    "45":-0.0151088279,
    "46":-0.0216733792,
    "47":-0.0519493587,
    "48":-0.038661309,
    "49":-0.016220069
  },
  "Delta_Prop":{
    "0":-0.0190399946,
    "1":-0.0023878483,
    "2":-0.0179799511,
    "3":-0.00803063,
    "4":-0.0387404178,
    "5":-0.0135412976,
    "6":-0.0108676104,
    "7":-0.0209676132,
    "8":-0.0049472026,
    "9":-0.019076148,
    "10":-0.0441626073,
    "11":-0.0402028797,
    "12":-0.0360747464,
    "13":-0.024087496,
    "14":-0.020863674,
    "15":-0.0055946943,
    "16":-0.0082292093,
    "17":-0.0085488277,
    "18":-0.0193764159,
    "19":-0.0074827664,
    "20":-0.0316048306,
    "21":-0.0100351392,
    "22":-0.0035877257,
    "23":-0.01378468,
    "24":-0.020286135,
    "25":-0.0248122719,
    "26":0.0053961675,
    "27":-0.0144312841,
    "28":-0.0284032971,
    "29":-0.010662192,
    "30":-0.0276230868,
    "31":-0.01555506,
    "32":-0.0074826342,
    "33":-0.012146571,
    "34":-0.0162213599,
    "35":-0.0058919627,
    "36":-0.0019640073,
    "37":-0.009921798,
    "38":-0.0487842993,
    "39":-0.0314677977,
    "40":-0.0077593907,
    "41":-0.0153202637,
    "42":-0.0001056673,
    "43":-0.0246259626,
    "44":-0.019002915,
    "45":-0.0184353902,
    "46":-0.0091007745,
    "47":-0.054527602,
    "48":-0.03490146,
    "49":-0.021676779
  }
}