{
  "Astrahl":{
    "0":0.0029297548,
    "1":0.0170324125,
    "2":0.008171553,
    "3":0.0090483542,
    "4":0.015049743,
    "5":0.0062152655,
    "6":0.0024419813,
    "7":0.003843902,
    "8":0.008656713,
    "9":0.007967855,
    "10":0.006519611,
    "11":0.0054825219,
    "12":0.008768647,
    "13":0.0036380891,
    "14":0.0066018035,
    "15":0.0120118214,
    "16":0.0071477751,
    "17":0.0040234662,
    "18":0.005817656,
    "19":0.0028229256,
    "20":0.0475220227,
    "21":0.008532428,
    "22":0.0077304634,
    "23":0.0097238467,
    "24":0.0029960734,
    "25":0.0133372323,
    "26":0.0160164912,
    "27":0.00743112,
    "28":0.0028905061,
    "29":0.0084199559,
    "30":0.0069899573,
    "31":0.0054723634,
    "32":0.0082333524,
    "33":0.0083822378,
    "34":0.007935319,
    "35":0.0123189579,
    "36":0.005554631,
    "37":0.0192258157,
    "38":0.0107801527,
    "39":0.006112771,
    "40":0.0215725289,
    "41":0.0032436571,
    "42":0.004788475,
    "43":0.0118000568,
    "44":0.0051362727,
    "45":0.0025773775,
    "46":0.00307317,
    "47":0.005171553,
    "48":0.0029897579,
    "49":0.0029646593
  },
  "Uniform":{
    "0":0.0072157328,
    "1":0.032826585,
    "2":0.018626583,
    "3":0.0249137809,
    "4":0.0339441074,
    "5":0.0137393954,
    "6":0.0070732257,
    "7":0.0117080697,
    "8":0.0213363673,
    "9":0.0197844435,
    "10":0.013300554,
    "11":0.0133712267,
    "12":0.0170665946,
    "13":0.0061969352,
    "14":0.0143262682,
    "15":0.0254193525,
    "16":0.0130252744,
    "17":0.0077068074,
    "18":0.0128748191,
    "19":0.0065828828,
    "20":0.1006356656,
    "21":0.0237780057,
    "22":0.0165505576,
    "23":0.0232838718,
    "24":0.0065527269,
    "25":0.0274634165,
    "26":0.0381779933,
    "27":0.0119664502,
    "28":0.0075577663,
    "29":0.0187334965,
    "30":0.013987203,
    "31":0.0130648391,
    "32":0.019003512,
    "33":0.0193982022,
    "34":0.0187633327,
    "35":0.0280895674,
    "36":0.011260088,
    "37":0.0389530623,
    "38":0.0255449879,
    "39":0.012691824,
    "40":0.0444250405,
    "41":0.006379946,
    "42":0.011212489,
    "43":0.025187041,
    "44":0.0123739913,
    "45":0.0066246517,
    "46":0.006903632,
    "47":0.01229013,
    "48":0.0061391476,
    "49":0.0063155297
  },
  "Prop":{
    "0":0.0069037937,
    "1":0.031831569,
    "2":0.018948856,
    "3":0.0248524562,
    "4":0.0354519436,
    "5":0.0138621285,
    "6":0.0068423628,
    "7":0.0128273548,
    "8":0.025806762,
    "9":0.0188797038,
    "10":0.013094631,
    "11":0.0134170103,
    "12":0.0213922628,
    "13":0.007029061,
    "14":0.0132096824,
    "15":0.0255493957,
    "16":0.0141437089,
    "17":0.0075812776,
    "18":0.0141334113,
    "19":0.0058977956,
    "20":0.0967059445,
    "21":0.0228762709,
    "22":0.0186308706,
    "23":0.0246484733,
    "24":0.0070353494,
    "25":0.0295565384,
    "26":0.0360145862,
    "27":0.0145482938,
    "28":0.0067084299,
    "29":0.0208921145,
    "30":0.012629092,
    "31":0.012854303,
    "32":0.0190892278,
    "33":0.0201074298,
    "34":0.0182826645,
    "35":0.0300185487,
    "36":0.01502281,
    "37":0.0385707795,
    "38":0.0249479348,
    "39":0.013546792,
    "40":0.0461841605,
    "41":0.0070845813,
    "42":0.011791849,
    "43":0.0258248455,
    "44":0.0136726229,
    "45":0.0069623842,
    "46":0.007610069,
    "47":0.013785915,
    "48":0.0073420381,
    "49":0.0062570107
  },
  "Delta_Uniform":{
    "0":-0.004285978,
    "1":-0.0157941725,
    "2":-0.01045503,
    "3":-0.0158654268,
    "4":-0.0188943644,
    "5":-0.0075241299,
    "6":-0.0046312444,
    "7":-0.0078641677,
    "8":-0.0126796542,
    "9":-0.0118165885,
    "10":-0.006780943,
    "11":-0.0078887048,
    "12":-0.0082979476,
    "13":-0.002558846,
    "14":-0.0077244647,
    "15":-0.0134075311,
    "16":-0.0058774993,
    "17":-0.0036833412,
    "18":-0.0070571631,
    "19":-0.0037599572,
    "20":-0.0531136428,
    "21":-0.0152455777,
    "22":-0.0088200942,
    "23":-0.0135600251,
    "24":-0.0035566535,
    "25":-0.0141261842,
    "26":-0.0221615022,
    "27":-0.0045353302,
    "28":-0.0046672602,
    "29":-0.0103135406,
    "30":-0.0069972457,
    "31":-0.0075924757,
    "32":-0.0107701596,
    "33":-0.0110159645,
    "34":-0.0108280137,
    "35":-0.0157706095,
    "36":-0.005705457,
    "37":-0.0197272466,
    "38":-0.0147648353,
    "39":-0.006579053,
    "40":-0.0228525116,
    "41":-0.0031362889,
    "42":-0.006424014,
    "43":-0.0133869842,
    "44":-0.0072377186,
    "45":-0.0040472742,
    "46":-0.003830462,
    "47":-0.007118577,
    "48":-0.0031493897,
    "49":-0.0033508704
  },
  "Delta_Prop":{
    "0":-0.0039740389,
    "1":-0.0147991565,
    "2":-0.010777303,
    "3":-0.015804102,
    "4":-0.0204022006,
    "5":-0.007646863,
    "6":-0.0044003815,
    "7":-0.0089834528,
    "8":-0.017150049,
    "9":-0.0109118488,
    "10":-0.00657502,
    "11":-0.0079344884,
    "12":-0.0126236158,
    "13":-0.0033909719,
    "14":-0.0066078789,
    "15":-0.0135375743,
    "16":-0.0069959338,
    "17":-0.0035578113,
    "18":-0.0083157554,
    "19":-0.00307487,
    "20":-0.0491839217,
    "21":-0.014343843,
    "22":-0.0109004072,
    "23":-0.0149246267,
    "24":-0.004039276,
    "25":-0.0162193061,
    "26":-0.019998095,
    "27":-0.0071171737,
    "28":-0.0038179238,
    "29":-0.0124721586,
    "30":-0.0056391347,
    "31":-0.0073819396,
    "32":-0.0108558754,
    "33":-0.0117251921,
    "34":-0.0103473455,
    "35":-0.0176995908,
    "36":-0.009468179,
    "37":-0.0193449638,
    "38":-0.0141677821,
    "39":-0.007434021,
    "40":-0.0246116316,
    "41":-0.0038409242,
    "42":-0.007003374,
    "43":-0.0140247886,
    "44":-0.0085363502,
    "45":-0.0043850067,
    "46":-0.004536899,
    "47":-0.008614362,
    "48":-0.0043522802,
    "49":-0.0032923514
  }
}