{
  "Astrahl":{
    "0":0.0,
    "1":0.0000005149,
    "2":0.0,
    "3":0.00000019,
    "4":0.0,
    "5":0.0,
    "6":0.0,
    "7":0.0,
    "8":0.0,
    "9":0.0,
    "10":0.0,
    "11":0.0000004095,
    "12":0.000000271,
    "13":0.0,
    "14":0.0,
    "15":0.0,
    "16":0.0,
    "17":0.0,
    "18":0.0,
    "19":0.0000007859,
    "20":0.0,
    "21":0.0000013068,
    "22":0.0,
    "23":0.0,
    "24":0.0,
    "25":0.0,
    "26":0.0,
    "27":0.0,
    "28":0.0,
    "29":0.0000007344,
    "30":0.0,
    "31":0.000000271,
    "32":0.000000271,
    "33":0.000000542,
    "34":0.000000271,
    "35":0.0,
    "36":0.0,
    "37":0.0,
    "38":0.0,
    "39":0.0,
    "40":0.0,
    "41":0.0,
    "42":0.0,
    "43":0.0,
    "44":0.0,
    "45":0.0,
    "46":0.0,
    "47":0.0,
    "48":0.0,
    "49":0.0
  },
  "Uniform":{
    "0":0.0000038072,
    "1":0.000000461,
    "2":0.0,
    "3":0.00000029,
    "4":0.000000651,
    "5":0.0,
    "6":0.000000371,
    "7":0.0000001,
    "8":0.000000461,
    "9":0.0,
    "10":0.0,
    "11":0.00000039,
    "12":0.00000029,
    "13":0.0000001,
    "14":0.0,
    "15":0.0000003,
    "16":0.0,
    "17":0.00000029,
    "18":0.000000371,
    "19":0.0000019678,
    "20":0.0000001,
    "21":0.00000048,
    "22":0.00000029,
    "23":0.000000271,
    "24":0.0000001,
    "25":0.0,
    "26":0.00000029,
    "27":0.000000461,
    "28":0.0000001,
    "29":0.0000016778,
    "30":0.00000038,
    "31":0.00000029,
    "32":0.00000029,
    "33":0.00000019,
    "34":0.0000001,
    "35":0.00000019,
    "36":0.0,
    "37":0.0000001,
    "38":0.00000029,
    "39":0.0,
    "40":0.000000732,
    "41":0.000000361,
    "42":0.0,
    "43":0.00000059,
    "44":0.00000029,
    "45":0.0,
    "46":0.0000002,
    "47":0.00000029,
    "48":0.0000001,
    "49":0.0000003439
  },
  "Prop":{
    "0":0.0000044494,
    "1":0.0,
    "2":0.0000001,
    "3":0.0000001,
    "4":0.0000001,
    "5":0.0000001,
    "6":0.00000039,
    "7":0.0000002,
    "8":0.00000019,
    "9":0.0,
    "10":0.0000001,
    "11":0.0000010415,
    "12":0.00000019,
    "13":0.000000271,
    "14":0.0,
    "15":0.0000002,
    "16":0.0,
    "17":0.00000019,
    "18":0.0000021003,
    "19":0.0000029196,
    "20":0.0,
    "21":0.0000020228,
    "22":0.000000271,
    "23":0.000000741,
    "24":0.00000057,
    "25":0.0,
    "26":0.000000271,
    "27":0.000000551,
    "28":0.0000001,
    "29":0.000002793,
    "30":0.0000013659,
    "31":0.00000019,
    "32":0.000000361,
    "33":0.00000029,
    "34":0.0,
    "35":0.0000001,
    "36":0.000000461,
    "37":0.0000001,
    "38":0.0000001,
    "39":0.0,
    "40":0.0,
    "41":0.0,
    "42":0.00000019,
    "43":0.000000822,
    "44":0.00000019,
    "45":0.00000019,
    "46":0.00000029,
    "47":0.0,
    "48":0.000000271,
    "49":0.000000271
  },
  "Delta_Uniform":{
    "0":-0.0000038072,
    "1":0.0000000539,
    "2":0.0,
    "3":-0.0000001,
    "4":-0.000000651,
    "5":0.0,
    "6":-0.000000371,
    "7":-0.0000001,
    "8":-0.000000461,
    "9":0.0,
    "10":0.0,
    "11":0.0000000195,
    "12":-0.000000019,
    "13":-0.0000001,
    "14":0.0,
    "15":-0.0000003,
    "16":0.0,
    "17":-0.00000029,
    "18":-0.000000371,
    "19":-0.0000011819,
    "20":-0.0000001,
    "21":0.0000008268,
    "22":-0.00000029,
    "23":-0.000000271,
    "24":-0.0000001,
    "25":0.0,
    "26":-0.00000029,
    "27":-0.000000461,
    "28":-0.0000001,
    "29":-0.0000009434,
    "30":-0.00000038,
    "31":-0.000000019,
    "32":-0.000000019,
    "33":0.000000352,
    "34":0.000000171,
    "35":-0.00000019,
    "36":0.0,
    "37":-0.0000001,
    "38":-0.00000029,
    "39":0.0,
    "40":-0.000000732,
    "41":-0.000000361,
    "42":0.0,
    "43":-0.00000059,
    "44":-0.00000029,
    "45":0.0,
    "46":-0.0000002,
    "47":-0.00000029,
    "48":-0.0000001,
    "49":-0.0000003439
  },
  "Delta_Prop":{
    "0":-0.0000044494,
    "1":0.0000005149,
    "2":-0.0000001,
    "3":0.00000009,
    "4":-0.0000001,
    "5":-0.0000001,
    "6":-0.00000039,
    "7":-0.0000002,
    "8":-0.00000019,
    "9":0.0,
    "10":-0.0000001,
    "11":-0.000000632,
    "12":0.000000081,
    "13":-0.000000271,
    "14":0.0,
    "15":-0.0000002,
    "16":0.0,
    "17":-0.00000019,
    "18":-0.0000021003,
    "19":-0.0000021337,
    "20":0.0,
    "21":-0.000000716,
    "22":-0.000000271,
    "23":-0.000000741,
    "24":-0.00000057,
    "25":0.0,
    "26":-0.000000271,
    "27":-0.000000551,
    "28":-0.0000001,
    "29":-0.0000020586,
    "30":-0.0000013659,
    "31":0.000000081,
    "32":-0.00000009,
    "33":0.000000252,
    "34":0.000000271,
    "35":-0.0000001,
    "36":-0.000000461,
    "37":-0.0000001,
    "38":-0.0000001,
    "39":0.0,
    "40":0.0,
    "41":0.0,
    "42":-0.00000019,
    "43":-0.000000822,
    "44":-0.00000019,
    "45":-0.00000019,
    "46":-0.00000029,
    "47":0.0,
    "48":-0.000000271,
    "49":-0.000000271
  }
}