{
  "Astrahl":{
    "0":0.1473080572,
    "1":0.1511517228,
    "2":0.1619445451,
    "3":0.086101847,
    "4":0.07456077,
    "5":0.1774658703,
    "6":0.0926972209,
    "7":0.1444439743,
    "8":0.1355997701,
    "9":0.1309498734,
    "10":0.2191189619,
    "11":0.1038918787,
    "12":0.1049125492,
    "13":0.1004660351,
    "14":0.153161996,
    "15":0.1812719215,
    "16":0.2608623906,
    "17":0.1569832776,
    "18":0.2071774026,
    "19":0.081378628,
    "20":0.08193208,
    "21":0.0973965188,
    "22":0.077991962,
    "23":0.07107028,
    "24":0.077931398,
    "25":0.1036419449,
    "26":0.1297462588,
    "27":0.2716927046,
    "28":0.188716307,
    "29":0.1846380807,
    "30":0.094182635,
    "31":0.1369253693,
    "32":0.1804808729,
    "33":0.093570838,
    "34":0.1795390243,
    "35":0.124490318,
    "36":0.07686666,
    "37":0.1405525552,
    "38":0.127530166,
    "39":0.1874714412,
    "40":0.1424017465,
    "41":0.2256011022,
    "42":0.1998956825,
    "43":0.08076942,
    "44":0.0969868261,
    "45":0.0978649943,
    "46":0.071711156,
    "47":0.1634436407,
    "48":0.2622848834,
    "49":0.2318141322
  },
  "Uniform":{
    "0":0.1636433391,
    "1":0.1685531945,
    "2":0.1822876368,
    "3":0.092489635,
    "4":0.08547712,
    "5":0.2125697863,
    "6":0.1141134291,
    "7":0.1533202444,
    "8":0.1557690282,
    "9":0.140578716,
    "10":0.2610345452,
    "11":0.115715034,
    "12":0.1230553614,
    "13":0.1337751984,
    "14":0.1668923016,
    "15":0.2066257903,
    "16":0.2778737482,
    "17":0.1811687875,
    "18":0.2492563656,
    "19":0.097697248,
    "20":0.08883238,
    "21":0.1059164906,
    "22":0.101095185,
    "23":0.08790648,
    "24":0.092153742,
    "25":0.119921889,
    "26":0.162652205,
    "27":0.311909155,
    "28":0.2120081971,
    "29":0.2335048519,
    "30":0.085215059,
    "31":0.1696632952,
    "32":0.215295574,
    "33":0.1128769804,
    "34":0.181307574,
    "35":0.155288474,
    "36":0.086074782,
    "37":0.1470672214,
    "38":0.157111264,
    "39":0.2064259946,
    "40":0.155328679,
    "41":0.2567918522,
    "42":0.2461246242,
    "43":0.09133088,
    "44":0.0980643363,
    "45":0.1049493823,
    "46":0.090996618,
    "47":0.1705029684,
    "48":0.3138961596,
    "49":0.2776836015
  },
  "Prop":{
    "0":0.180350007,
    "1":0.1823551426,
    "2":0.2065494305,
    "3":0.112284341,
    "4":0.09780829,
    "5":0.2359686225,
    "6":0.1259568218,
    "7":0.1805791157,
    "8":0.1583070561,
    "9":0.1502201251,
    "10":0.2937760926,
    "11":0.1290635671,
    "12":0.1294772311,
    "13":0.1404348457,
    "14":0.1965516174,
    "15":0.2140177884,
    "16":0.3191449857,
    "17":0.1841323136,
    "18":0.283937332,
    "19":0.109555541,
    "20":0.09251865,
    "21":0.1184762992,
    "22":0.101921574,
    "23":0.09989295,
    "24":0.102349473,
    "25":0.128424773,
    "26":0.1809945881,
    "27":0.3328302468,
    "28":0.2448623773,
    "29":0.2591345238,
    "30":0.108801125,
    "31":0.1743221354,
    "32":0.237597237,
    "33":0.1103530482,
    "34":0.206258842,
    "35":0.161889993,
    "36":0.107801981,
    "37":0.1731295792,
    "38":0.158839534,
    "39":0.2312991303,
    "40":0.1737419274,
    "41":0.2809580979,
    "42":0.2440142664,
    "43":0.09590966,
    "44":0.1106862002,
    "45":0.1197942245,
    "46":0.100902046,
    "47":0.1807787736,
    "48":0.3515904324,
    "49":0.3114952706
  },
  "Delta_Uniform":{
    "0":-0.0163352819,
    "1":-0.0174014717,
    "2":-0.0203430916,
    "3":-0.006387788,
    "4":-0.01091635,
    "5":-0.035103916,
    "6":-0.0214162082,
    "7":-0.0088762701,
    "8":-0.0201692581,
    "9":-0.0096288426,
    "10":-0.0419155833,
    "11":-0.0118231553,
    "12":-0.0181428122,
    "13":-0.0333091632,
    "14":-0.0137303056,
    "15":-0.0253538687,
    "16":-0.0170113575,
    "17":-0.02418551,
    "18":-0.042078963,
    "19":-0.01631862,
    "20":-0.0069003,
    "21":-0.0085199718,
    "22":-0.023103223,
    "23":-0.0168362,
    "24":-0.014222344,
    "25":-0.0162799441,
    "26":-0.0329059462,
    "27":-0.0402164504,
    "28":-0.02329189,
    "29":-0.0488667712,
    "30":0.008967576,
    "31":-0.0327379259,
    "32":-0.034814701,
    "33":-0.0193061424,
    "34":-0.0017685497,
    "35":-0.030798156,
    "36":-0.009208122,
    "37":-0.0065146662,
    "38":-0.029581098,
    "39":-0.0189545534,
    "40":-0.0129269325,
    "41":-0.03119075,
    "42":-0.0462289417,
    "43":-0.01056146,
    "44":-0.0010775102,
    "45":-0.007084388,
    "46":-0.019285462,
    "47":-0.0070593276,
    "48":-0.0516112763,
    "49":-0.0458694693
  },
  "Delta_Prop":{
    "0":-0.0330419499,
    "1":-0.0312034198,
    "2":-0.0446048854,
    "3":-0.026182494,
    "4":-0.02324752,
    "5":-0.0585027522,
    "6":-0.0332596009,
    "7":-0.0361351414,
    "8":-0.022707286,
    "9":-0.0192702517,
    "10":-0.0746571307,
    "11":-0.0251716884,
    "12":-0.0245646819,
    "13":-0.0399688106,
    "14":-0.0433896213,
    "15":-0.0327458668,
    "16":-0.058282595,
    "17":-0.0271490361,
    "18":-0.0767599294,
    "19":-0.028176913,
    "20":-0.01058657,
    "21":-0.0210797804,
    "22":-0.023929612,
    "23":-0.02882267,
    "24":-0.024418075,
    "25":-0.0247828281,
    "26":-0.0512483293,
    "27":-0.0611375422,
    "28":-0.0561460703,
    "29":-0.0744964431,
    "30":-0.01461849,
    "31":-0.037396766,
    "32":-0.0571163641,
    "33":-0.0167822102,
    "34":-0.0267198177,
    "35":-0.037399675,
    "36":-0.030935321,
    "37":-0.032577024,
    "38":-0.031309368,
    "39":-0.0438276891,
    "40":-0.0313401809,
    "41":-0.0553569957,
    "42":-0.0441185839,
    "43":-0.01514024,
    "44":-0.0136993741,
    "45":-0.0219292302,
    "46":-0.02919089,
    "47":-0.0173351329,
    "48":-0.089305549,
    "49":-0.0796811384
  }
}