{
  "Astrahl":{
    "0":0.000013279,
    "1":0.00000542,
    "2":0.0000122853,
    "3":0.0002302693,
    "4":0.0000156511,
    "5":0.00000542,
    "6":0.0000945505,
    "7":0.000026558,
    "8":0.0000444687,
    "9":0.0004191742,
    "10":0.0000046856,
    "11":0.000015718,
    "12":0.00000271,
    "13":0.0000461952,
    "14":0.000021138,
    "15":0.0000222118,
    "16":0.000020867,
    "17":0.0000040951,
    "18":0.000010317,
    "19":0.0000061258,
    "20":0.00000542,
    "21":0.0000501358,
    "22":0.0000526511,
    "23":0.0001169945,
    "24":0.0000187424,
    "25":0.0000799877,
    "26":0.0000081902,
    "27":0.000027645,
    "28":0.0000597885,
    "29":0.0000134121,
    "30":0.0000505533,
    "31":0.0000040951,
    "32":0.0000081902,
    "33":0.0000227813,
    "34":0.0000081902,
    "35":0.0000391799,
    "36":0.0000221437,
    "37":0.0000093712,
    "38":0.0000399268,
    "39":0.0000364534,
    "40":0.0001059493,
    "41":0.0000122516,
    "42":0.000010569,
    "43":0.0000809306,
    "44":0.0000302632,
    "45":0.000003439,
    "46":0.0000442271,
    "47":0.0000182738,
    "48":0.0000093712,
    "49":0.000003439
  },
  "Uniform":{
    "0":0.000038528,
    "1":0.000038789,
    "2":0.0000326811,
    "3":0.0009207254,
    "4":0.0001805523,
    "5":0.00002573,
    "6":0.0002997212,
    "7":0.0000832601,
    "8":0.0002733521,
    "9":0.0012838183,
    "10":0.0000378301,
    "11":0.000041518,
    "12":0.000049916,
    "13":0.0001643346,
    "14":0.0000867842,
    "15":0.0000959872,
    "16":0.0001005991,
    "17":0.000032206,
    "18":0.0000938471,
    "19":0.0000828289,
    "20":0.000041879,
    "21":0.0001605655,
    "22":0.0001835472,
    "23":0.0004479699,
    "24":0.0000348933,
    "25":0.0001628444,
    "26":0.0000755122,
    "27":0.0000799485,
    "28":0.000206755,
    "29":0.0000506501,
    "30":0.0001536198,
    "31":0.000036018,
    "32":0.0000768498,
    "33":0.0001280691,
    "34":0.0000444431,
    "35":0.0001953062,
    "36":0.000156985,
    "37":0.0000618454,
    "38":0.0001160521,
    "39":0.0000701732,
    "40":0.0002184966,
    "41":0.0000626965,
    "42":0.0000827663,
    "43":0.0002304736,
    "44":0.0001333079,
    "45":0.000028508,
    "46":0.0001998375,
    "47":0.0000680995,
    "48":0.0002262575,
    "49":0.000033918
  },
  "Prop":{
    "0":0.000041418,
    "1":0.000065888,
    "2":0.000036457,
    "3":0.0009012451,
    "4":0.0001836017,
    "5":0.00002201,
    "6":0.0003221476,
    "7":0.0000984851,
    "8":0.0003159515,
    "9":0.0016819517,
    "10":0.0000457864,
    "11":0.000064817,
    "12":0.000046909,
    "13":0.0002011738,
    "14":0.0000896381,
    "15":0.00008362,
    "16":0.000063508,
    "17":0.0000545772,
    "18":0.0000660121,
    "19":0.0000719445,
    "20":0.000041138,
    "21":0.0001743381,
    "22":0.00020054,
    "23":0.0003434512,
    "24":0.0000506647,
    "25":0.0001930875,
    "26":0.0000884073,
    "27":0.000098745,
    "28":0.0002127456,
    "29":0.000056327,
    "30":0.0001790781,
    "31":0.0000381821,
    "32":0.0000765463,
    "33":0.0000756653,
    "34":0.0000413792,
    "35":0.000278539,
    "36":0.000137864,
    "37":0.0000918029,
    "38":0.0001077511,
    "39":0.0000651762,
    "40":0.0002309452,
    "41":0.0000653496,
    "42":0.0000714391,
    "43":0.0002452627,
    "44":0.0000984101,
    "45":0.00002947,
    "46":0.0002094156,
    "47":0.0001107151,
    "48":0.0001371409,
    "49":0.000027427
  },
  "Delta_Uniform":{
    "0":-0.000025249,
    "1":-0.000033369,
    "2":-0.0000203958,
    "3":-0.0006904561,
    "4":-0.0001649012,
    "5":-0.00002031,
    "6":-0.0002051707,
    "7":-0.0000567021,
    "8":-0.0002288834,
    "9":-0.0008646441,
    "10":-0.0000331445,
    "11":-0.0000258,
    "12":-0.000047206,
    "13":-0.0001181393,
    "14":-0.0000656462,
    "15":-0.0000737755,
    "16":-0.0000797321,
    "17":-0.0000281109,
    "18":-0.0000835301,
    "19":-0.0000767031,
    "20":-0.000036459,
    "21":-0.0001104297,
    "22":-0.0001308961,
    "23":-0.0003309754,
    "24":-0.0000161509,
    "25":-0.0000828567,
    "26":-0.000067322,
    "27":-0.0000523035,
    "28":-0.0001469666,
    "29":-0.000037238,
    "30":-0.0001030665,
    "31":-0.0000319229,
    "32":-0.0000686596,
    "33":-0.0001052878,
    "34":-0.0000362529,
    "35":-0.0001561263,
    "36":-0.0001348413,
    "37":-0.0000524742,
    "38":-0.0000761253,
    "39":-0.0000337198,
    "40":-0.0001125473,
    "41":-0.0000504449,
    "42":-0.0000721973,
    "43":-0.000149543,
    "44":-0.0001030447,
    "45":-0.000025069,
    "46":-0.0001556104,
    "47":-0.0000498257,
    "48":-0.0002168863,
    "49":-0.000030479
  },
  "Delta_Prop":{
    "0":-0.000028139,
    "1":-0.000060468,
    "2":-0.0000241717,
    "3":-0.0006709758,
    "4":-0.0001679506,
    "5":-0.00001659,
    "6":-0.0002275971,
    "7":-0.0000719271,
    "8":-0.0002714828,
    "9":-0.0012627775,
    "10":-0.0000411008,
    "11":-0.000049099,
    "12":-0.000044199,
    "13":-0.0001549786,
    "14":-0.0000685001,
    "15":-0.0000614082,
    "16":-0.000042641,
    "17":-0.0000504821,
    "18":-0.0000556951,
    "19":-0.0000658187,
    "20":-0.000035718,
    "21":-0.0001242023,
    "22":-0.0001478889,
    "23":-0.0002264567,
    "24":-0.0000319223,
    "25":-0.0001130998,
    "26":-0.0000802171,
    "27":-0.0000711,
    "28":-0.0001529572,
    "29":-0.0000429149,
    "30":-0.0001285248,
    "31":-0.000034087,
    "32":-0.0000683561,
    "33":-0.000052884,
    "34":-0.000033189,
    "35":-0.0002393591,
    "36":-0.0001157203,
    "37":-0.0000824317,
    "38":-0.0000678243,
    "39":-0.0000287228,
    "40":-0.0001249959,
    "41":-0.000053098,
    "42":-0.0000608701,
    "43":-0.0001643321,
    "44":-0.0000681469,
    "45":-0.000026031,
    "46":-0.0001651885,
    "47":-0.0000924413,
    "48":-0.0001277697,
    "49":-0.000023988
  }
}