{
  "Astrahl":{
    "0":0.0174962289,
    "1":0.00497819,
    "2":0.0237498939,
    "3":0.0126412875,
    "4":0.007378517,
    "5":0.0297569594,
    "6":0.0391806195,
    "7":0.0116179204,
    "8":0.0141371567,
    "9":0.0155590458,
    "10":0.0100294119,
    "11":0.007059222,
    "12":0.045601566,
    "13":0.0129481445,
    "14":0.0126875589,
    "15":0.048523015,
    "16":0.0168660653,
    "17":0.0137742092,
    "18":0.0150700932,
    "19":0.0134410053,
    "20":0.0492230889,
    "21":0.0161794984,
    "22":0.007079571,
    "23":0.010945148,
    "24":0.0187866311,
    "25":0.00511176,
    "26":0.0153164295,
    "27":0.0197167787,
    "28":0.0089555417,
    "29":0.0089912807,
    "30":0.0486905922,
    "31":0.0116345426,
    "32":0.0172915672,
    "33":0.0202256907,
    "34":0.007332176,
    "35":0.0097675162,
    "36":0.00527782,
    "37":0.0133909845,
    "38":0.00514786,
    "39":0.0049818,
    "40":0.0225156767,
    "41":0.0201242878,
    "42":0.0130998092,
    "43":0.007709877,
    "44":0.0256874816,
    "45":0.0145269546,
    "46":0.0086446143,
    "47":0.00918213,
    "48":0.0205585862,
    "49":0.0238772137
  },
  "Uniform":{
    "0":0.0170959764,
    "1":0.00524032,
    "2":0.024825706,
    "3":0.0125908978,
    "4":0.007279875,
    "5":0.0300406096,
    "6":0.0407323808,
    "7":0.0127932479,
    "8":0.0144132747,
    "9":0.0154075935,
    "10":0.0105224526,
    "11":0.007686044,
    "12":0.04365592,
    "13":0.0139365106,
    "14":0.0129287669,
    "15":0.0478501481,
    "16":0.0163227114,
    "17":0.0139957854,
    "18":0.0149096313,
    "19":0.013519693,
    "20":0.0500466168,
    "21":0.0159979611,
    "22":0.006849771,
    "23":0.0098872774,
    "24":0.0196369262,
    "25":0.00518154,
    "26":0.0148801222,
    "27":0.0199076306,
    "28":0.0096144921,
    "29":0.0093633102,
    "30":0.0468168358,
    "31":0.0111623134,
    "32":0.017976287,
    "33":0.0188007225,
    "34":0.006947324,
    "35":0.0093194946,
    "36":0.00518966,
    "37":0.0137347781,
    "38":0.00473404,
    "39":0.00510953,
    "40":0.0236284372,
    "41":0.0202279535,
    "42":0.0128089553,
    "43":0.007444098,
    "44":0.0251894005,
    "45":0.0132682274,
    "46":0.0092222415,
    "47":0.0094948586,
    "48":0.0210197714,
    "49":0.0240653239
  },
  "Prop":{
    "0":0.0173703098,
    "1":0.00507338,
    "2":0.0244938508,
    "3":0.0119563367,
    "4":0.007536236,
    "5":0.0298107098,
    "6":0.0378307836,
    "7":0.0125417251,
    "8":0.0129905333,
    "9":0.0164817975,
    "10":0.0108852022,
    "11":0.007588061,
    "12":0.0458944192,
    "13":0.0125029428,
    "14":0.0141581719,
    "15":0.0468556803,
    "16":0.0166414942,
    "17":0.0129275647,
    "18":0.014630859,
    "19":0.0140397802,
    "20":0.0526910734,
    "21":0.0164586136,
    "22":0.007482529,
    "23":0.0102954519,
    "24":0.0188232662,
    "25":0.0049804,
    "26":0.0150011186,
    "27":0.020484086,
    "28":0.0093057332,
    "29":0.0090513837,
    "30":0.0475153117,
    "31":0.0108897219,
    "32":0.0165505871,
    "33":0.0186524945,
    "34":0.007569016,
    "35":0.0087897385,
    "36":0.00516895,
    "37":0.0132048345,
    "38":0.00535679,
    "39":0.00503018,
    "40":0.0230069825,
    "41":0.0201594702,
    "42":0.012748543,
    "43":0.006959698,
    "44":0.0261170306,
    "45":0.013133811,
    "46":0.0093816718,
    "47":0.0094725225,
    "48":0.0203744285,
    "49":0.0225584223
  },
  "Delta_Uniform":{
    "0":0.0004002525,
    "1":-0.00026213,
    "2":-0.0010758121,
    "3":0.0000503897,
    "4":0.000098642,
    "5":-0.0002836503,
    "6":-0.0015517612,
    "7":-0.0011753275,
    "8":-0.000276118,
    "9":0.0001514522,
    "10":-0.0004930407,
    "11":-0.000626822,
    "12":0.001945646,
    "13":-0.0009883661,
    "14":-0.0002412079,
    "15":0.0006728669,
    "16":0.0005433539,
    "17":-0.0002215761,
    "18":0.0001604619,
    "19":-0.0000786877,
    "20":-0.0008235279,
    "21":0.0001815373,
    "22":0.0002298,
    "23":0.0010578706,
    "24":-0.0008502951,
    "25":-0.00006978,
    "26":0.0004363073,
    "27":-0.0001908519,
    "28":-0.0006589504,
    "29":-0.0003720295,
    "30":0.0018737563,
    "31":0.0004722293,
    "32":-0.0006847198,
    "33":0.0014249682,
    "34":0.000384852,
    "35":0.0004480216,
    "36":0.00008816,
    "37":-0.0003437935,
    "38":0.00041382,
    "39":-0.00012773,
    "40":-0.0011127605,
    "41":-0.0001036657,
    "42":0.0002908539,
    "43":0.000265779,
    "44":0.0004980811,
    "45":0.0012587272,
    "46":-0.0005776272,
    "47":-0.0003127286,
    "48":-0.0004611852,
    "49":-0.0001881101
  },
  "Delta_Prop":{
    "0":0.0001259191,
    "1":-0.00009519,
    "2":-0.0007439569,
    "3":0.0006849508,
    "4":-0.000157719,
    "5":-0.0000537505,
    "6":0.001349836,
    "7":-0.0009238047,
    "8":0.0011466234,
    "9":-0.0009227517,
    "10":-0.0008557903,
    "11":-0.000528839,
    "12":-0.0002928532,
    "13":0.0004452017,
    "14":-0.001470613,
    "15":0.0016673347,
    "16":0.0002245712,
    "17":0.0008466445,
    "18":0.0004392342,
    "19":-0.000598775,
    "20":-0.0034679845,
    "21":-0.0002791152,
    "22":-0.000402958,
    "23":0.0006496961,
    "24":-0.0000366351,
    "25":0.00013136,
    "26":0.0003153109,
    "27":-0.0007673072,
    "28":-0.0003501915,
    "29":-0.000060103,
    "30":0.0011752805,
    "31":0.0007448208,
    "32":0.0007409801,
    "33":0.0015731962,
    "34":-0.00023684,
    "35":0.0009777777,
    "36":0.00010887,
    "37":0.0001861501,
    "38":-0.00020893,
    "39":-0.00004838,
    "40":-0.0004913058,
    "41":-0.0000351824,
    "42":0.0003512661,
    "43":0.000750179,
    "44":-0.000429549,
    "45":0.0013931437,
    "46":-0.0007370575,
    "47":-0.0002903925,
    "48":0.0001841577,
    "49":0.0013187914
  }
}