{
  "Astrahl":{
    "0":0.0192326219,
    "1":0.0193506684,
    "2":0.017727073,
    "3":0.0179323499,
    "4":0.0321156502,
    "5":0.0314854523,
    "6":0.016806956,
    "7":0.027355907,
    "8":0.0333023934,
    "9":0.0529064735,
    "10":0.0175688389,
    "11":0.023431268,
    "12":0.0264218007,
    "13":0.0234717224,
    "14":0.0226555889,
    "15":0.0568501713,
    "16":0.0183641564,
    "17":0.0657659945,
    "18":0.0175323126,
    "19":0.020564761,
    "20":0.0200113231,
    "21":0.0290153116,
    "22":0.0358545518,
    "23":0.0502796197,
    "24":0.0186795713,
    "25":0.011809925,
    "26":0.017059177,
    "27":0.0376005419,
    "28":0.0255774957,
    "29":0.016424471,
    "30":0.014665883,
    "31":0.0415160495,
    "32":0.0297926896,
    "33":0.0241360917,
    "34":0.0217049144,
    "35":0.0242955831,
    "36":0.01285669,
    "37":0.0172481096,
    "38":0.039335668,
    "39":0.0736181745,
    "40":0.022224839,
    "41":0.0157098081,
    "42":0.014621761,
    "43":0.0202929068,
    "44":0.00824096,
    "45":0.012980648,
    "46":0.020977458,
    "47":0.0211859785,
    "48":0.0322881389,
    "49":0.01265859
  },
  "Uniform":{
    "0":0.0350841175,
    "1":0.0320527093,
    "2":0.025186497,
    "3":0.0263627597,
    "4":0.0485156498,
    "5":0.0433327647,
    "6":0.0269695539,
    "7":0.0386818464,
    "8":0.0572065052,
    "9":0.0786112335,
    "10":0.0332254834,
    "11":0.0330079897,
    "12":0.0376010634,
    "13":0.0359125758,
    "14":0.0322328549,
    "15":0.0772208718,
    "16":0.0283861138,
    "17":0.0968768801,
    "18":0.0253088405,
    "19":0.0292250359,
    "20":0.0304817326,
    "21":0.0452213138,
    "22":0.0443005631,
    "23":0.0716055215,
    "24":0.0305335257,
    "25":0.017447534,
    "26":0.023664048,
    "27":0.0483657784,
    "28":0.0375736406,
    "29":0.024865866,
    "30":0.023489987,
    "31":0.0615706644,
    "32":0.0450376917,
    "33":0.0344936388,
    "34":0.036694581,
    "35":0.0313233589,
    "36":0.0165222,
    "37":0.030574822,
    "38":0.0564886056,
    "39":0.1012655735,
    "40":0.0321034216,
    "41":0.0262388746,
    "42":0.023644555,
    "43":0.0342553349,
    "44":0.01641683,
    "45":0.016927543,
    "46":0.0314942856,
    "47":0.0268798826,
    "48":0.0475018803,
    "49":0.01366357
  },
  "Prop":{
    "0":0.0329649067,
    "1":0.0293867354,
    "2":0.024043474,
    "3":0.028033486,
    "4":0.0464236335,
    "5":0.0414391258,
    "6":0.0242044878,
    "7":0.0378062185,
    "8":0.0600174319,
    "9":0.0842290409,
    "10":0.0307070921,
    "11":0.0312206698,
    "12":0.0378235544,
    "13":0.0352131826,
    "14":0.0337819705,
    "15":0.0824818975,
    "16":0.0351105124,
    "17":0.0929920078,
    "18":0.024947795,
    "19":0.0330680597,
    "20":0.0313982046,
    "21":0.0436763781,
    "22":0.0571408697,
    "23":0.0716802051,
    "24":0.0316779154,
    "25":0.015101891,
    "26":0.02645338,
    "27":0.0532842977,
    "28":0.0371096158,
    "29":0.026785117,
    "30":0.025558686,
    "31":0.060667039,
    "32":0.0463541311,
    "33":0.0356851866,
    "34":0.03749197,
    "35":0.0336052794,
    "36":0.01718131,
    "37":0.0362867251,
    "38":0.0625043741,
    "39":0.1078768201,
    "40":0.0306146116,
    "41":0.026437138,
    "42":0.025099644,
    "43":0.0320584269,
    "44":0.01807312,
    "45":0.016354084,
    "46":0.0328202654,
    "47":0.0232151818,
    "48":0.0512121377,
    "49":0.01679294
  },
  "Delta_Uniform":{
    "0":-0.0158514956,
    "1":-0.0127020409,
    "2":-0.007459424,
    "3":-0.0084304098,
    "4":-0.0163999996,
    "5":-0.0118473124,
    "6":-0.0101625978,
    "7":-0.0113259394,
    "8":-0.0239041118,
    "9":-0.02570476,
    "10":-0.0156566446,
    "11":-0.0095767217,
    "12":-0.0111792627,
    "13":-0.0124408534,
    "14":-0.009577266,
    "15":-0.0203707005,
    "16":-0.0100219574,
    "17":-0.0311108856,
    "18":-0.007776528,
    "19":-0.0086602749,
    "20":-0.0104704095,
    "21":-0.0162060022,
    "22":-0.0084460113,
    "23":-0.0213259017,
    "24":-0.0118539544,
    "25":-0.005637609,
    "26":-0.006604871,
    "27":-0.0107652365,
    "28":-0.0119961449,
    "29":-0.008441395,
    "30":-0.008824104,
    "31":-0.020054615,
    "32":-0.0152450021,
    "33":-0.0103575471,
    "34":-0.0149896665,
    "35":-0.0070277758,
    "36":-0.00366551,
    "37":-0.0133267125,
    "38":-0.0171529375,
    "39":-0.027647399,
    "40":-0.0098785826,
    "41":-0.0105290665,
    "42":-0.009022794,
    "43":-0.0139624281,
    "44":-0.00817587,
    "45":-0.003946895,
    "46":-0.0105168276,
    "47":-0.0056939041,
    "48":-0.0152137414,
    "49":-0.00100498
  },
  "Delta_Prop":{
    "0":-0.0137322848,
    "1":-0.0100360671,
    "2":-0.006316401,
    "3":-0.0101011361,
    "4":-0.0143079833,
    "5":-0.0099536735,
    "6":-0.0073975318,
    "7":-0.0104503115,
    "8":-0.0267150385,
    "9":-0.0313225673,
    "10":-0.0131382532,
    "11":-0.0077894018,
    "12":-0.0114017538,
    "13":-0.0117414602,
    "14":-0.0111263816,
    "15":-0.0256317262,
    "16":-0.016746356,
    "17":-0.0272260133,
    "18":-0.0074154825,
    "19":-0.0125032987,
    "20":-0.0113868815,
    "21":-0.0146610666,
    "22":-0.0212863179,
    "23":-0.0214005854,
    "24":-0.0129983441,
    "25":-0.003291966,
    "26":-0.009394203,
    "27":-0.0156837558,
    "28":-0.0115321201,
    "29":-0.010360646,
    "30":-0.010892803,
    "31":-0.0191509896,
    "32":-0.0165614415,
    "33":-0.0115490949,
    "34":-0.0157870556,
    "35":-0.0093096963,
    "36":-0.00432462,
    "37":-0.0190386156,
    "38":-0.0231687061,
    "39":-0.0342586455,
    "40":-0.0083897726,
    "41":-0.0107273299,
    "42":-0.010477883,
    "43":-0.0117655201,
    "44":-0.00983216,
    "45":-0.003373436,
    "46":-0.0118428075,
    "47":-0.0020292033,
    "48":-0.0189239988,
    "49":-0.00413435
  }
}