{
  "Astrahl":{
    "0":0.2546602435,
    "1":0.2295606916,
    "2":0.2957586188,
    "3":0.2870089696,
    "4":0.1805372479,
    "5":0.168957802,
    "6":0.236501209,
    "7":0.164275768,
    "8":0.2356842414,
    "9":0.177578326,
    "10":0.2926576188,
    "11":0.16151455,
    "12":0.1926449586,
    "13":0.172583119,
    "14":0.3117903052,
    "15":0.234007543,
    "16":0.2964811015,
    "17":0.1794877876,
    "18":0.16107004,
    "19":0.169853644,
    "20":0.1828089496,
    "21":0.2965188054,
    "22":0.163931509,
    "23":0.2422342831,
    "24":0.224238538,
    "25":0.158573854,
    "26":0.2930393467,
    "27":0.2308761721,
    "28":0.2338418227,
    "29":0.2404544723,
    "30":0.177037489,
    "31":0.18095788,
    "32":0.1789870537,
    "33":0.16692391,
    "34":0.2333956447,
    "35":0.1781781391,
    "36":0.5778028291,
    "37":0.2422738174,
    "38":0.3399726448,
    "39":0.1979727815,
    "40":0.16404508,
    "41":0.251655912,
    "42":0.2893754656,
    "43":0.3776530344,
    "44":0.1778542606,
    "45":0.16634476,
    "46":0.3912571248,
    "47":0.1771742818,
    "48":0.232830694,
    "49":0.233573383
  },
  "Uniform":{
    "0":0.2795217804,
    "1":0.2669703067,
    "2":0.3316119396,
    "3":0.3200893858,
    "4":0.1955978614,
    "5":0.198578953,
    "6":0.258229054,
    "7":0.190092502,
    "8":0.2685829859,
    "9":0.191471203,
    "10":0.332859069,
    "11":0.18348418,
    "12":0.2189301674,
    "13":0.188676109,
    "14":0.3370849388,
    "15":0.2660464936,
    "16":0.3229825843,
    "17":0.1965444517,
    "18":0.18258589,
    "19":0.194405167,
    "20":0.1991995021,
    "21":0.3323375424,
    "22":0.197405992,
    "23":0.2749755212,
    "24":0.259563448,
    "25":0.194027302,
    "26":0.3236394862,
    "27":0.2643354091,
    "28":0.2617023632,
    "29":0.274052148,
    "30":0.191947222,
    "31":0.189646165,
    "32":0.1988763193,
    "33":0.18540883,
    "34":0.2579603203,
    "35":0.1970043031,
    "36":0.6196009834,
    "37":0.2708090603,
    "38":0.4005362789,
    "39":0.2262405343,
    "40":0.18361135,
    "41":0.2728199201,
    "42":0.3237364999,
    "43":0.4102660121,
    "44":0.1800137998,
    "45":0.18825931,
    "46":0.4444611254,
    "47":0.2028616903,
    "48":0.2674006354,
    "49":0.260386975
  },
  "Prop":{
    "0":0.2803509734,
    "1":0.2682635527,
    "2":0.334988704,
    "3":0.3239206615,
    "4":0.2004194836,
    "5":0.188520535,
    "6":0.258721291,
    "7":0.195917779,
    "8":0.2724446958,
    "9":0.197744491,
    "10":0.3361190841,
    "11":0.18678745,
    "12":0.2082815396,
    "13":0.19343521,
    "14":0.3482426897,
    "15":0.2657818018,
    "16":0.3222944002,
    "17":0.1984978882,
    "18":0.19025677,
    "19":0.196741873,
    "20":0.1974054727,
    "21":0.3315681923,
    "22":0.190969057,
    "23":0.2803914256,
    "24":0.260548165,
    "25":0.192732184,
    "26":0.3283448896,
    "27":0.2602954855,
    "28":0.2715698447,
    "29":0.2689324734,
    "30":0.188963191,
    "31":0.194604364,
    "32":0.2012587975,
    "33":0.18586333,
    "34":0.2691657631,
    "35":0.1997258068,
    "36":0.6245192904,
    "37":0.2648996535,
    "38":0.3963215344,
    "39":0.2199666225,
    "40":0.18400276,
    "41":0.2676654349,
    "42":0.3298537162,
    "43":0.4139122745,
    "44":0.2000695798,
    "45":0.18704026,
    "46":0.4487257045,
    "47":0.1919230129,
    "48":0.2695950712,
    "49":0.258862555
  },
  "Delta_Uniform":{
    "0":-0.0248615369,
    "1":-0.0374096151,
    "2":-0.0358533208,
    "3":-0.0330804162,
    "4":-0.0150606135,
    "5":-0.029621151,
    "6":-0.021727845,
    "7":-0.025816734,
    "8":-0.0328987445,
    "9":-0.013892877,
    "10":-0.0402014502,
    "11":-0.02196963,
    "12":-0.0262852088,
    "13":-0.01609299,
    "14":-0.0252946336,
    "15":-0.0320389506,
    "16":-0.0265014828,
    "17":-0.0170566641,
    "18":-0.02151585,
    "19":-0.024551523,
    "20":-0.0163905525,
    "21":-0.035818737,
    "22":-0.033474483,
    "23":-0.0327412381,
    "24":-0.03532491,
    "25":-0.035453448,
    "26":-0.0306001395,
    "27":-0.033459237,
    "28":-0.0278605405,
    "29":-0.0335976757,
    "30":-0.014909733,
    "31":-0.008688285,
    "32":-0.0198892656,
    "33":-0.01848492,
    "34":-0.0245646756,
    "35":-0.018826164,
    "36":-0.0417981543,
    "37":-0.028535243,
    "38":-0.060563634,
    "39":-0.0282677528,
    "40":-0.01956627,
    "41":-0.021164008,
    "42":-0.0343610343,
    "43":-0.0326129777,
    "44":-0.0021595392,
    "45":-0.02191455,
    "46":-0.0532040006,
    "47":-0.0256874085,
    "48":-0.0345699414,
    "49":-0.026813592
  },
  "Delta_Prop":{
    "0":-0.0256907299,
    "1":-0.0387028611,
    "2":-0.0392300852,
    "3":-0.0369116919,
    "4":-0.0198822357,
    "5":-0.019562733,
    "6":-0.022220082,
    "7":-0.031642011,
    "8":-0.0367604544,
    "9":-0.020166165,
    "10":-0.0434614653,
    "11":-0.0252729,
    "12":-0.015636581,
    "13":-0.020852091,
    "14":-0.0364523846,
    "15":-0.0317742588,
    "16":-0.0258132987,
    "17":-0.0190101006,
    "18":-0.02918673,
    "19":-0.026888229,
    "20":-0.0145965231,
    "21":-0.0350493869,
    "22":-0.027037548,
    "23":-0.0381571425,
    "24":-0.036309627,
    "25":-0.03415833,
    "26":-0.0353055429,
    "27":-0.0294193134,
    "28":-0.0377280221,
    "29":-0.0284780011,
    "30":-0.011925702,
    "31":-0.013646484,
    "32":-0.0222717438,
    "33":-0.01893942,
    "34":-0.0357701184,
    "35":-0.0215476677,
    "36":-0.0467164613,
    "37":-0.0226258361,
    "38":-0.0563488896,
    "39":-0.0219938411,
    "40":-0.01995768,
    "41":-0.0160095229,
    "42":-0.0404782506,
    "43":-0.0362592401,
    "44":-0.0222153192,
    "45":-0.0206955,
    "46":-0.0574685798,
    "47":-0.0147487311,
    "48":-0.0367643772,
    "49":-0.025289172
  }
}