{
  "Astrahl":{
    "0":0.0000044046,
    "1":0.0000137217,
    "2":0.000022023,
    "3":0.0000036829,
    "4":0.000023283,
    "5":0.000008643,
    "6":0.0000160397,
    "7":0.0000711944,
    "8":0.0001465364,
    "9":0.000096313,
    "10":0.0,
    "11":0.0000182925,
    "12":0.0000108828,
    "13":0.0000423654,
    "14":0.00000398,
    "15":0.0000188195,
    "16":0.0000407077,
    "17":0.000009117,
    "18":0.000011524,
    "19":0.0000661276,
    "20":0.0000615855,
    "21":0.0001694089,
    "22":0.0000600118,
    "23":0.0000719506,
    "24":0.0000320173,
    "25":0.0000044046,
    "26":0.0,
    "27":0.0000073658,
    "28":0.0000558914,
    "29":0.000025074,
    "30":0.000068709,
    "31":0.0000109153,
    "32":0.0001499542,
    "33":0.0000224718,
    "34":0.0000719506,
    "35":0.0000132138,
    "36":0.000008643,
    "37":0.0000147316,
    "38":0.0000045739,
    "39":0.0000200824,
    "40":0.0000413533,
    "41":0.0000037639,
    "42":0.0000036829,
    "43":0.0000273137,
    "44":0.0000184431,
    "45":0.000356682,
    "46":0.0000112917,
    "47":0.0000305872,
    "48":0.000014405,
    "49":0.000008643
  },
  "Uniform":{
    "0":0.0000403346,
    "1":0.0001409433,
    "2":0.0000613103,
    "3":0.0000213,
    "4":0.0000410158,
    "5":0.0000557114,
    "6":0.0000474908,
    "7":0.0001106013,
    "8":0.0004218106,
    "9":0.0001521289,
    "10":0.0000475727,
    "11":0.000062604,
    "12":0.0000463118,
    "13":0.0001645207,
    "14":0.000016,
    "15":0.0000280859,
    "16":0.0001380353,
    "17":0.0000493483,
    "18":0.00002159,
    "19":0.0003163447,
    "20":0.0001988186,
    "21":0.0004297383,
    "22":0.0001961836,
    "23":0.0002471652,
    "24":0.0001198277,
    "25":0.0000468524,
    "26":0.0000783595,
    "27":0.0000319059,
    "28":0.0001987407,
    "29":0.0000791985,
    "30":0.0002292442,
    "31":0.00007442,
    "32":0.0003370774,
    "33":0.0000577459,
    "34":0.0002706307,
    "35":0.000027691,
    "36":0.000025362,
    "37":0.0000291578,
    "38":0.0000379539,
    "39":0.0001221709,
    "40":0.0001687891,
    "41":0.000028361,
    "42":0.0000365829,
    "43":0.0001711132,
    "44":0.0000872566,
    "45":0.000952756,
    "46":0.0000484269,
    "47":0.0000944769,
    "48":0.000021671,
    "49":0.000037901
  },
  "Prop":{
    "0":0.00002181,
    "1":0.0001127035,
    "2":0.0000504739,
    "3":0.0000342188,
    "4":0.0000427358,
    "5":0.0000697462,
    "6":0.0000537821,
    "7":0.0001343395,
    "8":0.000229179,
    "9":0.0001773827,
    "10":0.0000500854,
    "11":0.0000311739,
    "12":0.0000321754,
    "13":0.0001253841,
    "14":0.00002099,
    "15":0.0000281959,
    "16":0.0001493101,
    "17":0.0000256478,
    "18":0.000020542,
    "19":0.0002588619,
    "20":0.0001177106,
    "21":0.0005936123,
    "22":0.0001110639,
    "23":0.0002734127,
    "24":0.0000921339,
    "25":0.0000526764,
    "26":0.0001652425,
    "27":0.000027321,
    "28":0.0001333672,
    "29":0.0000939439,
    "30":0.0002036406,
    "31":0.0000590498,
    "32":0.0002916089,
    "33":0.0000749679,
    "34":0.0002873247,
    "35":0.0000487721,
    "36":0.0000127,
    "37":0.000024681,
    "38":0.0000484549,
    "39":0.000130081,
    "40":0.000144724,
    "41":0.0000335888,
    "42":0.0000241539,
    "43":0.0001412453,
    "44":0.0001033229,
    "45":0.0009920231,
    "46":0.0000578718,
    "47":0.000155405,
    "48":0.000022461,
    "49":0.000037391
  },
  "Delta_Uniform":{
    "0":-0.00003593,
    "1":-0.0001272216,
    "2":-0.0000392873,
    "3":-0.0000176171,
    "4":-0.0000177328,
    "5":-0.0000470684,
    "6":-0.0000314511,
    "7":-0.0000394069,
    "8":-0.0002752743,
    "9":-0.000055816,
    "10":-0.0000475727,
    "11":-0.0000443115,
    "12":-0.000035429,
    "13":-0.0001221553,
    "14":-0.00001202,
    "15":-0.0000092664,
    "16":-0.0000973276,
    "17":-0.0000402313,
    "18":-0.000010066,
    "19":-0.0002502172,
    "20":-0.0001372331,
    "21":-0.0002603293,
    "22":-0.0001361718,
    "23":-0.0001752146,
    "24":-0.0000878104,
    "25":-0.0000424478,
    "26":-0.0000783595,
    "27":-0.0000245401,
    "28":-0.0001428493,
    "29":-0.0000541245,
    "30":-0.0001605352,
    "31":-0.0000635047,
    "32":-0.0001871232,
    "33":-0.0000352741,
    "34":-0.0001986801,
    "35":-0.0000144772,
    "36":-0.000016719,
    "37":-0.0000144262,
    "38":-0.00003338,
    "39":-0.0001020885,
    "40":-0.0001274358,
    "41":-0.0000245971,
    "42":-0.0000329,
    "43":-0.0001437995,
    "44":-0.0000688135,
    "45":-0.000596074,
    "46":-0.0000371352,
    "47":-0.0000638896,
    "48":-0.000007266,
    "49":-0.000029258
  },
  "Delta_Prop":{
    "0":-0.0000174054,
    "1":-0.0000989818,
    "2":-0.0000284508,
    "3":-0.0000305359,
    "4":-0.0000194528,
    "5":-0.0000611032,
    "6":-0.0000377424,
    "7":-0.0000631451,
    "8":-0.0000826427,
    "9":-0.0000810697,
    "10":-0.0000500854,
    "11":-0.0000128814,
    "12":-0.0000212926,
    "13":-0.0000830187,
    "14":-0.00001701,
    "15":-0.0000093764,
    "16":-0.0001086024,
    "17":-0.0000165308,
    "18":-0.000009018,
    "19":-0.0001927343,
    "20":-0.0000561251,
    "21":-0.0004242034,
    "22":-0.000051052,
    "23":-0.0002014621,
    "24":-0.0000601166,
    "25":-0.0000482718,
    "26":-0.0001652425,
    "27":-0.0000199552,
    "28":-0.0000774758,
    "29":-0.0000688699,
    "30":-0.0001349317,
    "31":-0.0000481345,
    "32":-0.0001416547,
    "33":-0.0000524961,
    "34":-0.0002153741,
    "35":-0.0000355583,
    "36":-0.000004057,
    "37":-0.0000099494,
    "38":-0.000043881,
    "39":-0.0001099986,
    "40":-0.0001033707,
    "41":-0.0000298249,
    "42":-0.000020471,
    "43":-0.0001139316,
    "44":-0.0000848798,
    "45":-0.0006353411,
    "46":-0.0000465801,
    "47":-0.0001248177,
    "48":-0.000008056,
    "49":-0.000028748
  }
}