{
  "Astrahl":{
    "0":0.13336765,
    "1":0.13075351,
    "2":0.151876808,
    "3":0.1650001833,
    "4":0.2148519572,
    "5":0.11601381,
    "6":0.1874688256,
    "7":0.1864928113,
    "8":0.15662534,
    "9":0.244478189,
    "10":0.144710529,
    "11":0.17397295,
    "12":0.208335419,
    "13":0.3416663545,
    "14":0.2602584286,
    "15":0.15250281,
    "16":0.11877531,
    "17":0.169719809,
    "18":0.127471859,
    "19":0.2103661317,
    "20":0.175181639,
    "21":0.1929541429,
    "22":0.14113652,
    "23":0.155560028,
    "24":0.1887845941,
    "25":0.1287831,
    "26":0.15561583,
    "27":0.2730993547,
    "28":0.2590542252,
    "29":0.1405273603,
    "30":0.1651031043,
    "31":0.1977436261,
    "32":0.2095156432,
    "33":0.1366980581,
    "34":0.183145509,
    "35":0.2539000485,
    "36":0.2371381534,
    "37":0.1853998604,
    "38":0.186866146,
    "39":0.2111414787,
    "40":0.3369176871,
    "41":0.19215141,
    "42":0.2659925833,
    "43":0.213087437,
    "44":0.2149837246,
    "45":0.2309722357,
    "46":0.1904117491,
    "47":0.2066266862,
    "48":0.2050862764,
    "49":0.2294034562
  },
  "Uniform":{
    "0":0.161554079,
    "1":0.15493241,
    "2":0.18781124,
    "3":0.196953668,
    "4":0.246935017,
    "5":0.1643316,
    "6":0.2353358392,
    "7":0.1911560263,
    "8":0.19614692,
    "9":0.3248820898,
    "10":0.203400159,
    "11":0.21027731,
    "12":0.2603217051,
    "13":0.3911166525,
    "14":0.2984611463,
    "15":0.21306712,
    "16":0.18284721,
    "17":0.21847955,
    "18":0.173127869,
    "19":0.2697280093,
    "20":0.2969980697,
    "21":0.2215323421,
    "22":0.19458652,
    "23":0.19497795,
    "24":0.2694857041,
    "25":0.15923351,
    "26":0.1928193,
    "27":0.3371838914,
    "28":0.3493345887,
    "29":0.174278076,
    "30":0.1707926952,
    "31":0.2332943781,
    "32":0.2625254803,
    "33":0.157631058,
    "34":0.234973177,
    "35":0.3200729411,
    "36":0.2661458249,
    "37":0.2068029753,
    "38":0.2253334301,
    "39":0.2822214689,
    "40":0.4055718405,
    "41":0.2824817931,
    "42":0.3222057275,
    "43":0.2523534721,
    "44":0.2818431931,
    "45":0.2700968193,
    "46":0.2505477491,
    "47":0.2628851788,
    "48":0.2474248571,
    "49":0.3071417032
  },
  "Prop":{
    "0":0.17664215,
    "1":0.16288202,
    "2":0.192917446,
    "3":0.194551476,
    "4":0.2825353323,
    "5":0.1523376,
    "6":0.215415395,
    "7":0.1938716177,
    "8":0.18350743,
    "9":0.3248118353,
    "10":0.189727609,
    "11":0.20110911,
    "12":0.249826257,
    "13":0.3821413045,
    "14":0.3084619208,
    "15":0.1911562,
    "16":0.17080951,
    "17":0.242375518,
    "18":0.163576788,
    "19":0.2593963189,
    "20":0.240426928,
    "21":0.2337606531,
    "22":0.197406069,
    "23":0.181909199,
    "24":0.251370928,
    "25":0.1507126,
    "26":0.19418261,
    "27":0.3095486353,
    "28":0.3442004273,
    "29":0.1465355891,
    "30":0.1754769184,
    "31":0.23692669,
    "32":0.2614769335,
    "33":0.164335149,
    "34":0.22382671,
    "35":0.308619569,
    "36":0.2562112134,
    "37":0.2140454366,
    "38":0.2492892871,
    "39":0.2857822759,
    "40":0.4336115132,
    "41":0.2372964431,
    "42":0.310121276,
    "43":0.2669698403,
    "44":0.2579471121,
    "45":0.2707906332,
    "46":0.2250362911,
    "47":0.2685429153,
    "48":0.2443088502,
    "49":0.2955657232
  },
  "Delta_Uniform":{
    "0":-0.028186429,
    "1":-0.0241789,
    "2":-0.035934432,
    "3":-0.0319534847,
    "4":-0.0320830598,
    "5":-0.04831779,
    "6":-0.0478670136,
    "7":-0.004663215,
    "8":-0.03952158,
    "9":-0.0804039008,
    "10":-0.05868963,
    "11":-0.03630436,
    "12":-0.0519862861,
    "13":-0.049450298,
    "14":-0.0382027177,
    "15":-0.06056431,
    "16":-0.0640719,
    "17":-0.048759741,
    "18":-0.04565601,
    "19":-0.0593618776,
    "20":-0.1218164307,
    "21":-0.0285781992,
    "22":-0.05345,
    "23":-0.039417922,
    "24":-0.08070111,
    "25":-0.03045041,
    "26":-0.03720347,
    "27":-0.0640845367,
    "28":-0.0902803635,
    "29":-0.0337507157,
    "30":-0.0056895909,
    "31":-0.035550752,
    "32":-0.0530098371,
    "33":-0.0209329999,
    "34":-0.051827668,
    "35":-0.0661728926,
    "36":-0.0290076715,
    "37":-0.0214031149,
    "38":-0.0384672841,
    "39":-0.0710799902,
    "40":-0.0686541534,
    "41":-0.0903303831,
    "42":-0.0562131442,
    "43":-0.0392660351,
    "44":-0.0668594685,
    "45":-0.0391245836,
    "46":-0.060136,
    "47":-0.0562584926,
    "48":-0.0423385807,
    "49":-0.077738247
  },
  "Delta_Prop":{
    "0":-0.0432745,
    "1":-0.03212851,
    "2":-0.041040638,
    "3":-0.0295512927,
    "4":-0.0676833751,
    "5":-0.03632379,
    "6":-0.0279465694,
    "7":-0.0073788064,
    "8":-0.02688209,
    "9":-0.0803336463,
    "10":-0.04501708,
    "11":-0.02713616,
    "12":-0.041490838,
    "13":-0.04047495,
    "14":-0.0482034921,
    "15":-0.03865339,
    "16":-0.0520342,
    "17":-0.072655709,
    "18":-0.036104929,
    "19":-0.0490301872,
    "20":-0.065245289,
    "21":-0.0408065102,
    "22":-0.056269549,
    "23":-0.026349171,
    "24":-0.0625863339,
    "25":-0.0219295,
    "26":-0.03856678,
    "27":-0.0364492806,
    "28":-0.0851462021,
    "29":-0.0060082288,
    "30":-0.0103738141,
    "31":-0.0391830639,
    "32":-0.0519612903,
    "33":-0.0276370909,
    "34":-0.040681201,
    "35":-0.0547195205,
    "36":-0.01907306,
    "37":-0.0286455762,
    "38":-0.0624231411,
    "39":-0.0746407972,
    "40":-0.0966938261,
    "41":-0.0451450331,
    "42":-0.0441286927,
    "43":-0.0538824033,
    "44":-0.0429633875,
    "45":-0.0398183975,
    "46":-0.034624542,
    "47":-0.0619162291,
    "48":-0.0392225738,
    "49":-0.066162267
  }
}