{
  "Astrahl":{
    "0":0.0824521699,
    "1":0.087078331,
    "2":0.06898024,
    "3":0.1909171922,
    "4":0.1189257391,
    "5":0.0902490032,
    "6":0.0815698621,
    "7":0.0979123616,
    "8":0.0907871011,
    "9":0.081791542,
    "10":0.0876110131,
    "11":0.0993151702,
    "12":0.081913492,
    "13":0.080807671,
    "14":0.1719646014,
    "15":0.0793721809,
    "16":0.1334917684,
    "17":0.141743706,
    "18":0.0970325039,
    "19":0.1336117002,
    "20":0.0817548085,
    "21":0.082964143,
    "22":0.1743266824,
    "23":0.2056870899,
    "24":0.1026251226,
    "25":0.1149603318,
    "26":0.1269759975,
    "27":0.1218186388,
    "28":0.0952306196,
    "29":0.0681516,
    "30":0.2161562512,
    "31":0.2813199908,
    "32":0.226794082,
    "33":0.0671803579,
    "34":0.1316130528,
    "35":0.07317289,
    "36":0.07364116,
    "37":0.1022773024,
    "38":0.2890693995,
    "39":0.1905507098,
    "40":0.1521231127,
    "41":0.116383834,
    "42":0.083174077,
    "43":0.1472894489,
    "44":0.1925388326,
    "45":0.14194528,
    "46":0.06812884,
    "47":0.0966575593,
    "48":0.124058233,
    "49":0.1034584845
  },
  "Uniform":{
    "0":0.115372882,
    "1":0.112153914,
    "2":0.10286956,
    "3":0.2604256894,
    "4":0.1784830554,
    "5":0.1231043687,
    "6":0.1037501343,
    "7":0.1189029207,
    "8":0.1138545828,
    "9":0.103873888,
    "10":0.1039432131,
    "11":0.1157711752,
    "12":0.100834163,
    "13":0.108603774,
    "14":0.2540117564,
    "15":0.1216834309,
    "16":0.1786551697,
    "17":0.1492749275,
    "18":0.1145652872,
    "19":0.1818930467,
    "20":0.1157454639,
    "21":0.106121888,
    "22":0.2506955915,
    "23":0.3065498978,
    "24":0.1254755538,
    "25":0.1490568368,
    "26":0.1759906942,
    "27":0.1749591937,
    "28":0.1340645508,
    "29":0.106691598,
    "30":0.2952045917,
    "31":0.2923170052,
    "32":0.3159424959,
    "33":0.1079626931,
    "34":0.1760892046,
    "35":0.09061092,
    "36":0.09307935,
    "37":0.1347211708,
    "38":0.3594216082,
    "39":0.2527655073,
    "40":0.1943837276,
    "41":0.173879379,
    "42":0.10352395,
    "43":0.1953959132,
    "44":0.2461930097,
    "45":0.1843374612,
    "46":0.09531432,
    "47":0.1195712722,
    "48":0.168139998,
    "49":0.1149355095
  },
  "Prop":{
    "0":0.1175057757,
    "1":0.10725057,
    "2":0.10119142,
    "3":0.2485193872,
    "4":0.1772250643,
    "5":0.1211287213,
    "6":0.1114802216,
    "7":0.1156561461,
    "8":0.1137819176,
    "9":0.101929699,
    "10":0.1044785827,
    "11":0.1129043124,
    "12":0.107862346,
    "13":0.098621351,
    "14":0.2535705767,
    "15":0.1240534999,
    "16":0.1747104688,
    "17":0.1518300935,
    "18":0.1158046649,
    "19":0.179414036,
    "20":0.106331455,
    "21":0.101783872,
    "22":0.261316607,
    "23":0.3004558557,
    "24":0.1196755421,
    "25":0.1528727733,
    "26":0.1783946679,
    "27":0.1779335416,
    "28":0.1318070003,
    "29":0.09839743,
    "30":0.2999251705,
    "31":0.2942881569,
    "32":0.3086164368,
    "33":0.1064210455,
    "34":0.181812673,
    "35":0.10468457,
    "36":0.09651861,
    "37":0.1310666983,
    "38":0.3504914996,
    "39":0.2743205034,
    "40":0.1929903758,
    "41":0.167954914,
    "42":0.10144584,
    "43":0.1968730475,
    "44":0.2598417108,
    "45":0.196749842,
    "46":0.09086598,
    "47":0.1144259101,
    "48":0.182672308,
    "49":0.1156807969
  },
  "Delta_Uniform":{
    "0":-0.0329207121,
    "1":-0.025075583,
    "2":-0.03388932,
    "3":-0.0695084971,
    "4":-0.0595573163,
    "5":-0.0328553655,
    "6":-0.0221802722,
    "7":-0.0209905591,
    "8":-0.0230674817,
    "9":-0.022082346,
    "10":-0.0163322,
    "11":-0.016456005,
    "12":-0.018920671,
    "13":-0.027796103,
    "14":-0.082047155,
    "15":-0.04231125,
    "16":-0.0451634013,
    "17":-0.0075312215,
    "18":-0.0175327833,
    "19":-0.0482813465,
    "20":-0.0339906554,
    "21":-0.023157745,
    "22":-0.0763689091,
    "23":-0.1008628079,
    "24":-0.0228504312,
    "25":-0.034096505,
    "26":-0.0490146967,
    "27":-0.0531405549,
    "28":-0.0388339312,
    "29":-0.038539998,
    "30":-0.0790483406,
    "31":-0.0109970144,
    "32":-0.0891484139,
    "33":-0.0407823352,
    "34":-0.0444761518,
    "35":-0.01743803,
    "36":-0.01943819,
    "37":-0.0324438683,
    "38":-0.0703522087,
    "39":-0.0622147975,
    "40":-0.0422606149,
    "41":-0.057495545,
    "42":-0.020349873,
    "43":-0.0481064643,
    "44":-0.0536541771,
    "45":-0.0423921812,
    "46":-0.02718548,
    "47":-0.0229137129,
    "48":-0.044081765,
    "49":-0.0114770249
  },
  "Delta_Prop":{
    "0":-0.0350536058,
    "1":-0.020172239,
    "2":-0.03221118,
    "3":-0.0576021949,
    "4":-0.0582993252,
    "5":-0.0308797181,
    "6":-0.0299103595,
    "7":-0.0177437844,
    "8":-0.0229948165,
    "9":-0.020138157,
    "10":-0.0168675696,
    "11":-0.0135891422,
    "12":-0.025948854,
    "13":-0.01781368,
    "14":-0.0816059753,
    "15":-0.044681319,
    "16":-0.0412187004,
    "17":-0.0100863875,
    "18":-0.018772161,
    "19":-0.0458023359,
    "20":-0.0245766465,
    "21":-0.018819729,
    "22":-0.0869899245,
    "23":-0.0947687657,
    "24":-0.0170504194,
    "25":-0.0379124414,
    "26":-0.0514186704,
    "27":-0.0561149028,
    "28":-0.0365763806,
    "29":-0.03024583,
    "30":-0.0837689193,
    "31":-0.0129681661,
    "32":-0.0818223548,
    "33":-0.0392406876,
    "34":-0.0501996201,
    "35":-0.03151168,
    "36":-0.02287745,
    "37":-0.0287893958,
    "38":-0.0614221,
    "39":-0.0837697936,
    "40":-0.0408672631,
    "41":-0.05157108,
    "42":-0.018271763,
    "43":-0.0495835986,
    "44":-0.0673028782,
    "45":-0.054804562,
    "46":-0.02273714,
    "47":-0.0177683508,
    "48":-0.058614075,
    "49":-0.0122223124
  }
}