{
  "Astrahl":{
    "0":0.0298836,
    "1":0.0437583297,
    "2":0.030477593,
    "3":0.0560086034,
    "4":0.0761419635,
    "5":0.0642724774,
    "6":0.0775312709,
    "7":0.041673563,
    "8":0.03719999,
    "9":0.0615633427,
    "10":0.0370667769,
    "11":0.044242271,
    "12":0.0495662094,
    "13":0.028647351,
    "14":0.0494479195,
    "15":0.0462755946,
    "16":0.0988700246,
    "17":0.0734118257,
    "18":0.1070465308,
    "19":0.0407716209,
    "20":0.038919621,
    "21":0.06995514,
    "22":0.033953711,
    "23":0.0685009409,
    "24":0.0432697242,
    "25":0.0490169639,
    "26":0.055617982,
    "27":0.044280697,
    "28":0.0330953219,
    "29":0.0413582428,
    "30":0.04957147,
    "31":0.03640686,
    "32":0.108938071,
    "33":0.02560989,
    "34":0.0825936734,
    "35":0.02973976,
    "36":0.0720388954,
    "37":0.0446741367,
    "38":0.039654991,
    "39":0.03607734,
    "40":0.034543013,
    "41":0.05618494,
    "42":0.0373200537,
    "43":0.032906992,
    "44":0.03570416,
    "45":0.0481443169,
    "46":0.0858654021,
    "47":0.03092916,
    "48":0.036787606,
    "49":0.0647153578
  },
  "Uniform":{
    "0":0.06475458,
    "1":0.0671628069,
    "2":0.069254621,
    "3":0.0838639881,
    "4":0.1276709644,
    "5":0.1205193476,
    "6":0.1155581097,
    "7":0.0722870889,
    "8":0.0607708,
    "9":0.102130956,
    "10":0.0683233068,
    "11":0.056891852,
    "12":0.0755238109,
    "13":0.062889433,
    "14":0.0808020828,
    "15":0.0718901857,
    "16":0.2142425648,
    "17":0.1206948161,
    "18":0.2125133929,
    "19":0.0749079399,
    "20":0.075483395,
    "21":0.1591115399,
    "22":0.06716713,
    "23":0.1140369317,
    "24":0.0788013095,
    "25":0.0718475089,
    "26":0.1170554589,
    "27":0.064191162,
    "28":0.0663635086,
    "29":0.0685869282,
    "30":0.104414431,
    "31":0.06123608,
    "32":0.2071125243,
    "33":0.05297237,
    "34":0.1377485183,
    "35":0.05841918,
    "36":0.1313673208,
    "37":0.0813352767,
    "38":0.061935721,
    "39":0.06256523,
    "40":0.064546921,
    "41":0.111694701,
    "42":0.0605215619,
    "43":0.065374496,
    "44":0.05701456,
    "45":0.0740800079,
    "46":0.1675943611,
    "47":0.065898521,
    "48":0.058222942,
    "49":0.0900437008
  },
  "Prop":{
    "0":0.06788798,
    "1":0.0704549018,
    "2":0.065443711,
    "3":0.08605667,
    "4":0.1471588433,
    "5":0.1106293241,
    "6":0.1360451635,
    "7":0.0671604608,
    "8":0.05838237,
    "9":0.1096147548,
    "10":0.0666843629,
    "11":0.06459895,
    "12":0.0704426867,
    "13":0.06060885,
    "14":0.0784469098,
    "15":0.0667290247,
    "16":0.1995967643,
    "17":0.12405432,
    "18":0.1991613582,
    "19":0.060770784,
    "20":0.06545716,
    "21":0.1734380287,
    "22":0.053515182,
    "23":0.105239294,
    "24":0.0724316828,
    "25":0.071578422,
    "26":0.1049589307,
    "27":0.07177134,
    "28":0.0658792858,
    "29":0.0574828851,
    "30":0.10567974,
    "31":0.05537647,
    "32":0.2085919939,
    "33":0.06212305,
    "34":0.14400682,
    "35":0.05582399,
    "36":0.118701767,
    "37":0.0767627029,
    "38":0.061948562,
    "39":0.061620601,
    "40":0.064522872,
    "41":0.115027672,
    "42":0.0677774946,
    "43":0.0650870619,
    "44":0.05728618,
    "45":0.0675704694,
    "46":0.1695805766,
    "47":0.054638223,
    "48":0.063483521,
    "49":0.0920619571
  },
  "Delta_Uniform":{
    "0":-0.03487098,
    "1":-0.0234044772,
    "2":-0.038777028,
    "3":-0.0278553847,
    "4":-0.0515290009,
    "5":-0.0562468702,
    "6":-0.0380268388,
    "7":-0.0306135259,
    "8":-0.02357081,
    "9":-0.0405676133,
    "10":-0.0312565299,
    "11":-0.012649581,
    "12":-0.0259576015,
    "13":-0.034242082,
    "14":-0.0313541633,
    "15":-0.0256145911,
    "16":-0.1153725402,
    "17":-0.0472829904,
    "18":-0.1054668621,
    "19":-0.034136319,
    "20":-0.036563774,
    "21":-0.0891563999,
    "22":-0.033213419,
    "23":-0.0455359908,
    "24":-0.0355315853,
    "25":-0.022830545,
    "26":-0.0614374769,
    "27":-0.019910465,
    "28":-0.0332681867,
    "29":-0.0272286854,
    "30":-0.054842961,
    "31":-0.02482922,
    "32":-0.0981744533,
    "33":-0.02736248,
    "34":-0.0551548449,
    "35":-0.02867942,
    "36":-0.0593284254,
    "37":-0.03666114,
    "38":-0.02228073,
    "39":-0.02648789,
    "40":-0.030003908,
    "41":-0.055509761,
    "42":-0.0232015082,
    "43":-0.032467504,
    "44":-0.0213104,
    "45":-0.025935691,
    "46":-0.081728959,
    "47":-0.034969361,
    "48":-0.021435336,
    "49":-0.025328343
  },
  "Delta_Prop":{
    "0":-0.03800438,
    "1":-0.0266965721,
    "2":-0.034966118,
    "3":-0.0300480666,
    "4":-0.0710168798,
    "5":-0.0463568467,
    "6":-0.0585138926,
    "7":-0.0254868978,
    "8":-0.02118238,
    "9":-0.0480514121,
    "10":-0.029617586,
    "11":-0.020356679,
    "12":-0.0208764774,
    "13":-0.031961499,
    "14":-0.0289989903,
    "15":-0.0204534301,
    "16":-0.1007267397,
    "17":-0.0506424943,
    "18":-0.0921148274,
    "19":-0.0199991631,
    "20":-0.026537539,
    "21":-0.1034828887,
    "22":-0.019561471,
    "23":-0.0367383531,
    "24":-0.0291619586,
    "25":-0.0225614581,
    "26":-0.0493409487,
    "27":-0.027490643,
    "28":-0.0327839639,
    "29":-0.0161246423,
    "30":-0.05610827,
    "31":-0.01896961,
    "32":-0.0996539229,
    "33":-0.03651316,
    "34":-0.0614131465,
    "35":-0.02608423,
    "36":-0.0466628716,
    "37":-0.0320885662,
    "38":-0.022293571,
    "39":-0.025543261,
    "40":-0.029979859,
    "41":-0.058842732,
    "42":-0.0304574409,
    "43":-0.0321800699,
    "44":-0.02158202,
    "45":-0.0194261525,
    "46":-0.0837151745,
    "47":-0.023709063,
    "48":-0.026695915,
    "49":-0.0273465993
  }
}