{
  "Astrahl":{
    "0":0.0000001546,
    "1":0.0000001753,
    "2":0.0,
    "3":0.000000039,
    "4":0.0000000461,
    "5":0.000000059,
    "6":0.000000067,
    "7":0.0000003086,
    "8":0.000000311,
    "9":0.0000011216,
    "10":0.0000009671,
    "11":0.000001162,
    "12":0.0000001437,
    "13":0.0000001888,
    "14":0.00000004,
    "15":0.0000002668,
    "16":0.000000038,
    "17":0.0000002288,
    "18":0.00000001,
    "19":0.00000003,
    "20":0.000000252,
    "21":0.000000029,
    "22":0.00000001,
    "23":0.00000003,
    "24":0.0000001121,
    "25":0.0000001473,
    "26":0.0000000761,
    "27":0.0000012785,
    "28":0.0000006295,
    "29":0.0000001544,
    "30":0.0000001012,
    "31":0.0000003383,
    "32":0.0000004126,
    "33":0.00000001,
    "34":0.00000003,
    "35":0.0000002388,
    "36":0.0000001825,
    "37":0.0000000741,
    "38":0.00000002,
    "39":0.00000004,
    "40":0.0000003615,
    "41":0.000000049,
    "42":0.000000058,
    "43":0.0000000952,
    "44":0.000000086,
    "45":0.0000000471,
    "46":0.0000001456,
    "47":0.0000018697,
    "48":0.000000038,
    "49":0.00000002
  },
  "Uniform":{
    "0":0.0000002088,
    "1":0.0000001444,
    "2":0.00000001,
    "3":0.000000048,
    "4":0.000000048,
    "5":0.00000004,
    "6":0.000000067,
    "7":0.000000553,
    "8":0.0000001727,
    "9":0.0000015943,
    "10":0.0000019989,
    "11":0.0000012899,
    "12":0.0000002097,
    "13":0.0000001446,
    "14":0.0,
    "15":0.0000002512,
    "16":0.0000000941,
    "17":0.000000114,
    "18":0.00000001,
    "19":0.00000001,
    "20":0.0000002764,
    "21":0.000000105,
    "22":0.00000002,
    "23":0.0,
    "24":0.000000068,
    "25":0.0000003663,
    "26":0.0000000571,
    "27":0.0000009711,
    "28":0.0000012156,
    "29":0.0000005408,
    "30":0.0000003298,
    "31":0.0000002673,
    "32":0.0000003227,
    "33":0.000000116,
    "34":0.000000029,
    "35":0.0000004928,
    "36":0.000000029,
    "37":0.000000067,
    "38":0.00000003,
    "39":0.000000068,
    "40":0.0000000741,
    "41":0.000000019,
    "42":0.000000039,
    "43":0.0000001314,
    "44":0.0000000561,
    "45":0.000000067,
    "46":0.0000001312,
    "47":0.0000016367,
    "48":0.000000019,
    "49":0.000000029
  },
  "Prop":{
    "0":0.0000000986,
    "1":0.000000124,
    "2":0.00000001,
    "3":0.000000058,
    "4":0.0000002764,
    "5":0.000000019,
    "6":0.000000058,
    "7":0.0000001529,
    "8":0.0000000912,
    "9":0.0000006494,
    "10":0.0000015764,
    "11":0.0000009607,
    "12":0.0000002149,
    "13":0.0000001817,
    "14":0.000000019,
    "15":0.0000003802,
    "16":0.0000000941,
    "17":0.0000001926,
    "18":0.00000003,
    "19":0.00000002,
    "20":0.0000002511,
    "21":0.0000003756,
    "22":0.0,
    "23":0.000000049,
    "24":0.00000001,
    "25":0.0000004218,
    "26":0.0000001051,
    "27":0.0000009059,
    "28":0.0000006587,
    "29":0.0000003859,
    "30":0.000000351,
    "31":0.0000001925,
    "32":0.0000003037,
    "33":0.00000002,
    "34":0.00000002,
    "35":0.0000001954,
    "36":0.0000001888,
    "37":0.0000000515,
    "38":0.00000004,
    "39":0.00000001,
    "40":0.0000002207,
    "41":0.00000003,
    "42":0.000000049,
    "43":0.0000001558,
    "44":0.0000001924,
    "45":0.0000000841,
    "46":0.0000001456,
    "47":0.0000019001,
    "48":0.000000077,
    "49":0.000000095
  },
  "Delta_Uniform":{
    "0":-0.0000000542,
    "1":0.0000000309,
    "2":-0.00000001,
    "3":-0.000000009,
    "4":-0.0000000019,
    "5":0.000000019,
    "6":0.0,
    "7":-0.0000002444,
    "8":0.0000001384,
    "9":-0.0000004726,
    "10":-0.0000010318,
    "11":-0.0000001279,
    "12":-0.000000066,
    "13":0.0000000442,
    "14":0.00000004,
    "15":0.0000000156,
    "16":-0.0000000561,
    "17":0.0000001148,
    "18":0.0,
    "19":0.00000002,
    "20":-0.0000000244,
    "21":-0.000000076,
    "22":-0.00000001,
    "23":0.00000003,
    "24":0.0000000441,
    "25":-0.000000219,
    "26":0.000000019,
    "27":0.0000003074,
    "28":-0.0000005861,
    "29":-0.0000003864,
    "30":-0.0000002286,
    "31":0.000000071,
    "32":0.0000000898,
    "33":-0.000000106,
    "34":0.000000001,
    "35":-0.000000254,
    "36":0.0000001535,
    "37":0.0000000071,
    "38":-0.00000001,
    "39":-0.000000028,
    "40":0.0000002874,
    "41":0.00000003,
    "42":0.000000019,
    "43":-0.0000000363,
    "44":0.0000000299,
    "45":-0.0000000199,
    "46":0.0000000144,
    "47":0.000000233,
    "48":0.000000019,
    "49":-0.000000009
  },
  "Delta_Prop":{
    "0":0.000000056,
    "1":0.0000000513,
    "2":-0.00000001,
    "3":-0.000000019,
    "4":-0.0000002303,
    "5":0.00000004,
    "6":0.000000009,
    "7":0.0000001557,
    "8":0.0000002198,
    "9":0.0000004723,
    "10":-0.0000006092,
    "11":0.0000002013,
    "12":-0.0000000712,
    "13":0.0000000071,
    "14":0.000000021,
    "15":-0.0000001134,
    "16":-0.0000000561,
    "17":0.0000000362,
    "18":-0.00000002,
    "19":0.00000001,
    "20":0.0000000009,
    "21":-0.0000003466,
    "22":0.00000001,
    "23":-0.000000019,
    "24":0.0000001021,
    "25":-0.0000002745,
    "26":-0.000000029,
    "27":0.0000003726,
    "28":-0.0000000292,
    "29":-0.0000002315,
    "30":-0.0000002498,
    "31":0.0000001458,
    "32":0.0000001088,
    "33":-0.00000001,
    "34":0.00000001,
    "35":0.0000000434,
    "36":-0.0000000063,
    "37":0.0000000226,
    "38":-0.00000002,
    "39":0.00000003,
    "40":0.0000001408,
    "41":0.000000019,
    "42":0.000000009,
    "43":-0.0000000607,
    "44":-0.0000001064,
    "45":-0.000000037,
    "46":0.0,
    "47":-0.0000000304,
    "48":-0.000000039,
    "49":-0.000000075
  }
}