{
  "Astrahl":{
    "0":0.0060950155,
    "1":0.0030894,
    "2":0.00267748,
    "3":0.0055585589,
    "4":0.005591814,
    "5":0.003136368,
    "6":0.0064782025,
    "7":0.00252301,
    "8":0.0050326326,
    "9":0.0064782025,
    "10":0.002940345,
    "11":0.0042015726,
    "12":0.0066342361,
    "13":0.0062147238,
    "14":0.0055187727,
    "15":0.0042793795,
    "16":0.009894208,
    "17":0.0081152305,
    "18":0.0048964416,
    "19":0.006337372,
    "20":0.0059927693,
    "21":0.0031900829,
    "22":0.0076346032,
    "23":0.0045666481,
    "24":0.004259578,
    "25":0.003011081,
    "26":0.0144210421,
    "27":0.0075464298,
    "28":0.0095089259,
    "29":0.00272897,
    "30":0.008056872,
    "31":0.004039255,
    "32":0.004626783,
    "33":0.0048964416,
    "34":0.003528414,
    "35":0.0048489556,
    "36":0.0049796416,
    "37":0.00350132,
    "38":0.005714077,
    "39":0.0063864293,
    "40":0.005519625,
    "41":0.00267748,
    "42":0.0049854678,
    "43":0.0057950933,
    "44":0.0199328616,
    "45":0.0098136336,
    "46":0.0052535502,
    "47":0.003892373,
    "48":0.0102296048,
    "49":0.0105854081
  },
  "Uniform":{
    "0":0.0094601227,
    "1":0.00340453,
    "2":0.00382443,
    "3":0.00903495,
    "4":0.0067088355,
    "5":0.004798321,
    "6":0.0109650341,
    "7":0.00375009,
    "8":0.0072173156,
    "9":0.01036324,
    "10":0.00517891,
    "11":0.0057862,
    "12":0.0089935896,
    "13":0.0087227824,
    "14":0.0082749775,
    "15":0.0055519439,
    "16":0.0128528936,
    "17":0.0102545639,
    "18":0.0066588846,
    "19":0.0104230776,
    "20":0.0087299752,
    "21":0.0059997558,
    "22":0.0104895141,
    "23":0.0074348327,
    "24":0.005514222,
    "25":0.005231227,
    "26":0.0207482323,
    "27":0.0129636032,
    "28":0.0136590046,
    "29":0.00372667,
    "30":0.0122612177,
    "31":0.005336533,
    "32":0.005407923,
    "33":0.0060959332,
    "34":0.00528469,
    "35":0.0095125448,
    "36":0.0056514036,
    "37":0.00392195,
    "38":0.0093522364,
    "39":0.0085440285,
    "40":0.0061993767,
    "41":0.0038584,
    "42":0.0068971905,
    "43":0.0091952625,
    "44":0.025553972,
    "45":0.0129449296,
    "46":0.0072540199,
    "47":0.005579991,
    "48":0.012650701,
    "49":0.0129163848
  },
  "Prop":{
    "0":0.0090954796,
    "1":0.00377374,
    "2":0.00380165,
    "3":0.0078574567,
    "4":0.0066303508,
    "5":0.005059907,
    "6":0.0107329334,
    "7":0.00359213,
    "8":0.0063858603,
    "9":0.0098505673,
    "10":0.004628431,
    "11":0.0057448746,
    "12":0.0080944999,
    "13":0.0077248709,
    "14":0.008607869,
    "15":0.0057719446,
    "16":0.0137214346,
    "17":0.0093975857,
    "18":0.0067378089,
    "19":0.0106085549,
    "20":0.00864507,
    "21":0.0056408918,
    "22":0.0108672903,
    "23":0.0070895207,
    "24":0.005649993,
    "25":0.005399933,
    "26":0.0212370463,
    "27":0.0126743869,
    "28":0.0139182835,
    "29":0.00406732,
    "30":0.0121629779,
    "31":0.005463675,
    "32":0.004836581,
    "33":0.0066687369,
    "34":0.004941765,
    "35":0.0082391608,
    "36":0.0057311681,
    "37":0.00402765,
    "38":0.0086663406,
    "39":0.0081173402,
    "40":0.0064697255,
    "41":0.00380272,
    "42":0.0063714151,
    "43":0.0087789165,
    "44":0.0266206994,
    "45":0.0132839206,
    "46":0.0074151352,
    "47":0.005273319,
    "48":0.0132025875,
    "49":0.0132188763
  },
  "Delta_Uniform":{
    "0":-0.0033651073,
    "1":-0.00031513,
    "2":-0.00114695,
    "3":-0.0034763912,
    "4":-0.0011170215,
    "5":-0.001661953,
    "6":-0.0044868316,
    "7":-0.00122708,
    "8":-0.002184683,
    "9":-0.0038850375,
    "10":-0.002238565,
    "11":-0.0015846274,
    "12":-0.0023593535,
    "13":-0.0025080586,
    "14":-0.0027562047,
    "15":-0.0012725644,
    "16":-0.0029586856,
    "17":-0.0021393334,
    "18":-0.0017624431,
    "19":-0.0040857056,
    "20":-0.0027372059,
    "21":-0.0028096729,
    "22":-0.002854911,
    "23":-0.0028681846,
    "24":-0.001254644,
    "25":-0.002220146,
    "26":-0.0063271903,
    "27":-0.0054171734,
    "28":-0.0041500787,
    "29":-0.0009977,
    "30":-0.0042043457,
    "31":-0.001297278,
    "32":-0.00078114,
    "33":-0.0011994917,
    "34":-0.001756276,
    "35":-0.0046635892,
    "36":-0.000671762,
    "37":-0.00042063,
    "38":-0.0036381594,
    "39":-0.0021575991,
    "40":-0.0006797517,
    "41":-0.00118092,
    "42":-0.0019117228,
    "43":-0.0034001692,
    "44":-0.0056211103,
    "45":-0.003131296,
    "46":-0.0020004696,
    "47":-0.001687618,
    "48":-0.0024210961,
    "49":-0.0023309767
  },
  "Delta_Prop":{
    "0":-0.0030004642,
    "1":-0.00068434,
    "2":-0.00112417,
    "3":-0.0022988979,
    "4":-0.0010385368,
    "5":-0.001923539,
    "6":-0.0042547309,
    "7":-0.00106912,
    "8":-0.0013532277,
    "9":-0.0033723648,
    "10":-0.001688086,
    "11":-0.001543302,
    "12":-0.0014602638,
    "13":-0.0015101472,
    "14":-0.0030890963,
    "15":-0.0014925651,
    "16":-0.0038272266,
    "17":-0.0012823552,
    "18":-0.0018413674,
    "19":-0.0042711829,
    "20":-0.0026523006,
    "21":-0.0024508089,
    "22":-0.0032326871,
    "23":-0.0025228726,
    "24":-0.001390415,
    "25":-0.002388852,
    "26":-0.0068160043,
    "27":-0.0051279571,
    "28":-0.0044093576,
    "29":-0.00133835,
    "30":-0.0041061059,
    "31":-0.00142442,
    "32":-0.000209798,
    "33":-0.0017722953,
    "34":-0.001413351,
    "35":-0.0033902052,
    "36":-0.0007515265,
    "37":-0.00052633,
    "38":-0.0029522636,
    "39":-0.0017309109,
    "40":-0.0009501005,
    "41":-0.00112524,
    "42":-0.0013859473,
    "43":-0.0029838232,
    "44":-0.0066878377,
    "45":-0.0034702871,
    "46":-0.002161585,
    "47":-0.001380946,
    "48":-0.0029729826,
    "49":-0.0026334683
  }
}