{
  "Astrahl":{
    "0":0.2175517162,
    "1":0.1270824617,
    "2":0.2074459473,
    "3":0.095544618,
    "4":0.1394334737,
    "5":0.1349279744,
    "6":0.1226275678,
    "7":0.201891094,
    "8":0.1165480657,
    "9":0.1648926671,
    "10":0.1741961919,
    "11":0.101962678,
    "12":0.101078106,
    "13":0.1260005769,
    "14":0.150489927,
    "15":0.1116711762,
    "16":0.1226401866,
    "17":0.10588311,
    "18":0.1982709799,
    "19":0.183304731,
    "20":0.10122461,
    "21":0.1798555954,
    "22":0.152473663,
    "23":0.095948922,
    "24":0.09658772,
    "25":0.160679088,
    "26":0.2313001854,
    "27":0.1367587538,
    "28":0.147281558,
    "29":0.136589766,
    "30":0.1485847392,
    "31":0.1150466974,
    "32":0.1799604649,
    "33":0.1421576205,
    "34":0.2458977855,
    "35":0.2387298489,
    "36":0.1742917171,
    "37":0.2070405317,
    "38":0.09631403,
    "39":0.110647788,
    "40":0.09489127,
    "41":0.1262570671,
    "42":0.1752518121,
    "43":0.1083197932,
    "44":0.09559045,
    "45":0.110995164,
    "46":0.1118250817,
    "47":0.1348929205,
    "48":0.118434194,
    "49":0.2009574065
  },
  "Uniform":{
    "0":0.2273269321,
    "1":0.1482254422,
    "2":0.267798696,
    "3":0.11648062,
    "4":0.14364675,
    "5":0.1466778884,
    "6":0.1404256744,
    "7":0.2249548213,
    "8":0.1427115925,
    "9":0.1757870773,
    "10":0.2154991466,
    "11":0.125526457,
    "12":0.123595911,
    "13":0.1346122927,
    "14":0.185032468,
    "15":0.1283611832,
    "16":0.1359778816,
    "17":0.11336806,
    "18":0.2312816991,
    "19":0.1810969368,
    "20":0.11294387,
    "21":0.1885277545,
    "22":0.181907749,
    "23":0.121852088,
    "24":0.11501164,
    "25":0.18479601,
    "26":0.2482520967,
    "27":0.1550437185,
    "28":0.186339403,
    "29":0.1434208907,
    "30":0.1666045769,
    "31":0.1429999021,
    "32":0.2173101274,
    "33":0.1516663277,
    "34":0.2814448707,
    "35":0.2917032428,
    "36":0.2000191125,
    "37":0.2389664513,
    "38":0.11429667,
    "39":0.114757064,
    "40":0.11115683,
    "41":0.1460099744,
    "42":0.2064525164,
    "43":0.1277624259,
    "44":0.11527462,
    "45":0.128018377,
    "46":0.1298748834,
    "47":0.1475833091,
    "48":0.129918078,
    "49":0.2252925987
  },
  "Prop":{
    "0":0.2263739385,
    "1":0.1434577361,
    "2":0.240366397,
    "3":0.125237266,
    "4":0.1552617841,
    "5":0.1544433803,
    "6":0.1370862127,
    "7":0.2343838694,
    "8":0.1452460798,
    "9":0.1636022776,
    "10":0.2039730386,
    "11":0.121601683,
    "12":0.120884275,
    "13":0.1366113331,
    "14":0.182600703,
    "15":0.1264129659,
    "16":0.1339590295,
    "17":0.10977274,
    "18":0.2246789923,
    "19":0.1852142486,
    "20":0.11543858,
    "21":0.1819069364,
    "22":0.18475579,
    "23":0.127989019,
    "24":0.11577374,
    "25":0.175472036,
    "26":0.2534199848,
    "27":0.1492102183,
    "28":0.177407461,
    "29":0.1514201963,
    "30":0.1613821408,
    "31":0.1381576419,
    "32":0.2203558882,
    "33":0.1563401178,
    "34":0.2822075194,
    "35":0.2787811379,
    "36":0.1928418093,
    "37":0.2336897085,
    "38":0.10314081,
    "39":0.118857286,
    "40":0.10848888,
    "41":0.1408429091,
    "42":0.2094850845,
    "43":0.1369128724,
    "44":0.11039337,
    "45":0.122351977,
    "46":0.1358987669,
    "47":0.1599510087,
    "48":0.13105684,
    "49":0.2258447323
  },
  "Delta_Uniform":{
    "0":-0.0097752159,
    "1":-0.0211429805,
    "2":-0.0603527488,
    "3":-0.020936002,
    "4":-0.0042132763,
    "5":-0.0117499139,
    "6":-0.0177981066,
    "7":-0.0230637273,
    "8":-0.0261635268,
    "9":-0.0108944102,
    "10":-0.0413029547,
    "11":-0.023563779,
    "12":-0.022517805,
    "13":-0.0086117158,
    "14":-0.034542541,
    "15":-0.016690007,
    "16":-0.013337695,
    "17":-0.00748495,
    "18":-0.0330107193,
    "19":0.0022077942,
    "20":-0.01171926,
    "21":-0.008672159,
    "22":-0.029434086,
    "23":-0.025903166,
    "24":-0.01842392,
    "25":-0.024116922,
    "26":-0.0169519113,
    "27":-0.0182849647,
    "28":-0.039057845,
    "29":-0.0068311247,
    "30":-0.0180198376,
    "31":-0.0279532047,
    "32":-0.0373496625,
    "33":-0.0095087072,
    "34":-0.0355470852,
    "35":-0.0529733939,
    "36":-0.0257273953,
    "37":-0.0319259197,
    "38":-0.01798264,
    "39":-0.004109276,
    "40":-0.01626556,
    "41":-0.0197529074,
    "42":-0.0312007043,
    "43":-0.0194426327,
    "44":-0.01968417,
    "45":-0.017023213,
    "46":-0.0180498017,
    "47":-0.0126903885,
    "48":-0.011483884,
    "49":-0.0243351922
  },
  "Delta_Prop":{
    "0":-0.0088222222,
    "1":-0.0163752744,
    "2":-0.0329204497,
    "3":-0.029692648,
    "4":-0.0158283104,
    "5":-0.0195154059,
    "6":-0.0144586449,
    "7":-0.0324927754,
    "8":-0.0286980141,
    "9":0.0012903894,
    "10":-0.0297768467,
    "11":-0.019639005,
    "12":-0.019806169,
    "13":-0.0106107562,
    "14":-0.032110776,
    "15":-0.0147417897,
    "16":-0.0113188429,
    "17":-0.00388963,
    "18":-0.0264080124,
    "19":-0.0019095176,
    "20":-0.01421397,
    "21":-0.002051341,
    "22":-0.032282127,
    "23":-0.032040097,
    "24":-0.01918602,
    "25":-0.014792948,
    "26":-0.0221197994,
    "27":-0.0124514645,
    "28":-0.030125903,
    "29":-0.0148304302,
    "30":-0.0127974016,
    "31":-0.0231109445,
    "32":-0.0403954233,
    "33":-0.0141824973,
    "34":-0.036309734,
    "35":-0.040051289,
    "36":-0.0185500922,
    "37":-0.0266491768,
    "38":-0.00682678,
    "39":-0.008209498,
    "40":-0.01359761,
    "41":-0.014585842,
    "42":-0.0342332724,
    "43":-0.0285930792,
    "44":-0.01480292,
    "45":-0.011356813,
    "46":-0.0240736852,
    "47":-0.0250580882,
    "48":-0.012622646,
    "49":-0.0248873258
  }
}