{
  "Astrahl":{
    "0":0.1009174002,
    "1":0.0702505,
    "2":0.05335901,
    "3":0.099140239,
    "4":0.08213212,
    "5":0.0679070701,
    "6":0.0925826981,
    "7":0.1191020161,
    "8":0.06744461,
    "9":0.07873971,
    "10":0.07340442,
    "11":0.1018472331,
    "12":0.14417354,
    "13":0.0916149585,
    "14":0.09663862,
    "15":0.084373218,
    "16":0.10226311,
    "17":0.100988929,
    "18":0.10348554,
    "19":0.1374810855,
    "20":0.0731726,
    "21":0.098162489,
    "22":0.128949259,
    "23":0.10413361,
    "24":0.1501150962,
    "25":0.121143099,
    "26":0.111087767,
    "27":0.08710513,
    "28":0.071474169,
    "29":0.1890944642,
    "30":0.09932303,
    "31":0.0744982631,
    "32":0.157814368,
    "33":0.063606919,
    "34":0.1734222624,
    "35":0.126944047,
    "36":0.0605777,
    "37":0.076355169,
    "38":0.135547292,
    "39":0.07696431,
    "40":0.074065183,
    "41":0.0651168191,
    "42":0.0727939203,
    "43":0.05717854,
    "44":0.1215392647,
    "45":0.078905416,
    "46":0.073204959,
    "47":0.0555297,
    "48":0.1287744249,
    "49":0.055901208
  },
  "Uniform":{
    "0":0.163865626,
    "1":0.1424526,
    "2":0.103323359,
    "3":0.129162599,
    "4":0.14820093,
    "5":0.10846921,
    "6":0.140325297,
    "7":0.15495011,
    "8":0.095399159,
    "9":0.14209862,
    "10":0.10916062,
    "11":0.17593711,
    "12":0.244951458,
    "13":0.1450808781,
    "14":0.172044838,
    "15":0.1280935192,
    "16":0.1584767,
    "17":0.1652210821,
    "18":0.190029479,
    "19":0.1989072323,
    "20":0.1049659,
    "21":0.12563952,
    "22":0.220035309,
    "23":0.17117372,
    "24":0.207702898,
    "25":0.19823472,
    "26":0.1724776022,
    "27":0.13439042,
    "28":0.1079771,
    "29":0.2763806625,
    "30":0.169414669,
    "31":0.14133274,
    "32":0.2603621501,
    "33":0.09909142,
    "34":0.2808132379,
    "35":0.1957308711,
    "36":0.1028409,
    "37":0.125905479,
    "38":0.1991757418,
    "39":0.1369228,
    "40":0.100199,
    "41":0.091435769,
    "42":0.108904777,
    "43":0.1059235,
    "44":0.159141438,
    "45":0.142935899,
    "46":0.09998544,
    "47":0.1007449,
    "48":0.199249638,
    "49":0.106328889
  },
  "Prop":{
    "0":0.180191505,
    "1":0.1315335,
    "2":0.11028672,
    "3":0.13145255,
    "4":0.12001533,
    "5":0.101306069,
    "6":0.12564913,
    "7":0.1670896021,
    "8":0.111980479,
    "9":0.1288996,
    "10":0.1143564,
    "11":0.16157262,
    "12":0.243635948,
    "13":0.1314040371,
    "14":0.15869872,
    "15":0.1240887691,
    "16":0.15778922,
    "17":0.18382964,
    "18":0.198997636,
    "19":0.220571987,
    "20":0.0991418,
    "21":0.1275673,
    "22":0.207691628,
    "23":0.199384379,
    "24":0.2455275115,
    "25":0.194757699,
    "26":0.184226587,
    "27":0.127907999,
    "28":0.12382391,
    "29":0.3091460808,
    "30":0.1624331,
    "31":0.139737809,
    "32":0.2671636328,
    "33":0.10623621,
    "34":0.2933005325,
    "35":0.2153059891,
    "36":0.1000998,
    "37":0.14421131,
    "38":0.2083338032,
    "39":0.14368211,
    "40":0.113880109,
    "41":0.11103193,
    "42":0.09856522,
    "43":0.1050436,
    "44":0.1736679711,
    "45":0.1468705428,
    "46":0.112376979,
    "47":0.1137007,
    "48":0.1870259952,
    "49":0.09359721
  },
  "Delta_Uniform":{
    "0":-0.0629482258,
    "1":-0.0722021,
    "2":-0.049964349,
    "3":-0.03002236,
    "4":-0.06606881,
    "5":-0.0405621399,
    "6":-0.0477425989,
    "7":-0.0358480939,
    "8":-0.027954549,
    "9":-0.06335891,
    "10":-0.0357562,
    "11":-0.0740898769,
    "12":-0.100777918,
    "13":-0.0534659196,
    "14":-0.075406218,
    "15":-0.0437203012,
    "16":-0.05621359,
    "17":-0.0642321531,
    "18":-0.086543939,
    "19":-0.0614261468,
    "20":-0.0317933,
    "21":-0.027477031,
    "22":-0.09108605,
    "23":-0.06704011,
    "24":-0.0575878018,
    "25":-0.077091621,
    "26":-0.0613898352,
    "27":-0.04728529,
    "28":-0.036502931,
    "29":-0.0872861983,
    "30":-0.070091639,
    "31":-0.0668344769,
    "32":-0.1025477821,
    "33":-0.035484501,
    "34":-0.1073909755,
    "35":-0.0687868241,
    "36":-0.0422632,
    "37":-0.04955031,
    "38":-0.0636284498,
    "39":-0.05995849,
    "40":-0.026133817,
    "41":-0.0263189499,
    "42":-0.0361108567,
    "43":-0.04874496,
    "44":-0.0376021733,
    "45":-0.064030483,
    "46":-0.026780481,
    "47":-0.0452152,
    "48":-0.0704752131,
    "49":-0.050427681
  },
  "Delta_Prop":{
    "0":-0.0792741048,
    "1":-0.061283,
    "2":-0.05692771,
    "3":-0.032312311,
    "4":-0.03788321,
    "5":-0.0333989989,
    "6":-0.0330664319,
    "7":-0.047987586,
    "8":-0.044535869,
    "9":-0.05015989,
    "10":-0.04095198,
    "11":-0.0597253869,
    "12":-0.099462408,
    "13":-0.0397890786,
    "14":-0.0620601,
    "15":-0.0397155511,
    "16":-0.05552611,
    "17":-0.082840711,
    "18":-0.095512096,
    "19":-0.0830909015,
    "20":-0.0259692,
    "21":-0.029404811,
    "22":-0.078742369,
    "23":-0.095250769,
    "24":-0.0954124153,
    "25":-0.0736146,
    "26":-0.07313882,
    "27":-0.040802869,
    "28":-0.052349741,
    "29":-0.1200516166,
    "30":-0.06311007,
    "31":-0.0652395459,
    "32":-0.1093492648,
    "33":-0.042629291,
    "34":-0.1198782701,
    "35":-0.0883619421,
    "36":-0.0395221,
    "37":-0.067856141,
    "38":-0.0727865112,
    "39":-0.0667178,
    "40":-0.039814926,
    "41":-0.0459151109,
    "42":-0.0257712997,
    "43":-0.04786506,
    "44":-0.0521287064,
    "45":-0.0679651268,
    "46":-0.03917202,
    "47":-0.058171,
    "48":-0.0582515703,
    "49":-0.037696002
  }
}