{
  "Astrahl":{
    "0":0.003463073,
    "1":0.0128630222,
    "2":0.0059927693,
    "3":0.009870839,
    "4":0.0052190264,
    "5":0.00242003,
    "6":0.0161298578,
    "7":0.0066229638,
    "8":0.0181387247,
    "9":0.0084498293,
    "10":0.003892373,
    "11":0.00367205,
    "12":0.0049394357,
    "13":0.0025745,
    "14":0.0048964416,
    "15":0.0047530419,
    "16":0.003855119,
    "17":0.0068344279,
    "18":0.0059927693,
    "19":0.0156184771,
    "20":0.003463073,
    "21":0.003965814,
    "22":0.0057708149,
    "23":0.00440646,
    "24":0.0072142998,
    "25":0.003598609,
    "26":0.00262599,
    "27":0.0095154035,
    "28":0.0038125381,
    "29":0.009468805,
    "30":0.0058714047,
    "31":0.003965814,
    "32":0.0130685267,
    "33":0.0045906071,
    "34":0.0064759539,
    "35":0.0049394357,
    "36":0.0057708149,
    "37":0.0044349933,
    "38":0.0094501657,
    "39":0.0052190264,
    "40":0.00252301,
    "41":0.0073443284,
    "42":0.0038125381,
    "43":0.0052190264,
    "44":0.003745491,
    "45":0.00298642,
    "46":0.00242003,
    "47":0.00262599,
    "48":0.0072926913,
    "49":0.00283195
  },
  "Uniform":{
    "0":0.004729586,
    "1":0.0185513419,
    "2":0.0081904804,
    "3":0.0137830434,
    "4":0.0072969238,
    "5":0.00373397,
    "6":0.0218361359,
    "7":0.0091625912,
    "8":0.0260951377,
    "9":0.0108612294,
    "10":0.005426261,
    "11":0.005427575,
    "12":0.0075585828,
    "13":0.00338986,
    "14":0.006626227,
    "15":0.0073086581,
    "16":0.004740182,
    "17":0.0077123308,
    "18":0.0073087566,
    "19":0.0184159604,
    "20":0.004567668,
    "21":0.005770089,
    "22":0.0084752817,
    "23":0.005611557,
    "24":0.0084528524,
    "25":0.005195673,
    "26":0.00402296,
    "27":0.0129601927,
    "28":0.0054057316,
    "29":0.0133474215,
    "30":0.0065859726,
    "31":0.005485154,
    "32":0.0169850288,
    "33":0.0061920739,
    "34":0.0099616432,
    "35":0.0070193558,
    "36":0.0089704176,
    "37":0.0062161563,
    "38":0.0122838877,
    "39":0.0065223544,
    "40":0.00374945,
    "41":0.008344919,
    "42":0.0058040638,
    "43":0.0071957325,
    "44":0.005549067,
    "45":0.00374828,
    "46":0.003799,
    "47":0.00354794,
    "48":0.0102817422,
    "49":0.00387307
  },
  "Prop":{
    "0":0.004722582,
    "1":0.019915936,
    "2":0.0085442776,
    "3":0.0141248549,
    "4":0.0070634574,
    "5":0.00399744,
    "6":0.0231176712,
    "7":0.0088981895,
    "8":0.0272201871,
    "9":0.00992251,
    "10":0.005321343,
    "11":0.005474572,
    "12":0.0070402838,
    "13":0.00352551,
    "14":0.0068337494,
    "15":0.0066820673,
    "16":0.004814389,
    "17":0.008917499,
    "18":0.0085398754,
    "19":0.0184627759,
    "20":0.004595143,
    "21":0.005124912,
    "22":0.0085257387,
    "23":0.005153594,
    "24":0.0088619706,
    "25":0.005389334,
    "26":0.00351376,
    "27":0.0129934302,
    "28":0.0052809716,
    "29":0.0132761075,
    "30":0.0074125837,
    "31":0.005290419,
    "32":0.0162578991,
    "33":0.006015663,
    "34":0.0093189967,
    "35":0.0074957447,
    "36":0.0079769283,
    "37":0.0057580723,
    "38":0.0131470551,
    "39":0.0077293913,
    "40":0.00341354,
    "41":0.0093985324,
    "42":0.005987707,
    "43":0.00683154,
    "44":0.005628684,
    "45":0.00382229,
    "46":0.0036663,
    "47":0.00372579,
    "48":0.0097486965,
    "49":0.0039137
  },
  "Delta_Uniform":{
    "0":-0.001266513,
    "1":-0.0056883197,
    "2":-0.002197711,
    "3":-0.0039122045,
    "4":-0.0020778974,
    "5":-0.00131394,
    "6":-0.0057062781,
    "7":-0.0025396275,
    "8":-0.007956413,
    "9":-0.0024114001,
    "10":-0.001533888,
    "11":-0.001755525,
    "12":-0.0026191471,
    "13":-0.00081536,
    "14":-0.0017297855,
    "15":-0.0025556162,
    "16":-0.000885063,
    "17":-0.000877903,
    "18":-0.0013159873,
    "19":-0.0027974833,
    "20":-0.001104595,
    "21":-0.001804275,
    "22":-0.0027044667,
    "23":-0.001205097,
    "24":-0.0012385525,
    "25":-0.001597064,
    "26":-0.00139697,
    "27":-0.0034447892,
    "28":-0.0015931935,
    "29":-0.0038786164,
    "30":-0.0007145679,
    "31":-0.00151934,
    "32":-0.0039165021,
    "33":-0.0016014668,
    "34":-0.0034856893,
    "35":-0.0020799201,
    "36":-0.0031996027,
    "37":-0.001781163,
    "38":-0.002833722,
    "39":-0.001303328,
    "40":-0.00122644,
    "41":-0.0010005906,
    "42":-0.0019915257,
    "43":-0.0019767061,
    "44":-0.001803576,
    "45":-0.00076186,
    "46":-0.00137897,
    "47":-0.00092195,
    "48":-0.0029890509,
    "49":-0.00104112
  },
  "Delta_Prop":{
    "0":-0.001259509,
    "1":-0.0070529137,
    "2":-0.0025515083,
    "3":-0.0042540159,
    "4":-0.001844431,
    "5":-0.00157741,
    "6":-0.0069878134,
    "7":-0.0022752257,
    "8":-0.0090814624,
    "9":-0.0014726807,
    "10":-0.00142897,
    "11":-0.001802522,
    "12":-0.0021008481,
    "13":-0.00095101,
    "14":-0.0019373079,
    "15":-0.0019290254,
    "16":-0.00095927,
    "17":-0.0020830711,
    "18":-0.0025471061,
    "19":-0.0028442987,
    "20":-0.00113207,
    "21":-0.001159098,
    "22":-0.0027549238,
    "23":-0.000747134,
    "24":-0.0016476708,
    "25":-0.001790725,
    "26":-0.00088777,
    "27":-0.0034780267,
    "28":-0.0014684335,
    "29":-0.0038073024,
    "30":-0.001541179,
    "31":-0.001324605,
    "32":-0.0031893724,
    "33":-0.0014250559,
    "34":-0.0028430428,
    "35":-0.002556309,
    "36":-0.0022061134,
    "37":-0.001323079,
    "38":-0.0036968894,
    "39":-0.0025103649,
    "40":-0.00089053,
    "41":-0.002054204,
    "42":-0.0021751689,
    "43":-0.0016125136,
    "44":-0.001883193,
    "45":-0.00083587,
    "46":-0.00124627,
    "47":-0.0010998,
    "48":-0.0024560052,
    "49":-0.00108175
  }
}