{
  "Astrahl":{
    "0":0.0498013925,
    "1":0.0446268569,
    "2":0.063946577,
    "3":0.086428711,
    "4":0.0610987669,
    "5":0.0345557774,
    "6":0.055415712,
    "7":0.0325275791,
    "8":0.0485882681,
    "9":0.04409267,
    "10":0.0447853436,
    "11":0.0406791795,
    "12":0.0554470509,
    "13":0.0591369602,
    "14":0.03131246,
    "15":0.06502167,
    "16":0.0637803097,
    "17":0.0394958175,
    "18":0.042308663,
    "19":0.0516478675,
    "20":0.0332865262,
    "21":0.0505480605,
    "22":0.0461455235,
    "23":0.0333743,
    "24":0.03214809,
    "25":0.0555595007,
    "26":0.0726652959,
    "27":0.0572114609,
    "28":0.0442131669,
    "29":0.024653141,
    "30":0.0723399036,
    "31":0.027804771,
    "32":0.056197823,
    "33":0.024309743,
    "34":0.0303660457,
    "35":0.0375016309,
    "36":0.0672373618,
    "37":0.029464491,
    "38":0.034537822,
    "39":0.0438863658,
    "40":0.0769953002,
    "41":0.0573019942,
    "42":0.0492219739,
    "43":0.031369609,
    "44":0.04423479,
    "45":0.0489983048,
    "46":0.0886658931,
    "47":0.0420996537,
    "48":0.02275696,
    "49":0.024534411
  },
  "Uniform":{
    "0":0.1264963027,
    "1":0.0974809144,
    "2":0.199412231,
    "3":0.197167442,
    "4":0.1549408168,
    "5":0.0830272557,
    "6":0.1557465036,
    "7":0.081601201,
    "8":0.110134764,
    "9":0.116715102,
    "10":0.1252339729,
    "11":0.0749879488,
    "12":0.129600373,
    "13":0.1472947367,
    "14":0.09486708,
    "15":0.153318511,
    "16":0.1746409992,
    "17":0.0726843569,
    "18":0.112479811,
    "19":0.1286768913,
    "20":0.0931949308,
    "21":0.1213177484,
    "22":0.1223517489,
    "23":0.0814654,
    "24":0.1224696,
    "25":0.1284131797,
    "26":0.2104230597,
    "27":0.1627311209,
    "28":0.116873731,
    "29":0.089573721,
    "30":0.1977714868,
    "31":0.09742066,
    "32":0.119225011,
    "33":0.089129263,
    "34":0.087661912,
    "35":0.1282366259,
    "36":0.1577058798,
    "37":0.088482641,
    "38":0.077811491,
    "39":0.0951253822,
    "40":0.192419251,
    "41":0.161770644,
    "42":0.138810529,
    "43":0.088212352,
    "44":0.1190665,
    "45":0.1178706409,
    "46":0.2241697097,
    "47":0.1252481826,
    "48":0.08926709,
    "49":0.09098428
  },
  "Prop":{
    "0":0.1191172009,
    "1":0.084776481,
    "2":0.17701824,
    "3":0.201551462,
    "4":0.1707197096,
    "5":0.0802924265,
    "6":0.172283522,
    "7":0.086595362,
    "8":0.1320591799,
    "9":0.134815711,
    "10":0.1259424189,
    "11":0.0840318481,
    "12":0.1284607489,
    "13":0.1538075659,
    "14":0.0760346,
    "15":0.146963782,
    "16":0.1509672288,
    "17":0.073385143,
    "18":0.107327762,
    "19":0.1199108909,
    "20":0.0863893518,
    "21":0.1127465471,
    "22":0.1388037467,
    "23":0.09390559,
    "24":0.12445479,
    "25":0.1338659004,
    "26":0.2256939972,
    "27":0.1545847247,
    "28":0.111108721,
    "29":0.08726499,
    "30":0.185204699,
    "31":0.08960478,
    "32":0.11778845,
    "33":0.084356614,
    "34":0.0784341948,
    "35":0.124537852,
    "36":0.1597671072,
    "37":0.07929779,
    "38":0.087236031,
    "39":0.0833107136,
    "40":0.1897419245,
    "41":0.1589249061,
    "42":0.1476049509,
    "43":0.088224171,
    "44":0.11527927,
    "45":0.1165562109,
    "46":0.2317297559,
    "47":0.1364747391,
    "48":0.09445746,
    "49":0.07631779
  },
  "Delta_Uniform":{
    "0":-0.0766949102,
    "1":-0.0528540575,
    "2":-0.135465654,
    "3":-0.110738731,
    "4":-0.0938420499,
    "5":-0.0484714783,
    "6":-0.1003307916,
    "7":-0.0490736219,
    "8":-0.0615464959,
    "9":-0.072622432,
    "10":-0.0804486293,
    "11":-0.0343087693,
    "12":-0.0741533221,
    "13":-0.0881577765,
    "14":-0.06355462,
    "15":-0.088296841,
    "16":-0.1108606895,
    "17":-0.0331885394,
    "18":-0.070171148,
    "19":-0.0770290238,
    "20":-0.0599084046,
    "21":-0.0707696879,
    "22":-0.0762062254,
    "23":-0.0480911,
    "24":-0.09032151,
    "25":-0.072853679,
    "26":-0.1377577638,
    "27":-0.10551966,
    "28":-0.0726605641,
    "29":-0.06492058,
    "30":-0.1254315832,
    "31":-0.069615889,
    "32":-0.063027188,
    "33":-0.06481952,
    "34":-0.0572958663,
    "35":-0.090734995,
    "36":-0.090468518,
    "37":-0.05901815,
    "38":-0.043273669,
    "39":-0.0512390164,
    "40":-0.1154239508,
    "41":-0.1044686498,
    "42":-0.0895885551,
    "43":-0.056842743,
    "44":-0.07483171,
    "45":-0.0688723361,
    "46":-0.1355038166,
    "47":-0.0831485289,
    "48":-0.06651013,
    "49":-0.066449869
  },
  "Delta_Prop":{
    "0":-0.0693158084,
    "1":-0.0401496241,
    "2":-0.113071663,
    "3":-0.115122751,
    "4":-0.1096209427,
    "5":-0.0457366492,
    "6":-0.11686781,
    "7":-0.0540677829,
    "8":-0.0834709118,
    "9":-0.090723041,
    "10":-0.0811570753,
    "11":-0.0433526686,
    "12":-0.073013698,
    "13":-0.0946706057,
    "14":-0.04472214,
    "15":-0.081942112,
    "16":-0.0871869191,
    "17":-0.0338893255,
    "18":-0.065019099,
    "19":-0.0682630234,
    "20":-0.0531028256,
    "21":-0.0621984867,
    "22":-0.0926582232,
    "23":-0.06053129,
    "24":-0.0923067,
    "25":-0.0783063997,
    "26":-0.1530287013,
    "27":-0.0973732638,
    "28":-0.0668955541,
    "29":-0.062611849,
    "30":-0.1128647954,
    "31":-0.061800009,
    "32":-0.061590627,
    "33":-0.060046871,
    "34":-0.0480681491,
    "35":-0.0870362211,
    "36":-0.0925297454,
    "37":-0.049833299,
    "38":-0.052698209,
    "39":-0.0394243477,
    "40":-0.1127466243,
    "41":-0.1016229119,
    "42":-0.098382977,
    "43":-0.056854562,
    "44":-0.07104448,
    "45":-0.0675579061,
    "46":-0.1430638628,
    "47":-0.0943750854,
    "48":-0.0717005,
    "49":-0.051783379
  }
}