{
  "Astrahl":{
    "0":0.1085611981,
    "1":0.0959396658,
    "2":0.1297508683,
    "3":0.1165899753,
    "4":0.1434803517,
    "5":0.091396863,
    "6":0.1107302755,
    "7":0.0740296699,
    "8":0.1080916653,
    "9":0.067841153,
    "10":0.0968698316,
    "11":0.0781398988,
    "12":0.0963451016,
    "13":0.1378929115,
    "14":0.060157019,
    "15":0.085672368,
    "16":0.1219649706,
    "17":0.0637521188,
    "18":0.0766930328,
    "19":0.1095889532,
    "20":0.078994198,
    "21":0.1135661155,
    "22":0.1338057426,
    "23":0.04652967,
    "24":0.068590855,
    "25":0.1213275703,
    "26":0.1683843709,
    "27":0.1307747944,
    "28":0.0815662018,
    "29":0.0634428886,
    "30":0.138365051,
    "31":0.055038144,
    "32":0.0825121699,
    "33":0.0629274737,
    "34":0.066986678,
    "35":0.1009182374,
    "36":0.1358645298,
    "37":0.060238921,
    "38":0.0737511866,
    "39":0.1104605435,
    "40":0.141752592,
    "41":0.1237361236,
    "42":0.1048884083,
    "43":0.073873159,
    "44":0.07149681,
    "45":0.09613425,
    "46":0.2559011666,
    "47":0.1068187097,
    "48":0.057208547,
    "49":0.059501803
  },
  "Uniform":{
    "0":0.1231485027,
    "1":0.1039515287,
    "2":0.1394433536,
    "3":0.1182218994,
    "4":0.1502205909,
    "5":0.0952877651,
    "6":0.1169839268,
    "7":0.0847353884,
    "8":0.1201633133,
    "9":0.078321961,
    "10":0.1164514676,
    "11":0.0928011041,
    "12":0.1036937764,
    "13":0.1529501661,
    "14":0.066119194,
    "15":0.092944648,
    "16":0.1346837495,
    "17":0.0854223351,
    "18":0.0923604418,
    "19":0.1199846054,
    "20":0.0894296679,
    "21":0.146734781,
    "22":0.1429936601,
    "23":0.05327199,
    "24":0.076784464,
    "25":0.1304821892,
    "26":0.1780499911,
    "27":0.1545939862,
    "28":0.0941136958,
    "29":0.0754812936,
    "30":0.1626831397,
    "31":0.064077634,
    "32":0.091892206,
    "33":0.0722696004,
    "34":0.0843056257,
    "35":0.1040162785,
    "36":0.1523074301,
    "37":0.066499219,
    "38":0.0752084055,
    "39":0.1308819718,
    "40":0.1648366648,
    "41":0.1371588261,
    "42":0.1201573207,
    "43":0.083413302,
    "44":0.077049433,
    "45":0.1068610335,
    "46":0.2622285607,
    "47":0.120668492,
    "48":0.065635273,
    "49":0.064014561
  },
  "Prop":{
    "0":0.117045629,
    "1":0.1045464385,
    "2":0.1451339553,
    "3":0.1186407666,
    "4":0.1521326495,
    "5":0.0969097755,
    "6":0.1189373619,
    "7":0.0848517909,
    "8":0.1181825608,
    "9":0.077035195,
    "10":0.1205937335,
    "11":0.0868677469,
    "12":0.1038222106,
    "13":0.1477907454,
    "14":0.063435095,
    "15":0.1023038344,
    "16":0.1365085042,
    "17":0.0828774755,
    "18":0.0899095456,
    "19":0.1204776315,
    "20":0.0885242733,
    "21":0.1414768558,
    "22":0.1460929197,
    "23":0.05485266,
    "24":0.078796369,
    "25":0.1242607054,
    "26":0.1834831122,
    "27":0.1528946261,
    "28":0.0891896815,
    "29":0.0740358819,
    "30":0.1605005337,
    "31":0.065310614,
    "32":0.0954571959,
    "33":0.0744828552,
    "34":0.0808314104,
    "35":0.111842767,
    "36":0.1455992648,
    "37":0.06466266,
    "38":0.0727254261,
    "39":0.1319579355,
    "40":0.16292649,
    "41":0.1343993846,
    "42":0.1223194689,
    "43":0.0835212961,
    "44":0.078335398,
    "45":0.1106159273,
    "46":0.2678962343,
    "47":0.1137937829,
    "48":0.067681342,
    "49":0.065863549
  },
  "Delta_Uniform":{
    "0":-0.0145873046,
    "1":-0.0080118629,
    "2":-0.0096924852,
    "3":-0.0016319241,
    "4":-0.0067402393,
    "5":-0.0038909021,
    "6":-0.0062536513,
    "7":-0.0107057186,
    "8":-0.012071648,
    "9":-0.010480808,
    "10":-0.019581636,
    "11":-0.0146612053,
    "12":-0.0073486748,
    "13":-0.0150572546,
    "14":-0.005962175,
    "15":-0.00727228,
    "16":-0.0127187789,
    "17":-0.0216702163,
    "18":-0.015667409,
    "19":-0.0103956522,
    "20":-0.0104354699,
    "21":-0.0331686655,
    "22":-0.0091879175,
    "23":-0.00674232,
    "24":-0.008193609,
    "25":-0.0091546189,
    "26":-0.0096656202,
    "27":-0.0238191919,
    "28":-0.012547494,
    "29":-0.012038405,
    "30":-0.0243180887,
    "31":-0.00903949,
    "32":-0.0093800361,
    "33":-0.0093421267,
    "34":-0.0173189476,
    "35":-0.0030980411,
    "36":-0.0164429003,
    "37":-0.006260298,
    "38":-0.0014572189,
    "39":-0.0204214283,
    "40":-0.0230840728,
    "41":-0.0134227025,
    "42":-0.0152689124,
    "43":-0.0095401431,
    "44":-0.005552623,
    "45":-0.0107267835,
    "46":-0.006327394,
    "47":-0.0138497823,
    "48":-0.008426726,
    "49":-0.004512758
  },
  "Delta_Prop":{
    "0":-0.0084844309,
    "1":-0.0086067727,
    "2":-0.015383087,
    "3":-0.0020507913,
    "4":-0.0086522979,
    "5":-0.0055129124,
    "6":-0.0082070864,
    "7":-0.010822121,
    "8":-0.0100908956,
    "9":-0.009194042,
    "10":-0.0237239019,
    "11":-0.0087278481,
    "12":-0.007477109,
    "13":-0.0098978339,
    "14":-0.003278076,
    "15":-0.0166314664,
    "16":-0.0145435336,
    "17":-0.0191253567,
    "18":-0.0132165128,
    "19":-0.0108886783,
    "20":-0.0095300754,
    "21":-0.0279107402,
    "22":-0.0122871771,
    "23":-0.00832299,
    "24":-0.010205514,
    "25":-0.0029331352,
    "26":-0.0150987414,
    "27":-0.0221198318,
    "28":-0.0076234797,
    "29":-0.0105929933,
    "30":-0.0221354827,
    "31":-0.01027247,
    "32":-0.012945026,
    "33":-0.0115553815,
    "34":-0.0138447323,
    "35":-0.0109245296,
    "36":-0.009734735,
    "37":-0.004423739,
    "38":0.0010257605,
    "39":-0.021497392,
    "40":-0.021173898,
    "41":-0.010663261,
    "42":-0.0174310606,
    "43":-0.0096481371,
    "44":-0.006838588,
    "45":-0.0144816773,
    "46":-0.0119950677,
    "47":-0.0069750731,
    "48":-0.010472795,
    "49":-0.006361746
  }
}