{
  "Astrahl":{
    "0":0.0,
    "1":0.0,
    "2":0.0,
    "3":0.00000038,
    "4":0.0,
    "5":0.0,
    "6":0.0,
    "7":0.0,
    "8":0.0,
    "9":0.000000542,
    "10":0.0000006859,
    "11":0.0,
    "12":0.0,
    "13":0.0,
    "14":0.0,
    "15":0.0000021369,
    "16":0.0,
    "17":0.0,
    "18":0.000000271,
    "19":0.0,
    "20":0.0,
    "21":0.000000271,
    "22":0.00000019,
    "23":0.000000271,
    "24":0.0,
    "25":0.000000271,
    "26":0.000000271,
    "27":0.0,
    "28":0.00000019,
    "29":0.000000361,
    "30":0.0,
    "31":0.0,
    "32":0.000000271,
    "33":0.0,
    "34":0.000000912,
    "35":0.0,
    "36":0.0,
    "37":0.0,
    "38":0.0000006534,
    "39":0.0,
    "40":0.0000007859,
    "41":0.0,
    "42":0.0000003439,
    "43":0.0,
    "44":0.00000019,
    "45":0.0,
    "46":0.0,
    "47":0.0,
    "48":0.0,
    "49":0.0000010054
  },
  "Uniform":{
    "0":0.0,
    "1":0.0000002,
    "2":0.0000009759,
    "3":0.0000021274,
    "4":0.0000005149,
    "5":0.000000371,
    "6":0.0000001,
    "7":0.000000561,
    "8":0.00000019,
    "9":0.0000011469,
    "10":0.000000732,
    "11":0.000000822,
    "12":0.00000019,
    "13":0.00000019,
    "14":0.000000822,
    "15":0.0000054234,
    "16":0.0000002,
    "17":0.0,
    "18":0.00000059,
    "19":0.000000551,
    "20":0.000000561,
    "21":0.00000059,
    "22":0.00000049,
    "23":0.0000001,
    "24":0.0000002,
    "25":0.00000039,
    "26":0.00000019,
    "27":0.00000019,
    "28":0.0,
    "29":0.00000048,
    "30":0.0000028537,
    "31":0.0,
    "32":0.00000038,
    "33":0.0000001,
    "34":0.0000013559,
    "35":0.00000019,
    "36":0.000000551,
    "37":0.00000039,
    "38":0.00000048,
    "39":0.0,
    "40":0.00000067,
    "41":0.0000002,
    "42":0.000000461,
    "43":0.0000014749,
    "44":0.0,
    "45":0.0,
    "46":0.000000561,
    "47":0.000001041,
    "48":0.00000029,
    "49":0.00000019
  },
  "Prop":{
    "0":0.0,
    "1":0.0000001,
    "2":0.00000049,
    "3":0.000000931,
    "4":0.00000067,
    "5":0.0,
    "6":0.0000001,
    "7":0.000001131,
    "8":0.000000271,
    "9":0.0000018979,
    "10":0.000001131,
    "11":0.0000002,
    "12":0.0000002,
    "13":0.0000003,
    "14":0.0000019156,
    "15":0.0000082585,
    "16":0.0,
    "17":0.00000039,
    "18":0.000000941,
    "19":0.00000049,
    "20":0.0000001,
    "21":0.000000461,
    "22":0.000000551,
    "23":0.000000461,
    "24":0.0,
    "25":0.0000016808,
    "26":0.000001012,
    "27":0.0000001,
    "28":0.0000001,
    "29":0.000000551,
    "30":0.0000030033,
    "31":0.0,
    "32":0.0000007049,
    "33":0.00000039,
    "34":0.0000006149,
    "35":0.0000001,
    "36":0.0000002,
    "37":0.00000029,
    "38":0.000001183,
    "39":0.0,
    "40":0.000000561,
    "41":0.0,
    "42":0.0000001,
    "43":0.000000461,
    "44":0.0000001,
    "45":0.0,
    "46":0.0000001,
    "47":0.000000361,
    "48":0.0000002,
    "49":0.00000019
  },
  "Delta_Uniform":{
    "0":0.0,
    "1":-0.0000002,
    "2":-0.0000009759,
    "3":-0.0000017474,
    "4":-0.0000005149,
    "5":-0.000000371,
    "6":-0.0000001,
    "7":-0.000000561,
    "8":-0.00000019,
    "9":-0.0000006049,
    "10":-0.0000000461,
    "11":-0.000000822,
    "12":-0.00000019,
    "13":-0.00000019,
    "14":-0.000000822,
    "15":-0.0000032865,
    "16":-0.0000002,
    "17":0.0,
    "18":-0.000000319,
    "19":-0.000000551,
    "20":-0.000000561,
    "21":-0.000000319,
    "22":-0.0000003,
    "23":0.000000171,
    "24":-0.0000002,
    "25":-0.000000119,
    "26":0.000000081,
    "27":-0.00000019,
    "28":0.00000019,
    "29":-0.000000119,
    "30":-0.0000028537,
    "31":0.0,
    "32":-0.000000109,
    "33":-0.0000001,
    "34":-0.0000004439,
    "35":-0.00000019,
    "36":-0.000000551,
    "37":-0.00000039,
    "38":0.0000001734,
    "39":0.0,
    "40":0.0000001159,
    "41":-0.0000002,
    "42":-0.0000001171,
    "43":-0.0000014749,
    "44":0.00000019,
    "45":0.0,
    "46":-0.000000561,
    "47":-0.000001041,
    "48":-0.00000029,
    "49":0.0000008154
  },
  "Delta_Prop":{
    "0":0.0,
    "1":-0.0000001,
    "2":-0.00000049,
    "3":-0.000000551,
    "4":-0.00000067,
    "5":0.0,
    "6":-0.0000001,
    "7":-0.000001131,
    "8":-0.000000271,
    "9":-0.0000013559,
    "10":-0.0000004451,
    "11":-0.0000002,
    "12":-0.0000002,
    "13":-0.0000003,
    "14":-0.0000019156,
    "15":-0.0000061216,
    "16":0.0,
    "17":-0.00000039,
    "18":-0.00000067,
    "19":-0.00000049,
    "20":-0.0000001,
    "21":-0.00000019,
    "22":-0.000000361,
    "23":-0.00000019,
    "24":0.0,
    "25":-0.0000014098,
    "26":-0.000000741,
    "27":-0.0000001,
    "28":0.00000009,
    "29":-0.00000019,
    "30":-0.0000030033,
    "31":0.0,
    "32":-0.0000004339,
    "33":-0.00000039,
    "34":0.0000002971,
    "35":-0.0000001,
    "36":-0.0000002,
    "37":-0.00000029,
    "38":-0.0000005296,
    "39":0.0,
    "40":0.0000002249,
    "41":0.0,
    "42":0.0000002439,
    "43":-0.000000461,
    "44":0.00000009,
    "45":0.0,
    "46":-0.0000001,
    "47":-0.000000361,
    "48":-0.0000002,
    "49":0.0000008154
  }
}