{
  "Astrahl":{
    "0":0.0000002481,
    "1":0.000000059,
    "2":0.00000003,
    "3":0.0000007082,
    "4":0.0000002233,
    "5":0.0000007533,
    "6":0.0000002363,
    "7":0.0000004398,
    "8":0.000000314,
    "9":0.000000244,
    "10":0.0000002044,
    "11":0.0000001621,
    "12":0.000000174,
    "13":0.000000107,
    "14":0.0000007244,
    "15":0.0000001672,
    "16":0.0000003535,
    "17":0.0000013699,
    "18":0.0000002198,
    "19":0.000000375,
    "20":0.0000003763,
    "21":0.000000155,
    "22":0.0000006151,
    "23":0.0000006559,
    "24":0.0000003976,
    "25":0.0000031566,
    "26":0.0000004311,
    "27":0.0000002993,
    "28":0.0000001881,
    "29":0.000000183,
    "30":0.0000002803,
    "31":0.0000129378,
    "32":0.0000018635,
    "33":0.0000001792,
    "34":0.0000006557,
    "35":0.00000011,
    "36":0.00000007,
    "37":0.000002209,
    "38":0.0000220248,
    "39":0.0000023994,
    "40":0.0000005134,
    "41":0.000000133,
    "42":0.000000211,
    "43":0.0000007919,
    "44":0.0000011472,
    "45":0.0000014901,
    "46":0.00000008,
    "47":0.0000002371,
    "48":0.0000002813,
    "49":0.0000002687
  },
  "Uniform":{
    "0":0.0000003545,
    "1":0.000000154,
    "2":0.00000013,
    "3":0.0000009284,
    "4":0.0000004328,
    "5":0.0000007167,
    "6":0.0000001982,
    "7":0.0000004156,
    "8":0.0000001639,
    "9":0.000000184,
    "10":0.000000155,
    "11":0.0000003022,
    "12":0.000000221,
    "13":0.000000172,
    "14":0.0000006977,
    "15":0.0000002775,
    "16":0.000000165,
    "17":0.0000015787,
    "18":0.0000004893,
    "19":0.0000005433,
    "20":0.0000002984,
    "21":0.000000096,
    "22":0.0000004401,
    "23":0.0000005767,
    "24":0.0000004964,
    "25":0.0000022236,
    "26":0.0000003473,
    "27":0.0000001511,
    "28":0.0000002559,
    "29":0.000000183,
    "30":0.0000003582,
    "31":0.0000105254,
    "32":0.0000015019,
    "33":0.0000002943,
    "34":0.000001111,
    "35":0.0000001,
    "36":0.00000008,
    "37":0.0000012023,
    "38":0.0000215438,
    "39":0.0000026021,
    "40":0.0000012574,
    "41":0.000000173,
    "42":0.000000155,
    "43":0.00000088,
    "44":0.0000013543,
    "45":0.0000018793,
    "46":0.00000009,
    "47":0.0000002813,
    "48":0.0000003644,
    "49":0.0000003193
  },
  "Prop":{
    "0":0.0000002974,
    "1":0.000000127,
    "2":0.00000006,
    "3":0.0000006569,
    "4":0.000000192,
    "5":0.0000007472,
    "6":0.0000001331,
    "7":0.0000003778,
    "8":0.0000003664,
    "9":0.000000135,
    "10":0.0000002623,
    "11":0.0000002523,
    "12":0.000000096,
    "13":0.000000172,
    "14":0.0000005708,
    "15":0.0000002723,
    "16":0.0000003516,
    "17":0.0000017259,
    "18":0.0000003273,
    "19":0.0000003444,
    "20":0.0000001962,
    "21":0.000000185,
    "22":0.000000472,
    "23":0.0000006231,
    "24":0.000000403,
    "25":0.0000018415,
    "26":0.0000002704,
    "27":0.0000003925,
    "28":0.0000003328,
    "29":0.000000154,
    "30":0.000000171,
    "31":0.00001048,
    "32":0.0000012003,
    "33":0.0000001991,
    "34":0.0000006612,
    "35":0.00000006,
    "36":0.00000005,
    "37":0.0000009327,
    "38":0.0000221544,
    "39":0.0000030909,
    "40":0.00000059,
    "41":0.000000157,
    "42":0.000000086,
    "43":0.0000006615,
    "44":0.0000009198,
    "45":0.0000017913,
    "46":0.00000011,
    "47":0.0000002775,
    "48":0.0000004095,
    "49":0.0000002724
  },
  "Delta_Uniform":{
    "0":-0.0000001064,
    "1":-0.000000095,
    "2":-0.0000001,
    "3":-0.0000002202,
    "4":-0.0000002095,
    "5":0.0000000366,
    "6":0.0000000381,
    "7":0.0000000241,
    "8":0.0000001501,
    "9":0.00000006,
    "10":0.0000000494,
    "11":-0.0000001401,
    "12":-0.000000047,
    "13":-0.000000065,
    "14":0.0000000267,
    "15":-0.0000001103,
    "16":0.0000001885,
    "17":-0.0000002088,
    "18":-0.0000002695,
    "19":-0.0000001683,
    "20":0.0000000779,
    "21":0.000000059,
    "22":0.000000175,
    "23":0.0000000792,
    "24":-0.0000000988,
    "25":0.0000009329,
    "26":0.0000000838,
    "27":0.0000001482,
    "28":-0.0000000678,
    "29":2.64697796e-23,
    "30":-0.000000078,
    "31":0.0000024124,
    "32":0.0000003616,
    "33":-0.0000001151,
    "34":-0.0000004553,
    "35":0.00000001,
    "36":-0.00000001,
    "37":0.0000010067,
    "38":0.000000481,
    "39":-0.0000002027,
    "40":-0.000000744,
    "41":-0.00000004,
    "42":0.000000056,
    "43":-0.0000000881,
    "44":-0.0000002071,
    "45":-0.0000003892,
    "46":-0.00000001,
    "47":-0.0000000442,
    "48":-0.0000000831,
    "49":-0.0000000506
  },
  "Delta_Prop":{
    "0":-0.0000000493,
    "1":-0.000000068,
    "2":-0.00000003,
    "3":0.0000000513,
    "4":0.0000000313,
    "5":0.000000006,
    "6":0.0000001032,
    "7":0.000000062,
    "8":-0.0000000524,
    "9":0.000000109,
    "10":-0.0000000579,
    "11":-0.0000000902,
    "12":0.000000078,
    "13":-0.000000065,
    "14":0.0000001536,
    "15":-0.0000001051,
    "16":0.0000000019,
    "17":-0.000000356,
    "18":-0.0000001075,
    "19":0.0000000306,
    "20":0.0000001801,
    "21":-0.00000003,
    "22":0.0000001431,
    "23":0.0000000328,
    "24":-0.0000000054,
    "25":0.000001315,
    "26":0.0000001607,
    "27":-0.0000000932,
    "28":-0.0000001447,
    "29":0.000000029,
    "30":0.0000001093,
    "31":0.0000024578,
    "32":0.0000006633,
    "33":-0.0000000199,
    "34":-0.0000000054,
    "35":0.00000005,
    "36":0.00000002,
    "37":0.0000012763,
    "38":-0.0000001297,
    "39":-0.0000006915,
    "40":-0.0000000766,
    "41":-0.000000024,
    "42":0.000000125,
    "43":0.0000001304,
    "44":0.0000002274,
    "45":-0.0000003012,
    "46":-0.00000003,
    "47":-0.0000000404,
    "48":-0.0000001282,
    "49":-0.0000000037
  }
}