{
  "Astrahl":{
    "0":0.0000113654,
    "1":0.0000016669,
    "2":0.0000014978,
    "3":0.0000036332,
    "4":0.0000001078,
    "5":0.0000048033,
    "6":0.000006649,
    "7":0.0000006513,
    "8":0.0000015681,
    "9":0.0000166875,
    "10":0.0000009768,
    "11":0.0000012414,
    "12":0.0000090645,
    "13":0.0000002621,
    "14":0.0000007956,
    "15":0.0000009627,
    "16":0.0000005225,
    "17":0.0000046045,
    "18":0.0000004169,
    "19":0.0000011707,
    "20":0.0000004365,
    "21":0.0000097794,
    "22":0.0000014746,
    "23":0.0000001691,
    "24":0.0000028364,
    "25":0.0000069061,
    "26":0.0000025089,
    "27":0.0000006862,
    "28":0.0000005922,
    "29":0.0000039933,
    "30":0.000008378,
    "31":0.0000025793,
    "32":0.0000010633,
    "33":0.0000009322,
    "34":0.0000025073,
    "35":0.000004679,
    "36":0.0000037463,
    "37":0.0000019214,
    "38":0.0000013419,
    "39":0.000000551,
    "40":0.0000045907,
    "41":0.0000020321,
    "42":0.0000013848,
    "43":0.0000009261,
    "44":0.0000002603,
    "45":0.0000061101,
    "46":0.0000022593,
    "47":0.0000045656,
    "48":0.0000004554,
    "49":0.0000017647,
    "50":0.0000037922,
    "51":0.0000002908,
    "52":0.0000006356,
    "53":0.0000003467,
    "54":0.0000010366,
    "55":0.0000018851,
    "56":0.0000004883,
    "57":0.0000042151,
    "58":0.0000009754,
    "59":0.0000063998,
    "60":0.0000097498,
    "61":0.0000012575,
    "62":0.0000106699,
    "63":0.0000029443,
    "64":0.0000007896,
    "65":0.0000015971,
    "66":0.0000004444,
    "67":0.0000057441,
    "68":0.0000011087,
    "69":0.0000017803,
    "70":0.0000155056,
    "71":0.0000021794,
    "72":0.0000001542,
    "73":0.0000095984,
    "74":0.000001972,
    "75":0.0000006403,
    "76":0.000001909,
    "77":0.0000026348,
    "78":0.0000083377,
    "79":0.0000019554,
    "80":0.0000034104,
    "81":0.000011631,
    "82":0.0000095067,
    "83":0.0000059634,
    "84":0.0000025088,
    "85":0.0000195552,
    "86":0.0000008076,
    "87":0.0000054228,
    "88":0.0000019664,
    "89":0.0000005759,
    "90":0.0000069289,
    "91":0.0000003693,
    "92":0.0000026041,
    "93":0.0000040979,
    "94":0.0000353317,
    "95":0.0000016996,
    "96":0.0000030887,
    "97":0.0000036777,
    "98":0.0000076063,
    "99":0.0000021996
  },
  "Uniform":{
    "0":0.0000577579,
    "1":0.0000060598,
    "2":0.000006952,
    "3":0.0000190827,
    "4":0.0000005563,
    "5":0.0000185415,
    "6":0.0000319961,
    "7":0.0000034126,
    "8":0.000004833,
    "9":0.0000810425,
    "10":0.0000051563,
    "11":0.0000045987,
    "12":0.0000403231,
    "13":0.0000012723,
    "14":0.0000036001,
    "15":0.0000049151,
    "16":0.0000021909,
    "17":0.0000176025,
    "18":0.0000021982,
    "19":0.0000053452,
    "20":0.0000021142,
    "21":0.0000400596,
    "22":0.0000065979,
    "23":0.0000008538,
    "24":0.0000144527,
    "25":0.0000340163,
    "26":0.0000121625,
    "27":0.0000033299,
    "28":0.0000022985,
    "29":0.0000149349,
    "30":0.000040486,
    "31":0.0000122996,
    "32":0.0000043688,
    "33":0.0000040856,
    "34":0.000007518,
    "35":0.0000176501,
    "36":0.000019193,
    "37":0.00000839,
    "38":0.0000053822,
    "39":0.0000028197,
    "40":0.000019921,
    "41":0.0000105734,
    "42":0.0000045104,
    "43":0.0000040605,
    "44":0.0000011699,
    "45":0.0000319122,
    "46":0.0000118702,
    "47":0.0000204749,
    "48":0.000002315,
    "49":0.0000075772,
    "50":0.0000159585,
    "51":0.0000014817,
    "52":0.0000027715,
    "53":0.0000017531,
    "54":0.0000042131,
    "55":0.0000092415,
    "56":0.0000024732,
    "57":0.000020127,
    "58":0.00000464,
    "59":0.000033752,
    "60":0.0000410983,
    "61":0.0000063796,
    "62":0.0000546121,
    "63":0.0000154373,
    "64":0.0000037333,
    "65":0.0000074489,
    "66":0.0000018812,
    "67":0.0000301516,
    "68":0.0000057551,
    "69":0.0000069196,
    "70":0.0000743405,
    "71":0.0000093173,
    "72":0.0000007997,
    "73":0.0000492584,
    "74":0.0000099464,
    "75":0.0000022092,
    "76":0.0000097022,
    "77":0.0000139077,
    "78":0.0000426859,
    "79":0.0000102442,
    "80":0.0000130024,
    "81":0.0000384096,
    "82":0.000047458,
    "83":0.000030755,
    "84":0.0000108204,
    "85":0.0000920584,
    "86":0.0000041026,
    "87":0.0000283797,
    "88":0.0000102925,
    "89":0.0000029223,
    "90":0.0000333332,
    "91":0.0000018368,
    "92":0.0000136473,
    "93":0.0000199964,
    "94":0.0001881293,
    "95":0.000008783,
    "96":0.0000150715,
    "97":0.0000178425,
    "98":0.0000294397,
    "99":0.0000106249
  },
  "Prop":{
    "0":0.0000350348,
    "1":0.0000114644,
    "2":0.0000078257,
    "3":0.0000095336,
    "4":0.0000006756,
    "5":0.0000246197,
    "6":0.0000269359,
    "7":0.0000022894,
    "8":0.000010842,
    "9":0.0000636607,
    "10":0.0000027502,
    "11":0.0000085627,
    "12":0.0000358757,
    "13":0.0000021232,
    "14":0.0000043326,
    "15":0.0000038185,
    "16":0.0000036686,
    "17":0.0000273509,
    "18":0.0000010997,
    "19":0.0000062282,
    "20":0.0000027065,
    "21":0.0000480389,
    "22":0.0000077094,
    "23":0.0000009948,
    "24":0.0000105745,
    "25":0.0000252979,
    "26":0.0000105521,
    "27":0.0000033111,
    "28":0.0000051786,
    "29":0.0000232947,
    "30":0.0000286465,
    "31":0.0000094053,
    "32":0.0000076148,
    "33":0.000005389,
    "34":0.0000162527,
    "35":0.0000280858,
    "36":0.000010832,
    "37":0.0000099334,
    "38":0.0000093378,
    "39":0.0000023489,
    "40":0.0000239854,
    "41":0.0000062208,
    "42":0.0000102834,
    "43":0.0000066438,
    "44":0.000002239,
    "45":0.0000119906,
    "46":0.0000046224,
    "47":0.0000188592,
    "48":0.0000022636,
    "49":0.0000098975,
    "50":0.0000221326,
    "51":0.000001352,
    "52":0.0000057533,
    "53":0.0000014214,
    "54":0.0000059356,
    "55":0.0000077023,
    "56":0.0000020244,
    "57":0.0000208354,
    "58":0.000003515,
    "59":0.0000144905,
    "60":0.0000427121,
    "61":0.0000052264,
    "62":0.0000315294,
    "63":0.0000066152,
    "64":0.0000058357,
    "65":0.0000096586,
    "66":0.0000045307,
    "67":0.0000138817,
    "68":0.0000041259,
    "69":0.0000102071,
    "70":0.0000571248,
    "71":0.0000122068,
    "72":0.0000007266,
    "73":0.0000252517,
    "74":0.0000074332,
    "75":0.0000054146,
    "76":0.0000073817,
    "77":0.0000051892,
    "78":0.0000224087,
    "79":0.0000054627,
    "80":0.0000211398,
    "81":0.0000557235,
    "82":0.0000431806,
    "83":0.0000164835,
    "84":0.0000154552,
    "85":0.0000683174,
    "86":0.0000029269,
    "87":0.0000152922,
    "88":0.0000051115,
    "89":0.0000027531,
    "90":0.000026363,
    "91":0.0000016289,
    "92":0.0000073856,
    "93":0.0000217388,
    "94":0.0000562736,
    "95":0.0000049342,
    "96":0.0000114526,
    "97":0.0000192982,
    "98":0.0000371688,
    "99":0.0000113555
  },
  "Delta_Uniform":{
    "0":-0.0000463925,
    "1":-0.0000043929,
    "2":-0.0000054542,
    "3":-0.0000154496,
    "4":-0.0000004484,
    "5":-0.0000137382,
    "6":-0.000025347,
    "7":-0.0000027613,
    "8":-0.0000032649,
    "9":-0.000064355,
    "10":-0.0000041795,
    "11":-0.0000033574,
    "12":-0.0000312586,
    "13":-0.0000010102,
    "14":-0.0000028045,
    "15":-0.0000039523,
    "16":-0.0000016685,
    "17":-0.0000129981,
    "18":-0.0000017813,
    "19":-0.0000041745,
    "20":-0.0000016777,
    "21":-0.0000302802,
    "22":-0.0000051233,
    "23":-0.0000006848,
    "24":-0.0000116163,
    "25":-0.0000271102,
    "26":-0.0000096536,
    "27":-0.0000026436,
    "28":-0.0000017064,
    "29":-0.0000109416,
    "30":-0.000032108,
    "31":-0.0000097203,
    "32":-0.0000033055,
    "33":-0.0000031534,
    "34":-0.0000050107,
    "35":-0.0000129711,
    "36":-0.0000154467,
    "37":-0.0000064686,
    "38":-0.0000040403,
    "39":-0.0000022686,
    "40":-0.0000153304,
    "41":-0.0000085413,
    "42":-0.0000031256,
    "43":-0.0000031344,
    "44":-0.0000009096,