{
  "Astrahl":{
    "0":0.0520256908,
    "1":0.0949171969,
    "2":0.0520342228,
    "3":0.0500697689,
    "4":0.04400956,
    "5":0.0460491215,
    "6":0.0520488125,
    "7":0.1512361268,
    "8":0.046018126,
    "9":0.05300947,
    "10":0.0610483491,
    "11":0.0570485551,
    "12":0.09643262,
    "13":0.0500095,
    "14":0.05100949,
    "15":0.0969465006,
    "16":0.06100939,
    "17":0.0580646118,
    "18":0.05200948,
    "19":0.06200938,
    "20":0.0470258263,
    "21":0.1006324683,
    "22":0.0531760273,
    "23":0.0500651605,
    "24":0.101479999,
    "25":0.1020996575,
    "26":0.1959270281,
    "27":0.061017841,
    "28":0.052018012,
    "29":0.052018012,
    "30":0.0580485036,
    "31":0.0432560721,
    "32":0.05300947,
    "33":0.0540341506,
    "34":0.0480490185,
    "35":0.0550341145,
    "36":0.06200938,
    "37":0.052018012,
    "38":0.1101169081,
    "39":0.0998243954,
    "40":0.052018012,
    "41":0.059017879,
    "42":0.1062613057,
    "43":0.05200948,
    "44":0.0580485036,
    "45":0.050034295,
    "46":0.0480931351,
    "47":0.0560486066,
    "48":0.054017974,
    "49":0.0550341145
  },
  "Uniform":{
    "0":0.0910141547,
    "1":0.1710092728,
    "2":0.0840200181,
    "3":0.0940384751,
    "4":0.09300616,
    "5":0.0900296849,
    "6":0.0970238834,
    "7":0.2412977256,
    "8":0.09100995,
    "9":0.09000628,
    "10":0.0950289153,
    "11":0.0940286047,
    "12":0.165517377,
    "13":0.08700503,
    "14":0.08800529,
    "15":0.1729255761,
    "16":0.09200608,
    "17":0.0910391326,
    "18":0.09100537,
    "19":0.08900529,
    "20":0.0870165249,
    "21":0.1711182613,
    "22":0.0931055078,
    "23":0.0930355756,
    "24":0.1773401545,
    "25":0.1711524855,
    "26":0.3155569756,
    "27":0.088010467,
    "28":0.087010043,
    "29":0.090009456,
    "30":0.0920256901,
    "31":0.0901458714,
    "32":0.09000448,
    "33":0.092021028,
    "34":0.0900251338,
    "35":0.0890191681,
    "36":0.09100554,
    "37":0.088012006,
    "38":0.1674100801,
    "39":0.1744136585,
    "40":0.084011065,
    "41":0.087011485,
    "42":0.1728316422,
    "43":0.0930048,
    "44":0.0880264838,
    "45":0.0920206223,
    "46":0.0900568275,
    "47":0.0860295329,
    "48":0.09401032,
    "49":0.090018862
  },
  "Prop":{
    "0":0.0890155761,
    "1":0.1729078858,
    "2":0.0870199279,
    "3":0.0930410057,
    "4":0.09100545,
    "5":0.0850290591,
    "6":0.0900284133,
    "7":0.2548074666,
    "8":0.090010229,
    "9":0.09300524,
    "10":0.0930248222,
    "11":0.0870293608,
    "12":0.172718751,
    "13":0.08500542,
    "14":0.09200519,
    "15":0.175526122,
    "16":0.08700502,
    "17":0.0900393343,
    "18":0.09100563,
    "19":0.08900474,
    "20":0.0910134869,
    "21":0.1764178521,
    "22":0.0901066578,
    "23":0.091035321,
    "24":0.1783488777,
    "25":0.1647519609,
    "26":0.3133777623,
    "27":0.089011564,
    "28":0.088008719,
    "29":0.092011031,
    "30":0.0920316267,
    "31":0.0831697598,
    "32":0.09100571,
    "33":0.0940215329,
    "34":0.0870303314,
    "35":0.0880202445,
    "36":0.09200538,
    "37":0.086010837,
    "38":0.1620100729,
    "39":0.1709139239,
    "40":0.083013213,
    "41":0.085009316,
    "42":0.171833195,
    "43":0.08900576,
    "44":0.0880305904,
    "45":0.0910199348,
    "46":0.0890548767,
    "47":0.0900279697,
    "48":0.092010615,
    "49":0.0930195251
  },
  "Delta_Uniform":{
    "0":-0.0389884639,
    "1":-0.0760920759,
    "2":-0.0319857953,
    "3":-0.0439687061,
    "4":-0.0489966,
    "5":-0.0439805634,
    "6":-0.0449750709,
    "7":-0.0900615988,
    "8":-0.044991824,
    "9":-0.03699681,
    "10":-0.0339805662,
    "11":-0.0369800496,
    "12":-0.0690847571,
    "13":-0.03699553,
    "14":-0.0369958,
    "15":-0.0759790755,
    "16":-0.03099669,
    "17":-0.0329745208,
    "18":-0.03899589,
    "19":-0.02699591,
    "20":-0.0399906986,
    "21":-0.0704857929,
    "22":-0.0399294805,
    "23":-0.0429704151,
    "24":-0.0758601556,
    "25":-0.069052828,
    "26":-0.1196299475,
    "27":-0.026992626,
    "28":-0.034992031,
    "29":-0.037991444,
    "30":-0.0339771865,
    "31":-0.0468897994,
    "32":-0.03699501,
    "33":-0.0379868774,
    "34":-0.0419761153,
    "35":-0.0339850536,
    "36":-0.02899616,
    "37":-0.035993994,
    "38":-0.057293172,
    "39":-0.0745892631,
    "40":-0.031993053,
    "41":-0.027993606,
    "42":-0.0665703365,
    "43":-0.04099532,
    "44":-0.0299779802,
    "45":-0.0419863273,
    "46":-0.0419636924,
    "47":-0.0299809263,
    "48":-0.039992346,
    "49":-0.0349847475
  },
  "Delta_Prop":{
    "0":-0.0369898853,
    "1":-0.0779906889,
    "2":-0.0349857051,
    "3":-0.0429712368,
    "4":-0.04699589,
    "5":-0.0389799377,
    "6":-0.0379796008,
    "7":-0.1035713398,
    "8":-0.043992103,
    "9":-0.03999577,
    "10":-0.0319764731,
    "11":-0.0299808057,
    "12":-0.076286131,
    "13":-0.03499592,
    "14":-0.0409957,
    "15":-0.0785796214,
    "16":-0.02599563,
    "17":-0.0319747225,
    "18":-0.03899615,
    "19":-0.02699536,
    "20":-0.0439876606,
    "21":-0.0757853838,
    "22":-0.0369306304,
    "23":-0.0409701605,
    "24":-0.0768688787,
    "25":-0.0626523033,
    "26":-0.1174507342,
    "27":-0.027993723,
    "28":-0.035990707,
    "29":-0.039993019,
    "30":-0.0339831231,
    "31":-0.0399136877,
    "32":-0.03799624,
    "33":-0.0399873823,
    "34":-0.038981313,
    "35":-0.03298613,
    "36":-0.029996,
    "37":-0.033992825,
    "38":-0.0518931648,
    "39":-0.0710895285,
    "40":-0.030995201,
    "41":-0.025991437,
    "42":-0.0655718893,
    "43":-0.03699628,
    "44":-0.0299820868,
    "45":-0.0409856398,
    "46":-0.0409617416,
    "47":-0.0339793632,
    "48":-0.037992641,
    "49":-0.0379854106
  }
}