{
  "Astrahl":{
    "0":0.334510885,
    "1":0.502539869,
    "2":0.3731220379,
    "3":0.4160534584,
    "4":0.4032454843,
    "5":0.3452768461,
    "6":0.27859294,
    "7":0.27574813,
    "8":0.430035643,
    "9":0.5487481856,
    "10":0.4756297226,
    "11":0.4529524003,
    "12":0.4803654801,
    "13":0.4193659532,
    "14":0.5395562912,
    "15":0.342471889,
    "16":0.34865956,
    "17":0.5003643726,
    "18":0.4379992391,
    "19":0.5518112189,
    "20":0.5770921709,
    "21":0.6018810552,
    "22":0.27383824,
    "23":0.3526463233,
    "24":0.4545117582,
    "25":0.5900148025,
    "26":0.3792712177,
    "27":0.351941599,
    "28":0.331471504,
    "29":0.6250052279,
    "30":0.5238796887,
    "31":0.550809637,
    "32":0.3019076074,
    "33":0.3651975082,
    "34":0.4855781191,
    "35":0.284023,
    "36":0.3854004391,
    "37":0.3857655952,
    "38":0.5005132417,
    "39":0.4043361259,
    "40":0.3868474369,
    "41":0.6166507949,
    "42":0.4927898621,
    "43":0.3033903286,
    "44":0.4562382949,
    "45":0.4600229619,
    "46":0.32558176,
    "47":0.3320543899,
    "48":0.5973719681,
    "49":0.4757565528
  },
  "Uniform":{
    "0":0.337215709,
    "1":0.4970187343,
    "2":0.3946961935,
    "3":0.4242112549,
    "4":0.4075775668,
    "5":0.3508694506,
    "6":0.28105345,
    "7":0.28980739,
    "8":0.4571995398,
    "9":0.5335430811,
    "10":0.4897802461,
    "11":0.4599271516,
    "12":0.5054788092,
    "13":0.4500715585,
    "14":0.5400446889,
    "15":0.353458486,
    "16":0.352204606,
    "17":0.498331801,
    "18":0.4608939412,
    "19":0.5815933705,
    "20":0.566515803,
    "21":0.6355023548,
    "22":0.297487,
    "23":0.3551744791,
    "24":0.5007596323,
    "25":0.5794518156,
    "26":0.4115535166,
    "27":0.3403869976,
    "28":0.349227289,
    "29":0.6345623724,
    "30":0.539975395,
    "31":0.5787388403,
    "32":0.308947042,
    "33":0.4016698075,
    "34":0.490683684,
    "35":0.28247824,
    "36":0.4103927461,
    "37":0.3873390607,
    "38":0.4920973486,
    "39":0.4124016405,
    "40":0.4062347852,
    "41":0.6061369967,
    "42":0.4850610814,
    "43":0.2970917443,
    "44":0.4572333872,
    "45":0.4600169053,
    "46":0.361571689,
    "47":0.354841399,
    "48":0.6148535205,
    "49":0.4609665196
  },
  "Prop":{
    "0":0.348698845,
    "1":0.5119111224,
    "2":0.4052448964,
    "3":0.414074313,
    "4":0.4079180098,
    "5":0.3497313196,
    "6":0.30181222,
    "7":0.29861776,
    "8":0.4612612135,
    "9":0.5468601653,
    "10":0.501902559,
    "11":0.4711493484,
    "12":0.501516891,
    "13":0.4518820133,
    "14":0.5370426448,
    "15":0.355714093,
    "16":0.349306417,
    "17":0.4918857097,
    "18":0.4538001019,
    "19":0.5740286586,
    "20":0.5935604174,
    "21":0.6522752629,
    "22":0.29385559,
    "23":0.3630741418,
    "24":0.494430438,
    "25":0.5786838267,
    "26":0.408966166,
    "27":0.361663462,
    "28":0.356517451,
    "29":0.6512436134,
    "30":0.5322529916,
    "31":0.5672144684,
    "32":0.2901279151,
    "33":0.4105563337,
    "34":0.5028101533,
    "35":0.29139985,
    "36":0.4139983072,
    "37":0.4079055439,
    "38":0.507711072,
    "39":0.4202395241,
    "40":0.4022634703,
    "41":0.6086453449,
    "42":0.4937221343,
    "43":0.3025117216,
    "44":0.4575740416,
    "45":0.4599738396,
    "46":0.347898322,
    "47":0.3489624595,
    "48":0.6152100955,
    "49":0.466129751
  },
  "Delta_Uniform":{
    "0":-0.002704824,
    "1":0.0055211347,
    "2":-0.0215741556,
    "3":-0.0081577965,
    "4":-0.0043320825,
    "5":-0.0055926045,
    "6":-0.00246051,
    "7":-0.01405926,
    "8":-0.0271638968,
    "9":0.0152051045,
    "10":-0.0141505235,
    "11":-0.0069747512,
    "12":-0.025113329,
    "13":-0.0307056053,
    "14":-0.0004883978,
    "15":-0.010986597,
    "16":-0.003545046,
    "17":0.0020325716,
    "18":-0.0228947021,
    "19":-0.0297821516,
    "20":0.010576368,
    "21":-0.0336212996,
    "22":-0.02364876,
    "23":-0.0025281558,
    "24":-0.0462478741,
    "25":0.0105629869,
    "26":-0.0322822989,
    "27":0.0115546014,
    "28":-0.017755785,
    "29":-0.0095571445,
    "30":-0.0160957063,
    "31":-0.0279292033,
    "32":-0.0070394346,
    "33":-0.0364722993,
    "34":-0.0051055649,
    "35":0.00154476,
    "36":-0.024992307,
    "37":-0.0015734655,
    "38":0.0084158931,
    "39":-0.0080655146,
    "40":-0.0193873484,
    "41":0.0105137983,
    "42":0.0077287807,
    "43":0.0062985843,
    "44":-0.0009950923,
    "45":0.0000060565,
    "46":-0.035989929,
    "47":-0.0227870091,
    "48":-0.0174815524,
    "49":0.0147900332
  },
  "Delta_Prop":{
    "0":-0.01418796,
    "1":-0.0093712534,
    "2":-0.0321228585,
    "3":0.0019791454,
    "4":-0.0046725255,
    "5":-0.0044544735,
    "6":-0.02321928,
    "7":-0.02286963,
    "8":-0.0312255705,
    "9":0.0018880203,
    "10":-0.0262728363,
    "11":-0.0181969481,
    "12":-0.0211514108,
    "13":-0.0325160601,
    "14":0.0025136463,
    "15":-0.013242204,
    "16":-0.000646857,
    "17":0.0084786629,
    "18":-0.0158008629,
    "19":-0.0222174397,
    "20":-0.0164682465,
    "21":-0.0503942077,
    "22":-0.02001735,
    "23":-0.0104278185,
    "24":-0.0399186798,
    "25":0.0113309758,
    "26":-0.0296949483,
    "27":-0.009721863,
    "28":-0.025045947,
    "29":-0.0262383856,
    "30":-0.0083733029,
    "31":-0.0164048314,
    "32":0.0117796923,
    "33":-0.0453588255,
    "34":-0.0172320342,
    "35":-0.00737685,
    "36":-0.0285978681,
    "37":-0.0221399487,
    "38":-0.0071978303,
    "39":-0.0159033982,
    "40":-0.0154160334,
    "41":0.0080054501,
    "42":-0.0009322722,
    "43":0.000878607,
    "44":-0.0013357467,
    "45":0.0000491222,
    "46":-0.022316562,
    "47":-0.0169080696,
    "48":-0.0178381274,
    "49":0.0096268018
  }
}