{
  "Astrahl":{
    "0":0.008477768,
    "1":0.0055188701,
    "2":0.004256449,
    "3":0.0210015669,
    "4":0.0059099841,
    "5":0.0140604721,
    "6":0.0116029721,
    "7":0.008956823,
    "8":0.0097673563,
    "9":0.00362893,
    "10":0.0138813724,
    "11":0.0089393508,
    "12":0.0157269911,
    "13":0.0115714431,
    "14":0.00425942,
    "15":0.00756135,
    "16":0.0172600766,
    "17":0.0098540091,
    "18":0.0102686824,
    "19":0.0115760836,
    "20":0.0070601753,
    "21":0.004348958,
    "22":0.01027795,
    "23":0.0230778525,
    "24":0.0130373646,
    "25":0.00925833,
    "26":0.0077249041,
    "27":0.0059627845,
    "28":0.0410359423,
    "29":0.0126249293,
    "30":0.0082442661,
    "31":0.006711179,
    "32":0.0083643421,
    "33":0.00901252,
    "34":0.0157875607,
    "35":0.0213848348,
    "36":0.0117777207,
    "37":0.010649768,
    "38":0.0083828961,
    "39":0.0058783387,
    "40":0.0056372841,
    "41":0.009656507,
    "42":0.0073868844,
    "43":0.0098281711,
    "44":0.0113550979,
    "45":0.0069777862,
    "46":0.0127313057,
    "47":0.0057641044,
    "48":0.017657706,
    "49":0.004049234
  },
  "Uniform":{
    "0":0.062184567,
    "1":0.0512997062,
    "2":0.05814565,
    "3":0.098156696,
    "4":0.056290499,
    "5":0.0566859062,
    "6":0.0450985684,
    "7":0.055466988,
    "8":0.049245187,
    "9":0.050263918,
    "10":0.0540052429,
    "11":0.0622620388,
    "12":0.0583120667,
    "13":0.0526869869,
    "14":0.06108823,
    "15":0.049314128,
    "16":0.095453093,
    "17":0.055467628,
    "18":0.0511366472,
    "19":0.0597113627,
    "20":0.0531112988,
    "21":0.054124989,
    "22":0.04818803,
    "23":0.0574472581,
    "24":0.0424629722,
    "25":0.05416383,
    "26":0.0563267067,
    "27":0.0575030948,
    "28":0.2065515203,
    "29":0.0430886921,
    "30":0.051489037,
    "31":0.061285459,
    "32":0.0461459503,
    "33":0.0531637829,
    "34":0.1070780951,
    "35":0.0577505496,
    "36":0.0512017074,
    "37":0.058314039,
    "38":0.049134658,
    "39":0.0533139081,
    "40":0.055441997,
    "41":0.05319762,
    "42":0.0626454961,
    "43":0.0574776741,
    "44":0.0579001359,
    "45":0.0475640361,
    "46":0.0621918018,
    "47":0.0485067114,
    "48":0.157625888,
    "49":0.065532613
  },
  "Prop":{
    "0":0.0434770701,
    "1":0.050469935,
    "2":0.03624753,
    "3":0.1008027102,
    "4":0.045369765,
    "5":0.0481719477,
    "6":0.0464740861,
    "7":0.0506319403,
    "8":0.0403945091,
    "9":0.047350979,
    "10":0.0371560094,
    "11":0.0555698092,
    "12":0.0526460027,
    "13":0.0398882454,
    "14":0.05321833,
    "15":0.05046944,
    "16":0.0841068437,
    "17":0.0500756703,
    "18":0.045168737,
    "19":0.0529779851,
    "20":0.0509962766,
    "21":0.043234198,
    "22":0.04327755,
    "23":0.0603097454,
    "24":0.0527751052,
    "25":0.04325903,
    "26":0.0445835376,
    "27":0.0467099254,
    "28":0.1622290194,
    "29":0.0453900702,
    "30":0.0417735901,
    "31":0.04338483,
    "32":0.0501593211,
    "33":0.0437288244,
    "34":0.0839872861,
    "35":0.0525933935,
    "36":0.0387128156,
    "37":0.04131732,
    "38":0.0422794311,
    "39":0.0455177081,
    "40":0.0367522451,
    "41":0.039435999,
    "42":0.0469117571,
    "43":0.0417426772,
    "44":0.0454061749,
    "45":0.0418370122,
    "46":0.0486966744,
    "47":0.0506294228,
    "48":0.1394710356,
    "49":0.0428044821
  },
  "Delta_Uniform":{
    "0":-0.053706799,
    "1":-0.0457808361,
    "2":-0.053889201,
    "3":-0.0771551291,
    "4":-0.0503805149,
    "5":-0.0426254341,
    "6":-0.0334955962,
    "7":-0.046510165,
    "8":-0.0394778307,
    "9":-0.046634988,
    "10":-0.0401238705,
    "11":-0.053322688,
    "12":-0.0425850756,
    "13":-0.0411155438,
    "14":-0.05682881,
    "15":-0.041752778,
    "16":-0.0781930164,
    "17":-0.0456136189,
    "18":-0.0408679648,
    "19":-0.0481352791,
    "20":-0.0460511235,
    "21":-0.049776031,
    "22":-0.03791008,
    "23":-0.0343694056,
    "24":-0.0294256076,
    "25":-0.0449055,
    "26":-0.0486018026,
    "27":-0.0515403103,
    "28":-0.165515578,
    "29":-0.0304637628,
    "30":-0.0432447709,
    "31":-0.05457428,
    "32":-0.0377816082,
    "33":-0.0441512629,
    "34":-0.0912905344,
    "35":-0.0363657148,
    "36":-0.0394239867,
    "37":-0.047664271,
    "38":-0.0407517619,
    "39":-0.0474355694,
    "40":-0.0498047129,
    "41":-0.043541113,
    "42":-0.0552586117,
    "43":-0.047649503,
    "44":-0.046545038,
    "45":-0.0405862499,
    "46":-0.0494604961,
    "47":-0.042742607,
    "48":-0.139968182,
    "49":-0.061483379
  },
  "Delta_Prop":{
    "0":-0.0349993021,
    "1":-0.0449510649,
    "2":-0.031991081,
    "3":-0.0798011433,
    "4":-0.0394597809,
    "5":-0.0341114756,
    "6":-0.034871114,
    "7":-0.0416751173,
    "8":-0.0306271528,
    "9":-0.043722049,
    "10":-0.023274637,
    "11":-0.0466304584,
    "12":-0.0369190116,
    "13":-0.0283168023,
    "14":-0.04895891,
    "15":-0.04290809,
    "16":-0.0668467671,
    "17":-0.0402216612,
    "18":-0.0349000546,
    "19":-0.0414019015,
    "20":-0.0439361013,
    "21":-0.03888524,
    "22":-0.0329996,
    "23":-0.0372318929,
    "24":-0.0397377406,
    "25":-0.0340007,
    "26":-0.0368586335,
    "27":-0.0407471409,
    "28":-0.1211930771,
    "29":-0.0327651409,
    "30":-0.033529324,
    "31":-0.036673651,
    "32":-0.041794979,
    "33":-0.0347163045,
    "34":-0.0681997254,
    "35":-0.0312085587,
    "36":-0.0269350949,
    "37":-0.030667552,
    "38":-0.033896535,
    "39":-0.0396393694,
    "40":-0.031114961,
    "41":-0.029779492,
    "42":-0.0395248727,
    "43":-0.0319145061,
    "44":-0.034051077,
    "45":-0.034859226,
    "46":-0.0359653686,
    "47":-0.0448653183,
    "48":-0.1218133296,
    "49":-0.0387552481
  }
}