{
  "Astrahl":{
    "0":0.0020450461,
    "1":0.0140696741,
    "2":0.01301881,
    "3":0.003040951,
    "4":0.0052355461,
    "5":0.00501501,
    "6":0.0010171,
    "7":0.0061074057,
    "8":0.0050285,
    "9":0.0063468398,
    "10":0.0131905961,
    "11":0.00104028,
    "12":0.002037829,
    "13":0.004040951,
    "14":0.006946883,
    "15":0.003041734,
    "16":0.00602451,
    "17":0.0031171235,
    "18":0.00401121,
    "19":0.0030807255,
    "20":0.002028997,
    "21":0.010910569,
    "22":0.0061185896,
    "23":0.005057181,
    "24":0.001029539,
    "25":0.0000358262,
    "26":0.0046126423,
    "27":0.0030675061,
    "28":0.0072460008,
    "29":0.0030152,
    "30":0.003047139,
    "31":0.0031097821,
    "32":0.0050133,
    "33":0.0040209,
    "34":0.00603515,
    "35":0.0023313717,
    "36":0.0030632776,
    "37":0.0079551729,
    "38":0.000068292,
    "39":0.001019,
    "40":0.0031067706,
    "41":0.003068292,
    "42":0.006015718,
    "43":0.002019,
    "44":0.00202439,
    "45":0.0030209,
    "46":0.00801292,
    "47":0.00392451,
    "48":0.0030881072,
    "49":0.00702907
  },
  "Uniform":{
    "0":0.040012198,
    "1":0.1402073007,
    "2":0.139175539,
    "3":0.037008488,
    "4":0.0440555712,
    "5":0.0836037,
    "6":0.0360029,
    "7":0.069323667,
    "8":0.08300171,
    "9":0.0717607942,
    "10":0.1643874666,
    "11":0.03300851,
    "12":0.036006239,
    "13":0.04000461,
    "14":0.06020351,
    "15":0.03100632,
    "16":0.09754081,
    "17":0.0420301111,
    "18":0.07260451,
    "19":0.03600632,
    "20":0.0350029,
    "21":0.138442339,
    "22":0.06410631,
    "23":0.0310077,
    "24":0.03500171,
    "25":0.02900671,
    "26":0.1049797601,
    "27":0.030020879,
    "28":0.1114082375,
    "29":0.03400551,
    "30":0.067711908,
    "31":0.0390247031,
    "32":0.06140081,
    "33":0.0240019,
    "34":0.0950436,
    "35":0.0280382501,
    "36":0.03601012,
    "37":0.073509298,
    "38":0.03701202,
    "39":0.03400371,
    "40":0.0430143931,
    "41":0.034015079,
    "42":0.039,
    "43":0.0656039,
    "44":0.0320019,
    "45":0.0370066,
    "46":0.09483271,
    "47":0.0685028,
    "48":0.035015269,
    "49":0.03500551
  },
  "Prop":{
    "0":0.024011288,
    "1":0.11662603,
    "2":0.134881249,
    "3":0.03801103,
    "4":0.036059684,
    "5":0.073303349,
    "6":0.03200561,
    "7":0.06321083,
    "8":0.0658,
    "9":0.0654605067,
    "10":0.1515324912,
    "11":0.036015179,
    "12":0.04000542,
    "13":0.038007239,
    "14":0.068709469,
    "15":0.0420009,
    "16":0.09602171,
    "17":0.03601454,
    "18":0.0607029,
    "19":0.0360151031,
    "20":0.03200551,
    "21":0.12671261,
    "22":0.062811749,
    "23":0.03701383,
    "24":0.03300741,
    "25":0.038019169,
    "26":0.0934043931,
    "27":0.03902014,
    "28":0.1040940141,
    "29":0.040001,
    "30":0.07830271,
    "31":0.035014659,
    "32":0.069,
    "33":0.034001,
    "34":0.110996579,
    "35":0.0350472521,
    "36":0.02600922,
    "37":0.063114269,
    "38":0.033016518,
    "39":0.035001,
    "40":0.0340256128,
    "41":0.02301373,
    "42":0.04000651,
    "43":0.0632037,
    "44":0.0320049,
    "45":0.027,
    "46":0.079825049,
    "47":0.068208049,
    "48":0.036021299,
    "49":0.0340096
  },
  "Delta_Uniform":{
    "0":-0.0379671519,
    "1":-0.1261376266,
    "2":-0.126156729,
    "3":-0.033967537,
    "4":-0.0388200251,
    "5":-0.07858869,
    "6":-0.0349858,
    "7":-0.0632162613,
    "8":-0.07797321,
    "9":-0.0654139545,
    "10":-0.1511968705,
    "11":-0.03196823,
    "12":-0.03396841,
    "13":-0.035963659,
    "14":-0.053256627,
    "15":-0.027964586,
    "16":-0.0915163,
    "17":-0.0389129876,
    "18":-0.0685933,
    "19":-0.0329255945,
    "20":-0.032973903,
    "21":-0.12753177,
    "22":-0.0579877204,
    "23":-0.025950519,
    "24":-0.033972171,
    "25":-0.0289708838,
    "26":-0.1003671177,
    "27":-0.0269533729,
    "28":-0.1041622367,
    "29":-0.03099031,
    "30":-0.064664769,
    "31":-0.035914921,
    "32":-0.05638751,
    "33":-0.019981,
    "34":-0.08900845,
    "35":-0.0257068784,
    "36":-0.0329468424,
    "37":-0.0655541251,
    "38":-0.036943728,
    "39":-0.03298471,
    "40":-0.0399076225,
    "41":-0.030946787,
    "42":-0.032984282,
    "43":-0.0635849,
    "44":-0.02997751,
    "45":-0.0339857,
    "46":-0.08681979,
    "47":-0.06457829,
    "48":-0.0319271618,
    "49":-0.02797644
  },
  "Delta_Prop":{
    "0":-0.0219662419,
    "1":-0.1025563559,
    "2":-0.121862439,
    "3":-0.034970079,
    "4":-0.0308241379,
    "5":-0.068288339,
    "6":-0.03098851,
    "7":-0.0571034243,
    "8":-0.0607715,
    "9":-0.0591136669,
    "10":-0.1383418952,
    "11":-0.034974899,
    "12":-0.037967591,
    "13":-0.033966288,
    "14":-0.061762586,
    "15":-0.038959166,
    "16":-0.0899972,
    "17":-0.0328974165,
    "18":-0.05669169,
    "19":-0.0329343776,
    "20":-0.029976513,
    "21":-0.115802041,
    "22":-0.0566931594,
    "23":-0.031956649,
    "24":-0.031977871,
    "25":-0.0379833428,
    "26":-0.0887917507,
    "27":-0.0359526339,
    "28":-0.0968480133,
    "29":-0.0369858,
    "30":-0.075255571,
    "31":-0.0319048769,
    "32":-0.0639867,
    "33":-0.0299801,
    "34":-0.104961429,
    "35":-0.0327158804,
    "36":-0.0229459424,
    "37":-0.0551590961,
    "38":-0.032948226,
    "39":-0.033982,
    "40":-0.0309188422,
    "41":-0.019945438,
    "42":-0.033990792,
    "43":-0.0611847,
    "44":-0.02998051,
    "45":-0.0239791,
    "46":-0.071812129,
    "47":-0.064283539,
    "48":-0.0329331918,
    "49":-0.02698053
  }
}