{
  "Astrahl":{
    "0":0.0000041078,
    "1":0.0000252438,
    "2":0.000009483,
    "3":0.0000127171,
    "4":0.0000375837,
    "5":0.0000036073,
    "6":0.0000172347,
    "7":0.000006431,
    "8":0.0000138178,
    "9":0.00000327,
    "10":0.0000082114,
    "11":0.0000092561,
    "12":0.0000091338,
    "13":0.0000246395,
    "14":0.000034085,
    "15":0.0000065476,
    "16":0.0,
    "17":0.0000043865,
    "18":0.0000121902,
    "19":0.0000039285,
    "20":0.0000024878,
    "21":0.0000108533,
    "22":0.0000079628,
    "23":0.0000084878,
    "24":0.000007924,
    "25":0.0000043902,
    "26":0.0000077259,
    "27":0.00000218,
    "28":0.00000327,
    "29":0.0,
    "30":0.0,
    "31":0.0000134782,
    "32":0.000002342,
    "33":0.0,
    "34":0.000003513,
    "35":0.00000109,
    "36":0.000001171,
    "37":0.0000085455,
    "38":0.0000136362,
    "39":0.000002342,
    "40":0.000002342,
    "41":0.00000327,
    "42":0.0000137817,
    "43":0.000003513,
    "44":0.000002342,
    "45":0.0000121901,
    "46":0.000002342,
    "47":0.0000142007,
    "48":0.0,
    "49":0.000011886
  },
  "Uniform":{
    "0":0.0000132769,
    "1":0.0001149915,
    "2":0.0000173849,
    "3":0.0000327848,
    "4":0.0000996453,
    "5":0.0000208828,
    "6":0.000028523,
    "7":0.000014631,
    "8":0.0000408606,
    "9":0.00000957,
    "10":0.0000095139,
    "11":0.0000627767,
    "12":0.0000247479,
    "13":0.0000767945,
    "14":0.000102525,
    "15":0.0000272235,
    "16":0.0000118935,
    "17":0.0000183925,
    "18":0.0000381533,
    "19":0.0000115708,
    "20":0.0000165369,
    "21":0.0000373714,
    "22":0.000017925,
    "23":0.0000283308,
    "24":0.000015061,
    "25":0.0000152051,
    "26":0.000038927,
    "27":0.000010041,
    "28":0.00000818,
    "29":0.000010741,
    "30":0.0000087269,
    "31":0.000042217,
    "32":0.000012383,
    "33":0.0000158332,
    "34":0.00000867,
    "35":0.0000051,
    "36":0.00000547,
    "37":0.0000315608,
    "38":0.0000394939,
    "39":0.00000477,
    "40":0.0000152418,
    "41":0.00000848,
    "42":0.0000420927,
    "43":0.00000557,
    "44":0.00000785,
    "45":0.0000326264,
    "46":0.000008812,
    "47":0.000045181,
    "48":0.00001019,
    "49":0.000032861
  },
  "Prop":{
    "0":0.000011961,
    "1":0.000036735,
    "2":0.00001768,
    "3":0.0000315647,
    "4":0.0001297215,
    "5":0.0000146697,
    "6":0.000024413,
    "7":0.000012422,
    "8":0.0000330079,
    "9":0.00000756,
    "10":0.0000082337,
    "11":0.0000788219,
    "12":0.000015835,
    "13":0.0000702147,
    "14":0.0001383546,
    "15":0.0000197408,
    "16":0.0000135054,
    "17":0.000019741,
    "18":0.0000342126,
    "19":0.0000071388,
    "20":0.000018816,
    "21":0.0000308659,
    "22":0.0000142606,
    "23":0.0000286371,
    "24":0.000019051,
    "25":0.0000250243,
    "26":0.0000294688,
    "27":0.000015951,
    "28":0.0000071,
    "29":0.000009003,
    "30":0.000003461,
    "31":0.0000195938,
    "32":0.000006551,
    "33":0.0000173767,
    "34":0.00000538,
    "35":0.00000827,
    "36":0.000008461,
    "37":0.0000375033,
    "38":0.0000360534,
    "39":0.00000448,
    "40":0.0000153157,
    "41":0.00000619,
    "42":0.0000296048,
    "43":0.00000847,
    "44":0.000004361,
    "45":0.0000303599,
    "46":0.000012222,
    "47":0.0000322413,
    "48":0.000011961,
    "49":0.0000298259
  },
  "Delta_Uniform":{
    "0":-0.0000091691,
    "1":-0.0000897478,
    "2":-0.0000079019,
    "3":-0.0000200677,
    "4":-0.0000620617,
    "5":-0.0000172755,
    "6":-0.0000112883,
    "7":-0.0000082,
    "8":-0.0000270428,
    "9":-0.0000063,
    "10":-0.0000013026,
    "11":-0.0000535206,
    "12":-0.0000156141,
    "13":-0.000052155,
    "14":-0.00006844,
    "15":-0.000020676,
    "16":-0.0000118935,
    "17":-0.000014006,
    "18":-0.0000259631,
    "19":-0.0000076423,
    "20":-0.0000140491,
    "21":-0.0000265181,
    "22":-0.0000099622,
    "23":-0.000019843,
    "24":-0.000007137,
    "25":-0.0000108149,
    "26":-0.0000312011,
    "27":-0.000007861,
    "28":-0.00000491,
    "29":-0.000010741,
    "30":-0.0000087269,
    "31":-0.0000287388,
    "32":-0.000010041,
    "33":-0.0000158332,
    "34":-0.000005157,
    "35":-0.00000401,
    "36":-0.000004299,
    "37":-0.0000230153,
    "38":-0.0000258577,
    "39":-0.000002428,
    "40":-0.0000128998,
    "41":-0.00000521,
    "42":-0.0000283111,
    "43":-0.000002057,
    "44":-0.000005508,
    "45":-0.0000204363,
    "46":-0.00000647,
    "47":-0.0000309803,
    "48":-0.00001019,
    "49":-0.000020975
  },
  "Delta_Prop":{
    "0":-0.0000078532,
    "1":-0.0000114912,
    "2":-0.000008197,
    "3":-0.0000188477,
    "4":-0.0000921378,
    "5":-0.0000110624,
    "6":-0.0000071783,
    "7":-0.000005991,
    "8":-0.0000191901,
    "9":-0.00000429,
    "10":-0.0000000223,
    "11":-0.0000695658,
    "12":-0.0000067012,
    "13":-0.0000455752,
    "14":-0.0001042696,
    "15":-0.0000131933,
    "16":-0.0000135054,
    "17":-0.0000153545,
    "18":-0.0000220224,
    "19":-0.0000032103,
    "20":-0.0000163282,
    "21":-0.0000200126,
    "22":-0.0000062978,
    "23":-0.0000201493,
    "24":-0.000011127,
    "25":-0.0000206341,
    "26":-0.0000217429,
    "27":-0.000013771,
    "28":-0.00000383,
    "29":-0.000009003,
    "30":-0.000003461,
    "31":-0.0000061156,
    "32":-0.000004209,
    "33":-0.0000173767,
    "34":-0.000001867,
    "35":-0.00000718,
    "36":-0.00000729,
    "37":-0.0000289578,
    "38":-0.0000224172,
    "39":-0.000002138,
    "40":-0.0000129737,
    "41":-0.00000292,
    "42":-0.0000158231,
    "43":-0.000004957,
    "44":-0.000002019,
    "45":-0.0000181698,
    "46":-0.00000988,
    "47":-0.0000180406,
    "48":-0.000011961,
    "49":-0.0000179399
  }
}