{
  "Astrahl":{
    "0":0.03876952,
    "1":0.0594714036,
    "2":0.0501523121,
    "3":0.0289036394,
    "4":0.039063126,
    "5":0.0245961,
    "6":0.0735622324,
    "7":0.047529638,
    "8":0.0651101007,
    "9":0.0770196001,
    "10":0.02851473,
    "11":0.034842389,
    "12":0.038501377,
    "13":0.0237262,
    "14":0.0287756346,
    "15":0.04158843,
    "16":0.042944069,
    "17":0.054255308,
    "18":0.0472926571,
    "19":0.0658188666,
    "20":0.04106491,
    "21":0.03607573,
    "22":0.0510674771,
    "23":0.02913534,
    "24":0.040566718,
    "25":0.02796462,
    "26":0.0231923,
    "27":0.0451763824,
    "28":0.032643282,
    "29":0.033186487,
    "30":0.0351040501,
    "31":0.038327479,
    "32":0.0426436333,
    "33":0.0462891811,
    "34":0.0554857753,
    "35":0.042203089,
    "36":0.050015365,
    "37":0.027186222,
    "38":0.04434812,
    "39":0.0380876411,
    "40":0.020653,
    "41":0.037527028,
    "42":0.032947115,
    "43":0.046026046,
    "44":0.0299863,
    "45":0.02824651,
    "46":0.02070181,
    "47":0.0213522,
    "48":0.033136537,
    "49":0.023466
  },
  "Uniform":{
    "0":0.10015173,
    "1":0.1134715199,
    "2":0.103976235,
    "3":0.065416446,
    "4":0.064298278,
    "5":0.05182581,
    "6":0.1123043942,
    "7":0.060330857,
    "8":0.0909352178,
    "9":0.1263260823,
    "10":0.06371805,
    "11":0.05481292,
    "12":0.058294926,
    "13":0.04888351,
    "14":0.059634628,
    "15":0.1029646021,
    "16":0.097312319,
    "17":0.1132924761,
    "18":0.103226366,
    "19":0.0831188074,
    "20":0.09870991,
    "21":0.06311044,
    "22":0.0682206959,
    "23":0.04916653,
    "24":0.066514087,
    "25":0.05395545,
    "26":0.0562784,
    "27":0.0667480722,
    "28":0.063672659,
    "29":0.071422563,
    "30":0.071878249,
    "31":0.0536989,
    "32":0.0775025551,
    "33":0.101875597,
    "34":0.0999384091,
    "35":0.07866604,
    "36":0.107426107,
    "37":0.059734127,
    "38":0.0618172211,
    "39":0.062605548,
    "40":0.051104,
    "41":0.059442849,
    "42":0.0575990121,
    "43":0.065337769,
    "44":0.06052816,
    "45":0.06725312,
    "46":0.0570635,
    "47":0.0523333,
    "48":0.063208109,
    "49":0.0554595
  },
  "Prop":{
    "0":0.08209323,
    "1":0.1058688403,
    "2":0.093938997,
    "3":0.0579863591,
    "4":0.061391926,
    "5":0.04647121,
    "6":0.1079497796,
    "7":0.0598547144,
    "8":0.0901937737,
    "9":0.1304601933,
    "10":0.05001804,
    "11":0.04684971,
    "12":0.065669808,
    "13":0.0507133,
    "14":0.0627332761,
    "15":0.090030067,
    "16":0.08750534,
    "17":0.095901528,
    "18":0.0925680611,
    "19":0.0747266388,
    "20":0.09228793,
    "21":0.04857861,
    "22":0.0688425022,
    "23":0.05384515,
    "24":0.070251977,
    "25":0.04833646,
    "26":0.05844912,
    "27":0.067748167,
    "28":0.056333805,
    "29":0.0629886571,
    "30":0.0539690501,
    "31":0.05590164,
    "32":0.0710574612,
    "33":0.09507895,
    "34":0.1071305109,
    "35":0.083561489,
    "36":0.101438514,
    "37":0.051880809,
    "38":0.0619569691,
    "39":0.0568136301,
    "40":0.0542076,
    "41":0.052415999,
    "42":0.054154057,
    "43":0.05802811,
    "44":0.056353647,
    "45":0.04822811,
    "46":0.0555875,
    "47":0.04690921,
    "48":0.05682073,
    "49":0.0564292
  },
  "Delta_Uniform":{
    "0":-0.06138221,
    "1":-0.0540001163,
    "2":-0.0538239229,
    "3":-0.0365128066,
    "4":-0.025235152,
    "5":-0.02722971,
    "6":-0.0387421618,
    "7":-0.012801219,
    "8":-0.0258251172,
    "9":-0.0493064822,
    "10":-0.03520332,
    "11":-0.019970531,
    "12":-0.019793549,
    "13":-0.02515731,
    "14":-0.0308589934,
    "15":-0.0613761721,
    "16":-0.05436825,
    "17":-0.0590371681,
    "18":-0.0559337089,
    "19":-0.0172999408,
    "20":-0.057645,
    "21":-0.02703471,
    "22":-0.0171532188,
    "23":-0.02003119,
    "24":-0.025947369,
    "25":-0.02599083,
    "26":-0.0330861,
    "27":-0.0215716898,
    "28":-0.031029377,
    "29":-0.038236076,
    "30":-0.0367741989,
    "31":-0.015371421,
    "32":-0.0348589218,
    "33":-0.0555864159,
    "34":-0.0444526338,
    "35":-0.036462951,
    "36":-0.057410742,
    "37":-0.032547905,
    "38":-0.0174691011,
    "39":-0.0245179069,
    "40":-0.030451,
    "41":-0.021915821,
    "42":-0.0246518971,
    "43":-0.019311723,
    "44":-0.03054186,
    "45":-0.03900661,
    "46":-0.03636169,
    "47":-0.0309811,
    "48":-0.030071572,
    "49":-0.0319935
  },
  "Delta_Prop":{
    "0":-0.04332371,
    "1":-0.0463974367,
    "2":-0.0437866849,
    "3":-0.0290827197,
    "4":-0.0223288,
    "5":-0.02187511,
    "6":-0.0343875472,
    "7":-0.0123250764,
    "8":-0.0250836731,
    "9":-0.0534405932,
    "10":-0.02150331,
    "11":-0.012007321,
    "12":-0.027168431,
    "13":-0.0269871,
    "14":-0.0339576415,
    "15":-0.048441637,
    "16":-0.044561271,
    "17":-0.04164622,
    "18":-0.045275404,
    "19":-0.0089077722,
    "20":-0.05122302,
    "21":-0.01250288,
    "22":-0.0177750251,
    "23":-0.02470981,
    "24":-0.029685259,
    "25":-0.02037184,
    "26":-0.03525682,
    "27":-0.0225717846,
    "28":-0.023690523,
    "29":-0.0298021701,
    "30":-0.018865,
    "31":-0.017574161,
    "32":-0.0284138279,
    "33":-0.0487897689,
    "34":-0.0516447356,
    "35":-0.0413584,
    "36":-0.051423149,
    "37":-0.024694587,
    "38":-0.0176088491,
    "39":-0.018725989,
    "40":-0.0335546,
    "41":-0.014888971,
    "42":-0.021206942,
    "43":-0.012002064,
    "44":-0.026367347,
    "45":-0.0199816,
    "46":-0.03488569,
    "47":-0.02555701,
    "48":-0.023684193,
    "49":-0.0329632
  }
}