{
  "Astrahl":{
    "0":0.00006104,
    "1":0.0001471173,
    "2":0.0001185266,
    "3":0.000024591,
    "4":0.0003380902,
    "5":0.0005843765,
    "6":0.0004119991,
    "7":0.0000854444,
    "8":0.0001526717,
    "9":0.000752375,
    "10":0.000063547,
    "11":0.0000423968,
    "12":0.0001107276,
    "13":0.000062457,
    "14":0.0000694403,
    "15":0.00002342,
    "16":0.0000669511,
    "17":0.0000947421,
    "18":0.0000592526,
    "19":0.0000572268,
    "20":0.0000884105,
    "21":0.0001721702,
    "22":0.000100934,
    "23":0.0003028918,
    "24":0.000038643,
    "25":0.0000409755,
    "26":0.0001168541,
    "27":0.000031617,
    "28":0.0003055168,
    "29":0.000057449,
    "30":0.000063392,
    "31":0.0000676682,
    "32":0.0001061816,
    "33":0.0001258205,
    "34":0.000024591,
    "35":0.0001328923,
    "36":0.0001023633,
    "37":0.0003703764,
    "38":0.0001214444,
    "39":0.0001696252,
    "40":0.0001857443,
    "41":0.0000437217,
    "42":0.0000487487,
    "43":0.0000445097,
    "44":0.0001772133,
    "45":0.00011886,
    "46":0.0000763755,
    "47":0.000076829,
    "48":0.00002725,
    "49":0.0000552712
  },
  "Uniform":{
    "0":0.000103149,
    "1":0.0002549225,
    "2":0.0001854838,
    "3":0.000053238,
    "4":0.0004327266,
    "5":0.0007233214,
    "6":0.000527904,
    "7":0.0001024524,
    "8":0.0002747348,
    "9":0.0008911176,
    "10":0.000099759,
    "11":0.0000621369,
    "12":0.0001663928,
    "13":0.000093207,
    "14":0.0000879635,
    "15":0.000048694,
    "16":0.0000957486,
    "17":0.0001898521,
    "18":0.0000854733,
    "19":0.0000907881,
    "20":0.0000886334,
    "21":0.0002343787,
    "22":0.0001216398,
    "23":0.0003549766,
    "24":0.000050824,
    "25":0.0000715476,
    "26":0.0001488509,
    "27":0.000038288,
    "28":0.0005314585,
    "29":0.000072508,
    "30":0.000075053,
    "31":0.0001076534,
    "32":0.0001629441,
    "33":0.0002032613,
    "34":0.000048082,
    "35":0.0001989535,
    "36":0.0001391261,
    "37":0.0005683674,
    "38":0.0001739074,
    "39":0.0002490481,
    "40":0.0003068968,
    "41":0.0000561159,
    "42":0.0000934497,
    "43":0.000088061,
    "44":0.0002829597,
    "45":0.0001694857,
    "46":0.0001066228,
    "47":0.0001127823,
    "48":0.00003964,
    "49":0.0001198277
  },
  "Prop":{
    "0":0.000092376,
    "1":0.0002829065,
    "2":0.0001462418,
    "3":0.000043269,
    "4":0.0003928185,
    "5":0.0007646449,
    "6":0.0005573267,
    "7":0.0001259495,
    "8":0.0002686766,
    "9":0.0010724147,
    "10":0.000086925,
    "11":0.0000548359,
    "12":0.0001341381,
    "13":0.000092504,
    "14":0.000092795,
    "15":0.000040888,
    "16":0.0000953129,
    "17":0.0001637431,
    "18":0.0000889692,
    "19":0.0000879221,
    "20":0.0000918678,
    "21":0.0002155903,
    "22":0.0001122147,
    "23":0.0003431096,
    "24":0.000043759,
    "25":0.0000591277,
    "26":0.0001928378,
    "27":0.000056409,
    "28":0.0004864954,
    "29":0.000070139,
    "30":0.000083186,
    "31":0.0000874779,
    "32":0.0001616791,
    "33":0.0001859116,
    "34":0.000050914,
    "35":0.0002574038,
    "36":0.0001535863,
    "37":0.0004715572,
    "38":0.0001846393,
    "39":0.0002594478,
    "40":0.0003109133,
    "41":0.0000542576,
    "42":0.000082037,
    "43":0.0000792232,
    "44":0.0002363596,
    "45":0.0001676864,
    "46":0.0001197793,
    "47":0.0000931704,
    "48":0.00003378,
    "49":0.0000769211
  },
  "Delta_Uniform":{
    "0":-0.000042109,
    "1":-0.0001078052,
    "2":-0.0000669572,
    "3":-0.000028647,
    "4":-0.0000946364,
    "5":-0.0001389449,
    "6":-0.0001159049,
    "7":-0.000017008,
    "8":-0.0001220631,
    "9":-0.0001387426,
    "10":-0.000036212,
    "11":-0.0000197401,
    "12":-0.0000556652,
    "13":-0.00003075,
    "14":-0.0000185232,
    "15":-0.000025274,
    "16":-0.0000287975,
    "17":-0.00009511,
    "18":-0.0000262207,
    "19":-0.0000335613,
    "20":-0.0000002229,
    "21":-0.0000622085,
    "22":-0.0000207058,
    "23":-0.0000520848,
    "24":-0.000012181,
    "25":-0.0000305721,
    "26":-0.0000319968,
    "27":-0.000006671,
    "28":-0.0002259417,
    "29":-0.000015059,
    "30":-0.000011661,
    "31":-0.0000399852,
    "32":-0.0000567625,
    "33":-0.0000774408,
    "34":-0.000023491,
    "35":-0.0000660612,
    "36":-0.0000367628,
    "37":-0.0001979909,
    "38":-0.000052463,
    "39":-0.0000794229,
    "40":-0.0001211525,
    "41":-0.0000123942,
    "42":-0.000044701,
    "43":-0.0000435513,
    "44":-0.0001057465,
    "45":-0.0000506257,
    "46":-0.0000302474,
    "47":-0.0000359532,
    "48":-0.00001239,
    "49":-0.0000645565
  },
  "Delta_Prop":{
    "0":-0.000031336,
    "1":-0.0001357892,
    "2":-0.0000277152,
    "3":-0.000018678,
    "4":-0.0000547283,
    "5":-0.0001802684,
    "6":-0.0001453276,
    "7":-0.0000405051,
    "8":-0.0001160049,
    "9":-0.0003200397,
    "10":-0.000023378,
    "11":-0.0000124391,
    "12":-0.0000234105,
    "13":-0.000030047,
    "14":-0.0000233547,
    "15":-0.000017468,
    "16":-0.0000283618,
    "17":-0.000069001,
    "18":-0.0000297166,
    "19":-0.0000306953,
    "20":-0.0000034573,
    "21":-0.0000434202,
    "22":-0.0000112807,
    "23":-0.0000402179,
    "24":-0.000005116,
    "25":-0.0000181523,
    "26":-0.0000759837,
    "27":-0.000024792,
    "28":-0.0001809787,
    "29":-0.00001269,
    "30":-0.000019794,
    "31":-0.0000198098,
    "32":-0.0000554975,
    "33":-0.0000600911,
    "34":-0.000026323,
    "35":-0.0001245116,
    "36":-0.000051223,
    "37":-0.0001011808,
    "38":-0.0000631949,
    "39":-0.0000898225,
    "40":-0.000125169,
    "41":-0.0000105359,
    "42":-0.0000332883,
    "43":-0.0000347135,
    "44":-0.0000591463,
    "45":-0.0000488264,
    "46":-0.0000434038,
    "47":-0.0000163414,
    "48":-0.00000653,
    "49":-0.0000216499
  }
}