{
  "Astrahl":{
    "0":0.087710702,
    "1":0.041111693,
    "2":0.0564483436,
    "3":0.0472418601,
    "4":0.1052852571,
    "5":0.1133861745,
    "6":0.0702288798,
    "7":0.0432181638,
    "8":0.038793626,
    "9":0.040757094,
    "10":0.02678312,
    "11":0.0286262653,
    "12":0.028508132,
    "13":0.0571830292,
    "14":0.039024587,
    "15":0.0342926212,
    "16":0.0992829061,
    "17":0.0874489906,
    "18":0.0759719398,
    "19":0.0456920567,
    "20":0.0782762856,
    "21":0.0778079471,
    "22":0.0447998826,
    "23":0.0601422091,
    "24":0.0781505946,
    "25":0.0279139467,
    "26":0.02765476,
    "27":0.052218689,
    "28":0.0936606366,
    "29":0.0538903662,
    "30":0.0974990679,
    "31":0.040043934,
    "32":0.0847529479,
    "33":0.1722316196,
    "34":0.0742311136,
    "35":0.0554437167,
    "36":0.0758945451,
    "37":0.060374656,
    "38":0.1041073553,
    "39":0.039461522,
    "40":0.0387682211,
    "41":0.030438798,
    "42":0.0403918718,
    "43":0.0700722269,
    "44":0.1397789646,
    "45":0.0854890548,
    "46":0.0987260185,
    "47":0.0534428116,
    "48":0.0537711938,
    "49":0.0718463225
  },
  "Uniform":{
    "0":0.0922544325,
    "1":0.043284762,
    "2":0.0635796217,
    "3":0.0537498088,
    "4":0.1079015225,
    "5":0.1209018923,
    "6":0.0796925516,
    "7":0.0461213344,
    "8":0.043611821,
    "9":0.045937117,
    "10":0.03274696,
    "11":0.03333818,
    "12":0.030677823,
    "13":0.0610602364,
    "14":0.0446039524,
    "15":0.0355724842,
    "16":0.1086803841,
    "17":0.0922741724,
    "18":0.0799717709,
    "19":0.0490100628,
    "20":0.0825394696,
    "21":0.0793622388,
    "22":0.0481116773,
    "23":0.0683180792,
    "24":0.0879565455,
    "25":0.0325719701,
    "26":0.0299861,
    "27":0.0566945857,
    "28":0.1114044963,
    "29":0.0579103819,
    "30":0.1110964028,
    "31":0.044892802,
    "32":0.0953130499,
    "33":0.1894395323,
    "34":0.0734319247,
    "35":0.0602422264,
    "36":0.0811535406,
    "37":0.0669974344,
    "38":0.1176891019,
    "39":0.044150113,
    "40":0.0449929998,
    "41":0.031339125,
    "42":0.0426688452,
    "43":0.0810000612,
    "44":0.1550828426,
    "45":0.0991624192,
    "46":0.1090844551,
    "47":0.063239427,
    "48":0.0621372591,
    "49":0.0778934046
  },
  "Prop":{
    "0":0.0912463141,
    "1":0.044964082,
    "2":0.0613980622,
    "3":0.0533951266,
    "4":0.1051447132,
    "5":0.1198219721,
    "6":0.0769240004,
    "7":0.0468766765,
    "8":0.044303292,
    "9":0.04635163,
    "10":0.03093974,
    "11":0.0329245082,
    "12":0.032642524,
    "13":0.0630949231,
    "14":0.043059663,
    "15":0.0359570132,
    "16":0.1081966278,
    "17":0.0905285043,
    "18":0.0833304098,
    "19":0.0494949802,
    "20":0.0768062672,
    "21":0.082157307,
    "22":0.0504729964,
    "23":0.0659394632,
    "24":0.0872909098,
    "25":0.0330479011,
    "26":0.03156085,
    "27":0.0569641967,
    "28":0.1115471694,
    "29":0.0557632713,
    "30":0.1118490078,
    "31":0.044580024,
    "32":0.0960957917,
    "33":0.1919145302,
    "34":0.0816037503,
    "35":0.0635229441,
    "36":0.0812069538,
    "37":0.0656549133,
    "38":0.1229740989,
    "39":0.042754941,
    "40":0.043079794,
    "41":0.033808077,
    "42":0.0457459984,
    "43":0.0819625173,
    "44":0.1553549648,
    "45":0.0990686164,
    "46":0.109178009,
    "47":0.0620402779,
    "48":0.0627688846,
    "49":0.0753499268
  },
  "Delta_Uniform":{
    "0":-0.0045437305,
    "1":-0.002173069,
    "2":-0.0071312781,
    "3":-0.0065079487,
    "4":-0.0026162653,
    "5":-0.0075157178,
    "6":-0.0094636719,
    "7":-0.0029031706,
    "8":-0.004818195,
    "9":-0.005180023,
    "10":-0.00596384,
    "11":-0.0047119147,
    "12":-0.002169691,
    "13":-0.0038772072,
    "14":-0.0055793654,
    "15":-0.0012798631,
    "16":-0.009397478,
    "17":-0.0048251818,
    "18":-0.0039998311,
    "19":-0.0033180062,
    "20":-0.004263184,
    "21":-0.0015542917,
    "22":-0.0033117947,
    "23":-0.0081758701,
    "24":-0.0098059509,
    "25":-0.0046580234,
    "26":-0.00233134,
    "27":-0.0044758967,
    "28":-0.0177438597,
    "29":-0.0040200157,
    "30":-0.0135973349,
    "31":-0.004848868,
    "32":-0.010560102,
    "33":-0.0172079127,
    "34":0.0007991888,
    "35":-0.0047985097,
    "36":-0.0052589955,
    "37":-0.0066227784,
    "38":-0.0135817466,
    "39":-0.004688591,
    "40":-0.0062247787,
    "41":-0.000900327,
    "42":-0.0022769734,
    "43":-0.0109278343,
    "44":-0.015303878,
    "45":-0.0136733644,
    "46":-0.0103584367,
    "47":-0.0097966154,
    "48":-0.0083660653,
    "49":-0.0060470821
  },
  "Delta_Prop":{
    "0":-0.0035356121,
    "1":-0.003852389,
    "2":-0.0049497186,
    "3":-0.0061532665,
    "4":0.000140544,
    "5":-0.0064357975,
    "6":-0.0066951207,
    "7":-0.0036585127,
    "8":-0.005509666,
    "9":-0.005594536,
    "10":-0.00415662,
    "11":-0.0042982429,
    "12":-0.004134392,
    "13":-0.0059118939,
    "14":-0.004035076,
    "15":-0.001664392,
    "16":-0.0089137216,
    "17":-0.0030795137,
    "18":-0.0073584701,
    "19":-0.0038029235,
    "20":0.0014700183,
    "21":-0.0043493599,
    "22":-0.0056731138,
    "23":-0.0057972541,
    "24":-0.0091403152,
    "25":-0.0051339544,
    "26":-0.00390609,
    "27":-0.0047455077,
    "28":-0.0178865328,
    "29":-0.0018729051,
    "30":-0.01434994,
    "31":-0.00453609,
    "32":-0.0113428438,
    "33":-0.0196829106,
    "34":-0.0073726368,
    "35":-0.0080792274,
    "36":-0.0053124087,
    "37":-0.0052802573,
    "38":-0.0188667436,
    "39":-0.003293419,
    "40":-0.0043115729,
    "41":-0.003369279,
    "42":-0.0053541266,
    "43":-0.0118902903,
    "44":-0.0155760003,
    "45":-0.0135795615,
    "46":-0.0104519905,
    "47":-0.0085974663,
    "48":-0.0089976908,
    "49":-0.0035036043
  }
}