{
  "Astrahl":{
    "0":0.0742475066,
    "1":0.0577426006,
    "2":0.046634842,
    "3":0.053471827,
    "4":0.057571372,
    "5":0.0940940978,
    "6":0.0855325214,
    "7":0.0615484909,
    "8":0.0649034057,
    "9":0.0696940082,
    "10":0.0802211066,
    "11":0.0552173185,
    "12":0.1573481773,
    "13":0.069307624,
    "14":0.04941154,
    "15":0.0911123938,
    "16":0.0953247103,
    "17":0.0690322618,
    "18":0.0437472291,
    "19":0.1361128437,
    "20":0.0481528,
    "21":0.0848457957,
    "22":0.047822131,
    "23":0.0458128738,
    "24":0.087110773,
    "25":0.04439656,
    "26":0.0727665271,
    "27":0.04793302,
    "28":0.0874041808,
    "29":0.0713427,
    "30":0.0783536689,
    "31":0.04157938,
    "32":0.0433576,
    "33":0.061997991,
    "34":0.0445727674,
    "35":0.0656134319,
    "36":0.05098996,
    "37":0.0937527394,
    "38":0.084417536,
    "39":0.0519507226,
    "40":0.074775151,
    "41":0.06797687,
    "42":0.0671707766,
    "43":0.0604652101,
    "44":0.0557857594,
    "45":0.0623556157,
    "46":0.052493689,
    "47":0.05563531,
    "48":0.0965054835,
    "49":0.03971125
  },
  "Uniform":{
    "0":0.1079510827,
    "1":0.0952604333,
    "2":0.09234658,
    "3":0.0943113016,
    "4":0.1046923821,
    "5":0.1704589646,
    "6":0.1663052789,
    "7":0.0994825468,
    "8":0.0979619803,
    "9":0.1135863575,
    "10":0.0975301731,
    "11":0.0854989909,
    "12":0.3040408956,
    "13":0.170715808,
    "14":0.08275418,
    "15":0.1674936098,
    "16":0.1713688213,
    "17":0.1086866452,
    "18":0.0948387747,
    "19":0.2377544533,
    "20":0.09160962,
    "21":0.1215104647,
    "22":0.089006157,
    "23":0.083068309,
    "24":0.170285833,
    "25":0.08873169,
    "26":0.1106432324,
    "27":0.08289756,
    "28":0.1748799408,
    "29":0.0983310834,
    "30":0.1689900202,
    "31":0.09263798,
    "32":0.08194678,
    "33":0.0986283554,
    "34":0.0965496411,
    "35":0.1101056733,
    "36":0.08939724,
    "37":0.1617601767,
    "38":0.116743779,
    "39":0.0872772488,
    "40":0.156144609,
    "41":0.1066056618,
    "42":0.1130153613,
    "43":0.096828512,
    "44":0.1000987164,
    "45":0.0953959145,
    "46":0.0918054495,
    "47":0.095750288,
    "48":0.1750577855,
    "49":0.08488015
  },
  "Prop":{
    "0":0.0956208112,
    "1":0.0983057481,
    "2":0.090168228,
    "3":0.0938122101,
    "4":0.1012619439,
    "5":0.1689067257,
    "6":0.160936504,
    "7":0.0957434993,
    "8":0.0949483983,
    "9":0.1074142445,
    "10":0.1012556815,
    "11":0.0906249916,
    "12":0.2750932132,
    "13":0.161439211,
    "14":0.07702496,
    "15":0.160256411,
    "16":0.1549091425,
    "17":0.0980297605,
    "18":0.0922204366,
    "19":0.2267767118,
    "20":0.08496096,
    "21":0.119866138,
    "22":0.088140805,
    "23":0.0890653051,
    "24":0.1655902398,
    "25":0.08996741,
    "26":0.1149226947,
    "27":0.09011106,
    "28":0.1683067431,
    "29":0.1064958529,
    "30":0.1612301797,
    "31":0.08830996,
    "32":0.0883234,
    "33":0.1020396994,
    "34":0.0903480453,
    "35":0.099532766,
    "36":0.07845476,
    "37":0.1681775374,
    "38":0.1186008698,
    "39":0.0924264457,
    "40":0.165074535,
    "41":0.1096006768,
    "42":0.113707872,
    "43":0.083190801,
    "44":0.0964943127,
    "45":0.0993061697,
    "46":0.0896575949,
    "47":0.097245169,
    "48":0.1660453414,
    "49":0.08506141
  },
  "Delta_Uniform":{
    "0":-0.0337035762,
    "1":-0.0375178327,
    "2":-0.045711738,
    "3":-0.0408394746,
    "4":-0.0471210101,
    "5":-0.0763648668,
    "6":-0.0807727575,
    "7":-0.0379340559,
    "8":-0.0330585745,
    "9":-0.0438923493,
    "10":-0.0173090665,
    "11":-0.0302816724,
    "12":-0.1466927182,
    "13":-0.101408184,
    "14":-0.03334264,
    "15":-0.076381216,
    "16":-0.0760441109,
    "17":-0.0396543834,
    "18":-0.0510915456,
    "19":-0.1016416095,
    "20":-0.04345682,
    "21":-0.036664669,
    "22":-0.041184026,
    "23":-0.0372554352,
    "24":-0.08317506,
    "25":-0.04433513,
    "26":-0.0378767053,
    "27":-0.03496454,
    "28":-0.08747576,
    "29":-0.0269883834,
    "30":-0.0906363513,
    "31":-0.0510586,
    "32":-0.03858918,
    "33":-0.0366303645,
    "34":-0.0519768737,
    "35":-0.0444922414,
    "36":-0.03840728,
    "37":-0.0680074373,
    "38":-0.0323262431,
    "39":-0.0353265262,
    "40":-0.081369458,
    "41":-0.0386287918,
    "42":-0.0458445847,
    "43":-0.0363633019,
    "44":-0.044312957,
    "45":-0.0330402988,
    "46":-0.0393117605,
    "47":-0.040114978,
    "48":-0.078552302,
    "49":-0.0451689
  },
  "Delta_Prop":{
    "0":-0.0213733046,
    "1":-0.0405631475,
    "2":-0.043533386,
    "3":-0.0403403831,
    "4":-0.0436905719,
    "5":-0.074812628,
    "6":-0.0754039825,
    "7":-0.0341950084,
    "8":-0.0300449926,
    "9":-0.0377202363,
    "10":-0.0210345749,
    "11":-0.0354076731,
    "12":-0.1177450359,
    "13":-0.092131587,
    "14":-0.02761342,
    "15":-0.0691440172,
    "16":-0.0595844321,
    "17":-0.0289974987,
    "18":-0.0484732075,
    "19":-0.0906638681,
    "20":-0.03680816,
    "21":-0.0350203423,
    "22":-0.040318674,
    "23":-0.0432524313,
    "24":-0.0784794668,
    "25":-0.04557085,
    "26":-0.0421561675,
    "27":-0.04217804,
    "28":-0.0809025623,
    "29":-0.0351531529,
    "30":-0.0828765108,
    "31":-0.04673058,
    "32":-0.0449658,
    "33":-0.0400417085,
    "34":-0.0457752779,
    "35":-0.0339193341,
    "36":-0.0274648,
    "37":-0.074424798,
    "38":-0.0341833338,
    "39":-0.0404757231,
    "40":-0.090299384,
    "41":-0.0416238068,
    "42":-0.0465370954,
    "43":-0.0227255909,
    "44":-0.0407085533,
    "45":-0.0369505541,
    "46":-0.0371639059,
    "47":-0.041609859,
    "48":-0.0695398579,
    "49":-0.04535016
  }
}