{
  "Astrahl":{
    "0":0.002296454,
    "1":0.003863783,
    "2":0.00189525,
    "3":0.0067203218,
    "4":0.0043186069,
    "5":0.00183027,
    "6":0.0147303292,
    "7":0.0045972989,
    "8":0.0041704498,
    "9":0.0064073126,
    "10":0.00222737,
    "11":0.00237899,
    "12":0.006857538,
    "13":0.0042278439,
    "14":0.00219849,
    "15":0.0063019722,
    "16":0.004847106,
    "17":0.003209651,
    "18":0.0092302375,
    "19":0.0061310796,
    "20":0.00224181,
    "21":0.0126376623,
    "22":0.0088192226,
    "23":0.003195933,
    "24":0.0086449444,
    "25":0.003233572,
    "26":0.003390873,
    "27":0.004387594,
    "28":0.003496171,
    "29":0.0068424031,
    "30":0.00240426,
    "31":0.0119061888,
    "32":0.0046983789,
    "33":0.0069249779,
    "34":0.0038535116,
    "35":0.003053357,
    "36":0.002893738,
    "37":0.0046150487,
    "38":0.00199272,
    "39":0.0021299,
    "40":0.00216961,
    "41":0.0060592402,
    "42":0.0064687265,
    "43":0.0036786983,
    "44":0.00195301,
    "45":0.0089563766,
    "46":0.0055011916,
    "47":0.0046961407,
    "48":0.003376072,
    "49":0.0045503328
  },
  "Uniform":{
    "0":0.002291332,
    "1":0.003358507,
    "2":0.00182596,
    "3":0.0049658961,
    "4":0.0041939817,
    "5":0.00191236,
    "6":0.013016058,
    "7":0.0039085946,
    "8":0.0039021353,
    "9":0.0055118019,
    "10":0.00211369,
    "11":0.00217159,
    "12":0.0074618117,
    "13":0.0039584247,
    "14":0.00213072,
    "15":0.0061144233,
    "16":0.0044864786,
    "17":0.002886793,
    "18":0.0090667412,
    "19":0.004729626,
    "20":0.00230521,
    "21":0.0098370644,
    "22":0.0082448572,
    "23":0.003211225,
    "24":0.0080747342,
    "25":0.002919675,
    "26":0.002680553,
    "27":0.0041935554,
    "28":0.003048884,
    "29":0.0053503721,
    "30":0.00220674,
    "31":0.0103441669,
    "32":0.0048409681,
    "33":0.0069698594,
    "34":0.0042062856,
    "35":0.003236678,
    "36":0.003418369,
    "37":0.0041507677,
    "38":0.00243315,
    "39":0.00222232,
    "40":0.00201499,
    "41":0.0050528145,
    "42":0.0054312276,
    "43":0.0040192763,
    "44":0.00193022,
    "45":0.0076582129,
    "46":0.0051843672,
    "47":0.0044270585,
    "48":0.003315687,
    "49":0.0033156417
  },
  "Prop":{
    "0":0.003265084,
    "1":0.002755226,
    "2":0.00170405,
    "3":0.0051545261,
    "4":0.004708779,
    "5":0.00197974,
    "6":0.0155173917,
    "7":0.0034288437,
    "8":0.0044310327,
    "9":0.0058588792,
    "10":0.00207823,
    "11":0.00239641,
    "12":0.006530453,
    "13":0.0040266397,
    "14":0.00246478,
    "15":0.0069794034,
    "16":0.0046846116,
    "17":0.003102897,
    "18":0.0083858509,
    "19":0.0049154885,
    "20":0.00197091,
    "21":0.0092423056,
    "22":0.0085164046,
    "23":0.003036975,
    "24":0.0090995798,
    "25":0.003219585,
    "26":0.003183707,
    "27":0.0034319277,
    "28":0.002860144,
    "29":0.005652163,
    "30":0.00210859,
    "31":0.0105744959,
    "32":0.0054039405,
    "33":0.0065802062,
    "34":0.0048463475,
    "35":0.003139728,
    "36":0.003290164,
    "37":0.0039399557,
    "38":0.00215269,
    "39":0.00183752,
    "40":0.00189633,
    "41":0.0053745131,
    "42":0.0057178636,
    "43":0.0038997783,
    "44":0.00206203,
    "45":0.0074703716,
    "46":0.0056921029,
    "47":0.0039407779,
    "48":0.003219546,
    "49":0.0039020726
  },
  "Delta_Uniform":{
    "0":0.000005122,
    "1":0.000505276,
    "2":0.00006929,
    "3":0.0017544257,
    "4":0.0001246252,
    "5":-0.00008209,
    "6":0.0017142712,
    "7":0.0006887043,
    "8":0.0002683145,
    "9":0.0008955107,
    "10":0.00011368,
    "11":0.0002074,
    "12":-0.0006042737,
    "13":0.0002694192,
    "14":0.00006777,
    "15":0.0001875489,
    "16":0.0003606274,
    "17":0.000322858,
    "18":0.0001634962,
    "19":0.0014014536,
    "20":-0.0000634,
    "21":0.002800598,
    "22":0.0005743655,
    "23":-0.000015292,
    "24":0.0005702102,
    "25":0.000313897,
    "26":0.00071032,
    "27":0.0001940386,
    "28":0.000447287,
    "29":0.001492031,
    "30":0.00019752,
    "31":0.0015620219,
    "32":-0.0001425892,
    "33":-0.0000448815,
    "34":-0.000352774,
    "35":-0.000183321,
    "36":-0.000524631,
    "37":0.000464281,
    "38":-0.00044043,
    "39":-0.00009242,
    "40":0.00015462,
    "41":0.0010064257,
    "42":0.0010374989,
    "43":-0.000340578,
    "44":0.00002279,
    "45":0.0012981636,
    "46":0.0003168244,
    "47":0.0002690822,
    "48":0.000060385,
    "49":0.0012346911
  },
  "Delta_Prop":{
    "0":-0.00096863,
    "1":0.001108557,
    "2":0.0001912,
    "3":0.0015657957,
    "4":-0.0003901721,
    "5":-0.00014947,
    "6":-0.0007870625,
    "7":0.0011684552,
    "8":-0.0002605829,
    "9":0.0005484334,
    "10":0.00014914,
    "11":-0.00001742,
    "12":0.000327085,
    "13":0.0002012042,
    "14":-0.00026629,
    "15":-0.0006774312,
    "16":0.0001624944,
    "17":0.000106754,
    "18":0.0008443865,
    "19":0.0012155911,
    "20":0.0002709,
    "21":0.0033953567,
    "22":0.0003028181,
    "23":0.000158958,
    "24":-0.0004546353,
    "25":0.000013987,
    "26":0.000207166,
    "27":0.0009556663,
    "28":0.000636027,
    "29":0.0011902402,
    "30":0.00029567,
    "31":0.0013316929,
    "32":-0.0007055616,
    "33":0.0003447717,
    "34":-0.0009928359,
    "35":-0.000086371,
    "36":-0.000396426,
    "37":0.000675093,
    "38":-0.00015997,
    "39":0.00029238,
    "40":0.00027328,
    "41":0.0006847271,
    "42":0.0007508629,
    "43":-0.00022108,
    "44":-0.00010902,
    "45":0.001486005,
    "46":-0.0001909113,
    "47":0.0007553628,
    "48":0.000156526,
    "49":0.0006482602
  }
}