{
  "Astrahl":{
    "0":0.2536226892,
    "1":0.2029184169,
    "2":0.151646698,
    "3":0.2067520595,
    "4":0.2797114853,
    "5":0.204884436,
    "6":0.1757935843,
    "7":0.1482213062,
    "8":0.2972131244,
    "9":0.2986031945,
    "10":0.4529665174,
    "11":0.2050352569,
    "12":0.202538881,
    "13":0.1937538971,
    "14":0.3490486388,
    "15":0.2565585338,
    "16":0.2514261961,
    "17":0.2172158181,
    "18":0.3088625485,
    "19":0.3799711265,
    "20":0.143960032,
    "21":0.2081665981,
    "22":0.3166733565,
    "23":0.3874803751,
    "24":0.144565246,
    "25":0.4246718002,
    "26":0.3111403192,
    "27":0.2125584878,
    "28":0.1994749633,
    "29":0.2077146324,
    "30":0.3133562157,
    "31":0.2551741371,
    "32":0.374551939,
    "33":0.2634262635,
    "34":0.2988162894,
    "35":0.2023965332,
    "36":0.3268012632,
    "37":0.3460414968,
    "38":0.2354424467,
    "39":0.2065342276,
    "40":0.1913846779,
    "41":0.3524889266,
    "42":0.2003177629,
    "43":0.3503224969,
    "44":0.2005425046,
    "45":0.211202619,
    "46":0.3778356934,
    "47":0.197834608,
    "48":0.4174773588,
    "49":0.12925297
  },
  "Uniform":{
    "0":0.3043519509,
    "1":0.2427539082,
    "2":0.175072726,
    "3":0.2374581794,
    "4":0.2839095303,
    "5":0.2546008672,
    "6":0.1962216534,
    "7":0.1818416894,
    "8":0.3446541585,
    "9":0.3520175316,
    "10":0.5073592524,
    "11":0.2434538278,
    "12":0.2377906381,
    "13":0.2422065363,
    "14":0.4126786546,
    "15":0.2743315623,
    "16":0.2996996689,
    "17":0.2501318418,
    "18":0.3574573863,
    "19":0.4636339414,
    "20":0.18153532,
    "21":0.2387222533,
    "22":0.3788043556,
    "23":0.4464459972,
    "24":0.173146726,
    "25":0.4753318012,
    "26":0.3664801884,
    "27":0.2394843823,
    "28":0.2384601688,
    "29":0.2355514754,
    "30":0.3663160735,
    "31":0.3163072739,
    "32":0.4312257768,
    "33":0.3008683248,
    "34":0.3552754326,
    "35":0.2398950053,
    "36":0.3744334964,
    "37":0.3994656423,
    "38":0.3035377041,
    "39":0.2362624048,
    "40":0.2418591871,
    "41":0.4024173988,
    "42":0.2440122967,
    "43":0.4095342816,
    "44":0.2338486201,
    "45":0.2199495331,
    "46":0.4557273439,
    "47":0.230356126,
    "48":0.4557738036,
    "49":0.16626835
  },
  "Prop":{
    "0":0.3021739378,
    "1":0.2466481292,
    "2":0.182423584,
    "3":0.251273021,
    "4":0.2964918551,
    "5":0.2488399738,
    "6":0.1916813196,
    "7":0.1845145023,
    "8":0.3614236874,
    "9":0.3540700967,
    "10":0.5200053183,
    "11":0.2355959035,
    "12":0.2441689363,
    "13":0.2509285183,
    "14":0.4195751455,
    "15":0.2757166841,
    "16":0.3006781165,
    "17":0.2478028928,
    "18":0.3546802673,
    "19":0.4653965993,
    "20":0.171096274,
    "21":0.2320798806,
    "22":0.3728153405,
    "23":0.463936517,
    "24":0.18054928,
    "25":0.4786245233,
    "26":0.3834625935,
    "27":0.251623111,
    "28":0.2410506226,
    "29":0.2526291763,
    "30":0.3671623638,
    "31":0.3161570222,
    "32":0.4251021406,
    "33":0.3104866792,
    "34":0.3659665295,
    "35":0.2525148449,
    "36":0.3774399122,
    "37":0.4238364217,
    "38":0.3128230192,
    "39":0.2448536131,
    "40":0.240271831,
    "41":0.421472669,
    "42":0.252268102,
    "43":0.4210863005,
    "44":0.2452629214,
    "45":0.2277703998,
    "46":0.4764511705,
    "47":0.238327741,
    "48":0.4783094861,
    "49":0.1762867
  },
  "Delta_Uniform":{
    "0":-0.0507292617,
    "1":-0.0398354913,
    "2":-0.023426028,
    "3":-0.0307061199,
    "4":-0.0041980449,
    "5":-0.0497164312,
    "6":-0.0204280691,
    "7":-0.0336203833,
    "8":-0.0474410341,
    "9":-0.0534143371,
    "10":-0.054392735,
    "11":-0.0384185709,
    "12":-0.0352517571,
    "13":-0.0484526392,
    "14":-0.0636300158,
    "15":-0.0177730286,
    "16":-0.0482734728,
    "17":-0.0329160238,
    "18":-0.0485948379,
    "19":-0.0836628149,
    "20":-0.037575288,
    "21":-0.0305556552,
    "22":-0.0621309991,
    "23":-0.0589656221,
    "24":-0.02858148,
    "25":-0.0506600009,
    "26":-0.0553398692,
    "27":-0.0269258945,
    "28":-0.0389852055,
    "29":-0.027836843,
    "30":-0.0529598578,
    "31":-0.0611331369,
    "32":-0.0566738378,
    "33":-0.0374420614,
    "34":-0.0564591433,
    "35":-0.0374984721,
    "36":-0.0476322332,
    "37":-0.0534241455,
    "38":-0.0680952574,
    "39":-0.0297281772,
    "40":-0.0504745092,
    "41":-0.0499284723,
    "42":-0.0436945338,
    "43":-0.0592117848,
    "44":-0.0333061155,
    "45":-0.0087469141,
    "46":-0.0778916505,
    "47":-0.032521518,
    "48":-0.0382964449,
    "49":-0.03701538
  },
  "Delta_Prop":{
    "0":-0.0485512486,
    "1":-0.0437297123,
    "2":-0.030776886,
    "3":-0.0445209616,
    "4":-0.0167803697,
    "5":-0.0439555379,
    "6":-0.0158877353,
    "7":-0.0362931961,
    "8":-0.064210563,
    "9":-0.0554669023,
    "10":-0.067038801,
    "11":-0.0305606466,
    "12":-0.0416300553,
    "13":-0.0571746212,
    "14":-0.0705265067,
    "15":-0.0191581503,
    "16":-0.0492519204,
    "17":-0.0305870748,
    "18":-0.0458177189,
    "19":-0.0854254728,
    "20":-0.027136242,
    "21":-0.0239132825,
    "22":-0.056141984,
    "23":-0.0764561419,
    "24":-0.035984034,
    "25":-0.0539527231,
    "26":-0.0723222743,
    "27":-0.0390646232,
    "28":-0.0415756593,
    "29":-0.0449145439,
    "30":-0.0538061481,
    "31":-0.0609828851,
    "32":-0.0505502016,
    "33":-0.0470604157,
    "34":-0.0671502401,
    "35":-0.0501183117,
    "36":-0.050638649,
    "37":-0.0777949249,
    "38":-0.0773805725,
    "39":-0.0383193855,
    "40":-0.0488871531,
    "41":-0.0689837424,
    "42":-0.0519503391,
    "43":-0.0707638036,
    "44":-0.0447204168,
    "45":-0.0165677808,
    "46":-0.098615477,
    "47":-0.040493133,
    "48":-0.0608321273,
    "49":-0.04703373
  }
}