{
  "Astrahl":{
    "0":0.0000090093,
    "1":0.00000218,
    "2":0.0000127323,
    "3":0.0000108444,
    "4":0.00000218,
    "5":0.0000234588,
    "6":0.0000260163,
    "7":0.0000132727,
    "8":0.000007026,
    "9":0.0000313394,
    "10":0.0,
    "11":0.00000218,
    "12":0.0000449018,
    "13":0.0000109137,
    "14":0.0000113587,
    "15":0.000070522,
    "16":0.0000088768,
    "17":0.0000114758,
    "18":0.0000045669,
    "19":0.0000024878,
    "20":0.0000937114,
    "21":0.0000071707,
    "22":0.00000654,
    "23":0.0000041078,
    "24":0.0000243662,
    "25":0.00000218,
    "26":0.0000039024,
    "27":0.0000309378,
    "28":0.0000013249,
    "29":0.0000024878,
    "30":0.0002511254,
    "31":0.000008393,
    "32":0.0000039747,
    "33":0.0000049756,
    "34":0.00000654,
    "35":0.0000012439,
    "36":0.00000545,
    "37":0.000006492,
    "38":0.00000545,
    "39":0.00000218,
    "40":0.0000043571,
    "41":0.000018084,
    "42":0.000012535,
    "43":0.00000436,
    "44":0.0000102016,
    "45":0.0000049756,
    "46":0.0000083487,
    "47":0.00000327,
    "48":0.0000269941,
    "49":0.0000273308
  },
  "Uniform":{
    "0":0.0000423277,
    "1":0.00000876,
    "2":0.0000560106,
    "3":0.0000716682,
    "4":0.000022692,
    "5":0.0000974998,
    "6":0.0001074668,
    "7":0.0000432437,
    "8":0.0000194613,
    "9":0.000096956,
    "10":0.000016022,
    "11":0.000016702,
    "12":0.0001332472,
    "13":0.0000144174,
    "14":0.0000188393,
    "15":0.0003300924,
    "16":0.0000249131,
    "17":0.0000273179,
    "18":0.0000346607,
    "19":0.0000212186,
    "20":0.0002751341,
    "21":0.0000199644,
    "22":0.000017051,
    "23":0.0000249669,
    "24":0.0000373818,
    "25":0.00000638,
    "26":0.0000340257,
    "27":0.000057356,
    "28":0.000007201,
    "29":0.0000121659,
    "30":0.0009029,
    "31":0.0000343118,
    "32":0.0000189972,
    "33":0.0000537676,
    "34":0.000018483,
    "35":0.000007812,
    "36":0.00000639,
    "37":0.0000151226,
    "38":0.00000745,
    "39":0.00000856,
    "40":0.0000287204,
    "41":0.0000266844,
    "42":0.0000609522,
    "43":0.00000945,
    "44":0.0000439256,
    "45":0.0000267328,
    "46":0.0000254959,
    "47":0.0000318728,
    "48":0.0001029872,
    "49":0.0001769715
  },
  "Prop":{
    "0":0.0000386328,
    "1":0.0000092,
    "2":0.0000525281,
    "3":0.0000610232,
    "4":0.00001668,
    "5":0.000110289,
    "6":0.0000611651,
    "7":0.0000703394,
    "8":0.0000222299,
    "9":0.0000923866,
    "10":0.000013942,
    "11":0.000011512,
    "12":0.0001147801,
    "13":0.0000255928,
    "14":0.0000304267,
    "15":0.0003116417,
    "16":0.0000255137,
    "17":0.0000268333,
    "18":0.0000383188,
    "19":0.0000216548,
    "20":0.0002701536,
    "21":0.0000132955,
    "22":0.00000638,
    "23":0.00001146,
    "24":0.0000430728,
    "25":0.00000428,
    "26":0.0000279989,
    "27":0.0000602704,
    "28":0.000010095,
    "29":0.0000148228,
    "30":0.0007441163,
    "31":0.0000253229,
    "32":0.0000207873,
    "33":0.0000373119,
    "34":0.00001855,
    "35":0.000009741,
    "36":0.00001164,
    "37":0.0000154969,
    "38":0.00000637,
    "39":0.00001145,
    "40":0.0000272053,
    "41":0.0000435124,
    "42":0.0000913326,
    "43":0.000013431,
    "44":0.0000407044,
    "45":0.0000239587,
    "46":0.0000177529,
    "47":0.0000227049,
    "48":0.0001103387,
    "49":0.0001360568
  },
  "Delta_Uniform":{
    "0":-0.0000333184,
    "1":-0.00000658,
    "2":-0.0000432783,
    "3":-0.0000608238,
    "4":-0.000020512,
    "5":-0.000074041,
    "6":-0.0000814504,
    "7":-0.000029971,
    "8":-0.0000124353,
    "9":-0.0000656165,
    "10":-0.000016022,
    "11":-0.000014522,
    "12":-0.0000883454,
    "13":-0.0000035037,
    "14":-0.0000074806,
    "15":-0.0002595703,
    "16":-0.0000160363,
    "17":-0.0000158421,
    "18":-0.0000300938,
    "19":-0.0000187308,
    "20":-0.0001814227,
    "21":-0.0000127937,
    "22":-0.000010511,
    "23":-0.0000208591,
    "24":-0.0000130156,
    "25":-0.0000042,
    "26":-0.0000301233,
    "27":-0.0000264182,
    "28":-0.0000058761,
    "29":-0.0000096781,
    "30":-0.0006517746,
    "31":-0.0000259188,
    "32":-0.0000150225,
    "33":-0.000048792,
    "34":-0.000011943,
    "35":-0.0000065681,
    "36":-0.00000094,
    "37":-0.0000086306,
    "38":-0.000002,
    "39":-0.00000638,
    "40":-0.0000243633,
    "41":-0.0000086004,
    "42":-0.0000484172,
    "43":-0.00000509,
    "44":-0.000033724,
    "45":-0.0000217572,
    "46":-0.0000171472,
    "47":-0.0000286028,
    "48":-0.0000759931,
    "49":-0.0001496408
  },
  "Delta_Prop":{
    "0":-0.0000296235,
    "1":-0.00000702,
    "2":-0.0000397958,
    "3":-0.0000501788,
    "4":-0.0000145,
    "5":-0.0000868303,
    "6":-0.0000351488,
    "7":-0.0000570667,
    "8":-0.0000152039,
    "9":-0.0000610472,
    "10":-0.000013942,
    "11":-0.000009332,
    "12":-0.0000698783,
    "13":-0.0000146791,
    "14":-0.000019068,
    "15":-0.0002411197,
    "16":-0.0000166369,
    "17":-0.0000153575,
    "18":-0.0000337519,
    "19":-0.000019167,
    "20":-0.0001764423,
    "21":-0.0000061248,
    "22":0.00000016,
    "23":-0.0000073522,
    "24":-0.0000187067,
    "25":-0.0000021,
    "26":-0.0000240965,
    "27":-0.0000293326,
    "28":-0.0000087701,
    "29":-0.000012335,
    "30":-0.0004929909,
    "31":-0.0000169299,
    "32":-0.0000168126,
    "33":-0.0000323363,
    "34":-0.00001201,
    "35":-0.0000084971,
    "36":-0.00000619,
    "37":-0.0000090049,
    "38":-0.00000092,
    "39":-0.00000927,
    "40":-0.0000228482,
    "41":-0.0000254284,
    "42":-0.0000787976,
    "43":-0.000009071,
    "44":-0.0000305029,
    "45":-0.0000189831,
    "46":-0.0000094042,
    "47":-0.0000194349,
    "48":-0.0000833446,
    "49":-0.000108726
  }
}