{
  "Astrahl":{
    "0":0.0252462495,
    "1":0.0300630713,
    "2":0.0300499453,
    "3":0.032018392,
    "4":0.0320498423,
    "5":0.0250665503,
    "6":0.0456181336,
    "7":0.026181046,
    "8":0.0447181507,
    "9":0.0330453097,
    "10":0.0340662579,
    "11":0.024018544,
    "12":0.031018411,
    "13":0.0639177859,
    "14":0.025018525,
    "15":0.0310262599,
    "16":0.0250264225,
    "17":0.02400976,
    "18":0.0321799308,
    "19":0.0271357704,
    "20":0.02400976,
    "21":0.0333253383,
    "22":0.032018392,
    "23":0.029018449,
    "24":0.02400976,
    "25":0.028018468,
    "26":0.0251441373,
    "27":0.0300754727,
    "28":0.023018563,
    "29":0.0250502028,
    "30":0.0340945047,
    "31":0.065017765,
    "32":0.0301264114,
    "33":0.0340332207,
    "34":0.0221364681,
    "35":0.0193144146,
    "36":0.0350496879,
    "37":0.0850388726,
    "38":0.02800972,
    "39":0.035018335,
    "40":0.02900971,
    "41":0.0330901214,
    "42":0.0300665323,
    "43":0.0220265038,
    "44":0.01700983,
    "45":0.029018449,
    "46":0.0320349448,
    "47":0.0320498423,
    "48":0.023018392,
    "49":0.0231273236
  },
  "Uniform":{
    "0":0.0830895461,
    "1":0.0860195326,
    "2":0.0850170045,
    "3":0.082006867,
    "4":0.0860167276,
    "5":0.0780232379,
    "6":0.1607055559,
    "7":0.0860564203,
    "8":0.1490055172,
    "9":0.0840155391,
    "10":0.0820212185,
    "11":0.086005843,
    "12":0.080006479,
    "13":0.1572040727,
    "14":0.085007162,
    "15":0.0820072315,
    "16":0.0780093172,
    "17":0.08400349,
    "18":0.081064174,
    "19":0.085048631,
    "20":0.08600275,
    "21":0.0741383078,
    "22":0.077007075,
    "23":0.081005792,
    "24":0.08400311,
    "25":0.075004705,
    "26":0.0880486022,
    "27":0.0840267588,
    "28":0.075005688,
    "29":0.078015176,
    "30":0.0780329401,
    "31":0.1490068763,
    "32":0.0780404301,
    "33":0.0830113194,
    "34":0.0820471792,
    "35":0.0841005632,
    "36":0.0810147889,
    "37":0.2070456718,
    "38":0.08000347,
    "39":0.078005969,
    "40":0.08200277,
    "41":0.0820305618,
    "42":0.0800243795,
    "43":0.0830077809,
    "44":0.08600275,
    "45":0.087006055,
    "46":0.0820124903,
    "47":0.0800161524,
    "48":0.073006347,
    "49":0.0740479537
  },
  "Prop":{
    "0":0.0780871127,
    "1":0.0770217048,
    "2":0.0720197992,
    "3":0.079005897,
    "4":0.0790186903,
    "5":0.0770211592,
    "6":0.1536067178,
    "7":0.0820663518,
    "8":0.1619061822,
    "9":0.0690178471,
    "10":0.0810228724,
    "11":0.075006121,
    "12":0.074006781,
    "13":0.1407063643,
    "14":0.07700607,
    "15":0.0780080361,
    "16":0.0790081506,
    "17":0.07700287,
    "18":0.0760662095,
    "19":0.0840529246,
    "20":0.07900275,
    "21":0.0791087911,
    "22":0.080006742,
    "23":0.080006614,
    "24":0.08200359,
    "25":0.082006665,
    "26":0.0780564424,
    "27":0.077025874,
    "28":0.077007128,
    "29":0.0790178558,
    "30":0.0820352533,
    "31":0.1557055323,
    "32":0.0710374641,
    "33":0.0770091604,
    "34":0.0740497719,
    "35":0.0761163628,
    "36":0.0840173575,
    "37":0.2193687675,
    "38":0.08000295,
    "39":0.073005698,
    "40":0.07100327,
    "41":0.070037555,
    "42":0.0840214682,
    "43":0.0860081949,
    "44":0.07700351,
    "45":0.08800642,
    "46":0.0730162756,
    "47":0.0840176494,
    "48":0.085006435,
    "49":0.0810473125
  },
  "Delta_Uniform":{
    "0":-0.0578432966,
    "1":-0.0559564613,
    "2":-0.0549670592,
    "3":-0.049988475,
    "4":-0.0539668852,
    "5":-0.0529566876,
    "6":-0.1150874223,
    "7":-0.0598753742,
    "8":-0.1042873665,
    "9":-0.0509702295,
    "10":-0.0479549606,
    "11":-0.061987299,
    "12":-0.048988068,
    "13":-0.0932862868,
    "14":-0.059988637,
    "15":-0.0509809716,
    "16":-0.0529828947,
    "17":-0.05999373,
    "18":-0.0488842432,
    "19":-0.0579128606,
    "20":-0.06199299,
    "21":-0.0408129695,
    "22":-0.044988683,
    "23":-0.051987343,
    "24":-0.05999335,
    "25":-0.046986237,
    "26":-0.062904465,
    "27":-0.0539512861,
    "28":-0.051987125,
    "29":-0.0529649732,
    "30":-0.0439384353,
    "31":-0.0839891113,
    "32":-0.0479140187,
    "33":-0.0489780986,
    "34":-0.0599107111,
    "35":-0.0647861486,
    "36":-0.0459651011,
    "37":-0.1220067992,
    "38":-0.05199375,
    "39":-0.042987634,
    "40":-0.05299306,
    "41":-0.0489404404,
    "42":-0.0499578472,
    "43":-0.0609812771,
    "44":-0.06899292,
    "45":-0.057987606,
    "46":-0.0499775455,
    "47":-0.04796631,
    "48":-0.049987955,
    "49":-0.0509206301
  },
  "Delta_Prop":{
    "0":-0.0528408632,
    "1":-0.0469586336,
    "2":-0.0419698539,
    "3":-0.046987505,
    "4":-0.046968848,
    "5":-0.0519546089,
    "6":-0.1079885842,
    "7":-0.0558853057,
    "8":-0.1171880315,
    "9":-0.0359725374,
    "10":-0.0469566144,
    "11":-0.050987577,
    "12":-0.04298837,
    "13":-0.0767885784,
    "14":-0.051987545,
    "15":-0.0469817762,
    "16":-0.0539817281,
    "17":-0.05299311,
    "18":-0.0438862788,
    "19":-0.0569171542,
    "20":-0.05499299,
    "21":-0.0457834528,
    "22":-0.04798835,
    "23":-0.050988165,
    "24":-0.05799383,
    "25":-0.053988197,
    "26":-0.0529123051,
    "27":-0.0469504013,
    "28":-0.053988565,
    "29":-0.0539676531,
    "30":-0.0479407485,
    "31":-0.0906877673,
    "32":-0.0409110527,
    "33":-0.0429759397,
    "34":-0.0519133039,
    "35":-0.0568019483,
    "36":-0.0489676696,
    "37":-0.1343298949,
    "38":-0.05199323,
    "39":-0.037987363,
    "40":-0.04199356,
    "41":-0.0369474336,
    "42":-0.0539549359,
    "43":-0.0639816911,
    "44":-0.05999368,
    "45":-0.058987971,
    "46":-0.0409813308,
    "47":-0.051967807,
    "48":-0.061988043,
    "49":-0.0579199889
  }
}