{
  "Astrahl":{
    "0":0.1471329771,
    "1":0.18094971,
    "2":0.1064399,
    "3":0.2148039387,
    "4":0.14728234,
    "5":0.1563654431,
    "6":0.2515438421,
    "7":0.1755310331,
    "8":0.2150821491,
    "9":0.226825648,
    "10":0.18445924,
    "11":0.15788842,
    "12":0.1794803611,
    "13":0.18516933,
    "14":0.16085301,
    "15":0.108468918,
    "16":0.216102956,
    "17":0.161975397,
    "18":0.1134957,
    "19":0.1988195,
    "20":0.13357651,
    "21":0.1611069602,
    "22":0.191174189,
    "23":0.16267482,
    "24":0.178642559,
    "25":0.2037771863,
    "26":0.3569007499,
    "27":0.2249251848,
    "28":0.2499172487,
    "29":0.161917048,
    "30":0.14102765,
    "31":0.16533692,
    "32":0.14589611,
    "33":0.1502476,
    "34":0.2098665313,
    "35":0.17277632,
    "36":0.2361024572,
    "37":0.1994538923,
    "38":0.1889760462,
    "39":0.1118038,
    "40":0.298371052,
    "41":0.1398715,
    "42":0.187010378,
    "43":0.12608212,
    "44":0.187249376,
    "45":0.290189574,
    "46":0.1956837085,
    "47":0.19143959,
    "48":0.216446846,
    "49":0.15774051
  },
  "Uniform":{
    "0":0.170595319,
    "1":0.226399869,
    "2":0.1487559,
    "3":0.226591879,
    "4":0.19607682,
    "5":0.19338223,
    "6":0.297900486,
    "7":0.2251660541,
    "8":0.254002978,
    "9":0.2719998524,
    "10":0.21283902,
    "11":0.18436952,
    "12":0.204466248,
    "13":0.202454029,
    "14":0.18836281,
    "15":0.1331058,
    "16":0.267995011,
    "17":0.1890872621,
    "18":0.1193868,
    "19":0.238690669,
    "20":0.1531277,
    "21":0.205770877,
    "22":0.208805638,
    "23":0.21590663,
    "24":0.212771179,
    "25":0.248291458,
    "26":0.380773447,
    "27":0.239556049,
    "28":0.290716274,
    "29":0.20105891,
    "30":0.161810669,
    "31":0.18947551,
    "32":0.16040241,
    "33":0.177298,
    "34":0.2236121538,
    "35":0.184717559,
    "36":0.2907992861,
    "37":0.221737578,
    "38":0.21366295,
    "39":0.1293359,
    "40":0.3227791441,
    "41":0.1657702,
    "42":0.215363169,
    "43":0.151906049,
    "44":0.1844600247,
    "45":0.3219055416,
    "46":0.206331648,
    "47":0.2452631128,
    "48":0.2506455882,
    "49":0.200917559
  },
  "Prop":{
    "0":0.177618117,
    "1":0.239906328,
    "2":0.133732,
    "3":0.259472167,
    "4":0.215466549,
    "5":0.198735359,
    "6":0.3529535798,
    "7":0.240207911,
    "8":0.278020459,
    "9":0.2842947369,
    "10":0.22823951,
    "11":0.213042659,
    "12":0.227796868,
    "13":0.253217349,
    "14":0.20949981,
    "15":0.1459268,
    "16":0.3002304951,
    "17":0.21974242,
    "18":0.1369969,
    "19":0.271109651,
    "20":0.1840688,
    "21":0.203880418,
    "22":0.241840287,
    "23":0.189522859,
    "24":0.23868188,
    "25":0.2731559742,
    "26":0.439236537,
    "27":0.2877221287,
    "28":0.3040362172,
    "29":0.19481113,
    "30":0.18562683,
    "31":0.2195688,
    "32":0.1677996,
    "33":0.20052061,
    "34":0.249412697,
    "35":0.225224379,
    "36":0.3079217386,
    "37":0.2462178184,
    "38":0.2477141082,
    "39":0.1381459,
    "40":0.3429183519,
    "41":0.1754318,
    "42":0.238097529,
    "43":0.173807949,
    "44":0.212342129,
    "45":0.3535960551,
    "46":0.228994676,
    "47":0.2641412321,
    "48":0.2751461,
    "49":0.223743669
  },
  "Delta_Uniform":{
    "0":-0.0234623419,
    "1":-0.045450159,
    "2":-0.042316,
    "3":-0.0117879403,
    "4":-0.04879448,
    "5":-0.0370167869,
    "6":-0.0463566439,
    "7":-0.049635021,
    "8":-0.0389208289,
    "9":-0.0451742044,
    "10":-0.02837978,
    "11":-0.0264811,
    "12":-0.0249858869,
    "13":-0.017284699,
    "14":-0.0275098,
    "15":-0.024636882,
    "16":-0.051892055,
    "17":-0.0271118651,
    "18":-0.0058911,
    "19":-0.039871169,
    "20":-0.01955119,
    "21":-0.0446639168,
    "22":-0.017631449,
    "23":-0.05323181,
    "24":-0.03412862,
    "25":-0.0445142717,
    "26":-0.0238726971,
    "27":-0.0146308642,
    "28":-0.0407990253,
    "29":-0.039141862,
    "30":-0.020783019,
    "31":-0.02413859,
    "32":-0.0145063,
    "33":-0.0270504,
    "34":-0.0137456225,
    "35":-0.011941239,
    "36":-0.0546968289,
    "37":-0.0222836857,
    "38":-0.0246869038,
    "39":-0.0175321,
    "40":-0.0244080921,
    "41":-0.0258987,
    "42":-0.028352791,
    "43":-0.025823929,
    "44":0.0027893513,
    "45":-0.0317159676,
    "46":-0.0106479395,
    "47":-0.0538235228,
    "48":-0.0341987422,
    "49":-0.043177049
  },
  "Delta_Prop":{
    "0":-0.0304851399,
    "1":-0.058956618,
    "2":-0.0272921,
    "3":-0.0446682283,
    "4":-0.068184209,
    "5":-0.0423699159,
    "6":-0.1014097377,
    "7":-0.0646768779,
    "8":-0.0629383099,
    "9":-0.0574690889,
    "10":-0.04378027,
    "11":-0.055154239,
    "12":-0.0483165069,
    "13":-0.068048019,
    "14":-0.0486468,
    "15":-0.037457882,
    "16":-0.0841275391,
    "17":-0.057767023,
    "18":-0.0235012,
    "19":-0.072290151,
    "20":-0.05049229,
    "21":-0.0427734578,
    "22":-0.050666098,
    "23":-0.026848039,
    "24":-0.060039321,
    "25":-0.0693787879,
    "26":-0.0823357871,
    "27":-0.0627969439,
    "28":-0.0541189685,
    "29":-0.032894082,
    "30":-0.04459918,
    "31":-0.05423188,
    "32":-0.02190349,
    "33":-0.05027301,
    "34":-0.0395461657,
    "35":-0.052448059,
    "36":-0.0718192814,
    "37":-0.0467639261,
    "38":-0.058738062,
    "39":-0.0263421,
    "40":-0.0445472999,
    "41":-0.0355603,
    "42":-0.051087151,
    "43":-0.047725829,
    "44":-0.025092753,
    "45":-0.0634064811,
    "46":-0.0333109675,
    "47":-0.0727016421,
    "48":-0.058699254,
    "49":-0.066003159
  }
}