{
  "Astrahl":{
    "0":0.5293425885,
    "1":0.5079257419,
    "2":0.5207230925,
    "3":0.4719076478,
    "4":0.2590931187,
    "5":0.5501270436,
    "6":0.5958754417,
    "7":0.3119426047,
    "8":0.5849768863,
    "9":0.573770752,
    "10":0.3388356626,
    "11":0.5138076014,
    "12":0.663898673,
    "13":0.3690781463,
    "14":0.5462331321,
    "15":0.3830462452,
    "16":0.4639115276,
    "17":0.6116853348,
    "18":0.3799453987,
    "19":0.4431967877,
    "20":0.3313903887,
    "21":0.6055480046,
    "22":0.5216243566,
    "23":0.2967202983,
    "24":0.4348333202,
    "25":0.5918547133,
    "26":0.5676310625,
    "27":0.3257160966,
    "28":0.4568039085,
    "29":0.587851006,
    "30":0.5833429401,
    "31":0.4464477708,
    "32":0.4869268677,
    "33":0.4323752535,
    "34":0.6038537519,
    "35":0.6002920255,
    "36":0.5807779813,
    "37":0.5975465634,
    "38":0.4698284424,
    "39":0.2916731585,
    "40":0.5991622414,
    "41":0.3691693721,
    "42":0.5657929669,
    "43":0.44978104,
    "44":0.3659534085,
    "45":0.3531006637,
    "46":0.322941389,
    "47":0.5084787041,
    "48":0.3546388249,
    "49":0.4939567356,
    "50":0.6416243829,
    "51":0.2803646142,
    "52":0.459768884,
    "53":0.3134588372,
    "54":0.4498237186,
    "55":0.373579936,
    "56":0.3696593629,
    "57":0.4826327749,
    "58":0.3230709318,
    "59":0.5318366624,
    "60":0.5707197864,
    "61":0.4269120496,
    "62":0.6087294068,
    "63":0.3200858304,
    "64":0.4795315784,
    "65":0.5651746265,
    "66":0.4577033857,
    "67":0.5525186514,
    "68":0.3906703031,
    "69":0.5899139995,
    "70":0.6146622614,
    "71":0.5786140455,
    "72":0.2525266478,
    "73":0.6407411486,
    "74":0.452253829,
    "75":0.4866992093,
    "76":0.5557074251,
    "77":0.3406769133,
    "78":0.4353331331,
    "79":0.3216197016,
    "80":0.5415792723,
    "81":0.6501794945,
    "82":0.581418503,
    "83":0.5371208645,
    "84":0.5582990062,
    "85":0.6139239936,
    "86":0.4435848991,
    "87":0.4678993261,
    "88":0.3536564566,
    "89":0.3777843147,
    "90":0.5801634921,
    "91":0.4104875486,
    "92":0.347646252,
    "93":0.5605902244,
    "94":0.5517302422,
    "95":0.5455173308,
    "96":0.4577231017,
    "97":0.5317109137,
    "98":0.609238923,
    "99":0.5921010345
  },
  "Uniform":{
    "0":0.5293772316,
    "1":0.5079794793,
    "2":0.5210271759,
    "3":0.4721209956,
    "4":0.2591853962,
    "5":0.5507735255,
    "6":0.5960815087,
    "7":0.3122761807,
    "8":0.5852256374,
    "9":0.5740398828,
    "10":0.3389895977,
    "11":0.513790969,
    "12":0.6641619314,
    "13":0.3690560019,
    "14":0.5467669124,
    "15":0.3835286397,
    "16":0.4644261077,
    "17":0.6120855228,
    "18":0.3806235073,
    "19":0.4436406609,
    "20":0.3316224757,
    "21":0.605842729,
    "22":0.5219763259,
    "23":0.2969451126,
    "24":0.4348519354,
    "25":0.5915958923,
    "26":0.5680603239,
    "27":0.3259247976,
    "28":0.4570005217,
    "29":0.5880328214,
    "30":0.583474468,
    "31":0.4463177376,
    "32":0.4874752553,
    "33":0.4325401503,
    "34":0.6044381758,
    "35":0.6008274317,
    "36":0.5814459891,
    "37":0.5977531182,
    "38":0.4703399246,
    "39":0.2917553652,
    "40":0.5992239807,
    "41":0.3693111574,
    "42":0.5659673811,
    "43":0.4500499647,
    "44":0.3662635105,
    "45":0.3530778702,
    "46":0.3231097156,
    "47":0.5084317284,
    "48":0.3549032906,
    "49":0.4938501353,
    "50":0.6419733872,
    "51":0.2804918535,
    "52":0.4598004546,
    "53":0.3136537734,
    "54":0.4500825225,
    "55":0.3735827963,
    "56":0.369831752,
    "57":0.4828080928,
    "58":0.3231871651,
    "59":0.5318445849,
    "60":0.5709312794,
    "61":0.4272070144,
    "62":0.608902771,
    "63":0.3201912773,
    "64":0.4797165399,
    "65":0.5655376724,
    "66":0.4580958216,
    "67":0.5527293107,
    "68":0.3910291541,
    "69":0.5902333978,
    "70":0.6150917231,
    "71":0.5790058565,
    "72":0.2526687058,
    "73":0.6414164684,
    "74":0.4524905566,
    "75":0.486813017,
    "76":0.5560122324,
    "77":0.3408714613,
    "78":0.4355737603,
    "79":0.3216763377,
    "80":0.541852465,
    "81":0.6500181027,
    "82":0.5813172315,
    "83":0.53725125,
    "84":0.5589771138,
    "85":0.6141715532,
    "86":0.4443117761,
    "87":0.4681592728,
    "88":0.3538516614,
    "89":0.3779905942,
    "90":0.5804093331,
    "91":0.4103632468,
    "92":0.3477089881,
    "93":0.5611037677,
    "94":0.5519672725,
    "95":0.5459015054,
    "96":0.4576792237,
    "97":0.5319466526,
    "98":0.6095130445,
    "99":0.5921370918
  },
  "Prop":{
    "0":0.5293606693,
    "1":0.5078314239,
    "2":0.5207507431,
    "3":0.4718623824,
    "4":0.2591363004,
    "5":0.5507115687,
    "6":0.5959056774,
    "7":0.3122176639,
    "8":0.5848466316,
    "9":0.574060907,
    "10":0.3388848495,
    "11":0.5134792646,
    "12":0.6640035042,
    "13":0.3688069591,
    "14":0.5463620336,
    "15":0.3834242773,
    "16":0.4642088213,
    "17":0.6117557198,
    "18":0.3800307058,
    "19":0.4435463146,
    "20":0.3315338965,
    "21":0.6058193748,
    "22":0.5216387052,
    "23":0.2968801051,
    "24":0.4347893445,
    "25":0.5912404855,
    "26":0.5675665478,
    "27":0.3259235427,
    "28":0.4568025589,
    "29":0.5879332838,
    "30":0.5834548727,
    "31":0.4462121196,
    "32":0.4873324866,
    "33":0.4324766479,
    "34":0.6042001337,
    "35":0.6006292243,
    "36":0.5810105955,
    "37":0.5974688954,
    "38":0.4701815523,
    "39":0.2918100382,
    "40":0.5990605494,
    "41":0.3693814129,
    "42":0.5655040169,
    "43":0.4499392951,
    "44":0.3661260465,
    "45":0.3530429513,
    "46":0.3230926651,
    "47":0.508331003,
    "48":0.3548168831,
    "49":0.4936926967,
    "50":0.6416195002,
    "51":0.2804840402,
    "52":0.4594066953,
    "53":0.3135374152,
    "54":0.4500312612,
    "55":0.3735959199,
    "56":0.3696359801,
    "57":0.4827857808,
    "58":0.3232210604,
    "59":0.5314882809,
    "60":0.5708992166,
    "61":0.4270405046,
    "62":0.6086840351,
    "63":0.3202393534,
    "64":0.4793170292,
    "65":0.5650559759,
    "66":0.4574322505,
    "67":0.5524172976,
    "68":0.3909476678,
    "69":0.5900395003,
    "70":0.6149633105,
    "71":0.5787848098,
    "72":0.252647264,
    "73":0.641092176,
    "74":0.4523783203,
    "75":0.4864646628,
    "76":0.5555806846,
    "77":0.3408845297,
    "78":0.435611272,
    "79":0.3217268471,
    "80":0.5417590634,
    "81":0.6499105462,
    "82":0.5811301821,
    "83":0.5371467939,
    "84":0.5585905238,
    "85":0.6141107844,
    "86":0.4438820616,
    "87":0.468108636,
    "88":0.3538411931,
    "89":0.3778528124,
    "90":0.5803290664,
    "91":0.409972538,
    "92":0.3477479546,
    "93":0.5608380826,
    "94":0.5517172613,
    "95":0.5454348044,
    "96":0.4576074367,
    "97":0.5317282295,
    "98":0.6093975825,
    "99":0.5917368318
  },
  "Delta_Uniform":{
    "0":-0.0000346431,
    "1":-0.0000537373,
    "2":-0.0003040834,
    "3":-0.0002133479,
    "4":-0.0000922775,
    "5":-0.0006464819,
    "6":-0.000206067,
    "7":-0.0003335759,
    "8":-0.000248751,
    "9":-0.0002691308,
    "10":-0.0001539351,
    "11":0.0000166325,
    "12":-0.0002632585,
    "13":0.0000221445,
    "14":-0.0005337803,
    "15":-0.0004823946,
    "16":-0.0005145801,
    "17":-0.000400188,
    "18":-0.0006781086,
    "19":-0.0004438732,
    "20":-0.000232087,
    "21":-0.0002947244,
    "22":-0.0003519693,
    "23":-0.0002248143,
    "24":-0.0000186152,
    "25":0.000258821,
    "26":-0.0004292614,
    "27":-0.0002087011,
    "28":-0.0001966132,
    "29":-0.0001818155,
    "30":-0.0001315279,
    "31":0.0001300332,
    "32":-0.0005483875,
    "33":-0.0001648968,
    "34":-0.0005844239,
    "35":-0.0005354062,
    "36":-0.0006680078,
    "37":-0.0002065548,
    "38":-0.0005114823,
    "39":-0.0000822067,
    "40":-0.0000617394,
    "41":-0.0001417852,
    "42":-0.0001744142,
    "43":-0.0002689247,
    "44":-0.000310102,
    "45":0.0000227935,