{
  "Astrahl":{
    "0":0.1728326053,
    "1":0.4124055362,
    "2":0.1733883561,
    "3":0.2233248661,
    "4":0.2181658416,
    "5":0.2288095077,
    "6":0.2025004771,
    "7":0.190638243,
    "8":0.2089535717,
    "9":0.2190966134,
    "10":0.195250168,
    "11":0.217808677,
    "12":0.2885310566,
    "13":0.2713737557,
    "14":0.2201997216,
    "15":0.4106744484,
    "16":0.3244376108,
    "17":0.2304734813,
    "18":0.2619644312,
    "19":0.1728380042,
    "20":0.2893530879,
    "21":0.2915548846,
    "22":0.2766556677,
    "23":0.294983021,
    "24":0.2875908595,
    "25":0.2897977061,
    "26":0.2580121098,
    "27":0.2056515085,
    "28":0.2052010665,
    "29":0.2588611843,
    "30":0.2030804002,
    "31":0.1958347054,
    "32":0.3185890953,
    "33":0.2554943465,
    "34":0.1781968871,
    "35":0.1704812659,
    "36":0.16116832,
    "37":0.4125576743,
    "38":0.2609112977,
    "39":0.195791059,
    "40":0.2408039134,
    "41":0.202913919,
    "42":0.15485851,
    "43":0.3006028647,
    "44":0.2746268286,
    "45":0.2347864732,
    "46":0.200998639,
    "47":0.178947217,
    "48":0.2323444942,
    "49":0.2672851097
  },
  "Uniform":{
    "0":0.1914300421,
    "1":0.4426694504,
    "2":0.1887187011,
    "3":0.2502636448,
    "4":0.2491508756,
    "5":0.2809012183,
    "6":0.2311100801,
    "7":0.235884049,
    "8":0.2177195779,
    "9":0.2361950165,
    "10":0.253265579,
    "11":0.2726848611,
    "12":0.3182570439,
    "13":0.3184620861,
    "14":0.2506954872,
    "15":0.4856977362,
    "16":0.3913434796,
    "17":0.2983537443,
    "18":0.2751518035,
    "19":0.2043078911,
    "20":0.3222575557,
    "21":0.3182995654,
    "22":0.3354599668,
    "23":0.35146453,
    "24":0.3291397274,
    "25":0.3467806472,
    "26":0.2787208243,
    "27":0.2334900184,
    "28":0.239870881,
    "29":0.2826694379,
    "30":0.2389418532,
    "31":0.2427050403,
    "32":0.368966474,
    "33":0.2868573503,
    "34":0.2201409983,
    "35":0.2135281673,
    "36":0.198333519,
    "37":0.4608217608,
    "38":0.3147727106,
    "39":0.235638009,
    "40":0.2982143148,
    "41":0.2404339822,
    "42":0.19750985,
    "43":0.297974225,
    "44":0.3017900041,
    "45":0.2694159773,
    "46":0.253935378,
    "47":0.189807379,
    "48":0.292336246,
    "49":0.31516174
  },
  "Prop":{
    "0":0.198825138,
    "1":0.4676327164,
    "2":0.1872234181,
    "3":0.2584768033,
    "4":0.2504755712,
    "5":0.2855327734,
    "6":0.2394317152,
    "7":0.227640267,
    "8":0.2127338356,
    "9":0.2368645875,
    "10":0.22329816,
    "11":0.280363446,
    "12":0.3414865975,
    "13":0.320892375,
    "14":0.2456414542,
    "15":0.4913862577,
    "16":0.4037734894,
    "17":0.2733055076,
    "18":0.2741721112,
    "19":0.186109585,
    "20":0.3275892958,
    "21":0.2879932194,
    "22":0.3171771291,
    "23":0.3652137195,
    "24":0.3261557876,
    "25":0.3709410302,
    "26":0.3051397702,
    "27":0.2322967393,
    "28":0.2445732414,
    "29":0.2962213633,
    "30":0.244230579,
    "31":0.2364357213,
    "32":0.3646070426,
    "33":0.2980935261,
    "34":0.2052905704,
    "35":0.2110555099,
    "36":0.18299564,
    "37":0.4646486973,
    "38":0.2934999912,
    "39":0.234324477,
    "40":0.279670282,
    "41":0.246059784,
    "42":0.206310806,
    "43":0.2944066732,
    "44":0.2979759225,
    "45":0.2817040591,
    "46":0.237427867,
    "47":0.199986129,
    "48":0.2704473341,
    "49":0.310134664
  },
  "Delta_Uniform":{
    "0":-0.0185974368,
    "1":-0.0302639142,
    "2":-0.015330345,
    "3":-0.0269387787,
    "4":-0.030985034,
    "5":-0.0520917106,
    "6":-0.028609603,
    "7":-0.045245806,
    "8":-0.0087660062,
    "9":-0.0170984031,
    "10":-0.058015411,
    "11":-0.0548761841,
    "12":-0.0297259873,
    "13":-0.0470883304,
    "14":-0.0304957656,
    "15":-0.0750232878,
    "16":-0.0669058688,
    "17":-0.067880263,
    "18":-0.0131873723,
    "19":-0.0314698869,
    "20":-0.0329044678,
    "21":-0.0267446808,
    "22":-0.0588042991,
    "23":-0.056481509,
    "24":-0.0415488679,
    "25":-0.0569829411,
    "26":-0.0207087145,
    "27":-0.0278385099,
    "28":-0.0346698145,
    "29":-0.0238082536,
    "30":-0.035861453,
    "31":-0.0468703349,
    "32":-0.0503773786,
    "33":-0.0313630038,
    "34":-0.0419441112,
    "35":-0.0430469014,
    "36":-0.037165199,
    "37":-0.0482640864,
    "38":-0.0538614129,
    "39":-0.03984695,
    "40":-0.0574104014,
    "41":-0.0375200632,
    "42":-0.04265134,
    "43":0.0026286397,
    "44":-0.0271631755,
    "45":-0.0346295041,
    "46":-0.052936739,
    "47":-0.010860162,
    "48":-0.0599917518,
    "49":-0.0478766303
  },
  "Delta_Prop":{
    "0":-0.0259925327,
    "1":-0.0552271803,
    "2":-0.013835062,
    "3":-0.0351519372,
    "4":-0.0323097295,
    "5":-0.0567232657,
    "6":-0.0369312381,
    "7":-0.037002024,
    "8":-0.0037802639,
    "9":-0.0177679741,
    "10":-0.028047992,
    "11":-0.062554769,
    "12":-0.0529555409,
    "13":-0.0495186193,
    "14":-0.0254417326,
    "15":-0.0807118092,
    "16":-0.0793358786,
    "17":-0.0428320263,
    "18":-0.01220768,
    "19":-0.0132715808,
    "20":-0.0382362079,
    "21":0.0035616652,
    "22":-0.0405214614,
    "23":-0.0702306985,
    "24":-0.0385649281,
    "25":-0.0811433241,
    "26":-0.0471276604,
    "27":-0.0266452308,
    "28":-0.0393721749,
    "29":-0.037360179,
    "30":-0.0411501788,
    "31":-0.0406010159,
    "32":-0.0460179472,
    "33":-0.0425991796,
    "34":-0.0270936833,
    "35":-0.040574244,
    "36":-0.02182732,
    "37":-0.052091023,
    "38":-0.0325886935,
    "39":-0.038533418,
    "40":-0.0388663686,
    "41":-0.043145865,
    "42":-0.051452296,
    "43":0.0061961916,
    "44":-0.0233490938,
    "45":-0.0469175859,
    "46":-0.036429228,
    "47":-0.021038912,
    "48":-0.0381028399,
    "49":-0.0428495543
  }
}