{
  "Astrahl":{
    "0":0.356194789,
    "1":0.3399470409,
    "2":0.1913089132,
    "3":0.256691168,
    "4":0.159894,
    "5":0.240648858,
    "6":0.182386197,
    "7":0.169374286,
    "8":0.2560222784,
    "9":0.1813388436,
    "10":0.2736021475,
    "11":0.2202063912,
    "12":0.189181729,
    "13":0.183776337,
    "14":0.173781592,
    "15":0.211092435,
    "16":0.2218598121,
    "17":0.15790442,
    "18":0.2090517653,
    "19":0.3107044645,
    "20":0.2712121887,
    "21":0.20666707,
    "22":0.2131867801,
    "23":0.2911248451,
    "24":0.226158868,
    "25":0.16690202,
    "26":0.17325504,
    "27":0.2216017739,
    "28":0.1890635508,
    "29":0.17388382,
    "30":0.3370699229,
    "31":0.177771607,
    "32":0.202478399,
    "33":0.1843852742,
    "34":0.1837136043,
    "35":0.4256609334,
    "36":0.240696235,
    "37":0.3084260002,
    "38":0.208385828,
    "39":0.197236229,
    "40":0.2775019701,
    "41":0.2164355271,
    "42":0.2832302251,
    "43":0.2857787046,
    "44":0.18168336,
    "45":0.2833939531,
    "46":0.18180115,
    "47":0.3174155589,
    "48":0.216149059,
    "49":0.2052155823
  },
  "Uniform":{
    "0":0.4290127681,
    "1":0.349934998,
    "2":0.212958708,
    "3":0.290116468,
    "4":0.195318889,
    "5":0.266783329,
    "6":0.200682988,
    "7":0.202114498,
    "8":0.2922847489,
    "9":0.208046835,
    "10":0.3204789132,
    "11":0.234270818,
    "12":0.230162759,
    "13":0.202737739,
    "14":0.1998928132,
    "15":0.2402008181,
    "16":0.2304202174,
    "17":0.20769703,
    "18":0.2551692683,
    "19":0.3725144293,
    "20":0.3228956056,
    "21":0.221711099,
    "22":0.2390299171,
    "23":0.322526295,
    "24":0.270680056,
    "25":0.18742673,
    "26":0.19833233,
    "27":0.257419568,
    "28":0.2045178051,
    "29":0.18982592,
    "30":0.372223679,
    "31":0.20757858,
    "32":0.227891258,
    "33":0.218966256,
    "34":0.2106943811,
    "35":0.4590538235,
    "36":0.3319608952,
    "37":0.3380677212,
    "38":0.236858679,
    "39":0.252846199,
    "40":0.3223897354,
    "41":0.2528264701,
    "42":0.3145385691,
    "43":0.2823541772,
    "44":0.19428642,
    "45":0.3312107181,
    "46":0.1884722,
    "47":0.3385309295,
    "48":0.24265151,
    "49":0.2037974783
  },
  "Prop":{
    "0":0.382658067,
    "1":0.3530253919,
    "2":0.2052719001,
    "3":0.2948926581,
    "4":0.20290158,
    "5":0.285854418,
    "6":0.192306797,
    "7":0.19997215,
    "8":0.2967272803,
    "9":0.2187415351,
    "10":0.2967331002,
    "11":0.2562561081,
    "12":0.24810877,
    "13":0.2051197,
    "14":0.2021941601,
    "15":0.239853124,
    "16":0.2649809576,
    "17":0.20624552,
    "18":0.2351433412,
    "19":0.3507174445,
    "20":0.3299938681,
    "21":0.232277399,
    "22":0.2500635771,
    "23":0.300875338,
    "24":0.270795708,
    "25":0.19318412,
    "26":0.19717692,
    "27":0.2773618922,
    "28":0.2112133824,
    "29":0.1814674,
    "30":0.384393428,
    "31":0.18955484,
    "32":0.25558695,
    "33":0.1949401081,
    "34":0.2016929671,
    "35":0.46834391,
    "36":0.287409088,
    "37":0.3292608524,
    "38":0.2436989832,
    "39":0.243313146,
    "40":0.3224340344,
    "41":0.247497525,
    "42":0.3192060565,
    "43":0.2911643366,
    "44":0.19264372,
    "45":0.3232520498,
    "46":0.20128822,
    "47":0.3833313591,
    "48":0.232247879,
    "49":0.2141678459
  },
  "Delta_Uniform":{
    "0":-0.072817979,
    "1":-0.0099879571,
    "2":-0.0216497948,
    "3":-0.0334253,
    "4":-0.035424889,
    "5":-0.026134471,
    "6":-0.018296791,
    "7":-0.032740212,
    "8":-0.0362624705,
    "9":-0.0267079914,
    "10":-0.0468767657,
    "11":-0.0140644268,
    "12":-0.04098103,
    "13":-0.018961402,
    "14":-0.0261112212,
    "15":-0.0291083831,
    "16":-0.0085604053,
    "17":-0.04979261,
    "18":-0.046117503,
    "19":-0.0618099647,
    "20":-0.0516834169,
    "21":-0.015044029,
    "22":-0.025843137,
    "23":-0.0314014499,
    "24":-0.044521188,
    "25":-0.02052471,
    "26":-0.02507729,
    "27":-0.0358177941,
    "28":-0.0154542543,
    "29":-0.0159421,
    "30":-0.0351537561,
    "31":-0.029806973,
    "32":-0.025412859,
    "33":-0.0345809818,
    "34":-0.0269807768,
    "35":-0.0333928901,
    "36":-0.0912646602,
    "37":-0.029641721,
    "38":-0.028472851,
    "39":-0.05560997,
    "40":-0.0448877653,
    "41":-0.036390943,
    "42":-0.031308344,
    "43":0.0034245274,
    "44":-0.01260306,
    "45":-0.047816765,
    "46":-0.00667105,
    "47":-0.0211153706,
    "48":-0.026502451,
    "49":0.001418104
  },
  "Delta_Prop":{
    "0":-0.026463278,
    "1":-0.0130783509,
    "2":-0.0139629869,
    "3":-0.0382014901,
    "4":-0.04300758,
    "5":-0.04520556,
    "6":-0.0099206,
    "7":-0.030597864,
    "8":-0.0407050019,
    "9":-0.0374026915,
    "10":-0.0231309527,
    "11":-0.0360497169,
    "12":-0.058927041,
    "13":-0.021343363,
    "14":-0.0284125681,
    "15":-0.028760689,
    "16":-0.0431211455,
    "17":-0.0483411,
    "18":-0.0260915759,
    "19":-0.0400129799,
    "20":-0.0587816794,
    "21":-0.025610329,
    "22":-0.036876797,
    "23":-0.0097504929,
    "24":-0.04463684,
    "25":-0.0262821,
    "26":-0.02392188,
    "27":-0.0557601183,
    "28":-0.0221498316,
    "29":-0.00758358,
    "30":-0.047323505,
    "31":-0.011783233,
    "32":-0.053108551,
    "33":-0.0105548339,
    "34":-0.0179793628,
    "35":-0.0426829766,
    "36":-0.046712853,
    "37":-0.0208348523,
    "38":-0.0353131552,
    "39":-0.046076917,
    "40":-0.0449320643,
    "41":-0.0310619979,
    "42":-0.0359758314,
    "43":-0.005385632,
    "44":-0.01096036,
    "45":-0.0398580967,
    "46":-0.01948707,
    "47":-0.0659158002,
    "48":-0.01609882,
    "49":-0.0089522635
  }
}