{
  "Astrahl":{
    "0":0.000146882,
    "1":0.0002795907,
    "2":0.0001918796,
    "3":0.0002334207,
    "4":0.0001982472,
    "5":0.0003222749,
    "6":0.0003329316,
    "7":0.0000778069,
    "8":0.0000778069,
    "9":0.0001109772,
    "10":0.0004213322,
    "11":0.0002795907,
    "12":0.000130682,
    "13":0.000146882,
    "14":0.0001556138,
    "15":0.00010298,
    "16":0.00015447,
    "17":0.0000931969,
    "18":0.000065341,
    "19":0.000196023,
    "20":0.00010298,
    "21":0.0001863938,
    "22":0.0005795093,
    "23":0.0,
    "24":0.000281661,
    "25":0.0,
    "26":0.0002365344,
    "27":0.0004224915,
    "28":0.0001408305,
    "29":0.00015447,
    "30":0.0003809385,
    "31":0.0003548016,
    "32":0.00015447,
    "33":0.0008056872,
    "34":0.000146882,
    "35":0.0007618769,
    "36":0.00010298,
    "37":0.0004224915,
    "38":0.0008449829,
    "39":0.000367205,
    "40":0.0,
    "41":0.0004668414,
    "42":0.00010298,
    "43":0.0003112276,
    "44":0.000196023,
    "45":0.0003112276,
    "46":0.000281661,
    "47":0.00005149,
    "48":0.00005149,
    "49":0.0
  },
  "Uniform":{
    "0":0.001248763,
    "1":0.0015810889,
    "2":0.0037112699,
    "3":0.001087922,
    "4":0.001243516,
    "5":0.0030887046,
    "6":0.0019018046,
    "7":0.001217035,
    "8":0.001178114,
    "9":0.0020275717,
    "10":0.004441586,
    "11":0.0017319588,
    "12":0.001257122,
    "13":0.001261032,
    "14":0.001108982,
    "15":0.00087808,
    "16":0.00080697,
    "17":0.0017520489,
    "18":0.000868391,
    "19":0.001029732,
    "20":0.00089347,
    "21":0.001941118,
    "22":0.0041064911,
    "23":0.00126433,
    "24":0.0024209707,
    "25":0.001141763,
    "26":0.0016142636,
    "27":0.0023728037,
    "28":0.0030197166,
    "29":0.00069758,
    "30":0.0021779622,
    "31":0.0024187471,
    "32":0.00086098,
    "33":0.0032004457,
    "34":0.00129603,
    "35":0.0027184695,
    "36":0.00072919,
    "37":0.0032386698,
    "38":0.0028536979,
    "39":0.00196202,
    "40":0.00106795,
    "41":0.001448454,
    "42":0.00082279,
    "43":0.0029516337,
    "44":0.00136132,
    "45":0.001400086,
    "46":0.0018926093,
    "47":0.00142024,
    "48":0.00071299,
    "49":0.0026357125
  },
  "Prop":{
    "0":0.000824501,
    "1":0.0015029939,
    "2":0.0028548359,
    "3":0.0011230819,
    "4":0.0014607338,
    "5":0.0029454768,
    "6":0.0021467681,
    "7":0.001331617,
    "8":0.0013552119,
    "9":0.0016739888,
    "10":0.0030024161,
    "11":0.001482977,
    "12":0.001161092,
    "13":0.00106715,
    "14":0.001397434,
    "15":0.00055697,
    "16":0.00055999,
    "17":0.0012550689,
    "18":0.00089033,
    "19":0.000965571,
    "20":0.00081528,
    "21":0.001428393,
    "22":0.0040833522,
    "23":0.00084335,
    "24":0.0019097495,
    "25":0.000933322,
    "26":0.0017315219,
    "27":0.0020520849,
    "28":0.0018342465,
    "29":0.00066668,
    "30":0.0017439017,
    "31":0.0017556581,
    "32":0.00073486,
    "33":0.0025708324,
    "34":0.001011671,
    "35":0.0021648593,
    "36":0.000623,
    "37":0.0024756207,
    "38":0.0022989663,
    "39":0.0026331448,
    "40":0.001309313,
    "41":0.0011941568,
    "42":0.00099884,
    "43":0.0021335918,
    "44":0.000885132,
    "45":0.001230753,
    "46":0.0020021225,
    "47":0.001663954,
    "48":0.00073859,
    "49":0.0019175469
  },
  "Delta_Uniform":{
    "0":-0.001101881,
    "1":-0.0013014982,
    "2":-0.0035193903,
    "3":-0.0008545013,
    "4":-0.0010452688,
    "5":-0.0027664297,
    "6":-0.001568873,
    "7":-0.0011392281,
    "8":-0.0011003071,
    "9":-0.0019165945,
    "10":-0.0040202538,
    "11":-0.0014523681,
    "12":-0.00112644,
    "13":-0.00111415,
    "14":-0.0009533682,
    "15":-0.0007751,
    "16":-0.0006525,
    "17":-0.001658852,
    "18":-0.00080305,
    "19":-0.000833709,
    "20":-0.00079049,
    "21":-0.0017547242,
    "22":-0.0035269818,
    "23":-0.00126433,
    "24":-0.0021393097,
    "25":-0.001141763,
    "26":-0.0013777292,
    "27":-0.0019503122,
    "28":-0.0028788861,
    "29":-0.00054311,
    "30":-0.0017970237,
    "31":-0.0020639455,
    "32":-0.00070651,
    "33":-0.0023947585,
    "34":-0.001149148,
    "35":-0.0019565926,
    "36":-0.00062621,
    "37":-0.0028161784,
    "38":-0.002008715,
    "39":-0.001594815,
    "40":-0.00106795,
    "41":-0.0009816126,
    "42":-0.00071981,
    "43":-0.0026404061,
    "44":-0.001165297,
    "45":-0.0010888584,
    "46":-0.0016109483,
    "47":-0.00136875,
    "48":-0.0006615,
    "49":-0.0026357125
  },
  "Delta_Prop":{
    "0":-0.000677619,
    "1":-0.0012234032,
    "2":-0.0026629563,
    "3":-0.0008896612,
    "4":-0.0012624866,
    "5":-0.0026232019,
    "6":-0.0018138365,
    "7":-0.0012538101,
    "8":-0.001277405,
    "9":-0.0015630116,
    "10":-0.0025810839,
    "11":-0.0012033863,
    "12":-0.00103041,
    "13":-0.000920268,
    "14":-0.0012418202,
    "15":-0.00045399,
    "16":-0.00040552,
    "17":-0.001161872,
    "18":-0.000824989,
    "19":-0.000769548,
    "20":-0.0007123,
    "21":-0.0012419992,
    "22":-0.0035038429,
    "23":-0.00084335,
    "24":-0.0016280885,
    "25":-0.000933322,
    "26":-0.0014949875,
    "27":-0.0016295934,
    "28":-0.001693416,
    "29":-0.00051221,
    "30":-0.0013629632,
    "31":-0.0014008565,
    "32":-0.00058039,
    "33":-0.0017651452,
    "34":-0.000864789,
    "35":-0.0014029824,
    "36":-0.00052002,
    "37":-0.0020531292,
    "38":-0.0014539834,
    "39":-0.0022659398,
    "40":-0.001309313,
    "41":-0.0007273154,
    "42":-0.00089586,
    "43":-0.0018223642,
    "44":-0.000689109,
    "45":-0.0009195254,
    "46":-0.0017204615,
    "47":-0.001612464,
    "48":-0.0006871,
    "49":-0.0019175469
  }
}