{
  "Astrahl":{
    "0":0.1124375179,
    "1":0.102265412,
    "2":0.06233171,
    "3":0.0986487107,
    "4":0.0665452742,
    "5":0.1080912099,
    "6":0.123824193,
    "7":0.0691227621,
    "8":0.0639717919,
    "9":0.0586075,
    "10":0.0656850963,
    "11":0.0763516678,
    "12":0.071625366,
    "13":0.07806595,
    "14":0.0631046003,
    "15":0.0943931337,
    "16":0.0984087327,
    "17":0.1296172497,
    "18":0.0750189873,
    "19":0.074428406,
    "20":0.0590958736,
    "21":0.060204586,
    "22":0.1014237112,
    "23":0.0747713473,
    "24":0.0694008888,
    "25":0.1478152156,
    "26":0.1233432104,
    "27":0.0621315064,
    "28":0.1533302668,
    "29":0.072149648,
    "30":0.0707030164,
    "31":0.1530358891,
    "32":0.0979296607,
    "33":0.0617716846,
    "34":0.087587719,
    "35":0.06712823,
    "36":0.05788865,
    "37":0.1103880377,
    "38":0.1602313488,
    "39":0.107628795,
    "40":0.1002311612,
    "41":0.071594291,
    "42":0.045543342,
    "43":0.100703451,
    "44":0.0640607024,
    "45":0.1054115669,
    "46":0.06168124,
    "47":0.0678667354,
    "48":0.0625758859,
    "49":0.0719926821
  },
  "Uniform":{
    "0":0.2478375928,
    "1":0.188213154,
    "2":0.1338359,
    "3":0.1856306629,
    "4":0.1143819066,
    "5":0.2486650848,
    "6":0.2487209697,
    "7":0.1259753762,
    "8":0.1299706058,
    "9":0.127196193,
    "10":0.1183157399,
    "11":0.1142963605,
    "12":0.130646654,
    "13":0.118161832,
    "14":0.1324239643,
    "15":0.1752519886,
    "16":0.1859643414,
    "17":0.2417126361,
    "18":0.1331848324,
    "19":0.1243875036,
    "20":0.1320171044,
    "21":0.129297623,
    "22":0.1760970193,
    "23":0.1336113131,
    "24":0.1294517352,
    "25":0.2773971718,
    "26":0.2358042984,
    "27":0.1268534754,
    "28":0.28247263,
    "29":0.131947197,
    "30":0.1305811593,
    "31":0.2385013949,
    "32":0.1815113451,
    "33":0.1253250677,
    "34":0.1861602032,
    "35":0.12718865,
    "36":0.13193985,
    "37":0.195464859,
    "38":0.2411866481,
    "39":0.197381255,
    "40":0.1900986844,
    "41":0.125183394,
    "42":0.130369712,
    "43":0.1865199181,
    "44":0.1335140435,
    "45":0.1867880497,
    "46":0.12529774,
    "47":0.1339791415,
    "48":0.11640224,
    "49":0.1230550885
  },
  "Prop":{
    "0":0.2319138117,
    "1":0.177756819,
    "2":0.11275215,
    "3":0.1853769201,
    "4":0.1227382658,
    "5":0.2155836119,
    "6":0.2193494599,
    "7":0.1137488033,
    "8":0.1288034606,
    "9":0.120167704,
    "10":0.1222118814,
    "11":0.1282946736,
    "12":0.113104054,
    "13":0.131686719,
    "14":0.1222073079,
    "15":0.1764399489,
    "16":0.1709905857,
    "17":0.2343150983,
    "18":0.1237550424,
    "19":0.119643518,
    "20":0.1196848727,
    "21":0.128305909,
    "22":0.1800707361,
    "23":0.1144149681,
    "24":0.1243261621,
    "25":0.2679075577,
    "26":0.2239532747,
    "27":0.1321957679,
    "28":0.2731630077,
    "29":0.108054904,
    "30":0.120679737,
    "31":0.2291011595,
    "32":0.1835452489,
    "33":0.118854814,
    "34":0.1813060159,
    "35":0.11552025,
    "36":0.13760195,
    "37":0.1794867536,
    "38":0.2389996114,
    "39":0.1885044979,
    "40":0.1825953774,
    "41":0.116670397,
    "42":0.125496398,
    "43":0.1726818276,
    "44":0.1148289708,
    "45":0.1779570197,
    "46":0.11588146,
    "47":0.1201769668,
    "48":0.1175651987,
    "49":0.1212073331
  },
  "Delta_Uniform":{
    "0":-0.1354000749,
    "1":-0.085947742,
    "2":-0.07150419,
    "3":-0.0869819522,
    "4":-0.0478366324,
    "5":-0.140573875,
    "6":-0.1248967767,
    "7":-0.0568526142,
    "8":-0.065998814,
    "9":-0.068588693,
    "10":-0.0526306436,
    "11":-0.0379446927,
    "12":-0.059021288,
    "13":-0.040095882,
    "14":-0.069319364,
    "15":-0.0808588549,
    "16":-0.0875556087,
    "17":-0.1120953864,
    "18":-0.0581658451,
    "19":-0.0499590976,
    "20":-0.0729212308,
    "21":-0.069093037,
    "22":-0.0746733081,
    "23":-0.0588399658,
    "24":-0.0600508464,
    "25":-0.1295819562,
    "26":-0.112461088,
    "27":-0.064721969,
    "28":-0.1291423632,
    "29":-0.059797549,
    "30":-0.0598781429,
    "31":-0.0854655059,
    "32":-0.0835816844,
    "33":-0.0635533831,
    "34":-0.0985724842,
    "35":-0.06006042,
    "36":-0.0740512,
    "37":-0.0850768212,
    "38":-0.0809552993,
    "39":-0.08975246,
    "40":-0.0898675232,
    "41":-0.053589103,
    "42":-0.08482637,
    "43":-0.0858164671,
    "44":-0.0694533412,
    "45":-0.0813764828,
    "46":-0.0636165,
    "47":-0.0661124061,
    "48":-0.0538263541,
    "49":-0.0510624064
  },
  "Delta_Prop":{
    "0":-0.1194762938,
    "1":-0.075491407,
    "2":-0.05042044,
    "3":-0.0867282095,
    "4":-0.0561929916,
    "5":-0.1074924021,
    "6":-0.0955252669,
    "7":-0.0446260413,
    "8":-0.0648316688,
    "9":-0.061560204,
    "10":-0.0565267851,
    "11":-0.0519430058,
    "12":-0.041478688,
    "13":-0.053620769,
    "14":-0.0591027077,
    "15":-0.0820468152,
    "16":-0.072581853,
    "17":-0.1046978486,
    "18":-0.0487360551,
    "19":-0.045215112,
    "20":-0.0605889991,
    "21":-0.068101323,
    "22":-0.0786470249,
    "23":-0.0396436208,
    "24":-0.0549252733,
    "25":-0.1200923421,
    "26":-0.1006100643,
    "27":-0.0700642615,
    "28":-0.1198327409,
    "29":-0.035905256,
    "30":-0.0499767206,
    "31":-0.0760652704,
    "32":-0.0856155883,
    "33":-0.0570831294,
    "34":-0.0937182969,
    "35":-0.04839202,
    "36":-0.0797133,
    "37":-0.0690987159,
    "38":-0.0787682626,
    "39":-0.0808757029,
    "40":-0.0823642162,
    "41":-0.045076106,
    "42":-0.079953056,
    "43":-0.0719783766,
    "44":-0.0507682684,
    "45":-0.0725454528,
    "46":-0.05420022,
    "47":-0.0523102314,
    "48":-0.0549893128,
    "49":-0.049214651
  }
}