{
  "Astrahl":{
    "0":0.000973161,
    "1":0.0014818307,
    "2":0.000954733,
    "3":0.00099997,
    "4":0.0053058204,
    "5":0.0065306585,
    "6":0.0022856308,
    "7":0.0027568829,
    "8":0.0036102402,
    "9":0.0014341232,
    "10":0.000813542,
    "11":0.00114437,
    "12":0.0016183835,
    "13":0.00072086,
    "14":0.001230611,
    "15":0.00124545,
    "16":0.00247152,
    "17":0.0025156285,
    "18":0.001611637,
    "19":0.0019828799,
    "20":0.0014113409,
    "21":0.0021105143,
    "22":0.001372161,
    "23":0.0037066388,
    "24":0.00089528,
    "25":0.001303571,
    "26":0.001321938,
    "27":0.000722,
    "28":0.0038298235,
    "29":0.001024651,
    "30":0.000612731,
    "31":0.001920577,
    "32":0.001248497,
    "33":0.0026218437,
    "34":0.00075088,
    "35":0.0032607804,
    "36":0.0036467844,
    "37":0.0044111041,
    "38":0.001880824,
    "39":0.0017521017,
    "40":0.0027522348,
    "41":0.001343281,
    "42":0.001936024,
    "43":0.0014628309,
    "44":0.0022935757,
    "45":0.0011565357,
    "46":0.0016121519,
    "47":0.0022660749,
    "48":0.0006498,
    "49":0.001482912
  },
  "Uniform":{
    "0":0.00106908,
    "1":0.0017575219,
    "2":0.001213901,
    "3":0.00061878,
    "4":0.0048200611,
    "5":0.0078995204,
    "6":0.0024096849,
    "7":0.0024755806,
    "8":0.0032752146,
    "9":0.0031205827,
    "10":0.000738811,
    "11":0.001027181,
    "12":0.0013498909,
    "13":0.00070807,
    "14":0.001066301,
    "15":0.00084027,
    "16":0.002197167,
    "17":0.0021446298,
    "18":0.001012011,
    "19":0.001077232,
    "20":0.0012343,
    "21":0.002969923,
    "22":0.0012558979,
    "23":0.0039350616,
    "24":0.001103691,
    "25":0.001630474,
    "26":0.0017014219,
    "27":0.00073408,
    "28":0.0035220377,
    "29":0.0009907,
    "30":0.00073446,
    "31":0.001772023,
    "32":0.001393343,
    "33":0.0029836728,
    "34":0.00080747,
    "35":0.0027053418,
    "36":0.0033931895,
    "37":0.0051656993,
    "38":0.001710795,
    "39":0.0025936487,
    "40":0.0024061108,
    "41":0.001514125,
    "42":0.0019065299,
    "43":0.001612635,
    "44":0.0023211909,
    "45":0.0015522,
    "46":0.0019899819,
    "47":0.002240806,
    "48":0.0006967,
    "49":0.00112907
  },
  "Prop":{
    "0":0.000666421,
    "1":0.0022229298,
    "2":0.001566021,
    "3":0.00088627,
    "4":0.0058574076,
    "5":0.0094992582,
    "6":0.0025883416,
    "7":0.0026485651,
    "8":0.0031112542,
    "9":0.0032224542,
    "10":0.000972521,
    "11":0.001043141,
    "12":0.0015991919,
    "13":0.00100735,
    "14":0.001226122,
    "15":0.00088007,
    "16":0.0023801831,
    "17":0.00214286,
    "18":0.001141232,
    "19":0.0016233509,
    "20":0.001311371,
    "21":0.0026304841,
    "22":0.0015023299,
    "23":0.0048715695,
    "24":0.00092667,
    "25":0.0011987909,
    "26":0.0022545239,
    "27":0.00073339,
    "28":0.0046016862,
    "29":0.00080749,
    "30":0.0006847,
    "31":0.001722653,
    "32":0.001463591,
    "33":0.0024423288,
    "34":0.000825181,
    "35":0.0029212168,
    "36":0.0037165949,
    "37":0.0052180991,
    "38":0.0026742438,
    "39":0.0027268149,
    "40":0.0021580849,
    "41":0.001276792,
    "42":0.001511331,
    "43":0.0018856019,
    "44":0.003127482,
    "45":0.001308671,
    "46":0.0017666509,
    "47":0.001695717,
    "48":0.00065019,
    "49":0.001045501
  },
  "Delta_Uniform":{
    "0":-0.000095919,
    "1":-0.0002756912,
    "2":-0.000259168,
    "3":0.00038119,
    "4":0.0004857593,
    "5":-0.0013688618,
    "6":-0.0001240541,
    "7":0.0002813023,
    "8":0.0003350256,
    "9":-0.0016864595,
    "10":0.000074731,
    "11":0.000117189,
    "12":0.0002684926,
    "13":0.00001279,
    "14":0.00016431,
    "15":0.00040518,
    "16":0.000274353,
    "17":0.0003709987,
    "18":0.000599626,
    "19":0.0009056479,
    "20":0.0001770409,
    "21":-0.0008594087,
    "22":0.0001162631,
    "23":-0.0002284228,
    "24":-0.000208411,
    "25":-0.000326903,
    "26":-0.0003794839,
    "27":-0.00001208,
    "28":0.0003077858,
    "29":0.000033951,
    "30":-0.000121729,
    "31":0.000148554,
    "32":-0.000144846,
    "33":-0.0003618291,
    "34":-0.00005659,
    "35":0.0005554386,
    "36":0.0002535949,
    "37":-0.0007545953,
    "38":0.000170029,
    "39":-0.000841547,
    "40":0.000346124,
    "41":-0.000170844,
    "42":0.0000294941,
    "43":-0.0001498041,
    "44":-0.0000276152,
    "45":-0.0003956643,
    "46":-0.00037783,
    "47":0.0000252689,
    "48":-0.0000469,
    "49":0.000353842
  },
  "Delta_Prop":{
    "0":0.00030674,
    "1":-0.0007410991,
    "2":-0.000611288,
    "3":0.0001137,
    "4":-0.0005515872,
    "5":-0.0029685997,
    "6":-0.0003027108,
    "7":0.0001083178,
    "8":0.000498986,
    "9":-0.001788331,
    "10":-0.000158979,
    "11":0.000101229,
    "12":0.0000191916,
    "13":-0.00028649,
    "14":0.000004489,
    "15":0.00036538,
    "16":0.0000913369,
    "17":0.0003727685,
    "18":0.000470405,
    "19":0.000359529,
    "20":0.0000999699,
    "21":-0.0005199698,
    "22":-0.0001301689,
    "23":-0.0011649307,
    "24":-0.00003139,
    "25":0.0001047801,
    "26":-0.0009325859,
    "27":-0.00001139,
    "28":-0.0007718627,
    "29":0.000217161,
    "30":-0.000071969,
    "31":0.000197924,
    "32":-0.000215094,
    "33":0.0001795149,
    "34":-0.000074301,
    "35":0.0003395636,
    "36":-0.0000698105,
    "37":-0.000806995,
    "38":-0.0007934198,
    "39":-0.0009747132,
    "40":0.0005941499,
    "41":0.000066489,
    "42":0.000424693,
    "43":-0.000422771,
    "44":-0.0008339063,
    "45":-0.0001521353,
    "46":-0.000154499,
    "47":0.0005703579,
    "48":-0.00000039,
    "49":0.000437411
  }
}