{
  "Astrahl":{
    "0":0.000007026,
    "1":0.000015042,
    "2":0.00000872,
    "3":0.0000564929,
    "4":0.0000279258,
    "5":0.00001308,
    "6":0.0001291784,
    "7":0.0000234677,
    "8":0.0000251587,
    "9":0.0000454519,
    "10":0.00000327,
    "11":0.0000109,
    "12":0.0000374787,
    "13":0.0000208438,
    "14":0.00000872,
    "15":0.0000373666,
    "16":0.0000207267,
    "17":0.000008502,
    "18":0.0000272399,
    "19":0.0000446551,
    "20":0.00000436,
    "21":0.0000880357,
    "22":0.0000333969,
    "23":0.000022345,
    "24":0.0000633862,
    "25":0.000009368,
    "26":0.000024198,
    "27":0.000021909,
    "28":0.000005855,
    "29":0.0000434037,
    "30":0.00001199,
    "31":0.0000813324,
    "32":0.0000520453,
    "33":0.0000254878,
    "34":0.0000227174,
    "35":0.000010539,
    "36":0.000009368,
    "37":0.0000207267,
    "38":0.00000545,
    "39":0.00000872,
    "40":0.00001308,
    "41":0.000034849,
    "42":0.0000436895,
    "43":0.0000024878,
    "44":0.00000545,
    "45":0.0001123128,
    "46":0.0000215464,
    "47":0.0000209825,
    "48":0.000022127,
    "49":0.0000347165
  },
  "Uniform":{
    "0":0.000025036,
    "1":0.000039164,
    "2":0.00001802,
    "3":0.0000768313,
    "4":0.0000576508,
    "5":0.00001156,
    "6":0.0003028628,
    "7":0.0000528976,
    "8":0.0000945934,
    "9":0.0001245984,
    "10":0.00001952,
    "11":0.00001833,
    "12":0.0000957843,
    "13":0.0000391847,
    "14":0.00002731,
    "15":0.0000991322,
    "16":0.0000382456,
    "17":0.000028304,
    "18":0.0000624539,
    "19":0.0000802557,
    "20":0.00001794,
    "21":0.0001419236,
    "22":0.0001379904,
    "23":0.000041793,
    "24":0.0001287057,
    "25":0.000015633,
    "26":0.000031913,
    "27":0.0000681446,
    "28":0.000020986,
    "29":0.0000991526,
    "30":0.00002181,
    "31":0.0002114996,
    "32":0.0001148827,
    "33":0.0000345977,
    "34":0.0000293438,
    "35":0.000018294,
    "36":0.000020785,
    "37":0.0000412005,
    "38":0.00002093,
    "39":0.00001795,
    "40":0.00001974,
    "41":0.0000672751,
    "42":0.0000882196,
    "43":0.0000256789,
    "44":0.0000242,
    "45":0.0002606254,
    "46":0.0000529552,
    "47":0.0000527228,
    "48":0.000041227,
    "49":0.0000634109
  },
  "Prop":{
    "0":0.000028849,
    "1":0.000030123,
    "2":0.00002543,
    "3":0.0001122211,
    "4":0.0000505944,
    "5":0.00002231,
    "6":0.0002819174,
    "7":0.0000690914,
    "8":0.000106768,
    "9":0.0001149725,
    "10":0.00001904,
    "11":0.0000233,
    "12":0.0000769925,
    "13":0.0000576583,
    "14":0.00002332,
    "15":0.0000858019,
    "16":0.0000488352,
    "17":0.00004794,
    "18":0.0000681816,
    "19":0.0000850586,
    "20":0.00001674,
    "21":0.0001274831,
    "22":0.0001321521,
    "23":0.000028904,
    "24":0.0001154852,
    "25":0.000013952,
    "26":0.000034785,
    "27":0.0000867577,
    "28":0.000022643,
    "29":0.000095377,
    "30":0.00001984,
    "31":0.0002569846,
    "32":0.0001309192,
    "33":0.0000690381,
    "34":0.0000378765,
    "35":0.000014992,
    "36":0.000022226,
    "37":0.0000458918,
    "38":0.00001247,
    "39":0.00002951,
    "40":0.00002033,
    "41":0.0000624126,
    "42":0.0000949372,
    "43":0.0000296704,
    "44":0.00002767,
    "45":0.0002755415,
    "46":0.0000692045,
    "47":0.0000649963,
    "48":0.000039105,
    "49":0.0000598677
  },
  "Delta_Uniform":{
    "0":-0.00001801,
    "1":-0.000024122,
    "2":-0.0000093,
    "3":-0.0000203385,
    "4":-0.000029725,
    "5":0.00000152,
    "6":-0.0001736844,
    "7":-0.0000294299,
    "8":-0.0000694347,
    "9":-0.0000791464,
    "10":-0.00001625,
    "11":-0.00000743,
    "12":-0.0000583056,
    "13":-0.0000183409,
    "14":-0.00001859,
    "15":-0.0000617656,
    "16":-0.0000175189,
    "17":-0.000019802,
    "18":-0.000035214,
    "19":-0.0000356006,
    "20":-0.00001358,
    "21":-0.0000538879,
    "22":-0.0001045935,
    "23":-0.000019448,
    "24":-0.0000653195,
    "25":-0.000006265,
    "26":-0.000007715,
    "27":-0.0000462356,
    "28":-0.000015131,
    "29":-0.0000557489,
    "30":-0.00000982,
    "31":-0.0001301672,
    "32":-0.0000628374,
    "33":-0.0000091099,
    "34":-0.0000066264,
    "35":-0.000007755,
    "36":-0.000011417,
    "37":-0.0000204738,
    "38":-0.00001548,
    "39":-0.00000923,
    "40":-0.00000666,
    "41":-0.0000324262,
    "42":-0.0000445301,
    "43":-0.0000231911,
    "44":-0.00001875,
    "45":-0.0001483126,
    "46":-0.0000314088,
    "47":-0.0000317403,
    "48":-0.0000191,
    "49":-0.0000286944
  },
  "Delta_Prop":{
    "0":-0.000021823,
    "1":-0.000015081,
    "2":-0.00001671,
    "3":-0.0000557282,
    "4":-0.0000226686,
    "5":-0.00000923,
    "6":-0.000152739,
    "7":-0.0000456237,
    "8":-0.0000816093,
    "9":-0.0000695206,
    "10":-0.00001577,
    "11":-0.0000124,
    "12":-0.0000395138,
    "13":-0.0000368145,
    "14":-0.0000146,
    "15":-0.0000484353,
    "16":-0.0000281085,
    "17":-0.000039438,
    "18":-0.0000409417,
    "19":-0.0000404034,
    "20":-0.00001238,
    "21":-0.0000394475,
    "22":-0.0000987551,
    "23":-0.000006559,
    "24":-0.000052099,
    "25":-0.000004584,
    "26":-0.000010587,
    "27":-0.0000648487,
    "28":-0.000016788,
    "29":-0.0000519733,
    "30":-0.00000785,
    "31":-0.0001756522,
    "32":-0.0000788739,
    "33":-0.0000435504,
    "34":-0.0000151591,
    "35":-0.000004453,
    "36":-0.000012858,
    "37":-0.0000251651,
    "38":-0.00000702,
    "39":-0.00002079,
    "40":-0.00000725,
    "41":-0.0000275636,
    "42":-0.0000512477,
    "43":-0.0000271826,
    "44":-0.00002222,
    "45":-0.0001632287,
    "46":-0.0000476581,
    "47":-0.0000440138,
    "48":-0.000016978,
    "49":-0.0000251512
  }
}