{
  "Astrahl":{
    "0":0.0094963416,
    "1":0.0036731808,
    "2":0.0031809623,
    "3":0.00132069,
    "4":0.00141497,
    "5":0.0094217578,
    "6":0.0032970286,
    "7":0.003458122,
    "8":0.003648283,
    "9":0.0039994617,
    "10":0.0053565241,
    "11":0.0030038308,
    "12":0.0104737718,
    "13":0.0038079889,
    "14":0.0034389936,
    "15":0.0170508431,
    "16":0.0196018056,
    "17":0.0096861709,
    "18":0.0077584268,
    "19":0.002122241,
    "20":0.00171197,
    "21":0.005695793,
    "22":0.00352898,
    "23":0.00220899,
    "24":0.002420442,
    "25":0.0034903491,
    "26":0.0094758199,
    "27":0.0419792238,
    "28":0.0103172963,
    "29":0.0197422342,
    "30":0.001930851,
    "31":0.0113811367,
    "32":0.0144938102,
    "33":0.001537291,
    "34":0.0152156594,
    "35":0.00343998,
    "36":0.003662902,
    "37":0.003334181,
    "38":0.003263931,
    "39":0.0100406653,
    "40":0.0034511349,
    "41":0.007258805,
    "42":0.0392807013,
    "43":0.00191497,
    "44":0.001139621,
    "45":0.001558302,
    "46":0.002762961,
    "47":0.0097026086,
    "48":0.0078297931,
    "49":0.0405523337
  },
  "Uniform":{
    "0":0.0139151937,
    "1":0.0060338383,
    "2":0.0047940805,
    "3":0.00272218,
    "4":0.002804,
    "5":0.0156725608,
    "6":0.0044630889,
    "7":0.0047867518,
    "8":0.005913614,
    "9":0.0093243088,
    "10":0.0105455341,
    "11":0.0059673744,
    "12":0.0165511525,
    "13":0.0045411037,
    "14":0.0058407666,
    "15":0.0346208744,
    "16":0.029002475,
    "17":0.015311267,
    "18":0.011142371,
    "19":0.0027127,
    "20":0.00270898,
    "21":0.0095173797,
    "22":0.00545597,
    "23":0.002705,
    "24":0.002411671,
    "25":0.0050801936,
    "26":0.0176531095,
    "27":0.0577477081,
    "28":0.0174118539,
    "29":0.0324478024,
    "30":0.003520261,
    "31":0.0138004292,
    "32":0.0212272825,
    "33":0.0025276249,
    "34":0.0235777196,
    "35":0.004621912,
    "36":0.00577796,
    "37":0.0051536159,
    "38":0.006043894,
    "39":0.0151493915,
    "40":0.0061276988,
    "41":0.011073441,
    "42":0.0600568053,
    "43":0.00310998,
    "44":0.003418791,
    "45":0.0025251559,
    "46":0.005833874,
    "47":0.0142880193,
    "48":0.0138859699,
    "49":0.0605653274
  },
  "Prop":{
    "0":0.0169885748,
    "1":0.006995771,
    "2":0.0071449165,
    "3":0.003709562,
    "4":0.004302,
    "5":0.0199599195,
    "6":0.006765421,
    "7":0.0074404969,
    "8":0.006999732,
    "9":0.0123335354,
    "10":0.0153956528,
    "11":0.0080789164,
    "12":0.029848772,
    "13":0.0066530757,
    "14":0.0087880892,
    "15":0.0461645091,
    "16":0.0350461261,
    "17":0.0207749328,
    "18":0.0142995726,
    "19":0.004309641,
    "20":0.00420796,
    "21":0.0132968238,
    "22":0.008714952,
    "23":0.00400598,
    "24":0.003611671,
    "25":0.0069003512,
    "26":0.0235840837,
    "27":0.0794957618,
    "28":0.0249017141,
    "29":0.0414120349,
    "30":0.003808751,
    "31":0.0222785751,
    "32":0.0323919868,
    "33":0.002917621,
    "34":0.0340703576,
    "35":0.006942,
    "36":0.006898923,
    "37":0.006159324,
    "38":0.008592971,
    "39":0.0216264997,
    "40":0.0090126289,
    "41":0.0131959,
    "42":0.0717286899,
    "43":0.00350695,
    "44":0.0044215539,
    "45":0.003617924,
    "46":0.008296971,
    "47":0.0242194993,
    "48":0.0157806564,
    "49":0.070702567
  },
  "Delta_Uniform":{
    "0":-0.0044188521,
    "1":-0.0023606575,
    "2":-0.0016131182,
    "3":-0.00140149,
    "4":-0.00138903,
    "5":-0.006250803,
    "6":-0.0011660603,
    "7":-0.0013286298,
    "8":-0.002265331,
    "9":-0.0053248471,
    "10":-0.0051890101,
    "11":-0.0029635436,
    "12":-0.0060773807,
    "13":-0.0007331148,
    "14":-0.002401773,
    "15":-0.0175700312,
    "16":-0.0094006693,
    "17":-0.0056250961,
    "18":-0.0033839442,
    "19":-0.000590459,
    "20":-0.00099701,
    "21":-0.0038215867,
    "22":-0.00192699,
    "23":-0.00049601,
    "24":0.000008771,
    "25":-0.0015898444,
    "26":-0.0081772896,
    "27":-0.0157684842,
    "28":-0.0070945576,
    "29":-0.0127055682,
    "30":-0.00158941,
    "31":-0.0024192925,
    "32":-0.0067334723,
    "33":-0.0009903339,
    "34":-0.0083620602,
    "35":-0.001181932,
    "36":-0.002115058,
    "37":-0.0018194349,
    "38":-0.002779963,
    "39":-0.0051087262,
    "40":-0.0026765639,
    "41":-0.003814636,
    "42":-0.0207761041,
    "43":-0.00119501,
    "44":-0.00227917,
    "45":-0.0009668539,
    "46":-0.003070913,
    "47":-0.0045854107,
    "48":-0.0060561768,
    "49":-0.0200129937
  },
  "Delta_Prop":{
    "0":-0.0074922332,
    "1":-0.0033225902,
    "2":-0.0039639542,
    "3":-0.002388872,
    "4":-0.00288703,
    "5":-0.0105381617,
    "6":-0.0034683924,
    "7":-0.0039823749,
    "8":-0.003351449,
    "9":-0.0083340737,
    "10":-0.0100391288,
    "11":-0.0050750856,
    "12":-0.0193750002,
    "13":-0.0028450868,
    "14":-0.0053490956,
    "15":-0.029113666,
    "16":-0.0154443205,
    "17":-0.0110887619,
    "18":-0.0065411458,
    "19":-0.0021874,
    "20":-0.00249599,
    "21":-0.0076010308,
    "22":-0.005185972,
    "23":-0.00179699,
    "24":-0.001191229,
    "25":-0.0034100021,
    "26":-0.0141082638,
    "27":-0.037516538,
    "28":-0.0145844177,
    "29":-0.0216698007,
    "30":-0.0018779,
    "31":-0.0108974384,
    "32":-0.0178981766,
    "33":-0.00138033,
    "34":-0.0188546982,
    "35":-0.00350202,
    "36":-0.003236021,
    "37":-0.002825143,
    "38":-0.00532904,
    "39":-0.0115858344,
    "40":-0.005561494,
    "41":-0.005937095,
    "42":-0.0324479886,
    "43":-0.00159198,
    "44":-0.0032819329,
    "45":-0.002059622,
    "46":-0.00553401,
    "47":-0.0145168907,
    "48":-0.0079508632,
    "49":-0.0301502333
  }
}