{
  "Astrahl":{
    "0":0.001083486,
    "1":0.0020709821,
    "2":0.00202641,
    "3":0.0041415704,
    "4":0.001024119,
    "5":0.0001167542,
    "6":0.0024739191,
    "7":0.000064769,
    "8":0.002023848,
    "9":0.002024119,
    "10":0.0000548743,
    "11":0.0030910969,
    "12":0.001258837,
    "13":0.003005217,
    "14":0.0010095,
    "15":0.001015989,
    "16":0.0042093521,
    "17":0.008037669,
    "18":0.00202774,
    "19":0.0010599181,
    "20":0.0010367548,
    "21":0.0010361,
    "22":0.0010171,
    "23":0.003424323,
    "24":0.0050368559,
    "25":0.005019,
    "26":0.0000960665,
    "27":0.004042678,
    "28":0.0141129227,
    "29":0.0040628338,
    "30":0.0010443631,
    "31":0.00403523,
    "32":0.0050536484,
    "33":0.0050915655,
    "34":0.00403439,
    "35":0.0022929449,
    "36":0.001116911,
    "37":0.0010271,
    "38":0.002059318,
    "39":0.0001366897,
    "40":0.00303439,
    "41":0.00304636,
    "42":0.0010374847,
    "43":0.00403439,
    "44":0.0000281135,
    "45":0.0020081902,
    "46":0.0020464316,
    "47":0.0000856655,
    "48":0.00603344,
    "49":0.004047696
  },
  "Uniform":{
    "0":0.0330029,
    "1":0.03000751,
    "2":0.02700371,
    "3":0.075020589,
    "4":0.03600642,
    "5":0.0370185397,
    "6":0.0331040614,
    "7":0.0310038,
    "8":0.034008949,
    "9":0.0310058,
    "10":0.0360090731,
    "11":0.03500551,
    "12":0.0240417721,
    "13":0.0270156156,
    "14":0.03700361,
    "15":0.03200371,
    "16":0.0651541946,
    "17":0.03500732,
    "18":0.03500261,
    "19":0.03501853,
    "20":0.0340159836,
    "21":0.0380066,
    "22":0.0360038,
    "23":0.0260698956,
    "24":0.0400019,
    "25":0.032,
    "26":0.0390099731,
    "27":0.027011469,
    "28":0.146408837,
    "29":0.03701012,
    "30":0.03300461,
    "31":0.0320038,
    "32":0.03901031,
    "33":0.0250481828,
    "34":0.06480571,
    "35":0.031070272,
    "36":0.034020779,
    "37":0.0340038,
    "38":0.03201002,
    "39":0.03201663,
    "40":0.0280019,
    "41":0.04000451,
    "42":0.040011469,
    "43":0.0340038,
    "44":0.02600841,
    "45":0.03200732,
    "46":0.037014927,
    "47":0.038013559,
    "48":0.1113809,
    "49":0.03100461
  },
  "Prop":{
    "0":0.020019708,
    "1":0.027012179,
    "2":0.02800951,
    "3":0.049527087,
    "4":0.02401701,
    "5":0.023013027,
    "6":0.0261136233,
    "7":0.02700371,
    "8":0.025014459,
    "9":0.03100851,
    "10":0.030010488,
    "11":0.027013198,
    "12":0.0210396891,
    "13":0.0230119541,
    "14":0.020001,
    "15":0.0230019,
    "16":0.045651184,
    "17":0.0270029,
    "18":0.024016998,
    "19":0.0230131441,
    "20":0.028006149,
    "21":0.02800371,
    "22":0.0250058,
    "23":0.0210596813,
    "24":0.021006239,
    "25":0.027001,
    "26":0.0200257384,
    "27":0.022001,
    "28":0.0852793516,
    "29":0.0160204782,
    "30":0.0260087951,
    "31":0.028001,
    "32":0.037016437,
    "33":0.0190065341,
    "34":0.051304239,
    "35":0.0321471202,
    "36":0.0250291008,
    "37":0.01400561,
    "38":0.02701331,
    "39":0.0240307521,
    "40":0.03,
    "41":0.0260019,
    "42":0.0290038,
    "43":0.027009659,
    "44":0.0220038,
    "45":0.028007049,
    "46":0.0280130682,
    "47":0.0350284131,
    "48":0.07482561,
    "49":0.02200912
  },
  "Delta_Uniform":{
    "0":-0.031919414,
    "1":-0.0279365279,
    "2":-0.0249773,
    "3":-0.0708790186,
    "4":-0.034982301,
    "5":-0.0369017855,
    "6":-0.0306301423,
    "7":-0.030939031,
    "8":-0.031985101,
    "9":-0.028981681,
    "10":-0.0359541988,
    "11":-0.0319144131,
    "12":-0.0227829351,
    "13":-0.0240103986,
    "14":-0.03599411,
    "15":-0.030987721,
    "16":-0.0609448425,
    "17":-0.026969651,
    "18":-0.03297487,
    "19":-0.0339586119,
    "20":-0.0329792288,
    "21":-0.0369705,
    "22":-0.0349867,
    "23":-0.0226455726,
    "24":-0.0349650441,
    "25":-0.026981,
    "26":-0.0389139066,
    "27":-0.022968791,
    "28":-0.1322959143,
    "29":-0.0329472862,
    "30":-0.0319602469,
    "31":-0.02796857,
    "32":-0.0339566616,
    "33":-0.0199566173,
    "34":-0.06077132,
    "35":-0.0287773271,
    "36":-0.032903868,
    "37":-0.0329767,
    "38":-0.029950702,
    "39":-0.0318799403,
    "40":-0.02496751,
    "41":-0.03695815,
    "42":-0.0389739843,
    "43":-0.02996941,
    "44":-0.0259802965,
    "45":-0.0299991298,
    "46":-0.0349684954,
    "47":-0.0379278935,
    "48":-0.10534746,
    "49":-0.026956914
  },
  "Delta_Prop":{
    "0":-0.018936222,
    "1":-0.0249411969,
    "2":-0.0259831,
    "3":-0.0453855166,
    "4":-0.022992891,
    "5":-0.0228962728,
    "6":-0.0236397042,
    "7":-0.026938941,
    "8":-0.022990611,
    "9":-0.028984391,
    "10":-0.0299556137,
    "11":-0.0239221011,
    "12":-0.0197808521,
    "13":-0.0200067371,
    "14":-0.0189915,
    "15":-0.021985911,
    "16":-0.0414418319,
    "17":-0.018965231,
    "18":-0.021989258,
    "19":-0.021953226,
    "20":-0.0269693942,
    "21":-0.02696761,
    "22":-0.0239887,
    "23":-0.0176353584,
    "24":-0.0159693831,
    "25":-0.021982,
    "26":-0.0199296719,
    "27":-0.017958322,
    "28":-0.0711664288,
    "29":-0.0119576444,
    "30":-0.024964432,
    "31":-0.02396577,
    "32":-0.0319627886,
    "33":-0.0139149686,
    "34":-0.047269849,
    "35":-0.0298541753,
    "36":-0.0239121898,
    "37":-0.01297851,
    "38":-0.024953992,
    "39":-0.0238940624,
    "40":-0.02696561,
    "41":-0.02295554,
    "42":-0.0279663153,
    "43":-0.022975269,
    "44":-0.0219756865,
    "45":-0.0259988588,
    "46":-0.0259666366,
    "47":-0.0349427476,
    "48":-0.06879217,
    "49":-0.017961424
  }
}