{
  "Astrahl":{
    "0":0.00000109,
    "1":0.00000218,
    "2":0.00000109,
    "3":0.0,
    "4":0.0000029607,
    "5":0.000005697,
    "6":0.000007521,
    "7":0.000002619,
    "8":0.0,
    "9":0.000002342,
    "10":0.0000028485,
    "11":0.00000327,
    "12":0.00000327,
    "13":0.000001171,
    "14":0.0000021195,
    "15":0.0000080704,
    "16":0.0,
    "17":0.0,
    "18":0.0,
    "19":0.0,
    "20":0.0,
    "21":0.0000503705,
    "22":0.00000109,
    "23":0.0,
    "24":0.0000058151,
    "25":0.00000218,
    "26":0.0000020539,
    "27":0.000001171,
    "28":0.0,
    "29":0.0000056208,
    "30":0.0,
    "31":0.00000109,
    "32":0.0000124624,
    "33":0.000003161,
    "34":0.0,
    "35":0.0000013095,
    "36":0.0000077259,
    "37":0.0000052875,
    "38":0.0,
    "39":0.0,
    "40":0.0000020539,
    "41":0.00000109,
    "42":0.0,
    "43":0.00000436,
    "44":0.0000021924,
    "45":0.0,
    "46":0.0,
    "47":0.0000027829,
    "48":0.0000070959,
    "49":0.0000103659
  },
  "Uniform":{
    "0":0.000006461,
    "1":0.000015742,
    "2":0.000002,
    "3":0.0000122239,
    "4":0.000006071,
    "5":0.00000499,
    "6":0.000057927,
    "7":0.0000120808,
    "8":0.0000061,
    "9":0.0000031,
    "10":0.0000087729,
    "11":0.0000108,
    "12":0.0000023,
    "13":0.0000078049,
    "14":0.00000409,
    "15":0.0000470425,
    "16":0.00000509,
    "17":0.00001018,
    "18":0.000008251,
    "19":0.000004,
    "20":0.0000091,
    "21":0.000164385,
    "22":0.000006,
    "23":0.0000027049,
    "24":0.00001278,
    "25":0.000006271,
    "26":0.00000499,
    "27":0.000003361,
    "28":0.00000348,
    "29":0.0000138369,
    "30":0.0000086,
    "31":0.000003,
    "32":0.00000399,
    "33":0.0000184059,
    "34":0.000011251,
    "35":0.000002931,
    "36":0.0000335849,
    "37":0.0000375548,
    "38":0.0000146127,
    "39":0.00000509,
    "40":0.000005261,
    "41":0.00000209,
    "42":0.000005,
    "43":0.00000818,
    "44":0.0000114588,
    "45":0.0000060539,
    "46":0.000010522,
    "47":0.0000068,
    "48":0.00000686,
    "49":0.000077002
  },
  "Prop":{
    "0":0.000014861,
    "1":0.0000130249,
    "2":0.000001,
    "3":0.000007741,
    "4":0.0000121444,
    "5":0.0000207059,
    "6":0.0001129048,
    "7":0.0000065859,
    "8":0.000004,
    "9":0.00000429,
    "10":0.00001478,
    "11":0.000017929,
    "12":0.00000638,
    "13":0.000014051,
    "14":0.00000119,
    "15":0.0000698788,
    "16":0.0000071,
    "17":0.00000917,
    "18":0.000008133,
    "19":0.000008361,
    "20":0.00000619,
    "21":0.0002462041,
    "22":0.00000818,
    "23":0.00000347,
    "24":0.0000294708,
    "25":0.000013251,
    "26":0.000011152,
    "27":0.00000418,
    "28":0.000003271,
    "29":0.00001769,
    "30":0.0000218739,
    "31":0.00000909,
    "32":0.0000304448,
    "33":0.000024097,
    "34":0.000012161,
    "35":0.0000151637,
    "36":0.0000344739,
    "37":0.000034067,
    "38":0.000005261,
    "39":0.000013883,
    "40":0.00000599,
    "41":0.0000041,
    "42":0.00000699,
    "43":0.00000539,
    "44":0.000016481,
    "45":0.000020733,
    "46":0.000009541,
    "47":0.00001269,
    "48":0.00002238,
    "49":0.0000645133
  },
  "Delta_Uniform":{
    "0":-0.000005371,
    "1":-0.000013562,
    "2":-0.00000091,
    "3":-0.0000122239,
    "4":-0.0000031103,
    "5":0.000000707,
    "6":-0.000050406,
    "7":-0.0000094618,
    "8":-0.0000061,
    "9":-0.000000758,
    "10":-0.0000059244,
    "11":-0.00000753,
    "12":0.00000097,
    "13":-0.0000066339,
    "14":-0.0000019705,
    "15":-0.0000389721,
    "16":-0.00000509,
    "17":-0.00001018,
    "18":-0.000008251,
    "19":-0.000004,
    "20":-0.0000091,
    "21":-0.0001140145,
    "22":-0.00000491,
    "23":-0.0000027049,
    "24":-0.0000069649,
    "25":-0.000004091,
    "26":-0.0000029361,
    "27":-0.00000219,
    "28":-0.00000348,
    "29":-0.0000082161,
    "30":-0.0000086,
    "31":-0.00000191,
    "32":0.0000084724,
    "33":-0.0000152449,
    "34":-0.000011251,
    "35":-0.0000016215,
    "36":-0.000025859,
    "37":-0.0000322673,
    "38":-0.0000146127,
    "39":-0.00000509,
    "40":-0.0000032071,
    "41":-0.000001,
    "42":-0.000005,
    "43":-0.00000382,
    "44":-0.0000092664,
    "45":-0.0000060539,
    "46":-0.000010522,
    "47":-0.0000040171,
    "48":0.0000002359,
    "49":-0.0000666361
  },
  "Delta_Prop":{
    "0":-0.000013771,
    "1":-0.0000108449,
    "2":0.00000009,
    "3":-0.000007741,
    "4":-0.0000091837,
    "5":-0.0000150089,
    "6":-0.0001053838,
    "7":-0.0000039669,
    "8":-0.000004,
    "9":-0.000001948,
    "10":-0.0000119315,
    "11":-0.000014659,
    "12":-0.00000311,
    "13":-0.00001288,
    "14":0.0000009295,
    "15":-0.0000618084,
    "16":-0.0000071,
    "17":-0.00000917,
    "18":-0.000008133,
    "19":-0.000008361,
    "20":-0.00000619,
    "21":-0.0001958337,
    "22":-0.00000709,
    "23":-0.00000347,
    "24":-0.0000236557,
    "25":-0.000011071,
    "26":-0.0000090981,
    "27":-0.000003009,
    "28":-0.000003271,
    "29":-0.0000120692,
    "30":-0.0000218739,
    "31":-0.000008,
    "32":-0.0000179824,
    "33":-0.000020936,
    "34":-0.000012161,
    "35":-0.0000138542,
    "36":-0.000026748,
    "37":-0.0000287795,
    "38":-0.000005261,
    "39":-0.000013883,
    "40":-0.0000039361,
    "41":-0.00000301,
    "42":-0.00000699,
    "43":-0.00000103,
    "44":-0.0000142886,
    "45":-0.000020733,
    "46":-0.000009541,
    "47":-0.0000099071,
    "48":-0.0000152841,
    "49":-0.0000541474
  }
}