{
  "Astrahl":{
    "0":0.0000451863,
    "1":0.0000209986,
    "2":0.00000109,
    "3":0.00000327,
    "4":0.0000156499,
    "5":0.00000327,
    "6":0.0000082156,
    "7":0.00000763,
    "8":0.0000104219,
    "9":0.00000218,
    "10":0.00000545,
    "11":0.0000064166,
    "12":0.00001171,
    "13":0.0000012439,
    "14":0.0,
    "15":0.000003161,
    "16":0.00000218,
    "17":0.000005855,
    "18":0.0000180923,
    "19":0.0000244973,
    "20":0.000013952,
    "21":0.0000063585,
    "22":0.0000013249,
    "23":0.0000049756,
    "24":0.0000104219,
    "25":0.0000123146,
    "26":0.00001199,
    "27":0.000014415,
    "28":0.000002342,
    "29":0.0000227982,
    "30":0.00000545,
    "31":0.0000045669,
    "32":0.0000069089,
    "33":0.00001171,
    "34":0.0000080799,
    "35":0.00000327,
    "36":0.0000103451,
    "37":0.00000327,
    "38":0.000005855,
    "39":0.00000545,
    "40":0.0000152044,
    "41":0.0000051008,
    "42":0.000005855,
    "43":0.000002342,
    "44":0.000003513,
    "45":0.00000327,
    "46":0.00000109,
    "47":0.000007521,
    "48":0.0000024878,
    "49":0.0000036025
  },
  "Uniform":{
    "0":0.0001499394,
    "1":0.0001290068,
    "2":0.00001228,
    "3":0.00002567,
    "4":0.0000428429,
    "5":0.00000809,
    "6":0.000013213,
    "7":0.0000053,
    "8":0.0000455237,
    "9":0.00000838,
    "10":0.000015721,
    "11":0.0000150431,
    "12":0.0000158559,
    "13":0.000011021,
    "14":0.0000094,
    "15":0.000009461,
    "16":0.00000829,
    "17":0.000024264,
    "18":0.0000291866,
    "19":0.0000964265,
    "20":0.0000333058,
    "21":0.0000312145,
    "22":0.000026203,
    "23":0.0000072559,
    "24":0.0000176328,
    "25":0.0000391792,
    "26":0.000019841,
    "27":0.0000352538,
    "28":0.000007651,
    "29":0.0000665948,
    "30":0.0000435465,
    "31":0.0000239789,
    "32":0.0000219003,
    "33":0.000013253,
    "34":0.000020853,
    "35":0.00000976,
    "36":0.0000142082,
    "37":0.00001228,
    "38":0.000008641,
    "39":0.00001027,
    "40":0.0000458667,
    "41":0.0000174641,
    "42":0.000015155,
    "43":0.0000165689,
    "44":0.000012282,
    "45":0.0000397528,
    "46":0.00000448,
    "47":0.00001425,
    "48":0.0000117749,
    "49":0.0000075149
  },
  "Prop":{
    "0":0.0000987366,
    "1":0.0000742243,
    "2":0.00000648,
    "3":0.000013241,
    "4":0.0000359149,
    "5":0.00000798,
    "6":0.000021887,
    "7":0.00000837,
    "8":0.0000333373,
    "9":0.0000042,
    "10":0.00001846,
    "11":0.0000258274,
    "12":0.0000150618,
    "13":0.0000122179,
    "14":0.00000957,
    "15":0.00001166,
    "16":0.00000857,
    "17":0.0000196393,
    "18":0.0000212785,
    "19":0.0000618782,
    "20":0.0000378448,
    "21":0.00003625,
    "22":0.0000142359,
    "23":0.0000195277,
    "24":0.0000086859,
    "25":0.0000326315,
    "26":0.0000219088,
    "27":0.0000341531,
    "28":0.000015102,
    "29":0.0000556,
    "30":0.0000588912,
    "31":0.000012815,
    "32":0.0000322881,
    "33":0.0000299845,
    "34":0.0000221138,
    "35":0.00000529,
    "36":0.0000209852,
    "37":0.0000053,
    "38":0.000009941,
    "39":0.00000837,
    "40":0.0000405672,
    "41":0.0000226619,
    "42":0.000009783,
    "43":0.000012173,
    "44":0.000006742,
    "45":0.000022124,
    "46":0.00000618,
    "47":0.00000847,
    "48":0.0000088039,
    "49":0.0000056152
  },
  "Delta_Uniform":{
    "0":-0.0001047531,
    "1":-0.0001080082,
    "2":-0.00001119,
    "3":-0.0000224,
    "4":-0.000027193,
    "5":-0.00000482,
    "6":-0.0000049974,
    "7":0.00000233,
    "8":-0.0000351018,
    "9":-0.0000062,
    "10":-0.000010271,
    "11":-0.0000086265,
    "12":-0.0000041459,
    "13":-0.0000097771,
    "14":-0.0000094,
    "15":-0.0000063,
    "16":-0.00000611,
    "17":-0.000018409,
    "18":-0.0000110943,
    "19":-0.0000719292,
    "20":-0.0000193538,
    "21":-0.000024856,
    "22":-0.0000248781,
    "23":-0.0000022803,
    "24":-0.0000072109,
    "25":-0.0000268646,
    "26":-0.000007851,
    "27":-0.0000208388,
    "28":-0.000005309,
    "29":-0.0000437966,
    "30":-0.0000380965,
    "31":-0.000019412,
    "32":-0.0000149914,
    "33":-0.000001543,
    "34":-0.0000127731,
    "35":-0.00000649,
    "36":-0.0000038631,
    "37":-0.00000901,
    "38":-0.000002786,
    "39":-0.00000482,
    "40":-0.0000306623,
    "41":-0.0000123633,
    "42":-0.0000093,
    "43":-0.0000142269,
    "44":-0.000008769,
    "45":-0.0000364828,
    "46":-0.00000339,
    "47":-0.000006729,
    "48":-0.0000092871,
    "49":-0.0000039125
  },
  "Delta_Prop":{
    "0":-0.0000535503,
    "1":-0.0000532257,
    "2":-0.00000539,
    "3":-0.000009971,
    "4":-0.000020265,
    "5":-0.00000471,
    "6":-0.0000136714,
    "7":-0.00000074,
    "8":-0.0000229154,
    "9":-0.00000202,
    "10":-0.00001301,
    "11":-0.0000194108,
    "12":-0.0000033518,
    "13":-0.000010974,
    "14":-0.00000957,
    "15":-0.000008499,
    "16":-0.00000639,
    "17":-0.0000137843,
    "18":-0.0000031862,
    "19":-0.0000373809,
    "20":-0.0000238928,
    "21":-0.0000298915,
    "22":-0.000012911,
    "23":-0.0000145521,
    "24":0.000001736,
    "25":-0.0000203169,
    "26":-0.0000099188,
    "27":-0.0000197381,
    "28":-0.00001276,
    "29":-0.0000328018,
    "30":-0.0000534412,
    "31":-0.0000082481,
    "32":-0.0000253792,
    "33":-0.0000182745,
    "34":-0.0000140339,
    "35":-0.00000202,
    "36":-0.0000106401,
    "37":-0.00000203,
    "38":-0.000004086,
    "39":-0.00000292,
    "40":-0.0000253628,
    "41":-0.0000175611,
    "42":-0.000003928,
    "43":-0.000009831,
    "44":-0.000003229,
    "45":-0.000018854,
    "46":-0.00000509,
    "47":-0.000000949,
    "48":-0.0000063161,
    "49":-0.0000020127
  }
}