{
  "Astrahl":{
    "0":0.0050698976,
    "1":0.00108129,
    "2":0.00118427,
    "3":0.0039214678,
    "4":0.0028891039,
    "5":0.002276671,
    "6":0.0066586326,
    "7":0.00133874,
    "8":0.0027027101,
    "9":0.0022856308,
    "10":0.0030894,
    "11":0.0036346791,
    "12":0.0122907186,
    "13":0.0049673948,
    "14":0.0108258268,
    "15":0.0039217494,
    "16":0.0072759247,
    "17":0.0019451725,
    "18":0.0051871378,
    "19":0.0044691157,
    "20":0.002136629,
    "21":0.0045239656,
    "22":0.0090745822,
    "23":0.002334207,
    "24":0.001894889,
    "25":0.001764207,
    "26":0.0051742513,
    "27":0.0073648104,
    "28":0.0057322067,
    "29":0.00164768,
    "30":0.008055504,
    "31":0.002221594,
    "32":0.002156253,
    "33":0.0034402935,
    "34":0.002744417,
    "35":0.0024414986,
    "36":0.0020503318,
    "37":0.00180215,
    "38":0.0072535147,
    "39":0.0041626691,
    "40":0.0058889113,
    "41":0.0015447,
    "42":0.0059925607,
    "43":0.0040848622,
    "44":0.0105533778,
    "45":0.002663453,
    "46":0.0069140257,
    "47":0.001568184,
    "48":0.0079598334,
    "49":0.0053484475
  },
  "Uniform":{
    "0":0.0082589146,
    "1":0.00259419,
    "2":0.00287025,
    "3":0.0072498391,
    "4":0.0052754081,
    "5":0.004144023,
    "6":0.0125732513,
    "7":0.00271871,
    "8":0.0052851511,
    "9":0.0070742451,
    "10":0.005062997,
    "11":0.0052513903,
    "12":0.0213052394,
    "13":0.0095988603,
    "14":0.018232524,
    "15":0.0077681122,
    "16":0.0132530864,
    "17":0.0043241353,
    "18":0.0116230846,
    "19":0.0096368629,
    "20":0.0051817817,
    "21":0.007787652,
    "22":0.0175766873,
    "23":0.004446094,
    "24":0.003297198,
    "25":0.003115409,
    "26":0.010924062,
    "27":0.0144698058,
    "28":0.0114955088,
    "29":0.00288417,
    "30":0.0155830837,
    "31":0.003599945,
    "32":0.003052607,
    "33":0.0065163105,
    "34":0.005096564,
    "35":0.0062593096,
    "36":0.0055255734,
    "37":0.00308477,
    "38":0.0141474857,
    "39":0.0090291225,
    "40":0.0099941818,
    "41":0.00269721,
    "42":0.0096723524,
    "43":0.0087292501,
    "44":0.020899115,
    "45":0.0061228313,
    "46":0.0118949663,
    "47":0.003339518,
    "48":0.013888661,
    "49":0.0106124456
  },
  "Prop":{
    "0":0.0076590994,
    "1":0.00305562,
    "2":0.00297556,
    "3":0.0084011554,
    "4":0.0054551639,
    "5":0.004171852,
    "6":0.0118468253,
    "7":0.00257986,
    "8":0.0054994153,
    "9":0.0074595864,
    "10":0.005383376,
    "11":0.005614455,
    "12":0.0212978758,
    "13":0.0102032157,
    "14":0.0170118129,
    "15":0.0085189849,
    "16":0.0138681801,
    "17":0.0043625343,
    "18":0.0105288328,
    "19":0.010440171,
    "20":0.004868333,
    "21":0.0082490858,
    "22":0.0187945407,
    "23":0.0039987161,
    "24":0.00358766,
    "25":0.00366721,
    "26":0.0109120337,
    "27":0.0140098875,
    "28":0.0114908517,
    "29":0.00283931,
    "30":0.0154917946,
    "31":0.003703179,
    "32":0.003646862,
    "33":0.0058459374,
    "34":0.005650679,
    "35":0.0065126309,
    "36":0.0056545329,
    "37":0.00299556,
    "38":0.0146310949,
    "39":0.0084095841,
    "40":0.0098435119,
    "41":0.0028926,
    "42":0.0109107216,
    "43":0.008157323,
    "44":0.0206539179,
    "45":0.0062414419,
    "46":0.0122170163,
    "47":0.003625413,
    "48":0.0130379823,
    "49":0.0117376969
  },
  "Delta_Uniform":{
    "0":-0.003189017,
    "1":-0.0015129,
    "2":-0.00168598,
    "3":-0.0033283713,
    "4":-0.0023863042,
    "5":-0.001867352,
    "6":-0.0059146187,
    "7":-0.00137997,
    "8":-0.002582441,
    "9":-0.0047886143,
    "10":-0.001973597,
    "11":-0.0016167112,
    "12":-0.0090145209,
    "13":-0.0046314656,
    "14":-0.0074066971,
    "15":-0.0038463628,
    "16":-0.0059771617,
    "17":-0.0023789628,
    "18":-0.0064359468,
    "19":-0.0051677472,
    "20":-0.0030451527,
    "21":-0.0032636864,
    "22":-0.0085021051,
    "23":-0.002111887,
    "24":-0.001402309,
    "25":-0.001351202,
    "26":-0.0057498107,
    "27":-0.0071049954,
    "28":-0.0057633021,
    "29":-0.00123649,
    "30":-0.0075275797,
    "31":-0.001378351,
    "32":-0.000896354,
    "33":-0.003076017,
    "34":-0.002352147,
    "35":-0.003817811,
    "36":-0.0034752416,
    "37":-0.00128262,
    "38":-0.006893971,
    "39":-0.0048664534,
    "40":-0.0041052705,
    "41":-0.00115251,
    "42":-0.0036797918,
    "43":-0.0046443878,
    "44":-0.0103457372,
    "45":-0.0034593783,
    "46":-0.0049809406,
    "47":-0.001771334,
    "48":-0.0059288276,
    "49":-0.005263998
  },
  "Delta_Prop":{
    "0":-0.0025892018,
    "1":-0.00197433,
    "2":-0.00179129,
    "3":-0.0044796876,
    "4":-0.00256606,
    "5":-0.001895181,
    "6":-0.0051881927,
    "7":-0.00124112,
    "8":-0.0027967052,
    "9":-0.0051739556,
    "10":-0.002293976,
    "11":-0.0019797759,
    "12":-0.0090071573,
    "13":-0.0052358209,
    "14":-0.006185986,
    "15":-0.0045972355,
    "16":-0.0065922554,
    "17":-0.0024173618,
    "18":-0.005341695,
    "19":-0.0059710553,
    "20":-0.002731704,
    "21":-0.0037251202,
    "22":-0.0097199585,
    "23":-0.0016645091,
    "24":-0.001692771,
    "25":-0.001903003,
    "26":-0.0057377823,
    "27":-0.0066450771,
    "28":-0.005758645,
    "29":-0.00119163,
    "30":-0.0074362907,
    "31":-0.001481585,
    "32":-0.001490609,
    "33":-0.0024056439,
    "34":-0.002906262,
    "35":-0.0040711323,
    "36":-0.0036042011,
    "37":-0.00119341,
    "38":-0.0073775802,
    "39":-0.004246915,
    "40":-0.0039546006,
    "41":-0.0013479,
    "42":-0.0049181609,
    "43":-0.0040724608,
    "44":-0.0101005401,
    "45":-0.0035779889,
    "46":-0.0053029906,
    "47":-0.002057229,
    "48":-0.0050781489,
    "49":-0.0063892493
  }
}