{
  "Astrahl":{
    "0":0.000392046,
    "1":0.0024686013,
    "2":0.0005054,
    "3":0.0009082399,
    "4":0.00097831,
    "5":0.0013587398,
    "6":0.000392046,
    "7":0.000664221,
    "8":0.001019502,
    "9":0.0008005069,
    "10":0.00039349,
    "11":0.00066937,
    "12":0.0011183628,
    "13":0.000554886,
    "14":0.000807851,
    "15":0.0027866302,
    "16":0.0017534399,
    "17":0.0008109162,
    "18":0.0009473889,
    "19":0.000261364,
    "20":0.001491291,
    "21":0.0022602349,
    "22":0.0009735809,
    "23":0.001229349,
    "24":0.0016424627,
    "25":0.00110827,
    "26":0.00076988,
    "27":0.00065341,
    "28":0.0005341573,
    "29":0.00097831,
    "30":0.000818691,
    "31":0.000784092,
    "32":0.0028951323,
    "33":0.001176138,
    "34":0.0005149,
    "35":0.00082308,
    "36":0.00042959,
    "37":0.001735213,
    "38":0.0015843473,
    "39":0.0003249,
    "40":0.0015091719,
    "41":0.000367205,
    "42":0.0005054,
    "43":0.0021459534,
    "44":0.001525647,
    "45":0.0007122169,
    "46":0.00025745,
    "47":0.00057038,
    "48":0.000326705,
    "49":0.0006523783
  },
  "Uniform":{
    "0":0.00061497,
    "1":0.0036844662,
    "2":0.00039469,
    "3":0.001210702,
    "4":0.0014254399,
    "5":0.00088857,
    "6":0.000686731,
    "7":0.000712021,
    "8":0.001259392,
    "9":0.0013808109,
    "10":0.00039759,
    "11":0.0009751279,
    "12":0.001517474,
    "13":0.001032183,
    "14":0.001225122,
    "15":0.0041048417,
    "16":0.0018392819,
    "17":0.001028181,
    "18":0.00125184,
    "19":0.00080327,
    "20":0.0013233857,
    "21":0.0030941896,
    "22":0.000975812,
    "23":0.0015543429,
    "24":0.0013172679,
    "25":0.000737291,
    "26":0.0008553409,
    "27":0.00071456,
    "28":0.0010482289,
    "29":0.00101177,
    "30":0.00049228,
    "31":0.000757711,
    "32":0.0021243449,
    "33":0.001181361,
    "34":0.00072137,
    "35":0.0010612099,
    "36":0.00052558,
    "37":0.001750566,
    "38":0.001845506,
    "39":0.00046779,
    "40":0.0013846539,
    "41":0.000624431,
    "42":0.0004795,
    "43":0.0032314891,
    "44":0.0025835458,
    "45":0.000881001,
    "46":0.0003564,
    "47":0.00052809,
    "48":0.00057099,
    "49":0.001044261
  },
  "Prop":{
    "0":0.000543721,
    "1":0.0039676516,
    "2":0.00081115,
    "3":0.0013878089,
    "4":0.0009348758,
    "5":0.000963342,
    "6":0.00056768,
    "7":0.00061248,
    "8":0.0015999847,
    "9":0.0012153389,
    "10":0.00040179,
    "11":0.000673111,
    "12":0.0019784419,
    "13":0.0017179108,
    "14":0.001207971,
    "15":0.0045812424,
    "16":0.0020276298,
    "17":0.001000783,
    "18":0.001235022,
    "19":0.000746881,
    "20":0.0013467383,
    "21":0.0029224616,
    "22":0.0019115739,
    "23":0.0014195189,
    "24":0.001485174,
    "25":0.000751383,
    "26":0.000971834,
    "27":0.00095368,
    "28":0.0009835979,
    "29":0.00107532,
    "30":0.000713921,
    "31":0.00060046,
    "32":0.0030833793,
    "33":0.0014631879,
    "34":0.000949991,
    "35":0.000687852,
    "36":0.00045369,
    "37":0.0022737135,
    "38":0.0020897559,
    "39":0.00047589,
    "40":0.000932383,
    "41":0.000812121,
    "42":0.00045489,
    "43":0.0029923723,
    "44":0.0025075748,
    "45":0.000888201,
    "46":0.0004164,
    "47":0.00048889,
    "48":0.0002771,
    "49":0.000883852
  },
  "Delta_Uniform":{
    "0":-0.000222924,
    "1":-0.0012158649,
    "2":0.00011071,
    "3":-0.0003024621,
    "4":-0.0004471299,
    "5":0.0004701698,
    "6":-0.000294685,
    "7":-0.0000478,
    "8":-0.00023989,
    "9":-0.000580304,
    "10":-0.0000041,
    "11":-0.0003057579,
    "12":-0.0003991112,
    "13":-0.000477297,
    "14":-0.000417271,
    "15":-0.0013182115,
    "16":-0.000085842,
    "17":-0.0002172648,
    "18":-0.0003044511,
    "19":-0.000541906,
    "20":0.0001679053,
    "21":-0.0008339547,
    "22":-0.0000022311,
    "23":-0.0003249939,
    "24":0.0003251948,
    "25":0.000370979,
    "26":-0.0000854609,
    "27":-0.00006115,
    "28":-0.0005140716,
    "29":-0.00003346,
    "30":0.000326411,
    "31":0.000026381,
    "32":0.0007707874,
    "33":-0.000005223,
    "34":-0.00020647,
    "35":-0.0002381299,
    "36":-0.00009599,
    "37":-0.000015353,
    "38":-0.0002611587,
    "39":-0.00014289,
    "40":0.000124518,
    "41":-0.000257226,
    "42":0.0000259,
    "43":-0.0010855358,
    "44":-0.0010578988,
    "45":-0.0001687841,
    "46":-0.00009895,
    "47":0.00004229,
    "48":-0.000244285,
    "49":-0.0003918827
  },
  "Delta_Prop":{
    "0":-0.000151675,
    "1":-0.0014990503,
    "2":-0.00030575,
    "3":-0.000479569,
    "4":0.0000434342,
    "5":0.0003953978,
    "6":-0.000175634,
    "7":0.000051741,
    "8":-0.0005804827,
    "9":-0.000414832,
    "10":-0.0000083,
    "11":-0.000003741,
    "12":-0.0008600791,
    "13":-0.0011630248,
    "14":-0.00040012,
    "15":-0.0017946123,
    "16":-0.0002741899,
    "17":-0.0001898668,
    "18":-0.0002876331,
    "19":-0.000485517,
    "20":0.0001445527,
    "21":-0.0006622267,
    "22":-0.000937993,
    "23":-0.0001901699,
    "24":0.0001572887,
    "25":0.000356887,
    "26":-0.000201954,
    "27":-0.00030027,
    "28":-0.0004494406,
    "29":-0.00009701,
    "30":0.00010477,
    "31":0.000183632,
    "32":-0.0001882469,
    "33":-0.0002870499,
    "34":-0.000435091,
    "35":0.000135228,
    "36":-0.0000241,
    "37":-0.0005385005,
    "38":-0.0005054086,
    "39":-0.00015099,
    "40":0.0005767889,
    "41":-0.000444916,
    "42":0.00005051,
    "43":-0.000846419,
    "44":-0.0009819278,
    "45":-0.0001759841,
    "46":-0.00015895,
    "47":0.00008149,
    "48":0.000049605,
    "49":-0.0002314737
  }
}