{
  "Astrahl":{
    "0":0.0236953698,
    "1":0.0271433061,
    "2":0.0431047635,
    "3":0.0170906707,
    "4":0.0155368078,
    "5":0.0406435379,
    "6":0.026468741,
    "7":0.022839031,
    "8":0.0474212662,
    "9":0.0270790721,
    "10":0.0141364253,
    "11":0.0264711902,
    "12":0.0399528112,
    "13":0.0219883602,
    "14":0.0277240522,
    "15":0.0175387259,
    "16":0.0214060326,
    "17":0.0310707709,
    "18":0.0142271224,
    "19":0.0275404276,
    "20":0.0332776678,
    "21":0.0390995975,
    "22":0.0299607066,
    "23":0.0111873063,
    "24":0.0180833506,
    "25":0.0197729365,
    "26":0.0148947917,
    "27":0.0156914541,
    "28":0.0200951166,
    "29":0.0297801856,
    "30":0.0301230908,
    "31":0.0227112679,
    "32":0.0334305434,
    "33":0.017735831,
    "34":0.0475425277,
    "35":0.0384258249,
    "36":0.0165322799,
    "37":0.020606419,
    "38":0.0234252285,
    "39":0.0136706029,
    "40":0.0240358685,
    "41":0.0213159005,
    "42":0.0290734547,
    "43":0.0181025,
    "44":0.0234090667,
    "45":0.0192859682,
    "46":0.0160470506,
    "47":0.0420762709,
    "48":0.0180304856,
    "49":0.0189504524,
    "50":0.0264959123,
    "51":0.0148008115,
    "52":0.0149860201,
    "53":0.0131974743,
    "54":0.0425826169,
    "55":0.0256688788,
    "56":0.0137822886,
    "57":0.0422575679,
    "58":0.0182012912,
    "59":0.0183785878,
    "60":0.0394450068,
    "61":0.012214674,
    "62":0.0464185291,
    "63":0.0149179458,
    "64":0.0322133383,
    "65":0.017249706,
    "66":0.0167148891,
    "67":0.0193574318,
    "68":0.0135613643,
    "69":0.0256246795,
    "70":0.0336699821,
    "71":0.0224082234,
    "72":0.0139655615,
    "73":0.0239574841,
    "74":0.0163524478,
    "75":0.0305780697,
    "76":0.0332622839,
    "77":0.0160483322,
    "78":0.0248942269,
    "79":0.0127858259,
    "80":0.049085878,
    "81":0.040173649,
    "82":0.0535636938,
    "83":0.0288194346,
    "84":0.0180570908,
    "85":0.0262043649,
    "86":0.0210013542,
    "87":0.0201980998,
    "88":0.0210176318,
    "89":0.0198786291,
    "90":0.0258431337,
    "91":0.0149143107,
    "92":0.0185414103,
    "93":0.0424245773,
    "94":0.0196192892,
    "95":0.0182449988,
    "96":0.0145625025,
    "97":0.0445117503,
    "98":0.034556759,
    "99":0.017164717
  },
  "Uniform":{
    "0":0.0641643939,
    "1":0.1045592264,
    "2":0.123905605,
    "3":0.036797072,
    "4":0.0447690938,
    "5":0.1289388494,
    "6":0.0759439627,
    "7":0.0415416698,
    "8":0.1664692969,
    "9":0.1154739152,
    "10":0.0273417768,
    "11":0.10322417,
    "12":0.1143574676,
    "13":0.0867787578,
    "14":0.0869520813,
    "15":0.0600385805,
    "16":0.0711362226,
    "17":0.0884175276,
    "18":0.0276029427,
    "19":0.0736085646,
    "20":0.0800454586,
    "21":0.1243035028,
    "22":0.1000760252,
    "23":0.0415237671,
    "24":0.0485777645,
    "25":0.0578196817,
    "26":0.0505703753,
    "27":0.0693516945,
    "28":0.0796232428,
    "29":0.1159736743,
    "30":0.0890083489,
    "31":0.0745704844,
    "32":0.1048229372,
    "33":0.0687189361,
    "34":0.1510896556,
    "35":0.1232463407,
    "36":0.053172843,
    "37":0.0672454914,
    "38":0.089036843,
    "39":0.0413882104,
    "40":0.1032584159,
    "41":0.0536333592,
    "42":0.0845707031,
    "43":0.0695028238,
    "44":0.0553711966,
    "45":0.0366439204,
    "46":0.027021813,
    "47":0.1149614989,
    "48":0.0388437403,
    "49":0.0695361769,
    "50":0.0962923699,
    "51":0.0359272498,
    "52":0.0502154873,
    "53":0.0317730034,
    "54":0.0988356283,
    "55":0.0801137382,
    "56":0.040966734,
    "57":0.1065903102,
    "58":0.0590803982,
    "59":0.0447600893,
    "60":0.1361919198,
    "61":0.04381474,
    "62":0.0935133583,
    "63":0.029880919,
    "64":0.122448734,
    "65":0.0563630031,
    "66":0.0521244736,
    "67":0.0394936926,
    "68":0.0412362747,
    "69":0.1029218818,
    "70":0.1121360176,
    "71":0.0715417172,
    "72":0.0344428347,
    "73":0.0580299416,
    "74":0.0437328515,
    "75":0.0985706405,
    "76":0.0868000007,
    "77":0.0272246786,
    "78":0.0643675288,
    "79":0.0395078735,
    "80":0.1233800522,
    "81":0.1436783106,
    "82":0.1496652706,
    "83":0.0681568153,
    "84":0.0650833373,
    "85":0.0898283809,
    "86":0.0519081688,
    "87":0.0638093893,
    "88":0.0392723021,
    "89":0.0600645795,
    "90":0.0898959027,
    "91":0.0450197357,
    "92":0.0466125849,
    "93":0.1434376789,
    "94":0.0330140466,
    "95":0.0523081248,
    "96":0.0592649208,
    "97":0.1306912079,
    "98":0.1480191855,
    "99":0.0508561622
  },
  "Prop":{
    "0":0.0833691618,
    "1":0.0790785196,
    "2":0.0725990696,
    "3":0.0523903919,
    "4":0.031986505,
    "5":0.102843846,
    "6":0.0873720815,
    "7":0.0443345424,
    "8":0.0791762187,
    "9":0.1104299728,
    "10":0.0385456897,
    "11":0.0826721689,
    "12":0.1102780759,
    "13":0.0382714669,
    "14":0.0691416683,
    "15":0.0541863216,
    "16":0.0594089294,
    "17":0.0871519039,
    "18":0.0371575862,
    "19":0.0674324197,
    "20":0.0477799134,
    "21":0.1097528609,
    "22":0.0719435446,
    "23":0.0381184613,
    "24":0.0607342464,
    "25":0.0673968237,
    "26":0.0551603016,
    "27":0.0537579758,
    "28":0.0611836995,
    "29":0.0944903961,
    "30":0.1002128606,
    "31":0.0718728156,
    "32":0.0716885647,
    "33":0.0681339967,
    "34":0.0868219173,
    "35":0.1032779465,
    "36":0.0684347336,
    "37":0.0717706828,
    "38":0.0760091499,
    "39":0.0459319584,
    "40":0.0947247928,
    "41":0.0627281093,
    "42":0.077019926,
    "43":0.062249411,
    "44":0.0490426091,
    "45":0.0553956321,
    "46":0.0412014608,
    "47":0.087403841,
    "48":0.0438904476,
    "49":0.071748043,
    "50":0.092306953,
    "51":0.0379899102,
    "52":0.0516035305,
    "53":0.0381050052,
    "54":0.0786875833,
    "55":0.0707976076,
    "56":0.0468729598,
    "57":0.0826802819,
    "58":0.0637546279,
    "59":0.063302913,
    "60":0.1184853717,
    "61":0.05283555,
    "62":0.094655649,
    "63":0.0446925491,
    "64":0.0524011223,
    "65":0.0566416059,
    "66":0.0512526121,
    "67":0.0568673584,
    "68":0.0499915071,
    "69":0.0814210804,
    "70":0.1088723081,
    "71":0.0745870865,
    "72":0.0324104958,
    "73":0.0785637449,
    "74":0.0543015907,
    "75":0.0695784089,
    "76":0.0697666898,
    "77":0.0421327751,
    "78":0.0789547755,
    "79":0.051460063,
    "80":0.0896102109,
    "81":0.1265295952,
    "82":0.0945393301,
    "83":0.0817066481,
    "84":0.0633323168,
    "85":0.1061264751,
    "86":0.0553572763,
    "87":0.0724659356,
    "88":0.0508902894,
    "89":0.0493528316,
    "90":0.0945454741,
    "91":0.0484767763,
    "92":0.0574739474,
    "93":0.0783775287,
    "94":0.0556074086,
    "95":0.0625515412,
    "96":0.069497094,
    "97":0.0743618917,
    "98":0.1085747469,
    "99":0.0518818249
  },
  "Delta_Uniform":{
    "0":-0.0404690241,
    "1":-0.0774159203,
    "2":-0.0808008415,
    "3":-0.0197064013,
    "4":-0.029232286,
    "5":-0.0882953115,
    "6":-0.0494752217,
    "7":-0.0187026388,
    "8":-0.1190480307,
    "9":-0.0883948431,
    "10":-0.0132053515,
    "11":-0.0767529798,
    "12":-0.0744046564,
    "13":-0.0647903976,
    "14":-0.059228029,
    "15":-0.0424998547,
    "16":-0.04973019,
    "17":-0.0573467567,
    "18":-0.0133758203,
    "19":-0.0460681371,
    "20":-0.0467677908,
    "21":-0.0852039053,
    "22":-0.0701153186,
    "23":-0.0303364607,
    "24":-0.0304944139,
    "25":-0.0380467453,
    "26":-0.0356755836,
    "27":-0.0536602405,
    "28":-0.0595281262,
    "29":-0.0861934887,
    "30":-0.0588852581,
    "31":-0.0518592165,
    "32":-0.0713923938,
    "33":-0.0509831051,
    "34":-0.1035471279,
    "35":-0.0848205159,
    "36":-0.0366405631,
    "37":-0.0466390723,
    "38":-0.0656116145,
    "39":-0.0277176075,
    "40":-0.0792225474,
    "41":-0.0323174587,
    "42":-0.0554972484,
    "43":-0.0514003238,
    "44":-0.0319621299,
    "45":-0.0173579522,