{
  "Astrahl":{
    "0":0.0300544862,
    "1":0.0321851998,
    "2":0.0265029548,
    "3":0.0344888105,
    "4":0.0285260171,
    "5":0.0697203601,
    "6":0.018321301,
    "7":0.0453069857,
    "8":0.0274209243,
    "9":0.071712023,
    "10":0.0360021319,
    "11":0.0301963179,
    "12":0.0331392395,
    "13":0.03519718,
    "14":0.0340276237,
    "15":0.0281902055,
    "16":0.02098412,
    "17":0.018636331,
    "18":0.0600103584,
    "19":0.0647793275,
    "20":0.0347624548,
    "21":0.0205840789,
    "22":0.0258455872,
    "23":0.0707117206,
    "24":0.049813821,
    "25":0.0301663961,
    "26":0.0331169013,
    "27":0.0478767142,
    "28":0.035839912,
    "29":0.02311769,
    "30":0.0500999012,
    "31":0.0273617597,
    "32":0.0225026659,
    "33":0.0244932259,
    "34":0.0455353459,
    "35":0.0435547899,
    "36":0.04298416,
    "37":0.0333737277,
    "38":0.02361179,
    "39":0.069848761,
    "40":0.0474621,
    "41":0.0620879166,
    "42":0.06098798,
    "43":0.0289566573,
    "44":0.0555725143,
    "45":0.033645,
    "46":0.027191062,
    "47":0.0500425178,
    "48":0.037752541,
    "49":0.0428048816
  },
  "Uniform":{
    "0":0.0617973269,
    "1":0.04784308,
    "2":0.0585976889,
    "3":0.0743820801,
    "4":0.0524060418,
    "5":0.1035405326,
    "6":0.051169321,
    "7":0.1035363326,
    "8":0.0565852907,
    "9":0.1902125632,
    "10":0.0562640909,
    "11":0.0460883209,
    "12":0.0535487082,
    "13":0.087437941,
    "14":0.0672763459,
    "15":0.0612973127,
    "16":0.051674851,
    "17":0.04405868,
    "18":0.1222981665,
    "19":0.1085591267,
    "20":0.084626142,
    "21":0.044892521,
    "22":0.06053133,
    "23":0.1280630722,
    "24":0.1010924189,
    "25":0.0640868448,
    "26":0.052787381,
    "27":0.0882101525,
    "28":0.08973878,
    "29":0.047642382,
    "30":0.1264877604,
    "31":0.0525746599,
    "32":0.0499208759,
    "33":0.05099756,
    "34":0.0869561749,
    "35":0.0884529279,
    "36":0.084843641,
    "37":0.0707098229,
    "38":0.04223279,
    "39":0.1660510488,
    "40":0.132311011,
    "41":0.0846867524,
    "42":0.1411948859,
    "43":0.053598331,
    "44":0.1109832491,
    "45":0.09967448,
    "46":0.054734292,
    "47":0.0799548513,
    "48":0.08303297,
    "49":0.070167813
  },
  "Prop":{
    "0":0.0531864225,
    "1":0.0508713157,
    "2":0.058191862,
    "3":0.0631341166,
    "4":0.0689126438,
    "5":0.1162322717,
    "6":0.047429041,
    "7":0.0979210566,
    "8":0.0596078509,
    "9":0.164037396,
    "10":0.0585574714,
    "11":0.062255343,
    "12":0.051824491,
    "13":0.086307851,
    "14":0.0651116051,
    "15":0.061011026,
    "16":0.048001231,
    "17":0.05481258,
    "18":0.1386549468,
    "19":0.1051623602,
    "20":0.08682752,
    "21":0.038657312,
    "22":0.0576136289,
    "23":0.1603395785,
    "24":0.09414393,
    "25":0.0565487458,
    "26":0.0661367597,
    "27":0.0989637907,
    "28":0.091695232,
    "29":0.0558330869,
    "30":0.1457004985,
    "31":0.05015398,
    "32":0.06274274,
    "33":0.04357329,
    "34":0.096955931,
    "35":0.097997642,
    "36":0.0882218,
    "37":0.0631414539,
    "38":0.0447433,
    "39":0.1617560922,
    "40":0.12935078,
    "41":0.1017202285,
    "42":0.141950822,
    "43":0.048839011,
    "44":0.1145984826,
    "45":0.08374139,
    "46":0.0560250479,
    "47":0.0746330478,
    "48":0.08937209,
    "49":0.0688224662
  },
  "Delta_Uniform":{
    "0":-0.0317428407,
    "1":-0.0156578802,
    "2":-0.0320947341,
    "3":-0.0398932696,
    "4":-0.0238800247,
    "5":-0.0338201724,
    "6":-0.03284802,
    "7":-0.0582293469,
    "8":-0.0291643664,
    "9":-0.1185005402,
    "10":-0.020261959,
    "11":-0.015892003,
    "12":-0.0204094687,
    "13":-0.052240761,
    "14":-0.0332487222,
    "15":-0.0331071072,
    "16":-0.030690731,
    "17":-0.025422349,
    "18":-0.0622878081,
    "19":-0.0437797992,
    "20":-0.0498636872,
    "21":-0.0243084421,
    "22":-0.0346857428,
    "23":-0.0573513516,
    "24":-0.0512785979,
    "25":-0.0339204487,
    "26":-0.0196704797,
    "27":-0.0403334383,
    "28":-0.053898868,
    "29":-0.024524692,
    "30":-0.0763878592,
    "31":-0.0252129002,
    "32":-0.02741821,
    "33":-0.0265043341,
    "34":-0.041420829,
    "35":-0.044898138,
    "36":-0.041859481,
    "37":-0.0373360952,
    "38":-0.018621,
    "39":-0.0962022878,
    "40":-0.084848911,
    "41":-0.0225988357,
    "42":-0.0802069059,
    "43":-0.0246416737,
    "44":-0.0554107348,
    "45":-0.06602948,
    "46":-0.02754323,
    "47":-0.0299123334,
    "48":-0.045280429,
    "49":-0.0273629314
  },
  "Delta_Prop":{
    "0":-0.0231319363,
    "1":-0.0186861159,
    "2":-0.0316889072,
    "3":-0.0286453061,
    "4":-0.0403866267,
    "5":-0.0465119116,
    "6":-0.02910774,
    "7":-0.0526140709,
    "8":-0.0321869266,
    "9":-0.092325373,
    "10":-0.0225553395,
    "11":-0.0320590251,
    "12":-0.0186852515,
    "13":-0.051110671,
    "14":-0.0310839814,
    "15":-0.0328208205,
    "16":-0.027017111,
    "17":-0.036176249,
    "18":-0.0786445884,
    "19":-0.0403830326,
    "20":-0.0520650652,
    "21":-0.0180732331,
    "22":-0.0317680417,
    "23":-0.0896278579,
    "24":-0.044330109,
    "25":-0.0263823497,
    "26":-0.0330198584,
    "27":-0.0510870765,
    "28":-0.05585532,
    "29":-0.0327153969,
    "30":-0.0956005973,
    "31":-0.0227922203,
    "32":-0.0402400741,
    "33":-0.0190800641,
    "34":-0.0514205851,
    "35":-0.0544428521,
    "36":-0.04523764,
    "37":-0.0297677262,
    "38":-0.02113151,
    "39":-0.0919073312,
    "40":-0.08188868,
    "41":-0.0396323119,
    "42":-0.080962842,
    "43":-0.0198823537,
    "44":-0.0590259683,
    "45":-0.05009639,
    "46":-0.0288339859,
    "47":-0.02459053,
    "48":-0.051619549,
    "49":-0.0260175847
  }
}