{
  "Astrahl":{
    "0":0.0006225916,
    "1":0.001009328,
    "2":0.0001176961,
    "3":0.0002040768,
    "4":0.0000197652,
    "5":0.0018726763,
    "6":0.0008248897,
    "7":0.0000629624,
    "8":0.0003814756,
    "9":0.0014888713,
    "10":0.0000933607,
    "11":0.0007214787,
    "12":0.0018703996,
    "13":0.000061135,
    "14":0.0001591945,
    "15":0.0000888397,
    "16":0.0003208245,
    "17":0.0017387312,
    "18":0.0000497329,
    "19":0.0003159969,
    "20":0.0000962365,
    "21":0.0014309592,
    "22":0.00059136,
    "23":0.0000393952,
    "24":0.0003145219,
    "25":0.000732102,
    "26":0.0007960066,
    "27":0.0000620981,
    "28":0.0002220246,
    "29":0.0015599789,
    "30":0.0006445331,
    "31":0.0001147469,
    "32":0.0004549632,
    "33":0.0006798828,
    "34":0.0007617371,
    "35":0.0007332573,
    "36":0.0002600615,
    "37":0.0004582336,
    "38":0.0005385082,
    "39":0.000051069,
    "40":0.0005699263,
    "41":0.0000925468,
    "42":0.001299909,
    "43":0.0002918225,
    "44":0.0000756788,
    "45":0.0001051662,
    "46":0.0000510501,
    "47":0.0002523348,
    "48":0.0000407603,
    "49":0.0011468586,
    "50":0.0004653814,
    "51":0.0000275495,
    "52":0.0001585561,
    "53":0.0000199917,
    "54":0.0002266517,
    "55":0.0002540615,
    "56":0.0001799062,
    "57":0.0005084053,
    "58":0.0001907539,
    "59":0.000128287,
    "60":0.0013796096,
    "61":0.0001071896,
    "62":0.0004254463,
    "63":0.0000803069,
    "64":0.0001041911,
    "65":0.0001260233,
    "66":0.0001566563,
    "67":0.0001648677,
    "68":0.0000643456,
    "69":0.0006845305,
    "70":0.0017042097,
    "71":0.0003703418,
    "72":0.0000150055,
    "73":0.0004284872,
    "74":0.0004967851,
    "75":0.0002809711,
    "76":0.0001559153,
    "77":0.0000879429,
    "78":0.0002415531,
    "79":0.0000974037,
    "80":0.0013986439,
    "81":0.0039812931,
    "82":0.0006520673,
    "83":0.0002598865,
    "84":0.0005213959,
    "85":0.0028865192,
    "86":0.0001153124,
    "87":0.0001719436,
    "88":0.0000922147,
    "89":0.0000450794,
    "90":0.0005502396,
    "91":0.0001013309,
    "92":0.000143893,
    "93":0.0005028524,
    "94":0.0003689273,
    "95":0.0001320899,
    "96":0.0002339952,
    "97":0.0002824356,
    "98":0.0016028734,
    "99":0.0001734438
  },
  "Uniform":{
    "0":0.0006419176,
    "1":0.0010432936,
    "2":0.0001206869,
    "3":0.00021079,
    "4":0.0000204162,
    "5":0.001935685,
    "6":0.0008522242,
    "7":0.0000650508,
    "8":0.000392684,
    "9":0.0015381029,
    "10":0.0000965055,
    "11":0.0007458833,
    "12":0.0019326418,
    "13":0.0000631272,
    "14":0.0001641866,
    "15":0.0000917842,
    "16":0.0003315028,
    "17":0.0017967852,
    "18":0.0000513967,
    "19":0.0003262902,
    "20":0.0000994722,
    "21":0.0014748133,
    "22":0.0006110683,
    "23":0.0000406876,
    "24":0.0003249079,
    "25":0.000755767,
    "26":0.0008228919,
    "27":0.000064105,
    "28":0.0002291799,
    "29":0.0016120848,
    "30":0.0006604738,
    "31":0.0001182638,
    "32":0.0004702492,
    "33":0.0007029588,
    "34":0.0007842165,
    "35":0.0007554535,
    "36":0.0002678831,
    "37":0.0004727823,
    "38":0.0005565004,
    "39":0.0000527202,
    "40":0.0005864761,
    "41":0.0000952453,
    "42":0.0013438899,
    "43":0.0003014159,
    "44":0.0000781005,
    "45":0.000107546,
    "46":0.0000527605,
    "47":0.0002602333,
    "48":0.0000420138,
    "49":0.0011856902,
    "50":0.0004786811,
    "51":0.0000284527,
    "52":0.0001636839,
    "53":0.0000206234,
    "54":0.0002335006,
    "55":0.0002625751,
    "56":0.0001859887,
    "57":0.0005249081,
    "58":0.0001972216,
    "59":0.0001318429,
    "60":0.0014256979,
    "61":0.0001106661,
    "62":0.0004370181,
    "63":0.000082994,
    "64":0.000107557,
    "65":0.0001297225,
    "66":0.0001618789,
    "67":0.0001693034,
    "68":0.0000662734,
    "69":0.0007068175,
    "70":0.0017599795,
    "71":0.0003809305,
    "72":0.0000154961,
    "73":0.000439153,
    "74":0.0005136137,
    "75":0.0002902023,
    "76":0.0001609053,
    "77":0.0000909216,
    "78":0.0002493197,
    "79":0.0001006011,
    "80":0.0014456457,
    "81":0.0041144645,
    "82":0.0006738509,
    "83":0.0002663144,
    "84":0.0005382792,
    "85":0.0029837235,
    "86":0.000119005,
    "87":0.0001769187,
    "88":0.0000953068,
    "89":0.0000464647,
    "90":0.0005649972,
    "91":0.0001046467,
    "92":0.000148678,
    "93":0.000519734,
    "94":0.0003811883,
    "95":0.0001362784,
    "96":0.0002417282,
    "97":0.0002909507,
    "98":0.001653862,
    "99":0.0001782667
  },
  "Prop":{
    "0":0.0006455488,
    "1":0.00102863,
    "2":0.0001209792,
    "3":0.0002103206,
    "4":0.0000203672,
    "5":0.0019200667,
    "6":0.0008542876,
    "7":0.0000649124,
    "8":0.0003910957,
    "9":0.0015387143,
    "10":0.0000956837,
    "11":0.0007348499,
    "12":0.0019279158,
    "13":0.0000626955,
    "14":0.0001652363,
    "15":0.0000920716,
    "16":0.0003266464,
    "17":0.0017744924,
    "18":0.0000507603,
    "19":0.0003248597,
    "20":0.000098778,
    "21":0.0014747456,
    "22":0.0006027687,
    "23":0.0000405016,
    "24":0.0003238955,
    "25":0.0007519723,
    "26":0.0008080464,
    "27":0.0000645838,
    "28":0.0002275061,
    "29":0.0015957749,
    "30":0.0006607272,
    "31":0.0001197376,
    "32":0.000465602,
    "33":0.0006900243,
    "34":0.0007787,
    "35":0.0007559883,
    "36":0.0002677126,
    "37":0.0004705242,
    "38":0.0005523208,
    "39":0.0000531074,
    "40":0.0005883974,
    "41":0.0000962707,
    "42":0.0013174238,
    "43":0.0002992457,
    "44":0.0000778796,
    "45":0.0001087204,
    "46":0.0000529997,
    "47":0.0002626487,
    "48":0.0000422905,
    "49":0.0011631689,
    "50":0.0004800426,
    "51":0.0000285858,
    "52":0.0001626668,
    "53":0.0000208625,
    "54":0.0002345516,
    "55":0.0002621455,
    "56":0.0001830444,
    "57":0.0005257381,
    "58":0.0001955411,
    "59":0.0001331585,
    "60":0.001426009,
    "61":0.0001114311,
    "62":0.0004375005,
    "63":0.0000833722,
    "64":0.0001076694,
    "65":0.0001304405,
    "66":0.0001604053,
    "67":0.0001700604,
    "68":0.0000667788,
    "69":0.0007017324,
    "70":0.0017535428,
    "71":0.0003798824,
    "72":0.000015555,
    "73":0.0004393598,
    "74":0.0005060343,
    "75":0.0002880711,
    "76":0.0001620683,
    "77":0.0000906728,
    "78":0.0002524338,
    "79":0.0001012416,
    "80":0.0014283219,
    "81":0.004080845,
    "82":0.0006726276,
    "83":0.0002666724,
    "84":0.0005357372,
    "85":0.0029664085,
    "86":0.0001181667,
    "87":0.0001782489,
    "88":0.0000954734,
    "89":0.0000468231,
    "90":0.0005663714,
    "91":0.0001034916,
    "92":0.0001491417,
    "93":0.0005171274,
    "94":0.0003830695,
    "95":0.000137217,
    "96":0.0002429934,
    "97":0.0002912899,
    "98":0.0016499709,
    "99":0.0001785635
  },
  "Delta_Uniform":{
    "0":-0.000019326,
    "1":-0.0000339656,
    "2":-0.0000029908,
    "3":-0.0000067132,
    "4":-0.000000651,
    "5":-0.0000630087,
    "6":-0.0000273345,
    "7":-0.0000020884,
    "8":-0.0000112084,
    "9":-0.0000492316,
    "10":-0.0000031448,
    "11":-0.0000244046,
    "12":-0.0000622422,
    "13":-0.0000019922,
    "14":-0.0000049921,
    "15":-0.0000029446,
    "16":-0.0000106782,
    "17":-0.000058054,
    "18":-0.0000016639,
    "19":-0.0000102933,
    "20":-0.0000032357,
    "21":-0.0000438542,
    "22":-0.0000197083,
    "23":-0.0000012924,
    "24":-0.000010386,
    "25":-0.0000236651,
    "26":-0.0000268853,
    "27":-0.0000020069,
    "28":-0.0000071553,
    "29":-0.0000521058,
    "30":-0.0000159407,
    "31":-0.0000035169,
    "32":-0.0000152861,
    "33":-0.000023076,
    "34":-0.0000224795,
    "35":-0.0000221963,
    "36":-0.0000078216,
    "37":-0.0000145487,
    "38":-0.0000179923,
    "39":-0.0000016513,
    "40":-0.0000165497,
    "41":-0.0000026985,
    "42":-0.0000439809,
    "43":-0.0000095934,
    "44":-0.0000024217,
    "45":-0.0000023798,