{
  "Astrahl":{
    "0":0.00028519,
    "1":0.000587528,
    "2":0.00036043,
    "3":0.0012697949,
    "4":0.0007069077,
    "5":0.000587528,
    "6":0.0011826721,
    "7":0.00082669,
    "8":0.00039349,
    "9":0.0009017058,
    "10":0.000849433,
    "11":0.0005054,
    "12":0.0019753943,
    "13":0.00049818,
    "14":0.0003727876,
    "15":0.000718751,
    "16":0.001431606,
    "17":0.001426273,
    "18":0.0018307964,
    "19":0.000293764,
    "20":0.00036043,
    "21":0.000588069,
    "22":0.0006498,
    "23":0.0013206288,
    "24":0.0006224552,
    "25":0.000522728,
    "26":0.0013880349,
    "27":0.000718751,
    "28":0.001117333,
    "29":0.0007122169,
    "30":0.000561241,
    "31":0.0002888,
    "32":0.0007002621,
    "33":0.000361,
    "34":0.0039510153,
    "35":0.0003249,
    "36":0.0013733467,
    "37":0.000710562,
    "38":0.00041192,
    "39":0.00025745,
    "40":0.00061788,
    "41":0.00046341,
    "42":0.000813542,
    "43":0.000561241,
    "44":0.0002527,
    "45":0.001318144,
    "46":0.0005913361,
    "47":0.00036043,
    "48":0.0005149,
    "49":0.0024509174
  },
  "Uniform":{
    "0":0.00043689,
    "1":0.000748121,
    "2":0.00067786,
    "3":0.00177471,
    "4":0.0014693899,
    "5":0.001127373,
    "6":0.0010202582,
    "7":0.000738121,
    "8":0.0003004,
    "9":0.0011995579,
    "10":0.00086057,
    "11":0.0004453,
    "12":0.0013761947,
    "13":0.00044789,
    "14":0.0011299599,
    "15":0.000765411,
    "16":0.0014847099,
    "17":0.001376126,
    "18":0.0029663236,
    "19":0.00089574,
    "20":0.00069629,
    "21":0.00079787,
    "22":0.00041789,
    "23":0.0010159289,
    "24":0.0009595179,
    "25":0.00046848,
    "26":0.0018637509,
    "27":0.00077625,
    "28":0.00081357,
    "29":0.001060502,
    "30":0.0003921,
    "31":0.0003452,
    "32":0.00069795,
    "33":0.0004405,
    "34":0.0035216552,
    "35":0.000288,
    "36":0.001541632,
    "37":0.00081688,
    "38":0.0003664,
    "39":0.0004723,
    "40":0.00042169,
    "41":0.0003152,
    "42":0.00077956,
    "43":0.00057407,
    "44":0.0002971,
    "45":0.0011469868,
    "46":0.000915181,
    "47":0.00056448,
    "48":0.00060129,
    "49":0.001982916
  },
  "Prop":{
    "0":0.0002991,
    "1":0.00057619,
    "2":0.00055809,
    "3":0.001580792,
    "4":0.0016458419,
    "5":0.001156862,
    "6":0.0012952568,
    "7":0.0008012489,
    "8":0.00046599,
    "9":0.0011174079,
    "10":0.001191732,
    "11":0.000529621,
    "12":0.0016785919,
    "13":0.00050838,
    "14":0.000963771,
    "15":0.0010228589,
    "16":0.001468892,
    "17":0.001164063,
    "18":0.0031689047,
    "19":0.00054926,
    "20":0.00044269,
    "21":0.00073456,
    "22":0.00038559,
    "23":0.0013195868,
    "24":0.000859152,
    "25":0.000867791,
    "26":0.0016236268,
    "27":0.00088418,
    "28":0.00104753,
    "29":0.0011758189,
    "30":0.0004544,
    "31":0.0002501,
    "32":0.000641362,
    "33":0.00040459,
    "34":0.0024923097,
    "35":0.0002901,
    "36":0.002126864,
    "37":0.00048667,
    "38":0.0004425,
    "39":0.00042989,
    "40":0.00058129,
    "41":0.00049589,
    "42":0.00071259,
    "43":0.00078659,
    "44":0.0004344,
    "45":0.001169661,
    "46":0.001069012,
    "47":0.0004097,
    "48":0.0007500179,
    "49":0.0030569478
  },
  "Delta_Uniform":{
    "0":-0.0001517,
    "1":-0.000160593,
    "2":-0.00031743,
    "3":-0.0005049151,
    "4":-0.0007624822,
    "5":-0.000539845,
    "6":0.0001624139,
    "7":0.000088569,
    "8":0.00009309,
    "9":-0.0002978521,
    "10":-0.000011137,
    "11":0.0000601,
    "12":0.0005991996,
    "13":0.00005029,
    "14":-0.0007571723,
    "15":-0.00004666,
    "16":-0.0000531039,
    "17":0.000050147,
    "18":-0.0011355273,
    "19":-0.000601976,
    "20":-0.00033586,
    "21":-0.000209801,
    "22":0.00023191,
    "23":0.0003046999,
    "24":-0.0003370627,
    "25":0.000054248,
    "26":-0.000475716,
    "27":-0.000057499,
    "28":0.000303763,
    "29":-0.0003482851,
    "30":0.000169141,
    "31":-0.0000564,
    "32":0.0000023121,
    "33":-0.0000795,
    "34":0.0004293601,
    "35":0.0000369,
    "36":-0.0001682853,
    "37":-0.000106318,
    "38":0.00004552,
    "39":-0.00021485,
    "40":0.00019619,
    "41":0.00014821,
    "42":0.000033982,
    "43":-0.000012829,
    "44":-0.0000444,
    "45":0.0001711572,
    "46":-0.000323845,
    "47":-0.00020405,
    "48":-0.00008639,
    "49":0.0004680013
  },
  "Delta_Prop":{
    "0":-0.00001391,
    "1":0.000011338,
    "2":-0.00019766,
    "3":-0.0003109971,
    "4":-0.0009389342,
    "5":-0.000569334,
    "6":-0.0001125847,
    "7":0.0000254411,
    "8":-0.0000725,
    "9":-0.0002157021,
    "10":-0.000342299,
    "11":-0.000024221,
    "12":0.0002968024,
    "13":-0.0000102,
    "14":-0.0005909834,
    "15":-0.0003041079,
    "16":-0.000037286,
    "17":0.00026221,
    "18":-0.0013381084,
    "19":-0.000255496,
    "20":-0.00008226,
    "21":-0.000146491,
    "22":0.00026421,
    "23":0.000001042,
    "24":-0.0002366968,
    "25":-0.000345063,
    "26":-0.0002355919,
    "27":-0.000165429,
    "28":0.000069803,
    "29":-0.000463602,
    "30":0.000106841,
    "31":0.0000387,
    "32":0.0000589001,
    "33":-0.00004359,
    "34":0.0014587056,
    "35":0.0000348,
    "36":-0.0007535173,
    "37":0.000223892,
    "38":-0.00003058,
    "39":-0.00017244,
    "40":0.00003659,
    "41":-0.00003248,
    "42":0.000100952,
    "43":-0.000225349,
    "44":-0.0001817,
    "45":0.000148483,
    "46":-0.0004776759,
    "47":-0.00004927,
    "48":-0.0002351179,
    "49":-0.0006060305
  }
}