{
  "Astrahl":{
    "0":0.213364477,
    "1":0.2734400617,
    "2":0.3619168325,
    "3":0.20125837,
    "4":0.3354196012,
    "5":0.3523223705,
    "6":0.22123423,
    "7":0.227086219,
    "8":0.2279077291,
    "9":0.262371232,
    "10":0.2968002833,
    "11":0.260250211,
    "12":0.3881186204,
    "13":0.279919484,
    "14":0.4701270876,
    "15":0.2328122559,
    "16":0.2748044655,
    "17":0.2734847441,
    "18":0.2119077,
    "19":0.3370719472,
    "20":0.213334983,
    "21":0.3346230479,
    "22":0.21462895,
    "23":0.2659229328,
    "24":0.2125926,
    "25":0.214481294,
    "26":0.2535202799,
    "27":0.3438333735,
    "28":0.3332328533,
    "29":0.3806779369,
    "30":0.2784932362,
    "31":0.3374379804,
    "32":0.3327767268,
    "33":0.4364349851,
    "34":0.274395133,
    "35":0.2919598561,
    "36":0.2927670585,
    "37":0.4230201612,
    "38":0.2501973661,
    "39":0.3536441523,
    "40":0.19994715,
    "41":0.229903354,
    "42":0.3222358071,
    "43":0.3340311159,
    "44":0.220945753,
    "45":0.2291334774,
    "46":0.2252374084,
    "47":0.2266304347,
    "48":0.212079599,
    "49":0.224541847
  },
  "Uniform":{
    "0":0.242798779,
    "1":0.3081735001,
    "2":0.3750747122,
    "3":0.23428468,
    "4":0.3624506808,
    "5":0.3758091425,
    "6":0.23290318,
    "7":0.2414388276,
    "8":0.2377373041,
    "9":0.295483708,
    "10":0.3132638111,
    "11":0.303865102,
    "12":0.412682904,
    "13":0.3073612953,
    "14":0.4995876624,
    "15":0.2461543272,
    "16":0.2993374441,
    "17":0.2996898776,
    "18":0.23590081,
    "19":0.3715732939,
    "20":0.2338658,
    "21":0.3702975885,
    "22":0.23386933,
    "23":0.2674406775,
    "24":0.22465126,
    "25":0.238509019,
    "26":0.2657769334,
    "27":0.3666818298,
    "28":0.3520493531,
    "29":0.4532988948,
    "30":0.3052718614,
    "31":0.3545780413,
    "32":0.3683607494,
    "33":0.4541992666,
    "34":0.296640307,
    "35":0.3189816558,
    "36":0.3505145961,
    "37":0.4605074261,
    "38":0.2707198304,
    "39":0.3810894624,
    "40":0.23745853,
    "41":0.240589918,
    "42":0.3597540263,
    "43":0.3540125376,
    "44":0.239571586,
    "45":0.2497727729,
    "46":0.2383506253,
    "47":0.254987191,
    "48":0.235613602,
    "49":0.240962113
  },
  "Prop":{
    "0":0.238406464,
    "1":0.3062443255,
    "2":0.3751979632,
    "3":0.22254706,
    "4":0.3463091676,
    "5":0.3766463584,
    "6":0.23642839,
    "7":0.2412232228,
    "8":0.2429528661,
    "9":0.287368066,
    "10":0.3121828098,
    "11":0.29113408,
    "12":0.4101267346,
    "13":0.2922251015,
    "14":0.5095325831,
    "15":0.2395537909,
    "16":0.3000414961,
    "17":0.3022050289,
    "18":0.22744062,
    "19":0.3514683087,
    "20":0.235039231,
    "21":0.3604582983,
    "22":0.23206095,
    "23":0.2720730948,
    "24":0.23390037,
    "25":0.231190165,
    "26":0.280128462,
    "27":0.3625263082,
    "28":0.3579430687,
    "29":0.446026374,
    "30":0.3011882383,
    "31":0.3508540751,
    "32":0.3609098736,
    "33":0.458397667,
    "34":0.297730567,
    "35":0.3202306929,
    "36":0.3440091151,
    "37":0.4506770798,
    "38":0.263154801,
    "39":0.3692679382,
    "40":0.23178601,
    "41":0.245114182,
    "42":0.3510206144,
    "43":0.353491283,
    "44":0.236706103,
    "45":0.2525873586,
    "46":0.2413350676,
    "47":0.2452874401,
    "48":0.240567067,
    "49":0.219493099
  },
  "Delta_Uniform":{
    "0":-0.029434302,
    "1":-0.0347334384,
    "2":-0.0131578797,
    "3":-0.03302631,
    "4":-0.0270310795,
    "5":-0.023486772,
    "6":-0.01166895,
    "7":-0.0143526086,
    "8":-0.009829575,
    "9":-0.033112476,
    "10":-0.0164635278,
    "11":-0.043614891,
    "12":-0.0245642836,
    "13":-0.0274418112,
    "14":-0.0294605748,
    "15":-0.0133420713,
    "16":-0.0245329786,
    "17":-0.0262051335,
    "18":-0.02399311,
    "19":-0.0345013467,
    "20":-0.020530817,
    "21":-0.0356745406,
    "22":-0.01924038,
    "23":-0.0015177447,
    "24":-0.01205866,
    "25":-0.024027725,
    "26":-0.0122566535,
    "27":-0.0228484562,
    "28":-0.0188164998,
    "29":-0.0726209578,
    "30":-0.0267786252,
    "31":-0.0171400609,
    "32":-0.0355840225,
    "33":-0.0177642815,
    "34":-0.022245174,
    "35":-0.0270217997,
    "36":-0.0577475375,
    "37":-0.0374872649,
    "38":-0.0205224643,
    "39":-0.0274453101,
    "40":-0.03751138,
    "41":-0.010686564,
    "42":-0.0375182192,
    "43":-0.0199814217,
    "44":-0.018625833,
    "45":-0.0206392955,
    "46":-0.0131132169,
    "47":-0.0283567563,
    "48":-0.023534003,
    "49":-0.016420266
  },
  "Delta_Prop":{
    "0":-0.025041987,
    "1":-0.0328042638,
    "2":-0.0132811306,
    "3":-0.02128869,
    "4":-0.0108895664,
    "5":-0.024323988,
    "6":-0.01519416,
    "7":-0.0141370038,
    "8":-0.015045137,
    "9":-0.024996834,
    "10":-0.0153825265,
    "11":-0.030883869,
    "12":-0.0220081142,
    "13":-0.0123056175,
    "14":-0.0394054955,
    "15":-0.006741535,
    "16":-0.0252370306,
    "17":-0.0287202848,
    "18":-0.01553292,
    "19":-0.0143963615,
    "20":-0.021704248,
    "21":-0.0258352504,
    "22":-0.017432,
    "23":-0.006150162,
    "24":-0.02130777,
    "25":-0.016708871,
    "26":-0.0266081821,
    "27":-0.0186929347,
    "28":-0.0247102154,
    "29":-0.0653484371,
    "30":-0.0226950021,
    "31":-0.0134160947,
    "32":-0.0281331468,
    "33":-0.0219626819,
    "34":-0.023335434,
    "35":-0.0282708368,
    "36":-0.0512420566,
    "37":-0.0276569186,
    "38":-0.0129574349,
    "39":-0.0156237859,
    "40":-0.03183886,
    "41":-0.015210828,
    "42":-0.0287848073,
    "43":-0.0194601671,
    "44":-0.01576035,
    "45":-0.0234538812,
    "46":-0.0160976592,
    "47":-0.0186570054,
    "48":-0.028487468,
    "49":0.005048748
  }
}