{
  "Astrahl":{
    "0":0.179112399,
    "1":0.207266375,
    "2":0.2599138362,
    "3":0.15292838,
    "4":0.2487993962,
    "5":0.2664803609,
    "6":0.15741453,
    "7":0.1660327826,
    "8":0.1595662548,
    "9":0.200314278,
    "10":0.2130106443,
    "11":0.210715314,
    "12":0.3012645024,
    "13":0.2119110656,
    "14":0.3557686484,
    "15":0.1704724176,
    "16":0.2124278792,
    "17":0.2097196933,
    "18":0.15843159,
    "19":0.2682038757,
    "20":0.164439257,
    "21":0.2710481209,
    "22":0.15752005,
    "23":0.167262847,
    "24":0.15739089,
    "25":0.153829654,
    "26":0.2038626168,
    "27":0.2725086063,
    "28":0.2446082115,
    "29":0.3011928355,
    "30":0.1901857265,
    "31":0.2684256511,
    "32":0.2608311673,
    "33":0.3241942974,
    "34":0.186048447,
    "35":0.2000965785,
    "36":0.2537357925,
    "37":0.3295398874,
    "38":0.167895655,
    "39":0.2700620881,
    "40":0.15236887,
    "41":0.167774723,
    "42":0.2521930805,
    "43":0.2617941338,
    "44":0.168989982,
    "45":0.1895490313,
    "46":0.1558259816,
    "47":0.1793370293,
    "48":0.158884602,
    "49":0.172941153
  },
  "Uniform":{
    "0":0.207293445,
    "1":0.2359464886,
    "2":0.3025430241,
    "3":0.18582765,
    "4":0.2954608076,
    "5":0.3149006741,
    "6":0.18589077,
    "7":0.1944330101,
    "8":0.1908012544,
    "9":0.237281005,
    "10":0.2552765416,
    "11":0.239786055,
    "12":0.3448314185,
    "13":0.2609104549,
    "14":0.4272287744,
    "15":0.2088676388,
    "16":0.2298935961,
    "17":0.2348644581,
    "18":0.19361881,
    "19":0.3078949795,
    "20":0.196098766,
    "21":0.3084065558,
    "22":0.18517356,
    "23":0.2119100444,
    "24":0.18816389,
    "25":0.202293332,
    "26":0.2231143582,
    "27":0.3081687826,
    "28":0.2951834271,
    "29":0.3955341273,
    "30":0.2579637536,
    "31":0.2986761883,
    "32":0.3056259844,
    "33":0.3792252294,
    "34":0.241546887,
    "35":0.2612962236,
    "36":0.3028670166,
    "37":0.396121651,
    "38":0.2092428035,
    "39":0.3093742491,
    "40":0.20294542,
    "41":0.190766763,
    "42":0.2957989396,
    "43":0.2955806066,
    "44":0.198979524,
    "45":0.1999871823,
    "46":0.1956555286,
    "47":0.2155794022,
    "48":0.189010495,
    "49":0.204059404
  },
  "Prop":{
    "0":0.192320531,
    "1":0.2366722335,
    "2":0.3077432712,
    "3":0.18826497,
    "4":0.3022305414,
    "5":0.314832635,
    "6":0.18816056,
    "7":0.1838680314,
    "8":0.2022958962,
    "9":0.238226203,
    "10":0.2347732077,
    "11":0.239494203,
    "12":0.3520610506,
    "13":0.2443353421,
    "14":0.4110966195,
    "15":0.1880705351,
    "16":0.2423736514,
    "17":0.2371398634,
    "18":0.18377585,
    "19":0.3154532327,
    "20":0.19378934,
    "21":0.2785072019,
    "22":0.18628172,
    "23":0.2175625932,
    "24":0.18550447,
    "25":0.199383164,
    "26":0.2061909799,
    "27":0.2785409945,
    "28":0.2962170105,
    "29":0.3445854431,
    "30":0.2409994413,
    "31":0.2866138633,
    "32":0.2964935251,
    "33":0.3825933354,
    "34":0.251702622,
    "35":0.2476569167,
    "36":0.3012370906,
    "37":0.3792557321,
    "38":0.2151144664,
    "39":0.3141983573,
    "40":0.18848733,
    "41":0.177673156,
    "42":0.3070558587,
    "43":0.2780436761,
    "44":0.186128414,
    "45":0.2087454815,
    "46":0.1938976371,
    "47":0.2054959237,
    "48":0.187513027,
    "49":0.201246355
  },
  "Delta_Uniform":{
    "0":-0.028181046,
    "1":-0.0286801135,
    "2":-0.0426291879,
    "3":-0.03289927,
    "4":-0.0466614114,
    "5":-0.0484203132,
    "6":-0.02847624,
    "7":-0.0284002275,
    "8":-0.0312349996,
    "9":-0.036966727,
    "10":-0.0422658973,
    "11":-0.029070741,
    "12":-0.0435669161,
    "13":-0.0489993893,
    "14":-0.0714601259,
    "15":-0.0383952212,
    "16":-0.0174657169,
    "17":-0.0251447648,
    "18":-0.03518722,
    "19":-0.0396911038,
    "20":-0.031659509,
    "21":-0.0373584349,
    "22":-0.02765351,
    "23":-0.0446471974,
    "24":-0.030773,
    "25":-0.048463678,
    "26":-0.0192517414,
    "27":-0.0356601763,
    "28":-0.0505752155,
    "29":-0.0943412918,
    "30":-0.0677780271,
    "31":-0.0302505372,
    "32":-0.0447948171,
    "33":-0.0550309321,
    "34":-0.05549844,
    "35":-0.061199645,
    "36":-0.0491312241,
    "37":-0.0665817637,
    "38":-0.0413471485,
    "39":-0.039312161,
    "40":-0.05057655,
    "41":-0.02299204,
    "42":-0.0436058591,
    "43":-0.0337864727,
    "44":-0.029989542,
    "45":-0.010438151,
    "46":-0.039829547,
    "47":-0.0362423729,
    "48":-0.030125893,
    "49":-0.031118251
  },
  "Delta_Prop":{
    "0":-0.013208132,
    "1":-0.0294058584,
    "2":-0.047829435,
    "3":-0.03533659,
    "4":-0.0534311452,
    "5":-0.0483522741,
    "6":-0.03074603,
    "7":-0.0178352488,
    "8":-0.0427296414,
    "9":-0.037911925,
    "10":-0.0217625634,
    "11":-0.028778889,
    "12":-0.0507965483,
    "13":-0.0324242765,
    "14":-0.055327971,
    "15":-0.0175981175,
    "16":-0.0299457722,
    "17":-0.0274201701,
    "18":-0.02534426,
    "19":-0.047249357,
    "20":-0.029350083,
    "21":-0.007459081,
    "22":-0.02876167,
    "23":-0.0502997463,
    "24":-0.02811358,
    "25":-0.04555351,
    "26":-0.0023283631,
    "27":-0.0060323882,
    "28":-0.051608799,
    "29":-0.0433926076,
    "30":-0.0508137148,
    "31":-0.0181882122,
    "32":-0.0356623578,
    "33":-0.0583990381,
    "34":-0.065654175,
    "35":-0.0475603382,
    "36":-0.0475012981,
    "37":-0.0497158447,
    "38":-0.0472188114,
    "39":-0.0441362692,
    "40":-0.03611846,
    "41":-0.009898433,
    "42":-0.0548627782,
    "43":-0.0162495422,
    "44":-0.017138432,
    "45":-0.0191964502,
    "46":-0.0380716555,
    "47":-0.0261588944,
    "48":-0.028628425,
    "49":-0.028305202
  }
}