{
  "Astrahl":{
    "0":0.008482334,
    "1":0.00328624,
    "2":0.0089502632,
    "3":0.015531339,
    "4":0.0062312235,
    "5":0.004906454,
    "6":0.0116912947,
    "7":0.0060225837,
    "8":0.0043311123,
    "9":0.0071798457,
    "10":0.0025243759,
    "11":0.004621275,
    "12":0.00334789,
    "13":0.006623302,
    "14":0.0099505867,
    "15":0.004292651,
    "16":0.0047786077,
    "17":0.0072337087,
    "18":0.0048139819,
    "19":0.0069391278,
    "20":0.0048536779,
    "21":0.00388276,
    "22":0.0058158086,
    "23":0.00417435,
    "24":0.005915232,
    "25":0.0056400498,
    "26":0.0052922408,
    "27":0.0090420078,
    "28":0.0057383746,
    "29":0.0104952866,
    "30":0.0059533859,
    "31":0.0029715,
    "32":0.00246468,
    "33":0.005607376,
    "34":0.0045291309,
    "35":0.0078098001,
    "36":0.0084145862,
    "37":0.0061603543,
    "38":0.00273378,
    "39":0.006066722,
    "40":0.0035819719,
    "41":0.00333948,
    "42":0.0052435397,
    "43":0.0131686523,
    "44":0.003033361,
    "45":0.0060225837,
    "46":0.0073246349,
    "47":0.0017829,
    "48":0.00584409,
    "49":0.004396982
  },
  "Uniform":{
    "0":0.019114993,
    "1":0.00721029,
    "2":0.0223185033,
    "3":0.0330754968,
    "4":0.019854833,
    "5":0.013121222,
    "6":0.0254661573,
    "7":0.013051723,
    "8":0.0076945958,
    "9":0.0181408418,
    "10":0.0151915058,
    "11":0.00968524,
    "12":0.00712569,
    "13":0.015866311,
    "14":0.024759285,
    "15":0.009988544,
    "16":0.0124391199,
    "17":0.0165305843,
    "18":0.012711691,
    "19":0.014096721,
    "20":0.0091702699,
    "21":0.00903967,
    "22":0.0154200269,
    "23":0.01011226,
    "24":0.012134071,
    "25":0.015219444,
    "26":0.0145903078,
    "27":0.0220281482,
    "28":0.0238576779,
    "29":0.0253964229,
    "30":0.0185555369,
    "31":0.0064474,
    "32":0.00716297,
    "33":0.014663882,
    "34":0.011132052,
    "35":0.0182944359,
    "36":0.0179959013,
    "37":0.020604783,
    "38":0.00857189,
    "39":0.010227111,
    "40":0.007317721,
    "41":0.01040476,
    "42":0.0164826472,
    "43":0.026696095,
    "44":0.01048367,
    "45":0.0160891399,
    "46":0.021354181,
    "47":0.0061713,
    "48":0.01017567,
    "49":0.009710631
  },
  "Prop":{
    "0":0.0211127691,
    "1":0.00688389,
    "2":0.0209478058,
    "3":0.029374367,
    "4":0.01533668,
    "5":0.012846841,
    "6":0.026677935,
    "7":0.0114077151,
    "8":0.0076780294,
    "9":0.0198482385,
    "10":0.0156800997,
    "11":0.008771341,
    "12":0.00688349,
    "13":0.018005125,
    "14":0.0213752664,
    "15":0.010727111,
    "16":0.0131097956,
    "17":0.0175461861,
    "18":0.013382293,
    "19":0.013500362,
    "20":0.008289022,
    "21":0.0065802,
    "22":0.0176320991,
    "23":0.0106102,
    "24":0.010020821,
    "25":0.012545081,
    "26":0.016147373,
    "27":0.0203778018,
    "28":0.0257660117,
    "29":0.0264753942,
    "30":0.018777854,
    "31":0.006212,
    "32":0.00716977,
    "33":0.012701482,
    "34":0.009973872,
    "35":0.013840832,
    "36":0.0171902245,
    "37":0.0226089667,
    "38":0.0049072,
    "39":0.01032966,
    "40":0.00670955,
    "41":0.01089078,
    "42":0.0174035103,
    "43":0.0213530979,
    "44":0.01117895,
    "45":0.013774182,
    "46":0.020809592,
    "47":0.0063261,
    "48":0.00807608,
    "49":0.01082896
  },
  "Delta_Uniform":{
    "0":-0.010632659,
    "1":-0.00392405,
    "2":-0.0133682401,
    "3":-0.0175441578,
    "4":-0.0136236095,
    "5":-0.008214768,
    "6":-0.0137748626,
    "7":-0.0070291393,
    "8":-0.0033634835,
    "9":-0.0109609961,
    "10":-0.0126671299,
    "11":-0.005063965,
    "12":-0.0037778,
    "13":-0.009243009,
    "14":-0.0148086983,
    "15":-0.005695893,
    "16":-0.0076605122,
    "17":-0.0092968756,
    "18":-0.0078977091,
    "19":-0.0071575932,
    "20":-0.004316592,
    "21":-0.00515691,
    "22":-0.0096042183,
    "23":-0.00593791,
    "24":-0.006218839,
    "25":-0.0095793942,
    "26":-0.009298067,
    "27":-0.0129861404,
    "28":-0.0181193033,
    "29":-0.0149011363,
    "30":-0.012602151,
    "31":-0.0034759,
    "32":-0.00469829,
    "33":-0.009056506,
    "34":-0.0066029211,
    "35":-0.0104846358,
    "36":-0.0095813151,
    "37":-0.0144444287,
    "38":-0.00583811,
    "39":-0.004160389,
    "40":-0.0037357491,
    "41":-0.00706528,
    "42":-0.0112391075,
    "43":-0.0135274427,
    "44":-0.007450309,
    "45":-0.0100665562,
    "46":-0.0140295461,
    "47":-0.0043884,
    "48":-0.00433158,
    "49":-0.005313649
  },
  "Delta_Prop":{
    "0":-0.0126304351,
    "1":-0.00359765,
    "2":-0.0119975426,
    "3":-0.013843028,
    "4":-0.0091054565,
    "5":-0.007940387,
    "6":-0.0149866403,
    "7":-0.0053851314,
    "8":-0.0033469171,
    "9":-0.0126683928,
    "10":-0.0131557238,
    "11":-0.004150066,
    "12":-0.0035356,
    "13":-0.011381823,
    "14":-0.0114246797,
    "15":-0.00643446,
    "16":-0.0083311879,
    "17":-0.0103124774,
    "18":-0.0085683111,
    "19":-0.0065612342,
    "20":-0.0034353441,
    "21":-0.00269744,
    "22":-0.0118162905,
    "23":-0.00643585,
    "24":-0.004105589,
    "25":-0.0069050312,
    "26":-0.0108551322,
    "27":-0.0113357941,
    "28":-0.0200276371,
    "29":-0.0159801076,
    "30":-0.0128244681,
    "31":-0.0032405,
    "32":-0.00470509,
    "33":-0.007094106,
    "34":-0.0054447411,
    "35":-0.0060310319,
    "36":-0.0087756383,
    "37":-0.0164486124,
    "38":-0.00217342,
    "39":-0.004262938,
    "40":-0.0031275781,
    "41":-0.0075513,
    "42":-0.0121599706,
    "43":-0.0081844456,
    "44":-0.008145589,
    "45":-0.0077515983,
    "46":-0.0134849571,
    "47":-0.0045432,
    "48":-0.00223199,
    "49":-0.006431978
  }
}