{
  "Astrahl":{
    "0":0.0000015176,
    "1":0.0000130062,
    "2":0.0000016685,
    "3":0.0000048442,
    "4":0.0000054471,
    "5":0.0000032522,
    "6":0.0000016796,
    "7":0.0000018782,
    "8":0.0000038323,
    "9":0.0000046436,
    "10":0.000000868,
    "11":0.0000018806,
    "12":0.0000074493,
    "13":0.0000040412,
    "14":0.0000034029,
    "15":0.0000172252,
    "16":0.0000100951,
    "17":0.0000039016,
    "18":0.0000039208,
    "19":0.0000014634,
    "20":0.0000074786,
    "21":0.0000227586,
    "22":0.0000056354,
    "23":0.0000100475,
    "24":0.00000344,
    "25":0.0000024368,
    "26":0.0000027666,
    "27":0.0000031669,
    "28":0.0000035284,
    "29":0.0000029801,
    "30":0.0000021128,
    "31":0.0000029006,
    "32":0.0000172501,
    "33":0.0000036219,
    "34":0.0000028783,
    "35":0.0000021676,
    "36":0.000001072,
    "37":0.0000056947,
    "38":0.0000095288,
    "39":0.00000111,
    "40":0.0000068059,
    "41":0.0000017556,
    "42":0.000000962,
    "43":0.0000149816,
    "44":0.0000071368,
    "45":0.0000012848,
    "46":0.000001054,
    "47":0.00000107,
    "48":0.0000016261,
    "49":0.0000024848
  },
  "Uniform":{
    "0":0.0000013834,
    "1":0.0000137648,
    "2":0.0000014883,
    "3":0.0000059247,
    "4":0.0000058515,
    "5":0.0000040156,
    "6":0.0000020407,
    "7":0.0000019684,
    "8":0.000003568,
    "9":0.0000055385,
    "10":0.000001088,
    "11":0.0000018663,
    "12":0.0000083073,
    "13":0.000003075,
    "14":0.0000038403,
    "15":0.000015982,
    "16":0.0000093087,
    "17":0.0000039053,
    "18":0.0000032539,
    "19":0.0000013934,
    "20":0.0000089215,
    "21":0.000027469,
    "22":0.000005717,
    "23":0.0000093204,
    "24":0.0000036829,
    "25":0.0000023524,
    "26":0.0000032189,
    "27":0.0000029678,
    "28":0.0000038514,
    "29":0.0000027758,
    "30":0.0000019984,
    "31":0.0000027828,
    "32":0.0000188633,
    "33":0.0000038953,
    "34":0.0000025975,
    "35":0.000002413,
    "36":0.000001193,
    "37":0.0000055564,
    "38":0.0000095932,
    "39":0.000001097,
    "40":0.0000059348,
    "41":0.0000019233,
    "42":0.000001143,
    "43":0.0000152773,
    "44":0.0000078011,
    "45":0.0000014223,
    "46":0.000000978,
    "47":0.000001162,
    "48":0.0000016481,
    "49":0.0000024893
  },
  "Prop":{
    "0":0.0000015307,
    "1":0.0000131648,
    "2":0.00000107,
    "3":0.0000051996,
    "4":0.0000054812,
    "5":0.0000040677,
    "6":0.0000020568,
    "7":0.0000019751,
    "8":0.0000028578,
    "9":0.0000054385,
    "10":0.000000916,
    "11":0.0000019623,
    "12":0.0000073087,
    "13":0.000003397,
    "14":0.0000037474,
    "15":0.0000192841,
    "16":0.0000102763,
    "17":0.0000033829,
    "18":0.0000036329,
    "19":0.0000009327,
    "20":0.0000079853,
    "21":0.0000244542,
    "22":0.0000053526,
    "23":0.0000113341,
    "24":0.0000028457,
    "25":0.0000023865,
    "26":0.0000029066,
    "27":0.0000037212,
    "28":0.0000036551,
    "29":0.000002586,
    "30":0.0000021912,
    "31":0.0000029845,
    "32":0.0000214853,
    "33":0.0000045032,
    "34":0.0000030404,
    "35":0.0000022172,
    "36":0.000001087,
    "37":0.0000053561,
    "38":0.0000092759,
    "39":0.000001027,
    "40":0.0000076398,
    "41":0.0000019504,
    "42":0.000000976,
    "43":0.0000125529,
    "44":0.0000077533,
    "45":0.0000013173,
    "46":0.000000961,
    "47":0.000001011,
    "48":0.0000014604,
    "49":0.0000029302
  },
  "Delta_Uniform":{
    "0":0.0000001342,
    "1":-0.0000007587,
    "2":0.0000001802,
    "3":-0.0000010806,
    "4":-0.0000004043,
    "5":-0.0000007634,
    "6":-0.0000003611,
    "7":-0.0000000902,
    "8":0.0000002643,
    "9":-0.0000008949,
    "10":-0.00000022,
    "11":0.0000000143,
    "12":-0.000000858,
    "13":0.0000009662,
    "14":-0.0000004374,
    "15":0.0000012432,
    "16":0.0000007864,
    "17":-0.0000000036,
    "18":0.000000667,
    "19":0.00000007,
    "20":-0.000001443,
    "21":-0.0000047104,
    "22":-0.0000000816,
    "23":0.0000007271,
    "24":-0.0000002429,
    "25":0.0000000844,
    "26":-0.0000004523,
    "27":0.0000001991,
    "28":-0.000000323,
    "29":0.0000002043,
    "30":0.0000001144,
    "31":0.0000001178,
    "32":-0.0000016132,
    "33":-0.0000002733,
    "34":0.0000002808,
    "35":-0.0000002455,
    "36":-0.000000121,
    "37":0.0000001383,
    "38":-0.0000000644,
    "39":0.000000013,
    "40":0.0000008711,
    "41":-0.0000001677,
    "42":-0.000000181,
    "43":-0.0000002957,
    "44":-0.0000006643,
    "45":-0.0000001375,
    "46":0.000000076,
    "47":-0.000000092,
    "48":-0.000000022,
    "49":-0.0000000045
  },
  "Delta_Prop":{
    "0":-0.0000000131,
    "1":-0.0000001587,
    "2":0.0000005985,
    "3":-0.0000003554,
    "4":-0.0000000341,
    "5":-0.0000008155,
    "6":-0.0000003772,
    "7":-0.0000000969,
    "8":0.0000009745,
    "9":-0.0000007949,
    "10":-0.000000048,
    "11":-0.0000000817,
    "12":0.0000001406,
    "13":0.0000006442,
    "14":-0.0000003445,
    "15":-0.0000020589,
    "16":-0.0000001812,
    "17":0.0000005188,
    "18":0.0000002879,
    "19":0.0000005307,
    "20":-0.0000005067,
    "21":-0.0000016956,
    "22":0.0000002828,
    "23":-0.0000012866,
    "24":0.0000005943,
    "25":0.0000000503,
    "26":-0.00000014,
    "27":-0.0000005542,
    "28":-0.0000001267,
    "29":0.0000003941,
    "30":-0.0000000784,
    "31":-0.0000000839,
    "32":-0.0000042352,
    "33":-0.0000008813,
    "34":-0.0000001621,
    "35":-0.0000000497,
    "36":-0.000000015,
    "37":0.0000003386,
    "38":0.000000253,
    "39":0.000000083,
    "40":-0.0000008338,
    "41":-0.0000001948,
    "42":-0.000000014,
    "43":0.0000024287,
    "44":-0.0000006165,
    "45":-0.0000000325,
    "46":0.000000093,
    "47":0.000000059,
    "48":0.0000001657,
    "49":-0.0000004454
  }
}