{
  "Astrahl":{
    "0":0.0,
    "1":0.0,
    "2":0.0,
    "3":0.0,
    "4":0.0,
    "5":0.0,
    "6":0.0,
    "7":0.000073441,
    "8":0.0,
    "9":0.0,
    "10":0.0002041741,
    "11":0.0000991236,
    "12":0.0,
    "13":0.000065341,
    "14":0.0,
    "15":0.0001408305,
    "16":0.0,
    "17":0.0,
    "18":0.0,
    "19":0.0,
    "20":0.0,
    "21":0.00005149,
    "22":0.0,
    "23":0.0,
    "24":0.0,
    "25":0.00010298,
    "26":0.0000468559,
    "27":0.0002219544,
    "28":0.0,
    "29":0.0,
    "30":0.00003439,
    "31":0.0001082112,
    "32":0.00003439,
    "33":0.000065341,
    "34":0.000168511,
    "35":0.0000890262,
    "36":0.00007859,
    "37":0.0002517348,
    "38":0.0,
    "39":0.0,
    "40":0.0000778069,
    "41":0.0,
    "42":0.0001585379,
    "43":0.0001237511,
    "44":0.0,
    "45":0.0,
    "46":0.0,
    "47":0.0,
    "48":0.0,
    "49":0.0
  },
  "Uniform":{
    "0":0.0011543799,
    "1":0.000435301,
    "2":0.00065998,
    "3":0.00028159,
    "4":0.000734391,
    "5":0.0007336589,
    "6":0.000703093,
    "7":0.00034828,
    "8":0.0001531,
    "9":0.0002073,
    "10":0.0012410209,
    "11":0.0004973082,
    "12":0.0005827,
    "13":0.00046667,
    "14":0.00039609,
    "15":0.0016311912,
    "16":0.0022824665,
    "17":0.00036609,
    "18":0.0018106129,
    "19":0.00057535,
    "20":0.00034769,
    "21":0.00083537,
    "22":0.0015199942,
    "23":0.00046758,
    "24":0.00042919,
    "25":0.0003793,
    "26":0.000921492,
    "27":0.000672901,
    "28":0.0023861241,
    "29":0.00039689,
    "30":0.0002833,
    "31":0.0008562358,
    "32":0.00029959,
    "33":0.000390041,
    "34":0.00056056,
    "35":0.00035367,
    "36":0.0002101,
    "37":0.0022681477,
    "38":0.0004805,
    "39":0.000213,
    "40":0.0007436379,
    "41":0.000797511,
    "42":0.00070988,
    "43":0.0015832228,
    "44":0.001482162,
    "45":0.0012598598,
    "46":0.00025269,
    "47":0.0016581379,
    "48":0.00039148,
    "49":0.000613622
  },
  "Prop":{
    "0":0.0013564889,
    "1":0.0007234092,
    "2":0.00101027,
    "3":0.0003965,
    "4":0.00094056,
    "5":0.0005021869,
    "6":0.0009333448,
    "7":0.00034847,
    "8":0.00050948,
    "9":0.00029679,
    "10":0.0011341389,
    "11":0.0006836509,
    "12":0.0003403,
    "13":0.0005732669,
    "14":0.00046665,
    "15":0.001409764,
    "16":0.0020073212,
    "17":0.0004106,
    "18":0.001737048,
    "19":0.00054246,
    "20":0.0002885,
    "21":0.000783011,
    "22":0.0019252454,
    "23":0.0002966,
    "24":0.00032028,
    "25":0.00024,
    "26":0.0010639979,
    "27":0.000482331,
    "28":0.0024275738,
    "29":0.00037189,
    "30":0.00025069,
    "31":0.0012210529,
    "32":0.00047038,
    "33":0.00043938,
    "34":0.00058697,
    "35":0.0003679062,
    "36":0.00046599,
    "37":0.0023477429,
    "38":0.0003754,
    "39":0.0002885,
    "40":0.000875022,
    "41":0.000993011,
    "42":0.000960593,
    "43":0.0017844227,
    "44":0.001326463,
    "45":0.0012797483,
    "46":0.0004547,
    "47":0.0021097709,
    "48":0.00058065,
    "49":0.000439911
  },
  "Delta_Uniform":{
    "0":-0.0011543799,
    "1":-0.000435301,
    "2":-0.00065998,
    "3":-0.00028159,
    "4":-0.000734391,
    "5":-0.0007336589,
    "6":-0.000703093,
    "7":-0.000274839,
    "8":-0.0001531,
    "9":-0.0002073,
    "10":-0.0010368468,
    "11":-0.0003981846,
    "12":-0.0005827,
    "13":-0.000401329,
    "14":-0.00039609,
    "15":-0.0014903607,
    "16":-0.0022824665,
    "17":-0.00036609,
    "18":-0.0018106129,
    "19":-0.00057535,
    "20":-0.00034769,
    "21":-0.00078388,
    "22":-0.0015199942,
    "23":-0.00046758,
    "24":-0.00042919,
    "25":-0.00027632,
    "26":-0.0008746361,
    "27":-0.0004509466,
    "28":-0.0023861241,
    "29":-0.00039689,
    "30":-0.00024891,
    "31":-0.0007480246,
    "32":-0.0002652,
    "33":-0.0003247,
    "34":-0.000392049,
    "35":-0.0002646438,
    "36":-0.00013151,
    "37":-0.0020164129,
    "38":-0.0004805,
    "39":-0.000213,
    "40":-0.000665831,
    "41":-0.000797511,
    "42":-0.0005513421,
    "43":-0.0014594717,
    "44":-0.001482162,
    "45":-0.0012598598,
    "46":-0.00025269,
    "47":-0.0016581379,
    "48":-0.00039148,
    "49":-0.000613622
  },
  "Delta_Prop":{
    "0":-0.0013564889,
    "1":-0.0007234092,
    "2":-0.00101027,
    "3":-0.0003965,
    "4":-0.00094056,
    "5":-0.0005021869,
    "6":-0.0009333448,
    "7":-0.000275029,
    "8":-0.00050948,
    "9":-0.00029679,
    "10":-0.0009299648,
    "11":-0.0005845273,
    "12":-0.0003403,
    "13":-0.0005079259,
    "14":-0.00046665,
    "15":-0.0012689335,
    "16":-0.0020073212,
    "17":-0.0004106,
    "18":-0.001737048,
    "19":-0.00054246,
    "20":-0.0002885,
    "21":-0.000731521,
    "22":-0.0019252454,
    "23":-0.0002966,
    "24":-0.00032028,
    "25":-0.00013702,
    "26":-0.001017142,
    "27":-0.0002603766,
    "28":-0.0024275738,
    "29":-0.00037189,
    "30":-0.0002163,
    "31":-0.0011128417,
    "32":-0.00043599,
    "33":-0.000374039,
    "34":-0.000418459,
    "35":-0.00027888,
    "36":-0.0003874,
    "37":-0.0020960081,
    "38":-0.0003754,
    "39":-0.0002885,
    "40":-0.0007972151,
    "41":-0.000993011,
    "42":-0.0008020551,
    "43":-0.0016606716,
    "44":-0.001326463,
    "45":-0.0012797483,
    "46":-0.0004547,
    "47":-0.0021097709,
    "48":-0.00058065,
    "49":-0.000439911
  }
}