{
  "Astrahl":{
    "0":0.0000135882,
    "1":0.00001084,
    "2":0.000018157,
    "3":0.0000156511,
    "4":0.0000679411,
    "5":0.0001794535,
    "6":0.0000081902,
    "7":0.0000134121,
    "8":0.000006878,
    "9":0.000010298,
    "10":0.00000271,
    "11":0.0000046856,
    "12":0.000003439,
    "13":0.0000168511,
    "14":0.0000081902,
    "15":0.0000093712,
    "16":0.0000773591,
    "17":0.000040951,
    "18":0.000034172,
    "19":0.0000056953,
    "20":0.000010317,
    "21":0.0000636215,
    "22":0.0000406928,
    "23":0.0000179131,
    "24":0.0000165165,
    "25":0.0000081902,
    "26":0.00000271,
    "27":0.0000237291,
    "28":0.0001232263,
    "29":0.0000260852,
    "30":0.0000460047,
    "31":0.000007859,
    "32":0.0000483222,
    "33":0.0002032839,
    "34":0.0000122516,
    "35":0.0000134121,
    "36":0.0000227813,
    "37":0.000005217,
    "38":0.0000506052,
    "39":0.000018699,
    "40":0.000010317,
    "41":0.000013756,
    "42":0.0,
    "43":0.0000140568,
    "44":0.0000928684,
    "45":0.0000348493,
    "46":0.000042678,
    "47":0.0000271681,
    "48":0.000015989,
    "49":0.0000113907
  },
  "Uniform":{
    "0":0.0000855977,
    "1":0.000042179,
    "2":0.000071218,
    "3":0.0000597229,
    "4":0.0002009364,
    "5":0.0003415437,
    "6":0.0000672763,
    "7":0.000041497,
    "8":0.000024869,
    "9":0.000037089,
    "10":0.00002642,
    "11":0.0000294797,
    "12":0.000026147,
    "13":0.000045197,
    "14":0.000019088,
    "15":0.0000484298,
    "16":0.0001822621,
    "17":0.0001600561,
    "18":0.0000493991,
    "19":0.0000437496,
    "20":0.0001730965,
    "21":0.0001849789,
    "22":0.0000823192,
    "23":0.0000770422,
    "24":0.0001123411,
    "25":0.0000493991,
    "26":0.00003475,
    "27":0.000073844,
    "28":0.0002722165,
    "29":0.0000440062,
    "30":0.0002738304,
    "31":0.000037899,
    "32":0.0001421306,
    "33":0.0007995893,
    "34":0.0000640767,
    "35":0.0000653901,
    "36":0.0001202423,
    "37":0.0000303502,
    "38":0.0001668707,
    "39":0.00003645,
    "40":0.0000747483,
    "41":0.000028669,
    "42":0.0000238492,
    "43":0.0000598088,
    "44":0.0004562473,
    "45":0.000095705,
    "46":0.0001658296,
    "47":0.0000638411,
    "48":0.000095851,
    "49":0.0000677551
  },
  "Prop":{
    "0":0.0000573956,
    "1":0.000046719,
    "2":0.00005036,
    "3":0.0000918156,
    "4":0.0002333825,
    "5":0.0004217331,
    "6":0.0000699044,
    "7":0.000060737,
    "8":0.000035719,
    "9":0.000036089,
    "10":0.00001051,
    "11":0.0000304372,
    "12":0.00002305,
    "13":0.000059915,
    "14":0.0000550901,
    "15":0.0000299711,
    "16":0.0002610173,
    "17":0.0001775581,
    "18":0.0000503208,
    "19":0.000063096,
    "20":0.0001134619,
    "21":0.0002102786,
    "22":0.0000761937,
    "23":0.0000834401,
    "24":0.0001216998,
    "25":0.0000260741,
    "26":0.00001632,
    "27":0.000070035,
    "28":0.0002998378,
    "29":0.0000577061,
    "30":0.0003275427,
    "31":0.000060036,
    "32":0.0001082569,
    "33":0.0006754371,
    "34":0.0000640033,
    "35":0.0000612013,
    "36":0.000077201,
    "37":0.0000458035,
    "38":0.0001701471,
    "39":0.000039789,
    "40":0.0000584311,
    "41":0.00003483,
    "42":0.0000261551,
    "43":0.0001175777,
    "44":0.000375777,
    "45":0.0001098696,
    "46":0.0000834508,
    "47":0.000044729,
    "48":0.0001069261,
    "49":0.0000763647
  },
  "Delta_Uniform":{
    "0":-0.0000720095,
    "1":-0.000031339,
    "2":-0.000053061,
    "3":-0.0000440718,
    "4":-0.0001329953,
    "5":-0.0001620902,
    "6":-0.0000590861,
    "7":-0.0000280849,
    "8":-0.000017991,
    "9":-0.000026791,
    "10":-0.00002371,
    "11":-0.0000247941,
    "12":-0.000022708,
    "13":-0.0000283459,
    "14":-0.0000108978,
    "15":-0.0000390586,
    "16":-0.000104903,
    "17":-0.0001191051,
    "18":-0.0000152271,
    "19":-0.0000380543,
    "20":-0.0001627795,
    "21":-0.0001213574,
    "22":-0.0000416263,
    "23":-0.0000591291,
    "24":-0.0000958246,
    "25":-0.0000412089,
    "26":-0.00003204,
    "27":-0.0000501149,
    "28":-0.0001489902,
    "29":-0.000017921,
    "30":-0.0002278257,
    "31":-0.00003004,
    "32":-0.0000938084,
    "33":-0.0005963054,
    "34":-0.0000518251,
    "35":-0.000051978,
    "36":-0.000097461,
    "37":-0.0000251331,
    "38":-0.0001162655,
    "39":-0.000017751,
    "40":-0.0000644313,
    "41":-0.000014913,
    "42":-0.0000238492,
    "43":-0.000045752,
    "44":-0.000363379,
    "45":-0.0000608557,
    "46":-0.0001231517,
    "47":-0.000036673,
    "48":-0.000079862,
    "49":-0.0000563644
  },
  "Delta_Prop":{
    "0":-0.0000438074,
    "1":-0.000035879,
    "2":-0.000032203,
    "3":-0.0000761645,
    "4":-0.0001654414,
    "5":-0.0002422796,
    "6":-0.0000617142,
    "7":-0.0000473249,
    "8":-0.000028841,
    "9":-0.000025791,
    "10":-0.0000078,
    "11":-0.0000257516,
    "12":-0.000019611,
    "13":-0.0000430639,
    "14":-0.0000468999,
    "15":-0.0000205999,
    "16":-0.0001836582,
    "17":-0.0001366071,
    "18":-0.0000161488,
    "19":-0.0000574007,
    "20":-0.0001031449,
    "21":-0.0001466571,
    "22":-0.0000355009,
    "23":-0.000065527,
    "24":-0.0001051833,
    "25":-0.0000178839,
    "26":-0.00001361,
    "27":-0.0000463059,
    "28":-0.0001766116,
    "29":-0.0000316209,
    "30":-0.000281538,
    "31":-0.000052177,
    "32":-0.0000599347,
    "33":-0.0004721532,
    "34":-0.0000517517,
    "35":-0.0000477892,
    "36":-0.0000544197,
    "37":-0.0000405864,
    "38":-0.0001195419,
    "39":-0.00002109,
    "40":-0.0000481141,
    "41":-0.000021074,
    "42":-0.0000261551,
    "43":-0.0001035209,
    "44":-0.0002829086,
    "45":-0.0000750203,
    "46":-0.0000407728,
    "47":-0.0000175609,
    "48":-0.0000909371,
    "49":-0.0000649741
  }
}