{
  "Astrahl":{
    "0":0.0000506044,
    "1":0.000047696,
    "2":0.0000990234,
    "3":0.0000521703,
    "4":0.0001777994,
    "5":0.000393989,
    "6":0.000060198,
    "7":0.0000433314,
    "8":0.000017195,
    "9":0.000034959,
    "10":0.00000813,
    "11":0.0000281135,
    "12":0.000037829,
    "13":0.0000680922,
    "14":0.0000204755,
    "15":0.000023428,
    "16":0.0001245383,
    "17":0.0001107315,
    "18":0.0000455626,
    "19":0.0000398673,
    "20":0.000097083,
    "21":0.0001930586,
    "22":0.0000959934,
    "23":0.0000726822,
    "24":0.0001385673,
    "25":0.0000327608,
    "26":0.00002168,
    "27":0.0000663727,
    "28":0.0002485341,
    "29":0.0000521703,
    "30":0.0003112516,
    "31":0.000039566,
    "32":0.0000798544,
    "33":0.0006796126,
    "34":0.0000428806,
    "35":0.0000615581,
    "36":0.000078026,
    "37":0.0000260852,
    "38":0.0001789963,
    "39":0.000039566,
    "40":0.0000230413,
    "41":0.000041268,
    "42":0.0000245706,
    "43":0.0000698153,
    "44":0.0003711085,
    "45":0.000104425,
    "46":0.0001706707,
    "47":0.0000598386,
    "48":0.000078048,
    "49":0.0001082112
  },
  "Uniform":{
    "0":0.000198122,
    "1":0.000110515,
    "2":0.0002276046,
    "3":0.0001627537,
    "4":0.0005472849,
    "5":0.0007588545,
    "6":0.0001726551,
    "7":0.0001043141,
    "8":0.000056346,
    "9":0.000115476,
    "10":0.00004725,
    "11":0.0001073025,
    "12":0.000066305,
    "13":0.0001374932,
    "14":0.0000868016,
    "15":0.0000896411,
    "16":0.0004560736,
    "17":0.0003030263,
    "18":0.000089389,
    "19":0.0001595526,
    "20":0.0002555296,
    "21":0.0004914088,
    "22":0.0001974474,
    "23":0.0001095137,
    "24":0.0003333262,
    "25":0.0000743922,
    "26":0.00003584,
    "27":0.0001102092,
    "28":0.0007140006,
    "29":0.0001124653,
    "30":0.0006819797,
    "31":0.000107646,
    "32":0.0002916815,
    "33":0.0016119087,
    "34":0.0001038075,
    "35":0.0001377603,
    "36":0.0002608507,
    "37":0.0001174528,
    "38":0.0004028383,
    "39":0.000104817,
    "40":0.0001020082,
    "41":0.000074235,
    "42":0.0000932153,
    "43":0.0001467511,
    "44":0.0008815254,
    "45":0.0002828761,
    "46":0.0002826239,
    "47":0.0001186452,
    "48":0.0001891034,
    "49":0.0001106772
  },
  "Prop":{
    "0":0.0001924363,
    "1":0.000115194,
    "2":0.0001941545,
    "3":0.000186908,
    "4":0.0004724046,
    "5":0.0008617895,
    "6":0.0001274313,
    "7":0.0001319483,
    "8":0.000058047,
    "9":0.000099536,
    "10":0.00004567,
    "11":0.0000901208,
    "12":0.000073992,
    "13":0.0001106582,
    "14":0.0000838263,
    "15":0.0000960376,
    "16":0.0005232139,
    "17":0.0002746307,
    "18":0.0000928119,
    "19":0.000100407,
    "20":0.00029923,
    "21":0.0005599157,
    "22":0.0001920957,
    "23":0.0001933517,
    "24":0.0003023284,
    "25":0.0000691944,
    "26":0.0000539,
    "27":0.0001278164,
    "28":0.0005396033,
    "29":0.0000726008,
    "30":0.0006191619,
    "31":0.000077526,
    "32":0.0003511075,
    "33":0.0013427521,
    "34":0.00011847,
    "35":0.0001092694,
    "36":0.0002007221,
    "37":0.0000830148,
    "38":0.0005589381,
    "39":0.000092477,
    "40":0.0001134562,
    "41":0.000030118,
    "42":0.0001157486,
    "43":0.0002007962,
    "44":0.0009810328,
    "45":0.0003643496,
    "46":0.0003038744,
    "47":0.0001370283,
    "48":0.0002225076,
    "49":0.0000936531
  },
  "Delta_Uniform":{
    "0":-0.0001475176,
    "1":-0.000062819,
    "2":-0.0001285812,
    "3":-0.0001105834,
    "4":-0.0003694855,
    "5":-0.0003648654,
    "6":-0.0001124571,
    "7":-0.0000609827,
    "8":-0.000039151,
    "9":-0.000080517,
    "10":-0.00003912,
    "11":-0.0000791889,
    "12":-0.000028476,
    "13":-0.000069401,
    "14":-0.0000663261,
    "15":-0.0000662131,
    "16":-0.0003315353,
    "17":-0.0001922948,
    "18":-0.0000438264,
    "19":-0.0001196853,
    "20":-0.0001584467,
    "21":-0.0002983503,
    "22":-0.000101454,
    "23":-0.0000368315,
    "24":-0.0001947588,
    "25":-0.0000416314,
    "26":-0.00001416,
    "27":-0.0000438365,
    "28":-0.0004654665,
    "29":-0.000060295,
    "30":-0.000370728,
    "31":-0.00006808,
    "32":-0.0002118271,
    "33":-0.0009322961,
    "34":-0.0000609269,
    "35":-0.0000762022,
    "36":-0.0001828247,
    "37":-0.0000913676,
    "38":-0.000223842,
    "39":-0.000065251,
    "40":-0.0000789669,
    "41":-0.000032967,
    "42":-0.0000686447,
    "43":-0.0000769358,
    "44":-0.0005104169,
    "45":-0.0001784511,
    "46":-0.0001119532,
    "47":-0.0000588066,
    "48":-0.0001110554,
    "49":-0.0000024659
  },
  "Delta_Prop":{
    "0":-0.000141832,
    "1":-0.000067498,
    "2":-0.0000951311,
    "3":-0.0001347377,
    "4":-0.0002946052,
    "5":-0.0004678005,
    "6":-0.0000672333,
    "7":-0.0000886169,
    "8":-0.000040852,
    "9":-0.000064577,
    "10":-0.00003754,
    "11":-0.0000620072,
    "12":-0.000036163,
    "13":-0.000042566,
    "14":-0.0000633508,
    "15":-0.0000726096,
    "16":-0.0003986756,
    "17":-0.0001638992,
    "18":-0.0000472493,
    "19":-0.0000605397,
    "20":-0.000202147,
    "21":-0.0003668572,
    "22":-0.0000961023,
    "23":-0.0001206695,
    "24":-0.0001637611,
    "25":-0.0000364336,
    "26":-0.00003222,
    "27":-0.0000614437,
    "28":-0.0002910691,
    "29":-0.0000204305,
    "30":-0.0003079103,
    "31":-0.00003796,
    "32":-0.000271253,
    "33":-0.0006631395,
    "34":-0.0000755894,
    "35":-0.0000477113,
    "36":-0.0001226961,
    "37":-0.0000569296,
    "38":-0.0003799417,
    "39":-0.000052911,
    "40":-0.0000904149,
    "41":0.00001115,
    "42":-0.000091178,
    "43":-0.000130981,
    "44":-0.0006099243,
    "45":-0.0002599245,
    "46":-0.0001332037,
    "47":-0.0000771897,
    "48":-0.0001444596,
    "49":0.0000145581
  }
}