{
  "Astrahl":{
    "0":0.113809568,
    "1":0.1235416874,
    "2":0.1104940328,
    "3":0.0583305217,
    "4":0.0274228546,
    "5":0.1727500309,
    "6":0.1390682345,
    "7":0.0381657378,
    "8":0.1569915445,
    "9":0.1700346507,
    "10":0.0369223421,
    "11":0.1398113386,
    "12":0.1742731583,
    "13":0.0593592075,
    "14":0.1050827355,
    "15":0.0583795274,
    "16":0.0778337406,
    "17":0.1597465882,
    "18":0.0311594166,
    "19":0.089542702,
    "20":0.0659447616,
    "21":0.1778997662,
    "22":0.1081978054,
    "23":0.0354417256,
    "24":0.0741582219,
    "25":0.129013005,
    "26":0.1145455405,
    "27":0.0639316383,
    "28":0.0823840523,
    "29":0.154243265,
    "30":0.1475621675,
    "31":0.0854879612,
    "32":0.1105310113,
    "33":0.110706905,
    "34":0.1590430818,
    "35":0.1838216509,
    "36":0.084628765,
    "37":0.1139328605,
    "38":0.1159386754,
    "39":0.045696425,
    "40":0.1497917933,
    "41":0.0682950957,
    "42":0.1320855015,
    "43":0.0808888565,
    "44":0.0566969354,
    "45":0.0580989352,
    "46":0.0386171083,
    "47":0.1241826526,
    "48":0.0455898505,
    "49":0.1276912695,
    "50":0.1774798474,
    "51":0.0326704123,
    "52":0.0788052046,
    "53":0.0354317553,
    "54":0.1273500708,
    "55":0.0967298561,
    "56":0.0491081763,
    "57":0.1244948672,
    "58":0.0808516817,
    "59":0.0707337933,
    "60":0.2110549852,
    "61":0.0643471586,
    "62":0.1243905281,
    "63":0.0460548991,
    "64":0.1018742808,
    "65":0.1101115845,
    "66":0.0921430006,
    "67":0.0734686273,
    "68":0.0518595553,
    "69":0.1273267415,
    "70":0.1620486557,
    "71":0.1239595269,
    "72":0.0253639813,
    "73":0.1104724571,
    "74":0.092130473,
    "75":0.107329898,
    "76":0.082333028,
    "77":0.0424797424,
    "78":0.090428973,
    "79":0.0494647633,
    "80":0.1509852939,
    "81":0.2339284824,
    "82":0.1915580906,
    "83":0.1007396966,
    "84":0.1407689311,
    "85":0.208114061,
    "86":0.0614009107,
    "87":0.081405653,
    "88":0.0468185531,
    "89":0.0547558731,
    "90":0.1312191222,
    "91":0.0525631786,
    "92":0.0574823055,
    "93":0.1776051678,
    "94":0.0765540142,
    "95":0.0674854255,
    "96":0.0901541403,
    "97":0.1506631999,
    "98":0.1998167828,
    "99":0.1108843279
  },
  "Uniform":{
    "0":0.1273801986,
    "1":0.1339929729,
    "2":0.1361796103,
    "3":0.0649811105,
    "4":0.0288240174,
    "5":0.1887197929,
    "6":0.1540685258,
    "7":0.0415619944,
    "8":0.1698278054,
    "9":0.1784560532,
    "10":0.0413421025,
    "11":0.1550157054,
    "12":0.1867720936,
    "13":0.0562895152,
    "14":0.1076828585,
    "15":0.0616246114,
    "16":0.0848358469,
    "17":0.1945784253,
    "18":0.0341201582,
    "19":0.0960416391,
    "20":0.0651289701,
    "21":0.194284069,
    "22":0.1150105694,
    "23":0.0372874141,
    "24":0.0829725257,
    "25":0.1479728771,
    "26":0.1321213017,
    "27":0.0672767825,
    "28":0.0906730639,
    "29":0.1678281669,
    "30":0.1582243433,
    "31":0.0963513641,
    "32":0.1193331101,
    "33":0.1152254268,
    "34":0.1726779019,
    "35":0.205103324,
    "36":0.0916603659,
    "37":0.1327927954,
    "38":0.1278864802,
    "39":0.0497900636,
    "40":0.1633636194,
    "41":0.0750249006,
    "42":0.1538634355,
    "43":0.0893740288,
    "44":0.0637602619,
    "45":0.0639847416,
    "46":0.041774951,
    "47":0.1471883377,
    "48":0.0504748456,
    "49":0.1440615844,
    "50":0.19263378,
    "51":0.0356832483,
    "52":0.0935073173,
    "53":0.0394988043,
    "54":0.1379604658,
    "55":0.0986040024,
    "56":0.0536405127,
    "57":0.1314691032,
    "58":0.088298621,
    "59":0.0737424964,
    "60":0.2242082365,
    "61":0.0704118283,
    "62":0.1381592136,
    "63":0.049797539,
    "64":0.1010366321,
    "65":0.1397659856,
    "66":0.1045775567,
    "67":0.0815136144,
    "68":0.0570980023,
    "69":0.1363595182,
    "70":0.1743578765,
    "71":0.1370826264,
    "72":0.0262285587,
    "73":0.1235678516,
    "74":0.0922180251,
    "75":0.1163359693,
    "76":0.1006288272,
    "77":0.0460639476,
    "78":0.1000391599,
    "79":0.0545114284,
    "80":0.1598457396,
    "81":0.2564259512,
    "82":0.1955776691,
    "83":0.1072824161,
    "84":0.1670063883,
    "85":0.210405587,
    "86":0.0639418565,
    "87":0.0868791584,
    "88":0.051216398,
    "89":0.0560037306,
    "90":0.1446052333,
    "91":0.0571187448,
    "92":0.0618073361,
    "93":0.1634614921,
    "94":0.0733016853,
    "95":0.0752138153,
    "96":0.099957215,
    "97":0.143192856,
    "98":0.2099629003,
    "99":0.1367737607
  },
  "Prop":{
    "0":0.1279326935,
    "1":0.1307514618,
    "2":0.1279770271,
    "3":0.0654160613,
    "4":0.0283810352,
    "5":0.1847239852,
    "6":0.1515330335,
    "7":0.0415270632,
    "8":0.1615869235,
    "9":0.1777529116,
    "10":0.041422778,
    "11":0.1468203878,
    "12":0.1846801581,
    "13":0.0532779701,
    "14":0.1020252208,
    "15":0.0606022369,
    "16":0.0819590222,
    "17":0.1850965804,
    "18":0.0328936747,
    "19":0.0941834418,
    "20":0.0624756884,
    "21":0.1922972264,
    "22":0.1100553097,
    "23":0.0367786814,
    "24":0.0829921764,
    "25":0.1431252423,
    "26":0.1243483788,
    "27":0.0653983316,
    "28":0.0882631774,
    "29":0.164769538,
    "30":0.15714972,
    "31":0.0951843167,
    "32":0.1157670795,
    "33":0.1091176923,
    "34":0.167066525,
    "35":0.1977513224,
    "36":0.0907343671,
    "37":0.1273976217,
    "38":0.1238820105,
    "39":0.0492284343,
    "40":0.1601381149,
    "41":0.0734354203,
    "42":0.144488607,
    "43":0.087798693,
    "44":0.0616943669,
    "45":0.0644236927,
    "46":0.0419686742,
    "47":0.1431316361,
    "48":0.0498432529,
    "49":0.1358916458,
    "50":0.1830262678,
    "51":0.0356667233,
    "52":0.0877997983,
    "53":0.039026055,
    "54":0.1298247477,
    "55":0.0960888714,
    "56":0.0525281332,
    "57":0.1291380315,
    "58":0.0842999773,
    "59":0.0743736861,
    "60":0.2191787294,
    "61":0.0694254092,
    "62":0.1361962852,
    "63":0.0502775096,
    "64":0.0940574613,
    "65":0.1291296899,
    "66":0.0954692657,
    "67":0.0819831963,
    "68":0.057118878,
    "69":0.1326880909,
    "70":0.1732285377,
    "71":0.1322794005,
    "72":0.026203498,
    "73":0.1238550827,
    "74":0.0898249887,
    "75":0.1113328632,
    "76":0.0959357238,
    "77":0.045818135,
    "78":0.1004854615,
    "79":0.0548963856,
    "80":0.1564056764,
    "81":0.2508953123,
    "82":0.1851939256,
    "83":0.107168752,
    "84":0.1553698098,
    "85":0.2081427289,
    "86":0.0618457537,
    "87":0.0868098419,
    "88":0.0514429056,
    "89":0.0549033866,
    "90":0.1439832868,
    "91":0.0547497548,
    "92":0.062263606,
    "93":0.1533612599,
    "94":0.0757726606,
    "95":0.0737257555,
    "96":0.0991047523,
    "97":0.1355307047,
    "98":0.2039121043,
    "99":0.1278931839
  },
  "Delta_Uniform":{
    "0":-0.0135706306,
    "1":-0.0104512855,
    "2":-0.0256855774,
    "3":-0.0066505888,
    "4":-0.0014011627,
    "5":-0.015969762,
    "6":-0.0150002913,
    "7":-0.0033962566,
    "8":-0.0128362609,
    "9":-0.0084214025,
    "10":-0.0044197605,
    "11":-0.0152043668,
    "12":-0.0124989353,
    "13":0.0030696923,
    "14":-0.002600123,
    "15":-0.003245084,
    "16":-0.0070021063,
    "17":-0.0348318371,
    "18":-0.0029607415,
    "19":-0.0064989371,
    "20":0.0008157916,
    "21":-0.0163843028,
    "22":-0.006812764,
    "23":-0.0018456885,
    "24":-0.0088143038,
    "25":-0.0189598721,
    "26":-0.0175757612,
    "27":-0.0033451442,
    "28":-0.0082890117,
    "29":-0.0135849018,
    "30":-0.0106621758,
    "31":-0.0108634029,
    "32":-0.0088020988,
    "33":-0.0045185218,
    "34":-0.0136348201,
    "35":-0.0212816731,
    "36":-0.007031601,
    "37":-0.0188599349,
    "38":-0.0119478048,
    "39":-0.0040936386,
    "40":-0.013571826,
    "41":-0.0067298049,
    "42":-0.021777934,
    "43":-0.0084851723,
    "44":-0.0070633264,
    "45":-0.0058858064,