{
  "Astrahl":{
    "0":0.0002006352,
    "1":0.000019817,
    "2":0.0000479225,
    "3":0.0000941663,
    "4":0.0000814187,
    "5":0.000015447,
    "6":0.0000320663,
    "7":0.0001567053,
    "8":0.0000192584,
    "9":0.0000559542,
    "10":0.000035055,
    "11":0.0000533355,
    "12":0.0000278588,
    "13":0.0000965537,
    "14":0.000017073,
    "15":0.000019285,
    "16":0.0002457736,
    "17":0.00001626,
    "18":0.000038323,
    "19":0.000022523,
    "20":0.00007788,
    "21":0.0000273168,
    "22":0.0000462516,
    "23":0.0000555261,
    "24":0.00000969,
    "25":0.0000095,
    "26":0.0001461904,
    "27":0.0000351905,
    "28":0.0000405458,
    "29":0.0000607549,
    "30":0.0000433751,
    "31":0.0000281732,
    "32":0.0000303941,
    "33":0.0002734807,
    "34":0.000016986,
    "35":0.0000827543,
    "36":0.0000576117,
    "37":0.0000537707,
    "38":0.000047322,
    "39":0.0000344932,
    "40":0.00000874,
    "41":0.0000265851,
    "42":0.000018791,
    "43":0.0001268958,
    "44":0.00001064,
    "45":0.0000233421,
    "46":0.0000363502,
    "47":0.0000507719,
    "48":0.0000302727,
    "49":0.0000509092
  },
  "Uniform":{
    "0":0.0001977277,
    "1":0.000022425,
    "2":0.0000503119,
    "3":0.0001203878,
    "4":0.0000858612,
    "5":0.000015126,
    "6":0.0000318662,
    "7":0.0001751233,
    "8":0.0000193211,
    "9":0.0000623281,
    "10":0.0000402173,
    "11":0.0000568888,
    "12":0.0000248118,
    "13":0.0000986704,
    "14":0.000017485,
    "15":0.000021129,
    "16":0.0002584585,
    "17":0.000016239,
    "18":0.0000424213,
    "19":0.0000230483,
    "20":0.0000902433,
    "21":0.0000321799,
    "22":0.000042671,
    "23":0.0000604173,
    "24":0.0000122,
    "25":0.00001118,
    "26":0.0001712467,
    "27":0.0000324584,
    "28":0.0000435159,
    "29":0.0000679871,
    "30":0.0000402546,
    "31":0.0000330126,
    "32":0.0000359082,
    "33":0.0002901304,
    "34":0.000019922,
    "35":0.0000937127,
    "36":0.0000672145,
    "37":0.0000836017,
    "38":0.0000547542,
    "39":0.0000378071,
    "40":0.00001233,
    "41":0.0000349561,
    "42":0.000023314,
    "43":0.0001391446,
    "44":0.00001153,
    "45":0.0000258763,
    "46":0.000043912,
    "47":0.0000606261,
    "48":0.0000304132,
    "49":0.0000552298
  },
  "Prop":{
    "0":0.0002192619,
    "1":0.000020886,
    "2":0.0000465324,
    "3":0.0000985491,
    "4":0.0000793356,
    "5":0.000015588,
    "6":0.0000310651,
    "7":0.0001853472,
    "8":0.000022472,
    "9":0.0000592082,
    "10":0.0000461016,
    "11":0.0000601317,
    "12":0.0000334973,
    "13":0.0001126178,
    "14":0.000016528,
    "15":0.000024078,
    "16":0.0002948084,
    "17":0.000015563,
    "18":0.0000454986,
    "19":0.0000227704,
    "20":0.0000805077,
    "21":0.0000314309,
    "22":0.00005004,
    "23":0.0000524554,
    "24":0.00001004,
    "25":0.00001032,
    "26":0.0001746016,
    "27":0.0000351215,
    "28":0.0000381115,
    "29":0.0000701461,
    "30":0.0000386859,
    "31":0.0000316226,
    "32":0.0000374147,
    "33":0.0002883189,
    "34":0.000020929,
    "35":0.0001040307,
    "36":0.000062365,
    "37":0.000090029,
    "38":0.0000591771,
    "39":0.0000377109,
    "40":0.00001165,
    "41":0.0000240536,
    "42":0.000021893,
    "43":0.0001114064,
    "44":0.00001022,
    "45":0.0000245332,
    "46":0.0000387677,
    "47":0.0000530355,
    "48":0.0000295995,
    "49":0.0000601665
  },
  "Delta_Uniform":{
    "0":0.0000029075,
    "1":-0.000002608,
    "2":-0.0000023894,
    "3":-0.0000262215,
    "4":-0.0000044425,
    "5":0.000000321,
    "6":0.0000002001,
    "7":-0.000018418,
    "8":-0.0000000627,
    "9":-0.0000063739,
    "10":-0.0000051623,
    "11":-0.0000035533,
    "12":0.000003047,
    "13":-0.0000021167,
    "14":-0.000000412,
    "15":-0.000001844,
    "16":-0.0000126848,
    "17":0.000000021,
    "18":-0.0000040983,
    "19":-0.0000005252,
    "20":-0.0000123633,
    "21":-0.0000048631,
    "22":0.0000035806,
    "23":-0.0000048912,
    "24":-0.00000251,
    "25":-0.00000168,
    "26":-0.0000250563,
    "27":0.0000027321,
    "28":-0.0000029701,
    "29":-0.0000072322,
    "30":0.0000031205,
    "31":-0.0000048394,
    "32":-0.000005514,
    "33":-0.0000166497,
    "34":-0.000002936,
    "35":-0.0000109584,
    "36":-0.0000096027,
    "37":-0.000029831,
    "38":-0.0000074322,
    "39":-0.0000033139,
    "40":-0.00000359,
    "41":-0.000008371,
    "42":-0.000004523,
    "43":-0.0000122488,
    "44":-0.00000089,
    "45":-0.0000025343,
    "46":-0.0000075618,
    "47":-0.0000098542,
    "48":-0.0000001405,
    "49":-0.0000043206
  },
  "Delta_Prop":{
    "0":-0.0000186267,
    "1":-0.000001069,
    "2":0.0000013901,
    "3":-0.0000043828,
    "4":0.0000020831,
    "5":-0.000000141,
    "6":0.0000010012,
    "7":-0.0000286419,
    "8":-0.0000032136,
    "9":-0.0000032539,
    "10":-0.0000110466,
    "11":-0.0000067962,
    "12":-0.0000056385,
    "13":-0.0000160641,
    "14":0.000000545,
    "15":-0.000004793,
    "16":-0.0000490348,
    "17":0.000000697,
    "18":-0.0000071756,
    "19":-0.0000002474,
    "20":-0.0000026277,
    "21":-0.0000041141,
    "22":-0.0000037885,
    "23":0.0000030707,
    "24":-0.00000035,
    "25":-0.00000082,
    "26":-0.0000284112,
    "27":0.0000000689,
    "28":0.0000024343,
    "29":-0.0000093912,
    "30":0.0000046892,
    "31":-0.0000034494,
    "32":-0.0000070206,
    "33":-0.0000148382,
    "34":-0.000003943,
    "35":-0.0000212764,
    "36":-0.0000047533,
    "37":-0.0000362584,
    "38":-0.000011855,
    "39":-0.0000032177,
    "40":-0.00000291,
    "41":0.0000025315,
    "42":-0.000003102,
    "43":0.0000154894,
    "44":0.00000042,
    "45":-0.0000011911,
    "46":-0.0000024174,
    "47":-0.0000022637,
    "48":0.0000006732,
    "49":-0.0000092573
  }
}