{
  "Astrahl":{
    "0":0.00030027,
    "1":0.000200342,
    "2":0.0007022743,
    "3":0.000959851,
    "4":0.0001006859,
    "5":0.0006037039,
    "6":0.00030027,
    "7":0.0,
    "8":0.0001003095,
    "9":0.0002025117,
    "10":0.0007049018,
    "11":0.0007606156,
    "12":0.000570243,
    "13":0.00010009,
    "14":0.0003038173,
    "15":0.0018197938,
    "16":0.000380162,
    "17":0.0003007317,
    "18":0.0001902924,
    "19":0.0002004878,
    "20":0.0013310773,
    "21":0.0015212312,
    "22":0.0002009268,
    "23":0.0004804788,
    "24":0.00100171,
    "25":0.0001904171,
    "26":0.0013556925,
    "27":0.00020028,
    "28":0.0001901539,
    "29":0.0003803078,
    "30":0.0003820571,
    "31":0.000500855,
    "32":0.0021685832,
    "33":0.0004026439,
    "34":0.0002712985,
    "35":0.000300513,
    "36":0.000701197,
    "37":0.0021691081,
    "38":0.0002713754,
    "39":0.0,
    "40":0.0003805848,
    "41":0.0004018536,
    "42":0.0014832004,
    "43":0.0003803078,
    "44":0.0003007317,
    "45":0.000200342,
    "46":0.0001005881,
    "47":0.0013329195,
    "48":0.000200342,
    "49":0.0001005881
  },
  "Uniform":{
    "0":0.004680361,
    "1":0.002801102,
    "2":0.0075747959,
    "3":0.0093308807,
    "4":0.002101473,
    "5":0.0065446386,
    "6":0.0031,
    "7":0.0051508569,
    "8":0.0032012388,
    "9":0.0017067946,
    "10":0.0028037686,
    "11":0.0165077379,
    "12":0.006070523,
    "13":0.00340048,
    "14":0.0026049998,
    "15":0.0138349752,
    "16":0.00531,
    "17":0.0035018589,
    "18":0.0056512359,
    "19":0.00310113,
    "20":0.0150853598,
    "21":0.0102468479,
    "22":0.0020011749,
    "23":0.009356803,
    "24":0.0050911759,
    "25":0.0045414906,
    "26":0.0162311832,
    "27":0.00280039,
    "28":0.0048508949,
    "29":0.005620523,
    "30":0.0060164229,
    "31":0.00300086,
    "32":0.0221870232,
    "33":0.0027034172,
    "34":0.00673947,
    "35":0.003000821,
    "36":0.0052625738,
    "37":0.0128799567,
    "38":0.0088013174,
    "39":0.00270038,
    "40":0.005270803,
    "41":0.0045635645,
    "42":0.0143374883,
    "43":0.0119242747,
    "44":0.0038017957,
    "45":0.002600561,
    "46":0.0022033153,
    "47":0.0049016679,
    "48":0.003100831,
    "49":0.0027021423
  },
  "Prop":{
    "0":0.005200361,
    "1":0.004200541,
    "2":0.0079609418,
    "3":0.0095469339,
    "4":0.002601173,
    "5":0.0071964948,
    "6":0.00290058,
    "7":0.0056406859,
    "8":0.002600451,
    "9":0.0034052807,
    "10":0.0022024154,
    "11":0.0142820854,
    "12":0.006770262,
    "13":0.00200009,
    "14":0.0031039496,
    "15":0.0180905713,
    "16":0.005350632,
    "17":0.003000831,
    "18":0.006600513,
    "19":0.0040011298,
    "20":0.0187447332,
    "21":0.0103579647,
    "22":0.0032021038,
    "23":0.0134146859,
    "24":0.006221905,
    "25":0.0060012989,
    "26":0.0136313067,
    "27":0.00290029,
    "28":0.006340441,
    "29":0.00507028,
    "30":0.0065208008,
    "31":0.002501031,
    "32":0.0225059834,
    "33":0.0033023762,
    "34":0.0088251081,
    "35":0.002700722,
    "36":0.0057219157,
    "37":0.0189062636,
    "38":0.0088994193,
    "39":0.00290028,
    "40":0.0052511179,
    "41":0.0057259134,
    "42":0.0156652127,
    "43":0.0103661617,
    "44":0.0031018938,
    "45":0.002600903,
    "46":0.0024026686,
    "47":0.0061916896,
    "48":0.002701282,
    "49":0.0041019803
  },
  "Delta_Uniform":{
    "0":-0.004380091,
    "1":-0.00260076,
    "2":-0.0068725216,
    "3":-0.0083710297,
    "4":-0.0020007871,
    "5":-0.0059409347,
    "6":-0.00279973,
    "7":-0.0051508569,
    "8":-0.0031009293,
    "9":-0.0015042829,
    "10":-0.0020988668,
    "11":-0.0157471223,
    "12":-0.00550028,
    "13":-0.00330039,
    "14":-0.0023011825,
    "15":-0.0120151814,
    "16":-0.004929838,
    "17":-0.0032011272,
    "18":-0.0054609435,
    "19":-0.0029006422,
    "20":-0.0137542825,
    "21":-0.0087256167,
    "22":-0.0018002481,
    "23":-0.0088763242,
    "24":-0.0040894659,
    "25":-0.0043510735,
    "26":-0.0148754907,
    "27":-0.00260011,
    "28":-0.004660741,
    "29":-0.0052402152,
    "30":-0.0056343658,
    "31":-0.002500005,
    "32":-0.02001844,
    "33":-0.0023007733,
    "34":-0.0064681715,
    "35":-0.002700308,
    "36":-0.0045613768,
    "37":-0.0107108486,
    "38":-0.0085299421,
    "39":-0.00270038,
    "40":-0.0048902182,
    "41":-0.0041617109,
    "42":-0.0128542879,
    "43":-0.0115439669,
    "44":-0.003501064,
    "45":-0.002400219,
    "46":-0.0021027272,
    "47":-0.0035687484,
    "48":-0.002900489,
    "49":-0.0026015542
  },
  "Delta_Prop":{
    "0":-0.004900091,
    "1":-0.004000199,
    "2":-0.0072586675,
    "3":-0.0085870829,
    "4":-0.0025004871,
    "5":-0.006592791,
    "6":-0.00260031,
    "7":-0.0056406859,
    "8":-0.0025001415,
    "9":-0.003202769,
    "10":-0.0014975136,
    "11":-0.0135214698,
    "12":-0.006200019,
    "13":-0.0019,
    "14":-0.0028001323,
    "15":-0.0162707775,
    "16":-0.00497047,
    "17":-0.0027000993,
    "18":-0.0064102206,
    "19":-0.003800642,
    "20":-0.0174136559,
    "21":-0.0088367335,
    "22":-0.003001177,
    "23":-0.0129342071,
    "24":-0.005220195,
    "25":-0.0058108818,
    "26":-0.0122756142,
    "27":-0.00270001,
    "28":-0.0061502871,
    "29":-0.0046899722,
    "30":-0.0061387437,
    "31":-0.002000176,
    "32":-0.0203374002,
    "33":-0.0028997323,
    "34":-0.0085538096,
    "35":-0.002400209,
    "36":-0.0050207187,
    "37":-0.0167371555,
    "38":-0.0086280439,
    "39":-0.00290028,
    "40":-0.0048705331,
    "41":-0.0053240597,
    "42":-0.0141820123,
    "43":-0.0099858539,
    "44":-0.0028011621,
    "45":-0.002400561,
    "46":-0.0023020806,
    "47":-0.0048587701,
    "48":-0.00250094,
    "49":-0.0040013922
  }
}