{
  "Astrahl":{
    "0":0.01433892,
    "1":0.011626062,
    "2":0.010721553,
    "3":0.0155140147,
    "4":0.00531278,
    "5":0.0142446699,
    "6":0.0077563606,
    "7":0.012773871,
    "8":0.005741851,
    "9":0.00644917,
    "10":0.0136763229,
    "11":0.0160465779,
    "12":0.0136881472,
    "13":0.00606917,
    "14":0.00512639,
    "15":0.0133909545,
    "16":0.00418,
    "17":0.011272058,
    "18":0.00674278,
    "19":0.00474278,
    "20":0.0089454318,
    "21":0.0110715699,
    "22":0.0133550391,
    "23":0.0104078295,
    "24":0.0227702708,
    "25":0.0330647287,
    "26":0.0142519739,
    "27":0.009236261,
    "28":0.008814255,
    "29":0.008315702,
    "30":0.014210804,
    "31":0.0267226618,
    "32":0.00568556,
    "33":0.0111027699,
    "34":0.0140953229,
    "35":0.010892651,
    "36":0.00587917,
    "37":0.008862106,
    "38":0.008421702,
    "39":0.0158490058,
    "40":0.008463531,
    "41":0.005901702,
    "42":0.0181526931,
    "43":0.00588278,
    "44":0.011214,
    "45":0.009278553,
    "46":0.0155015744,
    "47":0.0080685606,
    "48":0.00940595,
    "49":0.0107466318
  },
  "Uniform":{
    "0":0.019862302,
    "1":0.01902823,
    "2":0.021594255,
    "3":0.0286283481,
    "4":0.01031419,
    "5":0.0263565795,
    "6":0.0194419791,
    "7":0.028749428,
    "8":0.014839642,
    "9":0.01161109,
    "10":0.0277206032,
    "11":0.0241154089,
    "12":0.0224965958,
    "13":0.01183416,
    "14":0.00934077,
    "15":0.0232824291,
    "16":0.01124849,
    "17":0.0260303818,
    "18":0.01171856,
    "19":0.01115968,
    "20":0.0150667779,
    "21":0.0244524478,
    "22":0.0308525364,
    "23":0.0248724186,
    "24":0.040862376,
    "25":0.055986788,
    "26":0.0381559236,
    "27":0.016585541,
    "28":0.01293198,
    "29":0.011582721,
    "30":0.0261234748,
    "31":0.0501695951,
    "32":0.01079177,
    "33":0.0165515899,
    "34":0.0230530619,
    "35":0.0208803699,
    "36":0.0091796,
    "37":0.01289933,
    "38":0.021086895,
    "39":0.0252679345,
    "40":0.016892673,
    "41":0.012035292,
    "42":0.0321184065,
    "43":0.0102615,
    "44":0.0185032727,
    "45":0.0209877558,
    "46":0.0275492819,
    "47":0.0199715037,
    "48":0.016630991,
    "49":0.015941934
  },
  "Prop":{
    "0":0.0209131489,
    "1":0.020527063,
    "2":0.0201856368,
    "3":0.0247957064,
    "4":0.01189705,
    "5":0.0211437737,
    "6":0.0169596338,
    "7":0.022204587,
    "8":0.012477172,
    "9":0.01307517,
    "10":0.0232148857,
    "11":0.0254079995,
    "12":0.0249974398,
    "13":0.0117419,
    "14":0.01045068,
    "15":0.0253068424,
    "16":0.01241585,
    "17":0.0224333863,
    "18":0.0077973,
    "19":0.01017978,
    "20":0.015803134,
    "21":0.0274097687,
    "22":0.0268892264,
    "23":0.0200004188,
    "24":0.0464880942,
    "25":0.0517708597,
    "26":0.0367554484,
    "27":0.01468666,
    "28":0.015175622,
    "29":0.015419262,
    "30":0.025877954,
    "31":0.0477791998,
    "32":0.01244758,
    "33":0.018228434,
    "34":0.0227857816,
    "35":0.022325055,
    "36":0.01086438,
    "37":0.015221222,
    "38":0.020084696,
    "39":0.0237041349,
    "40":0.016583022,
    "41":0.013817381,
    "42":0.0316173841,
    "43":0.0093797,
    "44":0.020461443,
    "45":0.016301676,
    "46":0.0243376439,
    "47":0.0188090298,
    "48":0.01753561,
    "49":0.0154260779
  },
  "Delta_Uniform":{
    "0":-0.005523382,
    "1":-0.007402168,
    "2":-0.010872702,
    "3":-0.0131143334,
    "4":-0.00500141,
    "5":-0.0121119096,
    "6":-0.0116856185,
    "7":-0.015975557,
    "8":-0.009097791,
    "9":-0.00516192,
    "10":-0.0140442803,
    "11":-0.008068831,
    "12":-0.0088084486,
    "13":-0.00576499,
    "14":-0.00421438,
    "15":-0.0098914746,
    "16":-0.00706849,
    "17":-0.0147583238,
    "18":-0.00497578,
    "19":-0.0064169,
    "20":-0.0061213461,
    "21":-0.0133808779,
    "22":-0.0174974972,
    "23":-0.0144645891,
    "24":-0.0180921052,
    "25":-0.0229220593,
    "26":-0.0239039497,
    "27":-0.00734928,
    "28":-0.004117725,
    "29":-0.003267019,
    "30":-0.0119126708,
    "31":-0.0234469333,
    "32":-0.00510621,
    "33":-0.00544882,
    "34":-0.008957739,
    "35":-0.0099877189,
    "36":-0.00330043,
    "37":-0.004037224,
    "38":-0.012665193,
    "39":-0.0094189287,
    "40":-0.008429142,
    "41":-0.00613359,
    "42":-0.0139657134,
    "43":-0.00437872,
    "44":-0.0072892727,
    "45":-0.0117092028,
    "46":-0.0120477075,
    "47":-0.0119029431,
    "48":-0.007225041,
    "49":-0.0051953022
  },
  "Delta_Prop":{
    "0":-0.0065742289,
    "1":-0.008901001,
    "2":-0.0094640838,
    "3":-0.0092816917,
    "4":-0.00658427,
    "5":-0.0068991038,
    "6":-0.0092032732,
    "7":-0.009430716,
    "8":-0.006735321,
    "9":-0.006626,
    "10":-0.0095385628,
    "11":-0.0093614216,
    "12":-0.0113092926,
    "13":-0.00567273,
    "14":-0.00532429,
    "15":-0.0119158879,
    "16":-0.00823585,
    "17":-0.0111613283,
    "18":-0.00105452,
    "19":-0.005437,
    "20":-0.0068577022,
    "21":-0.0163381988,
    "22":-0.0135341873,
    "23":-0.0095925893,
    "24":-0.0237178233,
    "25":-0.0187061309,
    "26":-0.0225034745,
    "27":-0.005450399,
    "28":-0.006361367,
    "29":-0.00710356,
    "30":-0.01166715,
    "31":-0.021056538,
    "32":-0.00676202,
    "33":-0.0071256641,
    "34":-0.0086904587,
    "35":-0.011432404,
    "36":-0.00498521,
    "37":-0.006359116,
    "38":-0.011662994,
    "39":-0.0078551291,
    "40":-0.008119491,
    "41":-0.007915679,
    "42":-0.013464691,
    "43":-0.00349692,
    "44":-0.009247443,
    "45":-0.007023123,
    "46":-0.0088360695,
    "47":-0.0107404692,
    "48":-0.00812966,
    "49":-0.0046794461
  }
}