{
  "Astrahl":{
    "0":0.004241294,
    "1":0.00287755,
    "2":0.0054796114,
    "3":0.0063422086,
    "4":0.0069981846,
    "5":0.00283936,
    "6":0.0116338888,
    "7":0.0090328462,
    "8":0.003739504,
    "9":0.0136335816,
    "10":0.0062393414,
    "11":0.003892625,
    "12":0.005957961,
    "13":0.0206052647,
    "14":0.020442225,
    "15":0.003773951,
    "16":0.0029526,
    "17":0.0048791791,
    "18":0.0075990196,
    "19":0.0123573678,
    "20":0.0053720982,
    "21":0.0072874393,
    "22":0.004130853,
    "23":0.0052819848,
    "24":0.0064862289,
    "25":0.00300941,
    "26":0.003762513,
    "27":0.0129857191,
    "28":0.0089608933,
    "29":0.0070263317,
    "30":0.014522543,
    "31":0.0078056238,
    "32":0.0089767667,
    "33":0.0060083776,
    "34":0.0052424116,
    "35":0.0160742115,
    "36":0.0123982243,
    "37":0.0137262852,
    "38":0.0063765832,
    "39":0.012595429,
    "40":0.0091773936,
    "41":0.0069971957,
    "42":0.0182252049,
    "43":0.0071065215,
    "44":0.017689639,
    "45":0.010837964,
    "46":0.0074277238,
    "47":0.0097231879,
    "48":0.0133862181,
    "49":0.0107494932
  },
  "Uniform":{
    "0":0.004213718,
    "1":0.00279943,
    "2":0.0052530274,
    "3":0.0064390578,
    "4":0.0071594601,
    "5":0.00280686,
    "6":0.0105221103,
    "7":0.0081276122,
    "8":0.003900906,
    "9":0.0143306475,
    "10":0.0061873605,
    "11":0.004258925,
    "12":0.00563389,
    "13":0.0215183031,
    "14":0.0204818488,
    "15":0.003920415,
    "16":0.00294919,
    "17":0.0052394832,
    "18":0.0065024163,
    "19":0.0124023229,
    "20":0.0062964473,
    "21":0.0077727992,
    "22":0.00397929,
    "23":0.0055095471,
    "24":0.006128568,
    "25":0.00268638,
    "26":0.003990432,
    "27":0.0132639386,
    "28":0.0104123296,
    "29":0.0062240437,
    "30":0.0122981159,
    "31":0.0072029469,
    "32":0.0096328525,
    "33":0.0053053772,
    "34":0.0049889978,
    "35":0.0187344859,
    "36":0.0123336898,
    "37":0.0116436149,
    "38":0.0062933774,
    "39":0.0119046509,
    "40":0.0095799024,
    "41":0.0068864068,
    "42":0.0189263566,
    "43":0.0071805139,
    "44":0.0154718661,
    "45":0.0105188829,
    "46":0.0071897039,
    "47":0.0099636945,
    "48":0.0106404693,
    "49":0.0101739273
  },
  "Prop":{
    "0":0.00414294,
    "1":0.0029247,
    "2":0.0051428661,
    "3":0.0067995179,
    "4":0.0071576028,
    "5":0.00285235,
    "6":0.0099478608,
    "7":0.0087810653,
    "8":0.004155919,
    "9":0.0134400068,
    "10":0.0056675178,
    "11":0.004036391,
    "12":0.0062204825,
    "13":0.0205436736,
    "14":0.0209520454,
    "15":0.004076226,
    "16":0.0028596,
    "17":0.0051922248,
    "18":0.0068021217,
    "19":0.0121573954,
    "20":0.0058603093,
    "21":0.0076813542,
    "22":0.004115528,
    "23":0.0051360406,
    "24":0.0062612252,
    "25":0.00268591,
    "26":0.004190478,
    "27":0.0137900465,
    "28":0.0100872128,
    "29":0.0061170618,
    "30":0.0128260206,
    "31":0.0077179233,
    "32":0.0096404581,
    "33":0.005142519,
    "34":0.0051686189,
    "35":0.0175088414,
    "36":0.0118166339,
    "37":0.0121471855,
    "38":0.0066225506,
    "39":0.0122543682,
    "40":0.0094227062,
    "41":0.0073934366,
    "42":0.0188747102,
    "43":0.0074092564,
    "44":0.0165696302,
    "45":0.0103669403,
    "46":0.0071631621,
    "47":0.009847473,
    "48":0.0118998591,
    "49":0.0106192065
  },
  "Delta_Uniform":{
    "0":0.000027576,
    "1":0.00007812,
    "2":0.000226584,
    "3":-0.0000968493,
    "4":-0.0001612755,
    "5":0.0000325,
    "6":0.0011117785,
    "7":0.000905234,
    "8":-0.000161402,
    "9":-0.0006970659,
    "10":0.0000519809,
    "11":-0.0003663,
    "12":0.000324071,
    "13":-0.0009130384,
    "14":-0.0000396238,
    "15":-0.000146464,
    "16":0.00000341,
    "17":-0.0003603041,
    "18":0.0010966033,
    "19":-0.0000449551,
    "20":-0.0009243492,
    "21":-0.0004853599,
    "22":0.000151563,
    "23":-0.0002275623,
    "24":0.0003576609,
    "25":0.00032303,
    "26":-0.000227919,
    "27":-0.0002782195,
    "28":-0.0014514363,
    "29":0.0008022879,
    "30":0.0022244271,
    "31":0.000602677,
    "32":-0.0006560858,
    "33":0.0007030004,
    "34":0.0002534138,
    "35":-0.0026602744,
    "36":0.0000645346,
    "37":0.0020826703,
    "38":0.0000832057,
    "39":0.000690778,
    "40":-0.0004025087,
    "41":0.0001107889,
    "42":-0.0007011517,
    "43":-0.0000739924,
    "44":0.0022177729,
    "45":0.0003190811,
    "46":0.0002380199,
    "47":-0.0002405066,
    "48":0.0027457488,
    "49":0.0005755658
  },
  "Delta_Prop":{
    "0":0.000098354,
    "1":-0.00004715,
    "2":0.0003367453,
    "3":-0.0004573093,
    "4":-0.0001594182,
    "5":-0.00001299,
    "6":0.001686028,
    "7":0.000251781,
    "8":-0.000416415,
    "9":0.0001935748,
    "10":0.0005718236,
    "11":-0.000143766,
    "12":-0.0002625215,
    "13":0.0000615911,
    "14":-0.0005098204,
    "15":-0.000302275,
    "16":0.000093,
    "17":-0.0003130457,
    "18":0.0007968979,
    "19":0.0001999724,
    "20":-0.0004882111,
    "21":-0.0003939149,
    "22":0.000015325,
    "23":0.0001459442,
    "24":0.0002250037,
    "25":0.0003235,
    "26":-0.000427965,
    "27":-0.0008043274,
    "28":-0.0011263195,
    "29":0.0009092699,
    "30":0.0016965225,
    "31":0.0000877006,
    "32":-0.0006636914,
    "33":0.0008658586,
    "34":0.0000737927,
    "35":-0.0014346298,
    "36":0.0005815905,
    "37":0.0015790997,
    "38":-0.0002459675,
    "39":0.0003410607,
    "40":-0.0002453125,
    "41":-0.0003962409,
    "42":-0.0006495053,
    "43":-0.0003027348,
    "44":0.0011200089,
    "45":0.0004710237,
    "46":0.0002645617,
    "47":-0.0001242851,
    "48":0.001486359,
    "49":0.0001302867
  }
}