{
  "Astrahl":{
    "0":0.080899981,
    "1":0.102130862,
    "2":0.076681781,
    "3":0.0947975655,
    "4":0.0612094169,
    "5":0.103779264,
    "6":0.0885722697,
    "7":0.074156181,
    "8":0.0918392597,
    "9":0.1563029336,
    "10":0.0871046269,
    "11":0.10753456,
    "12":0.0772238725,
    "13":0.0856284428,
    "14":0.105981201,
    "15":0.141826671,
    "16":0.0602337399,
    "17":0.1609597372,
    "18":0.0823331838,
    "19":0.09750617,
    "20":0.062543101,
    "21":0.0881854866,
    "22":0.1478629529,
    "23":0.1770784275,
    "24":0.0752616449,
    "25":0.072601871,
    "26":0.05449127,
    "27":0.1709488015,
    "28":0.0839328735,
    "29":0.078483641,
    "30":0.066975811,
    "31":0.103669376,
    "32":0.104564527,
    "33":0.079419734,
    "34":0.0934143279,
    "35":0.114664187,
    "36":0.06248589,
    "37":0.0654764424,
    "38":0.0928623969,
    "39":0.1744695124,
    "40":0.09559946,
    "41":0.090777414,
    "42":0.0768303,
    "43":0.09954926,
    "44":0.0547326,
    "45":0.074897983,
    "46":0.0589153486,
    "47":0.07749021,
    "48":0.1022936408,
    "49":0.05735849
  },
  "Uniform":{
    "0":0.159130392,
    "1":0.195141712,
    "2":0.1186323,
    "3":0.1647542469,
    "4":0.1151087758,
    "5":0.209579865,
    "6":0.1659994171,
    "7":0.156649521,
    "8":0.2172491109,
    "9":0.2696490264,
    "10":0.19943644,
    "11":0.2042123849,
    "12":0.1266110438,
    "13":0.154424171,
    "14":0.20139957,
    "15":0.3169486556,
    "16":0.127194791,
    "17":0.318129429,
    "18":0.1554160054,
    "19":0.199132961,
    "20":0.166110031,
    "21":0.1676122131,
    "22":0.2699349769,
    "23":0.3028687067,
    "24":0.1425232259,
    "25":0.13077967,
    "26":0.13159856,
    "27":0.2840111014,
    "28":0.1611655878,
    "29":0.1518622,
    "30":0.1240883,
    "31":0.1974309628,
    "32":0.1794069769,
    "33":0.173812231,
    "34":0.1630084727,
    "35":0.2126852338,
    "36":0.12589769,
    "37":0.128026482,
    "38":0.2067371402,
    "39":0.3332805936,
    "40":0.19853656,
    "41":0.169615441,
    "42":0.162736541,
    "43":0.205658961,
    "44":0.13059949,
    "45":0.13433507,
    "46":0.1296728779,
    "47":0.177959162,
    "48":0.1807648647,
    "49":0.1151961
  },
  "Prop":{
    "0":0.145230272,
    "1":0.188285321,
    "2":0.12015037,
    "3":0.1693941348,
    "4":0.1341360376,
    "5":0.182708933,
    "6":0.1494041466,
    "7":0.1574240769,
    "8":0.2124090818,
    "9":0.257773216,
    "10":0.1873907569,
    "11":0.196658563,
    "12":0.1412580752,
    "13":0.1596330782,
    "14":0.204016541,
    "15":0.2848415865,
    "16":0.128170921,
    "17":0.2904893525,
    "18":0.1600352031,
    "19":0.198361861,
    "20":0.16157838,
    "21":0.1549807399,
    "22":0.2522768248,
    "23":0.3006016703,
    "24":0.1102817259,
    "25":0.12648379,
    "26":0.11016667,
    "27":0.3076605661,
    "28":0.1580734447,
    "29":0.166897451,
    "30":0.13174818,
    "31":0.1890074934,
    "32":0.1917229379,
    "33":0.162553611,
    "34":0.160836247,
    "35":0.190545362,
    "36":0.12189728,
    "37":0.1368254699,
    "38":0.1960572837,
    "39":0.3216243073,
    "40":0.19942657,
    "41":0.148864782,
    "42":0.1592082,
    "43":0.20384989,
    "44":0.11315679,
    "45":0.13931298,
    "46":0.1270699081,
    "47":0.15702166,
    "48":0.1974424511,
    "49":0.1458523
  },
  "Delta_Uniform":{
    "0":-0.078230411,
    "1":-0.09301085,
    "2":-0.041950519,
    "3":-0.0699566814,
    "4":-0.0538993589,
    "5":-0.105800601,
    "6":-0.0774271474,
    "7":-0.08249334,
    "8":-0.1254098512,
    "9":-0.1133460928,
    "10":-0.1123318131,
    "11":-0.0966778249,
    "12":-0.0493871713,
    "13":-0.0687957282,
    "14":-0.095418369,
    "15":-0.1751219846,
    "16":-0.0669610511,
    "17":-0.1571696918,
    "18":-0.0730828217,
    "19":-0.101626791,
    "20":-0.10356693,
    "21":-0.0794267265,
    "22":-0.122072024,
    "23":-0.1257902792,
    "24":-0.067261581,
    "25":-0.058177799,
    "26":-0.07710729,
    "27":-0.1130622999,
    "28":-0.0772327143,
    "29":-0.073378559,
    "30":-0.057112489,
    "31":-0.0937615868,
    "32":-0.0748424499,
    "33":-0.094392497,
    "34":-0.0695941448,
    "35":-0.0980210468,
    "36":-0.0634118,
    "37":-0.0625500396,
    "38":-0.1138747433,
    "39":-0.1588110811,
    "40":-0.1029371,
    "41":-0.078838027,
    "42":-0.085906241,
    "43":-0.106109701,
    "44":-0.07586689,
    "45":-0.059437087,
    "46":-0.0707575293,
    "47":-0.100468952,
    "48":-0.0784712239,
    "49":-0.05783761
  },
  "Delta_Prop":{
    "0":-0.064330291,
    "1":-0.086154459,
    "2":-0.043468589,
    "3":-0.0745965693,
    "4":-0.0729266207,
    "5":-0.078929669,
    "6":-0.0608318769,
    "7":-0.0832678959,
    "8":-0.1205698221,
    "9":-0.1014702824,
    "10":-0.10028613,
    "11":-0.089124003,
    "12":-0.0640342027,
    "13":-0.0740046354,
    "14":-0.09803534,
    "15":-0.1430149155,
    "16":-0.0679371811,
    "17":-0.1295296153,
    "18":-0.0777020193,
    "19":-0.100855691,
    "20":-0.099035279,
    "21":-0.0667952533,
    "22":-0.1044138719,
    "23":-0.1235232427,
    "24":-0.035020081,
    "25":-0.053881919,
    "26":-0.0556754,
    "27":-0.1367117646,
    "28":-0.0741405712,
    "29":-0.08841381,
    "30":-0.064772369,
    "31":-0.0853381174,
    "32":-0.0871584109,
    "33":-0.083133877,
    "34":-0.0674219192,
    "35":-0.075881175,
    "36":-0.05941139,
    "37":-0.0713490275,
    "38":-0.1031948868,
    "39":-0.1471547948,
    "40":-0.10382711,
    "41":-0.058087368,
    "42":-0.0823779,
    "43":-0.10430063,
    "44":-0.05842419,
    "45":-0.064414997,
    "46":-0.0681545595,
    "47":-0.07953145,
    "48":-0.0951488103,
    "49":-0.08849381
  }
}