{
  "Astrahl":{
    "0":0.0720523864,
    "1":0.0329912484,
    "2":0.0816065757,
    "3":0.0550521889,
    "4":0.0115657396,
    "5":0.0502429044,
    "6":0.1187981438,
    "7":0.0165291092,
    "8":0.0570280594,
    "9":0.0939766928,
    "10":0.0228434113,
    "11":0.0370579226,
    "12":0.1483034933,
    "13":0.0224338891,
    "14":0.0962284289,
    "15":0.04113899,
    "16":0.0278183011,
    "17":0.0500800113,
    "18":0.0208584268,
    "19":0.0249133273,
    "20":0.020706763,
    "21":0.0889723908,
    "22":0.0296705658,
    "23":0.012494709,
    "24":0.0375710128,
    "25":0.057774862,
    "26":0.0383723828,
    "27":0.023265517,
    "28":0.0328016041,
    "29":0.0813665203,
    "30":0.1038562,
    "31":0.0599104291,
    "32":0.0522263925,
    "33":0.0298436844,
    "34":0.0587298157,
    "35":0.085002318,
    "36":0.0956405901,
    "37":0.0962900395,
    "38":0.031664315,
    "39":0.0166604414,
    "40":0.1149207061,
    "41":0.0316568585,
    "42":0.0315660839,
    "43":0.0380364256,
    "44":0.0199887971,
    "45":0.036473112,
    "46":0.0288736903,
    "47":0.0784748547,
    "48":0.0327506271,
    "49":0.0352508056,
    "50":0.1382688458,
    "51":0.0189668802,
    "52":0.0357983959,
    "53":0.0266011718,
    "54":0.029583519,
    "55":0.0312937011,
    "56":0.0172936609,
    "57":0.0533076497,
    "58":0.022976815,
    "59":0.0906608344,
    "60":0.0889268849,
    "61":0.0531453056,
    "62":0.104543993,
    "63":0.0280987782,
    "64":0.0622197558,
    "65":0.102273472,
    "66":0.0256254599,
    "67":0.0974691418,
    "68":0.0416336862,
    "69":0.0877624536,
    "70":0.0877154073,
    "71":0.0891377198,
    "72":0.0144450414,
    "73":0.1438113532,
    "74":0.0382241925,
    "75":0.0273924381,
    "76":0.1008647167,
    "77":0.0324687361,
    "78":0.0570326627,
    "79":0.0233532785,
    "80":0.0531331305,
    "81":0.0740145508,
    "82":0.103641353,
    "83":0.0868694941,
    "84":0.0391365276,
    "85":0.091276672,
    "86":0.0272690342,
    "87":0.0595275446,
    "88":0.034830848,
    "89":0.0390222185,
    "90":0.1045762763,
    "91":0.0183773841,
    "92":0.0275884819,
    "93":0.0899015405,
    "94":0.0928745783,
    "95":0.0960719416,
    "96":0.0630544046,
    "97":0.0618637064,
    "98":0.0620100787,
    "99":0.1127199529
  },
  "Uniform":{
    "0":0.0749599917,
    "1":0.0343069361,
    "2":0.0868403582,
    "3":0.0583718012,
    "4":0.0122904809,
    "5":0.050635672,
    "6":0.1263479503,
    "7":0.0173505354,
    "8":0.0603140165,
    "9":0.0972201524,
    "10":0.0241345896,
    "11":0.038089087,
    "12":0.1583350262,
    "13":0.0238489534,
    "14":0.1029534011,
    "15":0.043719863,
    "16":0.0295689932,
    "17":0.0518057083,
    "18":0.0221242192,
    "19":0.0260136272,
    "20":0.0216783576,
    "21":0.0935892802,
    "22":0.0311209009,
    "23":0.0132508893,
    "24":0.0393531589,
    "25":0.0600759886,
    "26":0.0401238264,
    "27":0.0242920616,
    "28":0.0347852797,
    "29":0.0865052218,
    "30":0.1103046458,
    "31":0.0633318144,
    "32":0.0553999411,
    "33":0.0312578387,
    "34":0.0623275492,
    "35":0.089333878,
    "36":0.1021376106,
    "37":0.103057022,
    "38":0.0325656415,
    "39":0.0174201488,
    "40":0.1225028182,
    "41":0.0331783274,
    "42":0.0328912917,
    "43":0.0403694314,
    "44":0.0211076515,
    "45":0.0369916842,
    "46":0.0304031196,
    "47":0.0822971719,
    "48":0.0348760261,
    "49":0.0367507102,
    "50":0.1474580218,
    "51":0.0201430458,
    "52":0.0379653838,
    "53":0.0283131277,
    "54":0.0306833831,
    "55":0.0318379123,
    "56":0.0182108119,
    "57":0.0554693976,
    "58":0.0232413368,
    "59":0.096574554,
    "60":0.0901821053,
    "61":0.056613451,
    "62":0.1108995223,
    "63":0.0291747323,
    "64":0.0662202619,
    "65":0.1090760268,
    "66":0.0266411439,
    "67":0.1038707349,
    "68":0.0443102778,
    "69":0.0939012529,
    "70":0.0912474719,
    "71":0.095279088,
    "72":0.0153528574,
    "73":0.1534217394,
    "74":0.040328875,
    "75":0.0285486346,
    "76":0.1077458958,
    "77":0.0341981033,
    "78":0.0589022543,
    "79":0.0240848843,
    "80":0.0556190394,
    "81":0.0748673163,
    "82":0.108466725,
    "83":0.0921388829,
    "84":0.0404916439,
    "85":0.0917437089,
    "86":0.028928327,
    "87":0.0628441578,
    "88":0.0367780962,
    "89":0.0416108693,
    "90":0.1111402467,
    "91":0.0194888778,
    "92":0.0284208199,
    "93":0.0952856792,
    "94":0.09395788,
    "95":0.1026481655,
    "96":0.0667534151,
    "97":0.0652393317,
    "98":0.0641041582,
    "99":0.1205139125
  },
  "Prop":{
    "0":0.0749799158,
    "1":0.034446003,
    "2":0.0856787804,
    "3":0.0578215334,
    "4":0.0122865436,
    "5":0.0506384586,
    "6":0.1251331272,
    "7":0.0173720169,
    "8":0.0601643714,
    "9":0.0972784992,
    "10":0.0240752068,
    "11":0.0380131333,
    "12":0.1569111756,
    "13":0.0237199338,
    "14":0.1008673469,
    "15":0.0433661322,
    "16":0.0296018936,
    "17":0.0518784531,
    "18":0.0218102946,
    "19":0.0261339056,
    "20":0.02165746,
    "21":0.0937427478,
    "22":0.0311764539,
    "23":0.0132829681,
    "24":0.039390057,
    "25":0.0599843893,
    "26":0.0400636278,
    "27":0.0243095325,
    "28":0.0347664525,
    "29":0.0863769653,
    "30":0.1100087349,
    "31":0.0629299202,
    "32":0.0552282371,
    "33":0.0313585557,
    "34":0.0623968287,
    "35":0.0891220042,
    "36":0.1004294008,
    "37":0.1018613064,
    "38":0.0325971004,
    "39":0.0174969493,
    "40":0.1213488575,
    "41":0.0332937133,
    "42":0.0329131427,
    "43":0.040341794,
    "44":0.0211190433,
    "45":0.0369119095,
    "46":0.0303923929,
    "47":0.0818547335,
    "48":0.0346000029,
    "49":0.0368254223,
    "50":0.1451394084,
    "51":0.0200899434,
    "52":0.0377025472,
    "53":0.0280387899,
    "54":0.0307889729,
    "55":0.0317910698,
    "56":0.0182225781,
    "57":0.0555245505,
    "58":0.0231793272,
    "59":0.0951147355,
    "60":0.0899650518,
    "61":0.055995144,
    "62":0.1101354356,
    "63":0.0292247538,
    "64":0.0650613193,
    "65":0.1067003362,
    "66":0.0263849994,
    "67":0.1022659392,
    "68":0.0439912065,
    "69":0.0931802155,
    "70":0.0912551966,
    "71":0.0944066409,
    "72":0.0152995954,
    "73":0.1511030987,
    "74":0.0403416109,
    "75":0.0285424651,
    "76":0.1055284365,
    "77":0.034202171,
    "78":0.0589341417,
    "79":0.0241281997,
    "80":0.0557691711,
    "81":0.0749636345,
    "82":0.1077243903,
    "83":0.0915644886,
    "84":0.0404587491,
    "85":0.0914769339,
    "86":0.0287689903,
    "87":0.0626568689,
    "88":0.0366995343,
    "89":0.0411698771,
    "90":0.1105030323,
    "91":0.019433532,
    "92":0.0284556319,
    "93":0.0943571048,
    "94":0.0929481698,
    "95":0.1003261609,
    "96":0.0664168625,
    "97":0.0650136513,
    "98":0.0643083749,
    "99":0.1182314205
  },
  "Delta_Uniform":{
    "0":-0.0029076053,
    "1":-0.0013156877,
    "2":-0.0052337826,
    "3":-0.0033196123,
    "4":-0.0007247413,
    "5":-0.0003927676,
    "6":-0.0075498065,
    "7":-0.0008214262,
    "8":-0.0032859571,
    "9":-0.0032434595,
    "10":-0.0012911783,
    "11":-0.0010311644,
    "12":-0.010031533,
    "13":-0.0014150643,
    "14":-0.0067249722,
    "15":-0.002580873,
    "16":-0.001750692,
    "17":-0.0017256969,
    "18":-0.0012657924,
    "19":-0.0011002999,
    "20":-0.0009715946,
    "21":-0.0046168893,
    "22":-0.0014503351,
    "23":-0.0007561803,
    "24":-0.0017821461,
    "25":-0.0023011266,
    "26":-0.0017514436,
    "27":-0.0010265447,
    "28":-0.0019836756,
    "29":-0.0051387015,
    "30":-0.0064484458,
    "31":-0.0034213853,
    "32":-0.0031735486,
    "33":-0.0014141543,
    "34":-0.0035977334,
    "35":-0.00433156,
    "36":-0.0064970204,
    "37":-0.0067669825,
    "38":-0.0009013265,
    "39":-0.0007597073,
    "40":-0.0075821121,
    "41":-0.0015214689,
    "42":-0.0013252077,
    "43":-0.0023330058,
    "44":-0.0011188545,
    "45":-0.0005185722,