{
  "Astrahl":{
    "0":0.033797162,
    "1":0.0384362779,
    "2":0.0958045176,
    "3":0.0420356617,
    "4":0.0810857136,
    "5":0.0562983224,
    "6":0.0849795898,
    "7":0.063586133,
    "8":0.061282832,
    "9":0.061374695,
    "10":0.0502384431,
    "11":0.06264331,
    "12":0.042419281,
    "13":0.036232032,
    "14":0.0425740558,
    "15":0.03233189,
    "16":0.02892638,
    "17":0.0413290818,
    "18":0.06586947,
    "19":0.048582013,
    "20":0.02692237,
    "21":0.041816066,
    "22":0.0438231903,
    "23":0.038611503,
    "24":0.0527835089,
    "25":0.029779862,
    "26":0.066875796,
    "27":0.0420628845,
    "28":0.0438732279,
    "29":0.04204648,
    "30":0.0797662403,
    "31":0.0550969999,
    "32":0.03275646,
    "33":0.0583697383,
    "34":0.036505252,
    "35":0.094552683,
    "36":0.03586577,
    "37":0.0846805964,
    "38":0.0517113568,
    "39":0.0311049039,
    "40":0.0696543999,
    "41":0.061700901,
    "42":0.03222308,
    "43":0.0666368463,
    "44":0.063785541,
    "45":0.087332651,
    "46":0.0942709262,
    "47":0.033305893,
    "48":0.03061569,
    "49":0.0536426199
  },
  "Uniform":{
    "0":0.060436631,
    "1":0.062623272,
    "2":0.1280440904,
    "3":0.0770140558,
    "4":0.1187506364,
    "5":0.0969293506,
    "6":0.1728011716,
    "7":0.115292964,
    "8":0.1106898989,
    "9":0.1213951706,
    "10":0.0721611617,
    "11":0.1139622499,
    "12":0.05293046,
    "13":0.057075731,
    "14":0.0636797179,
    "15":0.06721327,
    "16":0.06466338,
    "17":0.0587271359,
    "18":0.10082507,
    "19":0.05433276,
    "20":0.06501338,
    "21":0.072408282,
    "22":0.0751447757,
    "23":0.069426552,
    "24":0.0628065026,
    "25":0.056818621,
    "26":0.1211021071,
    "27":0.0703325561,
    "28":0.0760265452,
    "29":0.05791679,
    "30":0.1240814195,
    "31":0.1153603218,
    "32":0.05761208,
    "33":0.0776183014,
    "34":0.069683502,
    "35":0.174861771,
    "36":0.06167718,
    "37":0.1637861168,
    "38":0.0776424281,
    "39":0.06288158,
    "40":0.094113182,
    "41":0.118597972,
    "42":0.06125189,
    "43":0.101457408,
    "44":0.114395841,
    "45":0.1656756198,
    "46":0.1506856711,
    "47":0.066751872,
    "48":0.0664319,
    "49":0.081926372
  },
  "Prop":{
    "0":0.06561836,
    "1":0.0768150638,
    "2":0.14344467,
    "3":0.0699807809,
    "4":0.1260720248,
    "5":0.0877981828,
    "6":0.1782879965,
    "7":0.116703058,
    "8":0.1174618359,
    "9":0.1247598315,
    "10":0.0870263448,
    "11":0.1170025379,
    "12":0.062164101,
    "13":0.066435312,
    "14":0.072450058,
    "15":0.07001608,
    "16":0.06364909,
    "17":0.0701457908,
    "18":0.112505102,
    "19":0.067755882,
    "20":0.06059526,
    "21":0.0733563407,
    "22":0.0849901033,
    "23":0.07426276,
    "24":0.0881324347,
    "25":0.07128885,
    "26":0.1236297328,
    "27":0.0861755178,
    "28":0.0811431343,
    "29":0.06664753,
    "30":0.1308654112,
    "31":0.1222232578,
    "32":0.06338179,
    "33":0.0783930404,
    "34":0.070981952,
    "35":0.1652239547,
    "36":0.0586168,
    "37":0.1695556713,
    "38":0.0907625318,
    "39":0.069825385,
    "40":0.1282652518,
    "41":0.116466466,
    "42":0.07224367,
    "43":0.1285376837,
    "44":0.121768141,
    "45":0.1749594879,
    "46":0.1859043731,
    "47":0.065488851,
    "48":0.0609455,
    "49":0.0820217611
  },
  "Delta_Uniform":{
    "0":-0.026639469,
    "1":-0.0241869941,
    "2":-0.0322395728,
    "3":-0.0349783941,
    "4":-0.0376649228,
    "5":-0.0406310283,
    "6":-0.0878215818,
    "7":-0.051706831,
    "8":-0.0494070669,
    "9":-0.0600204756,
    "10":-0.0219227186,
    "11":-0.0513189399,
    "12":-0.010511179,
    "13":-0.020843699,
    "14":-0.0211056621,
    "15":-0.03488138,
    "16":-0.035737,
    "17":-0.0173980541,
    "18":-0.0349556,
    "19":-0.005750747,
    "20":-0.03809101,
    "21":-0.030592216,
    "22":-0.0313215854,
    "23":-0.030815049,
    "24":-0.0100229937,
    "25":-0.027038759,
    "26":-0.0542263111,
    "27":-0.0282696716,
    "28":-0.0321533173,
    "29":-0.01587031,
    "30":-0.0443151792,
    "31":-0.0602633219,
    "32":-0.02485562,
    "33":-0.0192485631,
    "34":-0.03317825,
    "35":-0.080309088,
    "36":-0.02581141,
    "37":-0.0791055204,
    "38":-0.0259310713,
    "39":-0.0317766761,
    "40":-0.0244587821,
    "41":-0.056897071,
    "42":-0.02902881,
    "43":-0.0348205617,
    "44":-0.0506103,
    "45":-0.0783429688,
    "46":-0.0564147449,
    "47":-0.033445979,
    "48":-0.03581621,
    "49":-0.0282837521
  },
  "Delta_Prop":{
    "0":-0.031821198,
    "1":-0.0383787859,
    "2":-0.0476401524,
    "3":-0.0279451192,
    "4":-0.0449863112,
    "5":-0.0314998605,
    "6":-0.0933084067,
    "7":-0.053116925,
    "8":-0.0561790039,
    "9":-0.0633851365,
    "10":-0.0367879017,
    "11":-0.0543592279,
    "12":-0.01974482,
    "13":-0.03020328,
    "14":-0.0298760022,
    "15":-0.03768419,
    "16":-0.03472271,
    "17":-0.028816709,
    "18":-0.046635632,
    "19":-0.019173869,
    "20":-0.03367289,
    "21":-0.0315402747,
    "22":-0.041166913,
    "23":-0.035651257,
    "24":-0.0353489258,
    "25":-0.041508988,
    "26":-0.0567539368,
    "27":-0.0441126333,
    "28":-0.0372699064,
    "29":-0.02460105,
    "30":-0.0510991709,
    "31":-0.0671262579,
    "32":-0.03062533,
    "33":-0.0200233021,
    "34":-0.0344767,
    "35":-0.0706712717,
    "36":-0.02275103,
    "37":-0.0848750749,
    "38":-0.039051175,
    "39":-0.0387204811,
    "40":-0.0586108519,
    "41":-0.054765565,
    "42":-0.04002059,
    "43":-0.0619008374,
    "44":-0.0579826,
    "45":-0.0876268369,
    "46":-0.0916334469,
    "47":-0.032182958,
    "48":-0.03032981,
    "49":-0.0283791412
  }
}