{
  "Astrahl":{
    "0":0.02277187,
    "1":0.02883435,
    "2":0.049736224,
    "3":0.0270489169,
    "4":0.048594723,
    "5":0.0364773095,
    "6":0.050331602,
    "7":0.043788541,
    "8":0.04012788,
    "9":0.048957683,
    "10":0.0325042496,
    "11":0.03561,
    "12":0.02179837,
    "13":0.02162602,
    "14":0.028583601,
    "15":0.0202935,
    "16":0.02511139,
    "17":0.027113505,
    "18":0.03668229,
    "19":0.02627767,
    "20":0.02247768,
    "21":0.029034151,
    "22":0.0312268945,
    "23":0.027774531,
    "24":0.0371512299,
    "25":0.02297134,
    "26":0.046558874,
    "27":0.0377963759,
    "28":0.0333291219,
    "29":0.02299949,
    "30":0.0543699009,
    "31":0.0566709167,
    "32":0.02220659,
    "33":0.0317207388,
    "34":0.02719528,
    "35":0.0646754569,
    "36":0.02519669,
    "37":0.0734212515,
    "38":0.032104995,
    "39":0.03299362,
    "40":0.043471631,
    "41":0.040052721,
    "42":0.0292164,
    "43":0.037822361,
    "44":0.03815759,
    "45":0.049024361,
    "46":0.06632423,
    "47":0.023085131,
    "48":0.02358008,
    "49":0.03548083
  },
  "Uniform":{
    "0":0.0425816,
    "1":0.0473406359,
    "2":0.1035774958,
    "3":0.0557412579,
    "4":0.1003153789,
    "5":0.0621629748,
    "6":0.1298434349,
    "7":0.088841172,
    "8":0.094048541,
    "9":0.0912789289,
    "10":0.0613098906,
    "11":0.10464486,
    "12":0.0474944,
    "13":0.054807041,
    "14":0.048994511,
    "15":0.04874669,
    "16":0.0464054,
    "17":0.052480332,
    "18":0.08855539,
    "19":0.05032828,
    "20":0.05418829,
    "21":0.05379307,
    "22":0.0625139027,
    "23":0.05712859,
    "24":0.0620390266,
    "25":0.0419641,
    "26":0.0994644489,
    "27":0.048347615,
    "28":0.0629601971,
    "29":0.0405172,
    "30":0.0939544868,
    "31":0.0948151849,
    "32":0.04633049,
    "33":0.054518861,
    "34":0.04047459,
    "35":0.142714953,
    "36":0.0484115,
    "37":0.1213313618,
    "38":0.0584850388,
    "39":0.051815302,
    "40":0.0881348,
    "41":0.100775,
    "42":0.04377649,
    "43":0.0941492079,
    "44":0.0923482,
    "45":0.1359573469,
    "46":0.1397846018,
    "47":0.04791409,
    "48":0.04845929,
    "49":0.0554371737
  },
  "Prop":{
    "0":0.0560972,
    "1":0.052122453,
    "2":0.1149780177,
    "3":0.05442046,
    "4":0.1103119179,
    "5":0.0688432323,
    "6":0.12915014,
    "7":0.090644343,
    "8":0.100331681,
    "9":0.0985735862,
    "10":0.0582296436,
    "11":0.093314351,
    "12":0.047652631,
    "13":0.062510951,
    "14":0.0544399669,
    "15":0.0503882,
    "16":0.0473631,
    "17":0.051108341,
    "18":0.09469379,
    "19":0.0496044,
    "20":0.0526792,
    "21":0.05262116,
    "22":0.067549344,
    "23":0.06330047,
    "24":0.0696390313,
    "25":0.05582969,
    "26":0.10339417,
    "27":0.0609341269,
    "28":0.0589889329,
    "29":0.04577649,
    "30":0.1086951058,
    "31":0.092959612,
    "32":0.05218039,
    "33":0.0614419965,
    "34":0.05278668,
    "35":0.1589410599,
    "36":0.06037008,
    "37":0.1375513929,
    "38":0.0654921548,
    "39":0.0528142,
    "40":0.096022261,
    "41":0.09657877,
    "42":0.05493759,
    "43":0.1105357679,
    "44":0.108475361,
    "45":0.1458088149,
    "46":0.138811802,
    "47":0.05367398,
    "48":0.05856439,
    "49":0.0579237008
  },
  "Delta_Uniform":{
    "0":-0.01980973,
    "1":-0.0185062859,
    "2":-0.0538412718,
    "3":-0.028692341,
    "4":-0.0517206559,
    "5":-0.0256856653,
    "6":-0.0795118329,
    "7":-0.045052631,
    "8":-0.053920661,
    "9":-0.0423212459,
    "10":-0.028805641,
    "11":-0.06903486,
    "12":-0.02569603,
    "13":-0.033181021,
    "14":-0.02041091,
    "15":-0.02845319,
    "16":-0.02129401,
    "17":-0.025366827,
    "18":-0.0518731,
    "19":-0.02405061,
    "20":-0.03171061,
    "21":-0.024758919,
    "22":-0.0312870082,
    "23":-0.029354059,
    "24":-0.0248877967,
    "25":-0.01899276,
    "26":-0.0529055749,
    "27":-0.0105512391,
    "28":-0.0296310752,
    "29":-0.01751771,
    "30":-0.0395845859,
    "31":-0.0381442682,
    "32":-0.0241239,
    "33":-0.0227981222,
    "34":-0.01327931,
    "35":-0.0780394961,
    "36":-0.02321481,
    "37":-0.0479101103,
    "38":-0.0263800438,
    "39":-0.018821682,
    "40":-0.044663169,
    "41":-0.060722279,
    "42":-0.01456009,
    "43":-0.0563268469,
    "44":-0.05419061,
    "45":-0.0869329859,
    "46":-0.0734603718,
    "47":-0.024828959,
    "48":-0.02487921,
    "49":-0.0199563437
  },
  "Delta_Prop":{
    "0":-0.03332533,
    "1":-0.023288103,
    "2":-0.0652417937,
    "3":-0.0273715431,
    "4":-0.0617171949,
    "5":-0.0323659228,
    "6":-0.078818538,
    "7":-0.046855802,
    "8":-0.060203801,
    "9":-0.0496159032,
    "10":-0.025725394,
    "11":-0.057704351,
    "12":-0.025854261,
    "13":-0.040884931,
    "14":-0.0258563659,
    "15":-0.0300947,
    "16":-0.02225171,
    "17":-0.023994836,
    "18":-0.0580115,
    "19":-0.02332673,
    "20":-0.03020152,
    "21":-0.023587009,
    "22":-0.0363224495,
    "23":-0.035525939,
    "24":-0.0324878014,
    "25":-0.03285835,
    "26":-0.056835296,
    "27":-0.023137751,
    "28":-0.025659811,
    "29":-0.022777,
    "30":-0.0543252049,
    "31":-0.0362886953,
    "32":-0.0299738,
    "33":-0.0297212577,
    "34":-0.0255914,
    "35":-0.094265603,
    "36":-0.03517339,
    "37":-0.0641301414,
    "38":-0.0333871598,
    "39":-0.01982058,
    "40":-0.05255063,
    "41":-0.056526049,
    "42":-0.02572119,
    "43":-0.0727134069,
    "44":-0.070317771,
    "45":-0.0967844539,
    "46":-0.072487572,
    "47":-0.030588849,
    "48":-0.03498431,
    "49":-0.0224428708
  }
}