{
  "Astrahl":{
    "0":0.0564250997,
    "1":0.02718487,
    "2":0.0582482439,
    "3":0.1029354569,
    "4":0.028263412,
    "5":0.0673451226,
    "6":0.1163283219,
    "7":0.025452628,
    "8":0.0349394917,
    "9":0.0574779368,
    "10":0.0274963636,
    "11":0.026346655,
    "12":0.0675805992,
    "13":0.0266336358,
    "14":0.0892053043,
    "15":0.0526861601,
    "16":0.0821514662,
    "17":0.0239428334,
    "18":0.0574855507,
    "19":0.0593770142,
    "20":0.0649893972,
    "21":0.0233218564,
    "22":0.070667865,
    "23":0.0294904558,
    "24":0.0537128332,
    "25":0.03418354,
    "26":0.0528713069,
    "27":0.0535180461,
    "28":0.0206610499,
    "29":0.0314899948,
    "30":0.1300443657,
    "31":0.0276357679,
    "32":0.0397649896,
    "33":0.0353395947,
    "34":0.030257721,
    "35":0.0304881309,
    "36":0.03318183,
    "37":0.0372439482,
    "38":0.03018069,
    "39":0.04517784,
    "40":0.0523653332,
    "41":0.0230709424,
    "42":0.0842917411,
    "43":0.03035017,
    "44":0.0579427238,
    "45":0.0279336326,
    "46":0.0293339269,
    "47":0.0343287684,
    "48":0.088103135,
    "49":0.0599249497
  },
  "Uniform":{
    "0":0.1494811373,
    "1":0.08108613,
    "2":0.1595103756,
    "3":0.2729452578,
    "4":0.078103313,
    "5":0.1612131011,
    "6":0.288011433,
    "7":0.0822273918,
    "8":0.080385696,
    "9":0.1538470492,
    "10":0.0841800746,
    "11":0.087151073,
    "12":0.1608637093,
    "13":0.0852827786,
    "14":0.229093071,
    "15":0.1576888111,
    "16":0.2167720099,
    "17":0.0723553525,
    "18":0.1613997289,
    "19":0.157481174,
    "20":0.1621043978,
    "21":0.0825494766,
    "22":0.163768753,
    "23":0.0792647817,
    "24":0.1511126118,
    "25":0.07507366,
    "26":0.1519142449,
    "27":0.1500248718,
    "28":0.0842827308,
    "29":0.0782374666,
    "30":0.3500684394,
    "31":0.0832693256,
    "32":0.0758134929,
    "33":0.0785220537,
    "34":0.082101193,
    "35":0.0802241642,
    "36":0.08307901,
    "37":0.0764648573,
    "38":0.08107114,
    "39":0.08107257,
    "40":0.15771797,
    "41":0.0804793494,
    "42":0.2324960323,
    "43":0.083155612,
    "44":0.1593785588,
    "45":0.0793658364,
    "46":0.085130013,
    "47":0.0851384156,
    "48":0.2246736299,
    "49":0.1549570181
  },
  "Prop":{
    "0":0.1547258928,
    "1":0.08207122,
    "2":0.1606088011,
    "3":0.2811926161,
    "4":0.087088615,
    "5":0.1612472107,
    "6":0.2810454295,
    "7":0.0792149488,
    "8":0.0804113952,
    "9":0.1592627646,
    "10":0.0742306107,
    "11":0.078144338,
    "12":0.1584561877,
    "13":0.0862716835,
    "14":0.2344061489,
    "15":0.1606238739,
    "16":0.2299951927,
    "17":0.0883777975,
    "18":0.1582732904,
    "19":0.1515990486,
    "20":0.1588698278,
    "21":0.0845763249,
    "22":0.160177203,
    "23":0.0901927655,
    "24":0.1565386455,
    "25":0.09007036,
    "26":0.1529843192,
    "27":0.1539906057,
    "28":0.0812628448,
    "29":0.0862482923,
    "30":0.3501664806,
    "31":0.0862459968,
    "32":0.0708090361,
    "33":0.0785541124,
    "34":0.083113527,
    "35":0.0822037844,
    "36":0.08307541,
    "37":0.0785640197,
    "38":0.08208766,
    "39":0.07907677,
    "40":0.1567457344,
    "41":0.0784689042,
    "42":0.2266575281,
    "43":0.080154137,
    "44":0.1567661909,
    "45":0.0813928743,
    "46":0.0871395961,
    "47":0.0891614302,
    "48":0.2274495424,
    "49":0.1613721697
  },
  "Delta_Uniform":{
    "0":-0.0930560376,
    "1":-0.05390126,
    "2":-0.1012621316,
    "3":-0.1700098009,
    "4":-0.049839901,
    "5":-0.0938679785,
    "6":-0.1716831111,
    "7":-0.0567747638,
    "8":-0.0454462044,
    "9":-0.0963691124,
    "10":-0.056683711,
    "11":-0.060804418,
    "12":-0.0932831101,
    "13":-0.0586491428,
    "14":-0.1398877666,
    "15":-0.105002651,
    "16":-0.1346205437,
    "17":-0.0484125191,
    "18":-0.1039141782,
    "19":-0.0981041598,
    "20":-0.0971150006,
    "21":-0.0592276202,
    "22":-0.093100888,
    "23":-0.0497743259,
    "24":-0.0973997786,
    "25":-0.04089012,
    "26":-0.099042938,
    "27":-0.0965068257,
    "28":-0.0636216809,
    "29":-0.0467474718,
    "30":-0.2200240736,
    "31":-0.0556335576,
    "32":-0.0360485032,
    "33":-0.043182459,
    "34":-0.051843472,
    "35":-0.0497360333,
    "36":-0.04989718,
    "37":-0.0392209091,
    "38":-0.05089045,
    "39":-0.03589473,
    "40":-0.1053526368,
    "41":-0.0574084071,
    "42":-0.1482042913,
    "43":-0.052805442,
    "44":-0.101435835,
    "45":-0.0514322037,
    "46":-0.0557960861,
    "47":-0.0508096472,
    "48":-0.1365704949,
    "49":-0.0950320685
  },
  "Delta_Prop":{
    "0":-0.0983007931,
    "1":-0.05488635,
    "2":-0.1023605571,
    "3":-0.1782571592,
    "4":-0.058825203,
    "5":-0.0939020881,
    "6":-0.1647171075,
    "7":-0.0537623208,
    "8":-0.0454719035,
    "9":-0.1017848279,
    "10":-0.0467342471,
    "11":-0.051797683,
    "12":-0.0908755885,
    "13":-0.0596380478,
    "14":-0.1452008445,
    "15":-0.1079377138,
    "16":-0.1478437265,
    "17":-0.0644349641,
    "18":-0.1007877397,
    "19":-0.0922220344,
    "20":-0.0938804307,
    "21":-0.0612544684,
    "22":-0.089509338,
    "23":-0.0607023097,
    "24":-0.1028258123,
    "25":-0.05588682,
    "26":-0.1001130123,
    "27":-0.1004725596,
    "28":-0.0606017949,
    "29":-0.0547582975,
    "30":-0.2201221148,
    "31":-0.0586102289,
    "32":-0.0310440464,
    "33":-0.0432145176,
    "34":-0.052855806,
    "35":-0.0517156535,
    "36":-0.04989358,
    "37":-0.0413200715,
    "38":-0.05190697,
    "39":-0.03389893,
    "40":-0.1043804011,
    "41":-0.0553979619,
    "42":-0.142365787,
    "43":-0.049803967,
    "44":-0.0988234671,
    "45":-0.0534592417,
    "46":-0.0578056692,
    "47":-0.0548326618,
    "48":-0.1393464074,
    "49":-0.10144722
  }
}