{
  "Astrahl":{
    "0":0.0000040951,
    "1":0.00000271,
    "2":0.0000155614,
    "3":0.00000542,
    "4":0.00001355,
    "5":0.0000187424,
    "6":0.0000104341,
    "7":0.0000099731,
    "8":0.0000168511,
    "9":0.0000099731,
    "10":0.0000040951,
    "11":0.00000542,
    "12":0.0000281135,
    "13":0.000003439,
    "14":0.0,
    "15":0.000042268,
    "16":0.0000077807,
    "17":0.0,
    "18":0.0000065341,
    "19":0.0000040951,
    "20":0.0000330329,
    "21":0.0,
    "22":0.00000271,
    "23":0.0,
    "24":0.000003439,
    "25":0.00000271,
    "26":0.0,
    "27":0.0000168511,
    "28":0.0,
    "29":0.0000081902,
    "30":0.0001931167,
    "31":0.00000542,
    "32":0.0000040951,
    "33":0.0000081902,
    "34":0.00000542,
    "35":0.0000040951,
    "36":0.0,
    "37":0.0,
    "38":0.00000271,
    "39":0.00000271,
    "40":0.0000104341,
    "41":0.0,
    "42":0.00000271,
    "43":0.00000271,
    "44":0.0000113907,
    "45":0.0000040951,
    "46":0.0,
    "47":0.00000271,
    "48":0.0000077807,
    "49":0.000013008
  },
  "Uniform":{
    "0":0.0000891717,
    "1":0.00001041,
    "2":0.0000739759,
    "3":0.000086973,
    "4":0.000019998,
    "5":0.0001145253,
    "6":0.0001650066,
    "7":0.0000620442,
    "8":0.0000353182,
    "9":0.000039777,
    "10":0.000005339,
    "11":0.000019549,
    "12":0.0003420652,
    "13":0.000030987,
    "14":0.0000249741,
    "15":0.0001882837,
    "16":0.0000485872,
    "17":0.0000657887,
    "18":0.00003075,
    "19":0.000031379,
    "20":0.0002514962,
    "21":0.0000392079,
    "22":0.00002842,
    "23":0.00001141,
    "24":0.0000734201,
    "25":0.0000096,
    "26":0.000027489,
    "27":0.0001378423,
    "28":0.000019459,
    "29":0.000021169,
    "30":0.0015104759,
    "31":0.0000411431,
    "32":0.000020708,
    "33":0.000046836,
    "34":0.000029199,
    "35":0.000016279,
    "36":0.00001431,
    "37":0.000030809,
    "38":0.0000067,
    "39":0.0000097,
    "40":0.0000279377,
    "41":0.0000190736,
    "42":0.000080575,
    "43":0.000022779,
    "44":0.0000927608,
    "45":0.00002676,
    "46":0.00001141,
    "47":0.000025408,
    "48":0.0000817061,
    "49":0.0002024046
  },
  "Prop":{
    "0":0.0000627659,
    "1":0.0000173,
    "2":0.0001431664,
    "3":0.0000666442,
    "4":0.0000059,
    "5":0.0001626399,
    "6":0.0001614379,
    "7":0.000041487,
    "8":0.0000406941,
    "9":0.0000551701,
    "10":0.00001393,
    "11":0.00003194,
    "12":0.0002877583,
    "13":0.000025869,
    "14":0.000034989,
    "15":0.000231536,
    "16":0.0000383431,
    "17":0.000042207,
    "18":0.00001763,
    "19":0.0000449862,
    "20":0.0002308413,
    "21":0.0000497528,
    "22":0.000013949,
    "23":0.00001835,
    "24":0.000052538,
    "25":0.0000106,
    "26":0.000019979,
    "27":0.000101976,
    "28":0.000010149,
    "29":0.00001592,
    "30":0.0015431473,
    "31":0.000020088,
    "32":0.0000848283,
    "33":0.000044197,
    "34":0.00001583,
    "35":0.00001944,
    "36":0.00001341,
    "37":0.000031189,
    "38":0.00001711,
    "39":0.00000861,
    "40":0.0000418818,
    "41":0.0000283177,
    "42":0.0000941651,
    "43":0.00001944,
    "44":0.0000750184,
    "45":0.000024508,
    "46":0.0000197351,
    "47":0.00002675,
    "48":0.000096745,
    "49":0.0001868006
  },
  "Delta_Uniform":{
    "0":-0.0000850766,
    "1":-0.0000077,
    "2":-0.0000584145,
    "3":-0.000081553,
    "4":-0.000006448,
    "5":-0.0000957829,
    "6":-0.0001545725,
    "7":-0.0000520711,
    "8":-0.0000184671,
    "9":-0.0000298039,
    "10":-0.0000012439,
    "11":-0.000014129,
    "12":-0.0003139516,
    "13":-0.000027548,
    "14":-0.0000249741,
    "15":-0.0001460157,
    "16":-0.0000408065,
    "17":-0.0000657887,
    "18":-0.0000242159,
    "19":-0.0000272839,
    "20":-0.0002184633,
    "21":-0.0000392079,
    "22":-0.00002571,
    "23":-0.00001141,
    "24":-0.0000699811,
    "25":-0.00000689,
    "26":-0.000027489,
    "27":-0.0001209912,
    "28":-0.000019459,
    "29":-0.0000129788,
    "30":-0.0013173591,
    "31":-0.0000357231,
    "32":-0.0000166129,
    "33":-0.0000386458,
    "34":-0.000023779,
    "35":-0.0000121839,
    "36":-0.00001431,
    "37":-0.000030809,
    "38":-0.00000399,
    "39":-0.00000699,
    "40":-0.0000175036,
    "41":-0.0000190736,
    "42":-0.000077865,
    "43":-0.000020069,
    "44":-0.0000813701,
    "45":-0.0000226649,
    "46":-0.00001141,
    "47":-0.000022698,
    "48":-0.0000739254,
    "49":-0.0001893966
  },
  "Delta_Prop":{
    "0":-0.0000586708,
    "1":-0.00001459,
    "2":-0.000127605,
    "3":-0.0000612242,
    "4":0.00000765,
    "5":-0.0001438975,
    "6":-0.0001510038,
    "7":-0.0000315139,
    "8":-0.000023843,
    "9":-0.000045197,
    "10":-0.0000098349,
    "11":-0.00002652,
    "12":-0.0002596448,
    "13":-0.00002243,
    "14":-0.000034989,
    "15":-0.000189268,
    "16":-0.0000305624,
    "17":-0.000042207,
    "18":-0.0000110959,
    "19":-0.0000408911,
    "20":-0.0001978084,
    "21":-0.0000497528,
    "22":-0.000011239,
    "23":-0.00001835,
    "24":-0.000049099,
    "25":-0.00000789,
    "26":-0.000019979,
    "27":-0.0000851249,
    "28":-0.000010149,
    "29":-0.0000077298,
    "30":-0.0013500305,
    "31":-0.000014668,
    "32":-0.0000807332,
    "33":-0.0000360068,
    "34":-0.00001041,
    "35":-0.0000153449,
    "36":-0.00001341,
    "37":-0.000031189,
    "38":-0.0000144,
    "39":-0.0000059,
    "40":-0.0000314477,
    "41":-0.0000283177,
    "42":-0.0000914551,
    "43":-0.00001673,
    "44":-0.0000636277,
    "45":-0.0000204129,
    "46":-0.0000197351,
    "47":-0.00002404,
    "48":-0.0000889643,
    "49":-0.0001737926
  }
}