{
  "Astrahl":{
    "0":0.5960527464,
    "1":0.3895605719,
    "2":0.3864523861,
    "3":0.2644932457,
    "4":0.325837486,
    "5":0.2684051245,
    "6":0.319068802,
    "7":0.325285633,
    "8":0.460608577,
    "9":0.3856114846,
    "10":0.3982121422,
    "11":0.3915615826,
    "12":0.334444789,
    "13":0.329414689,
    "14":0.3873099088,
    "15":0.3891137464,
    "16":0.4520088702,
    "17":0.25592671,
    "18":0.3880535981,
    "19":0.3332229485,
    "20":0.3927150268,
    "21":0.268012306,
    "22":0.3368214748,
    "23":0.3473930618,
    "24":0.2742572854,
    "25":0.26159833,
    "26":0.26296075,
    "27":0.4458964531,
    "28":0.4259004861,
    "29":0.25713109,
    "30":0.5055776684,
    "31":0.316838053,
    "32":0.336854944,
    "33":0.3795811237,
    "34":0.3822923476,
    "35":0.6475693886,
    "36":0.2852917072,
    "37":0.5461158834,
    "38":0.3340262053,
    "39":0.262213516,
    "40":0.3531313591,
    "41":0.3938198788,
    "42":0.4601527844,
    "43":0.5386011582,
    "44":0.26500195,
    "45":0.3456589166,
    "46":0.26241967,
    "47":0.5152525695,
    "48":0.329605687,
    "49":0.5175461094
  },
  "Uniform":{
    "0":0.6051089198,
    "1":0.4065058873,
    "2":0.3898972027,
    "3":0.265262932,
    "4":0.321146452,
    "5":0.2710507789,
    "6":0.320418829,
    "7":0.327770794,
    "8":0.440517738,
    "9":0.3807161767,
    "10":0.3990512915,
    "11":0.3885305464,
    "12":0.33173947,
    "13":0.319199617,
    "14":0.3774000205,
    "15":0.3870405433,
    "16":0.4393337472,
    "17":0.26328961,
    "18":0.3850302966,
    "19":0.3341309406,
    "20":0.3915383836,
    "21":0.263156446,
    "22":0.3246474745,
    "23":0.3457344556,
    "24":0.282631033,
    "25":0.25295077,
    "26":0.26084341,
    "27":0.4346994505,
    "28":0.4470391168,
    "29":0.2535526,
    "30":0.5001790309,
    "31":0.326442637,
    "32":0.325757296,
    "33":0.3810574216,
    "34":0.3779499862,
    "35":0.6259948382,
    "36":0.2964807443,
    "37":0.5339896368,
    "38":0.3351366181,
    "39":0.262221544,
    "40":0.3556869743,
    "41":0.3900546667,
    "42":0.4446169196,
    "43":0.5332899008,
    "44":0.26201548,
    "45":0.3397260595,
    "46":0.25957414,
    "47":0.4942371649,
    "48":0.323920135,
    "49":0.5281874419
  },
  "Prop":{
    "0":0.6086686023,
    "1":0.4043107344,
    "2":0.3936842119,
    "3":0.273026215,
    "4":0.330054832,
    "5":0.265585384,
    "6":0.326338957,
    "7":0.325606312,
    "8":0.4495093917,
    "9":0.3854992186,
    "10":0.4000086957,
    "11":0.3919836007,
    "12":0.328395385,
    "13":0.321327811,
    "14":0.3869439508,
    "15":0.3923450389,
    "16":0.4446093744,
    "17":0.25867747,
    "18":0.3896380497,
    "19":0.3371228807,
    "20":0.3991110118,
    "21":0.260141608,
    "22":0.3247818049,
    "23":0.3455762553,
    "24":0.2804093407,
    "25":0.25036264,
    "26":0.26276869,
    "27":0.4424358674,
    "28":0.441659373,
    "29":0.25737742,
    "30":0.4955990658,
    "31":0.324845884,
    "32":0.32653441,
    "33":0.3932032177,
    "34":0.383665492,
    "35":0.6239647711,
    "36":0.2936260386,
    "37":0.5442141702,
    "38":0.3308954419,
    "39":0.264999277,
    "40":0.358447246,
    "41":0.3917030005,
    "42":0.44573479,
    "43":0.547285288,
    "44":0.25726312,
    "45":0.3423982892,
    "46":0.25754347,
    "47":0.500450407,
    "48":0.319452094,
    "49":0.541470048
  },
  "Delta_Uniform":{
    "0":-0.0090561734,
    "1":-0.0169453154,
    "2":-0.0034448166,
    "3":-0.0007696863,
    "4":0.004691034,
    "5":-0.0026456544,
    "6":-0.001350027,
    "7":-0.002485161,
    "8":0.0200908391,
    "9":0.0048953079,
    "10":-0.0008391493,
    "11":0.0030310362,
    "12":0.002705319,
    "13":0.010215072,
    "14":0.0099098883,
    "15":0.0020732031,
    "16":0.012675123,
    "17":-0.0073629,
    "18":0.0030233015,
    "19":-0.0009079921,
    "20":0.0011766432,
    "21":0.00485586,
    "22":0.0121740003,
    "23":0.0016586062,
    "24":-0.0083737476,
    "25":0.00864756,
    "26":0.00211734,
    "27":0.0111970026,
    "28":-0.0211386307,
    "29":0.00357849,
    "30":0.0053986375,
    "31":-0.009604584,
    "32":0.011097648,
    "33":-0.0014762979,
    "34":0.0043423614,
    "35":0.0215745504,
    "36":-0.0111890371,
    "37":0.0121262466,
    "38":-0.0011104128,
    "39":-0.000008028,
    "40":-0.0025556152,
    "41":0.0037652121,
    "42":0.0155358648,
    "43":0.0053112574,
    "44":0.00298647,
    "45":0.0059328571,
    "46":0.00284553,
    "47":0.0210154046,
    "48":0.005685552,
    "49":-0.0106413325
  },
  "Delta_Prop":{
    "0":-0.0126158559,
    "1":-0.0147501625,
    "2":-0.0072318258,
    "3":-0.0085329693,
    "4":-0.004217346,
    "5":0.0028197405,
    "6":-0.007270155,
    "7":-0.000320679,
    "8":0.0110991854,
    "9":0.000112266,
    "10":-0.0017965534,
    "11":-0.0004220181,
    "12":0.006049404,
    "13":0.008086878,
    "14":0.000365958,
    "15":-0.0032312925,
    "16":0.0073994958,
    "17":-0.00275076,
    "18":-0.0015844515,
    "19":-0.0038999322,
    "20":-0.006395985,
    "21":0.007870698,
    "22":0.0120396699,
    "23":0.0018168065,
    "24":-0.0061520553,
    "25":0.01123569,
    "26":0.00019206,
    "27":0.0034605857,
    "28":-0.015758887,
    "29":-0.00024633,
    "30":0.0099786026,
    "31":-0.008007831,
    "32":0.010320534,
    "33":-0.013622094,
    "34":-0.0013731444,
    "35":0.0236046175,
    "36":-0.0083343314,
    "37":0.0019017132,
    "38":0.0031307634,
    "39":-0.002785761,
    "40":-0.005315887,
    "41":0.0021168783,
    "42":0.0144179943,
    "43":-0.0086841298,
    "44":0.00773883,
    "45":0.0032606275,
    "46":0.0048762,
    "47":0.0148021625,
    "48":0.010153593,
    "49":-0.0239239385
  }
}