{
  "Astrahl":{
    "0":0.00000129,
    "1":0.00000109,
    "2":0.00000109,
    "3":0.0000037569,
    "4":0.0000001,
    "5":0.0,
    "6":0.0,
    "7":0.0,
    "8":0.0,
    "9":0.0000024149,
    "10":0.0,
    "11":0.0,
    "12":0.0,
    "13":0.000001171,
    "14":0.00000109,
    "15":0.00000038,
    "16":0.00000019,
    "17":0.0000030027,
    "18":0.0,
    "19":0.00000109,
    "20":0.0000012439,
    "21":0.00000109,
    "22":0.0,
    "23":0.0,
    "24":0.000001171,
    "25":0.000000722,
    "26":0.000000361,
    "27":0.0000040271,
    "28":0.00000128,
    "29":0.0000029732,
    "30":0.0000025173,
    "31":0.0,
    "32":0.0,
    "33":0.00000109,
    "34":0.0,
    "35":0.00000109,
    "36":0.000001171,
    "37":0.000002271,
    "38":0.0,
    "39":0.0,
    "40":0.0,
    "41":0.0,
    "42":0.0,
    "43":0.0000043444,
    "44":0.00000109,
    "45":0.0,
    "46":0.000001171,
    "47":0.00000218,
    "48":0.00000109,
    "49":0.0
  },
  "Uniform":{
    "0":0.000003629,
    "1":0.00000609,
    "2":0.000018229,
    "3":0.0000232259,
    "4":0.0000155249,
    "5":0.000005171,
    "6":0.0000049713,
    "7":0.00000528,
    "8":0.000001,
    "9":0.0000062978,
    "10":0.00000851,
    "11":0.0000069,
    "12":0.0000011,
    "13":0.000002,
    "14":0.0000096949,
    "15":0.00000219,
    "16":0.00000537,
    "17":0.000004793,
    "18":0.000002,
    "19":0.000008161,
    "20":0.0000011,
    "21":0.000003,
    "22":0.000002,
    "23":0.00000409,
    "24":0.000008,
    "25":0.00000319,
    "26":0.000009263,
    "27":0.0000057,
    "28":0.0000063149,
    "29":0.000004971,
    "30":0.000001,
    "31":0.000001,
    "32":0.00000309,
    "33":0.000006781,
    "34":0.0000068,
    "35":0.0000112669,
    "36":0.0000081249,
    "37":0.00000879,
    "38":0.000002,
    "39":0.00000119,
    "40":0.00000409,
    "41":0.0000059,
    "42":0.0000113618,
    "43":0.0000067154,
    "44":0.000005,
    "45":0.0000125,
    "46":0.00000348,
    "47":0.000001,
    "48":0.00000519,
    "49":0.00000319
  },
  "Prop":{
    "0":0.00000471,
    "1":0.0000012,
    "2":0.0000102859,
    "3":0.0000289327,
    "4":0.0000086124,
    "5":0.0000048,
    "6":0.000002292,
    "7":0.000003741,
    "8":0.000003619,
    "9":0.0000116076,
    "10":0.000007261,
    "11":0.000006071,
    "12":0.0000011,
    "13":0.000002171,
    "14":0.0000052718,
    "15":0.000002371,
    "16":0.0000087,
    "17":0.0000079032,
    "18":0.0000085759,
    "19":0.0000087,
    "20":0.000003,
    "21":0.0000001,
    "22":0.000010771,
    "23":0.0000021,
    "24":0.0000014,
    "25":0.000003451,
    "26":0.0000099679,
    "27":0.000001551,
    "28":0.000018891,
    "29":0.0000224619,
    "30":0.000005251,
    "31":0.0,
    "32":0.00000039,
    "33":0.000002,
    "34":0.0000068,
    "35":0.000002,
    "36":0.0000034959,
    "37":0.000005171,
    "38":0.0000011,
    "39":0.00000029,
    "40":0.000003,
    "41":0.0000031,
    "42":0.0000116494,
    "43":0.00000149,
    "44":0.000002,
    "45":0.0000078,
    "46":0.000006781,
    "47":0.0,
    "48":0.00000518,
    "49":0.000004441
  },
  "Delta_Uniform":{
    "0":-0.000002339,
    "1":-0.000005,
    "2":-0.000017139,
    "3":-0.000019469,
    "4":-0.0000154249,
    "5":-0.000005171,
    "6":-0.0000049713,
    "7":-0.00000528,
    "8":-0.000001,
    "9":-0.0000038829,
    "10":-0.00000851,
    "11":-0.0000069,
    "12":-0.0000011,
    "13":-0.000000829,
    "14":-0.0000086049,
    "15":-0.00000181,
    "16":-0.00000518,
    "17":-0.0000017903,
    "18":-0.000002,
    "19":-0.000007071,
    "20":0.0000001439,
    "21":-0.00000191,
    "22":-0.000002,
    "23":-0.00000409,
    "24":-0.000006829,
    "25":-0.000002468,
    "26":-0.000008902,
    "27":-0.0000016729,
    "28":-0.0000050349,
    "29":-0.0000019978,
    "30":0.0000015173,
    "31":-0.000001,
    "32":-0.00000309,
    "33":-0.000005691,
    "34":-0.0000068,
    "35":-0.0000101769,
    "36":-0.0000069539,
    "37":-0.000006519,
    "38":-0.000002,
    "39":-0.00000119,
    "40":-0.00000409,
    "41":-0.0000059,
    "42":-0.0000113618,
    "43":-0.000002371,
    "44":-0.00000391,
    "45":-0.0000125,
    "46":-0.000002309,
    "47":0.00000118,
    "48":-0.0000041,
    "49":-0.00000319
  },
  "Delta_Prop":{
    "0":-0.00000342,
    "1":-0.00000011,
    "2":-0.0000091959,
    "3":-0.0000251758,
    "4":-0.0000085124,
    "5":-0.0000048,
    "6":-0.000002292,
    "7":-0.000003741,
    "8":-0.000003619,
    "9":-0.0000091927,
    "10":-0.000007261,
    "11":-0.000006071,
    "12":-0.0000011,
    "13":-0.000001,
    "14":-0.0000041818,
    "15":-0.000001991,
    "16":-0.00000851,
    "17":-0.0000049005,
    "18":-0.0000085759,
    "19":-0.00000761,
    "20":-0.0000017561,
    "21":0.00000099,
    "22":-0.000010771,
    "23":-0.0000021,
    "24":-0.000000229,
    "25":-0.000002729,
    "26":-0.0000096069,
    "27":0.0000024761,
    "28":-0.000017611,
    "29":-0.0000194888,
    "30":-0.0000027337,
    "31":0.0,
    "32":-0.00000039,
    "33":-0.00000091,
    "34":-0.0000068,
    "35":-0.00000091,
    "36":-0.0000023249,
    "37":-0.0000029,
    "38":-0.0000011,
    "39":-0.00000029,
    "40":-0.000003,
    "41":-0.0000031,
    "42":-0.0000116494,
    "43":0.0000028544,
    "44":-0.00000091,
    "45":-0.0000078,
    "46":-0.00000561,
    "47":0.00000218,
    "48":-0.00000409,
    "49":-0.000004441
  }
}