{
  "Astrahl":{
    "0":0.0000270091,
    "1":0.000009592,
    "2":0.0000851956,
    "3":0.0000791631,
    "4":0.0000582158,
    "5":0.0000214076,
    "6":0.0000376948,
    "7":0.0000438539,
    "8":0.0000113736,
    "9":0.0000592233,
    "10":0.0000432087,
    "11":0.0000251587,
    "12":0.0000109,
    "13":0.0000170966,
    "14":0.0001102984,
    "15":0.0000265817,
    "16":0.0000459266,
    "17":0.0000750308,
    "18":0.0000240055,
    "19":0.0000343568,
    "20":0.0000062195,
    "21":0.00001199,
    "22":0.0000281198,
    "23":0.000011772,
    "24":0.0000170966,
    "25":0.0000258355,
    "26":0.0000433375,
    "27":0.000068333,
    "28":0.0000917742,
    "29":0.0000737941,
    "30":0.0000257031,
    "31":0.00000436,
    "32":0.000010539,
    "33":0.0000290267,
    "34":0.0000304219,
    "35":0.0000361226,
    "36":0.0000535018,
    "37":0.0000871336,
    "38":0.0000109,
    "39":0.000014824,
    "40":0.0000111951,
    "41":0.000019293,
    "42":0.0000471313,
    "43":0.0000372964,
    "44":0.000004251,
    "45":0.0000544117,
    "46":0.0000353993,
    "47":0.00001308,
    "48":0.000014933,
    "49":0.000013952
  },
  "Uniform":{
    "0":0.0000739952,
    "1":0.000034255,
    "2":0.0001697831,
    "3":0.0001700824,
    "4":0.0001013737,
    "5":0.0000493916,
    "6":0.0000792788,
    "7":0.0000787735,
    "8":0.0000186009,
    "9":0.0001233223,
    "10":0.0001070858,
    "11":0.0000698874,
    "12":0.00001684,
    "13":0.0000454686,
    "14":0.0001925978,
    "15":0.0000338588,
    "16":0.0000972417,
    "17":0.0000973987,
    "18":0.0000317817,
    "19":0.0000891456,
    "20":0.0000205755,
    "21":0.00001985,
    "22":0.0000740893,
    "23":0.000033514,
    "24":0.0000311839,
    "25":0.000044345,
    "26":0.0000824972,
    "27":0.0001118303,
    "28":0.0002361722,
    "29":0.0001912696,
    "30":0.0000391387,
    "31":0.00001821,
    "32":0.000020624,
    "33":0.000047019,
    "34":0.0000632729,
    "35":0.0001039918,
    "36":0.0000790363,
    "37":0.0001414765,
    "38":0.00001795,
    "39":0.000040865,
    "40":0.0000302433,
    "41":0.000031065,
    "42":0.0001119962,
    "43":0.0000746185,
    "44":0.000040295,
    "45":0.0001097469,
    "46":0.0000556751,
    "47":0.00001801,
    "48":0.000033787,
    "49":0.000036397
  },
  "Prop":{
    "0":0.0000740776,
    "1":0.000038078,
    "2":0.0002158791,
    "3":0.0002094013,
    "4":0.0000878845,
    "5":0.0000610846,
    "6":0.0000713992,
    "7":0.0000762523,
    "8":0.0000239815,
    "9":0.0001048335,
    "10":0.0000696019,
    "11":0.0000832288,
    "12":0.0000173,
    "13":0.0000359788,
    "14":0.0001611759,
    "15":0.0000511114,
    "16":0.0001079209,
    "17":0.0001224971,
    "18":0.0000422494,
    "19":0.0000747294,
    "20":0.0000293331,
    "21":0.00002022,
    "22":0.0000649399,
    "23":0.000030275,
    "24":0.000032738,
    "25":0.0000448652,
    "26":0.0000668886,
    "27":0.0001122192,
    "28":0.0002092344,
    "29":0.0001997931,
    "30":0.0000433566,
    "31":0.0000247,
    "32":0.000012714,
    "33":0.0000540456,
    "34":0.0000855525,
    "35":0.0001022681,
    "36":0.0000692196,
    "37":0.0001290615,
    "38":0.00002028,
    "39":0.000036802,
    "40":0.0000192074,
    "41":0.000036007,
    "42":0.0001178682,
    "43":0.0000809281,
    "44":0.000033507,
    "45":0.0000680707,
    "46":0.0000654618,
    "47":0.00000726,
    "48":0.000041397,
    "49":0.000044391
  },
  "Delta_Uniform":{
    "0":-0.0000469861,
    "1":-0.000024663,
    "2":-0.0000845875,
    "3":-0.0000909193,
    "4":-0.0000431579,
    "5":-0.000027984,
    "6":-0.000041584,
    "7":-0.0000349196,
    "8":-0.0000072273,
    "9":-0.000064099,
    "10":-0.0000638771,
    "11":-0.0000447287,
    "12":-0.00000594,
    "13":-0.000028372,
    "14":-0.0000822994,
    "15":-0.0000072771,
    "16":-0.000051315,
    "17":-0.0000223679,
    "18":-0.0000077762,
    "19":-0.0000547888,
    "20":-0.000014356,
    "21":-0.00000786,
    "22":-0.0000459695,
    "23":-0.000021742,
    "24":-0.0000140873,
    "25":-0.0000185095,
    "26":-0.0000391598,
    "27":-0.0000434973,
    "28":-0.000144398,
    "29":-0.0001174756,
    "30":-0.0000134357,
    "31":-0.00001385,
    "32":-0.000010085,
    "33":-0.0000179923,
    "34":-0.000032851,
    "35":-0.0000678692,
    "36":-0.0000255345,
    "37":-0.0000543429,
    "38":-0.00000705,
    "39":-0.000026041,
    "40":-0.0000190482,
    "41":-0.000011772,
    "42":-0.0000648649,
    "43":-0.0000373222,
    "44":-0.000036044,
    "45":-0.0000553352,
    "46":-0.0000202758,
    "47":-0.00000493,
    "48":-0.000018854,
    "49":-0.000022445
  },
  "Delta_Prop":{
    "0":-0.0000470685,
    "1":-0.000028486,
    "2":-0.0001306835,
    "3":-0.0001302382,
    "4":-0.0000296687,
    "5":-0.000039677,
    "6":-0.0000337044,
    "7":-0.0000323984,
    "8":-0.0000126079,
    "9":-0.0000456101,
    "10":-0.0000263932,
    "11":-0.0000580701,
    "12":-0.0000064,
    "13":-0.0000188822,
    "14":-0.0000508775,
    "15":-0.0000245297,
    "16":-0.0000619943,
    "17":-0.0000474662,
    "18":-0.0000182439,
    "19":-0.0000403726,
    "20":-0.0000231136,
    "21":-0.00000823,
    "22":-0.0000368201,
    "23":-0.000018503,
    "24":-0.0000156414,
    "25":-0.0000190297,
    "26":-0.0000235512,
    "27":-0.0000438862,
    "28":-0.0001174602,
    "29":-0.0001259991,
    "30":-0.0000176535,
    "31":-0.00002034,
    "32":-0.000002175,
    "33":-0.0000250189,
    "34":-0.0000551306,
    "35":-0.0000661456,
    "36":-0.0000157178,
    "37":-0.0000419278,
    "38":-0.00000938,
    "39":-0.000021978,
    "40":-0.0000080123,
    "41":-0.000016714,
    "42":-0.0000707369,
    "43":-0.0000436317,
    "44":-0.000029256,
    "45":-0.000013659,
    "46":-0.0000300625,
    "47":0.00000582,
    "48":-0.000026464,
    "49":-0.000030439
  }
}