{
  "Astrahl":{
    "0":0.0740779091,
    "1":0.0536438821,
    "2":0.043334812,
    "3":0.0583808217,
    "4":0.0458061636,
    "5":0.02859516,
    "6":0.043381722,
    "7":0.034436954,
    "8":0.0427123752,
    "9":0.0805112086,
    "10":0.03203497,
    "11":0.034381134,
    "12":0.0328606605,
    "13":0.0378901198,
    "14":0.0509057212,
    "15":0.0702272593,
    "16":0.023228643,
    "17":0.0366801363,
    "18":0.0514369693,
    "19":0.1143962106,
    "20":0.03080459,
    "21":0.0450904828,
    "22":0.0360572128,
    "23":0.0571963833,
    "24":0.0640268731,
    "25":0.0578850593,
    "26":0.0445276165,
    "27":0.0963994133,
    "28":0.03269302,
    "29":0.025843175,
    "30":0.0989496464,
    "31":0.043538096,
    "32":0.0534406111,
    "33":0.0630298519,
    "34":0.023346243,
    "35":0.0353864461,
    "36":0.032669675,
    "37":0.040136182,
    "38":0.0368089267,
    "39":0.055730357,
    "40":0.029411187,
    "41":0.0306951735,
    "42":0.0352876446,
    "43":0.0323435501,
    "44":0.036737091,
    "45":0.0248206613,
    "46":0.0595540329,
    "47":0.037087692,
    "48":0.03016658,
    "49":0.0450352303
  },
  "Uniform":{
    "0":0.09392963,
    "1":0.1336072903,
    "2":0.0760215606,
    "3":0.0813177283,
    "4":0.0816393442,
    "5":0.067939717,
    "6":0.0834866859,
    "7":0.069712139,
    "8":0.0791812853,
    "9":0.1932881221,
    "10":0.0640975,
    "11":0.07242795,
    "12":0.0678947633,
    "13":0.0705346153,
    "14":0.1409623323,
    "15":0.1459009999,
    "16":0.060693331,
    "17":0.0808063342,
    "18":0.1365050933,
    "19":0.1200423279,
    "20":0.06351414,
    "21":0.0727814758,
    "22":0.0764717544,
    "23":0.090017273,
    "24":0.1352459212,
    "25":0.1293875151,
    "26":0.0779693111,
    "27":0.1076679403,
    "28":0.07877818,
    "29":0.072923193,
    "30":0.1082382411,
    "31":0.072967385,
    "32":0.0833361384,
    "33":0.128395314,
    "34":0.074706365,
    "35":0.0718681486,
    "36":0.074093391,
    "37":0.068918696,
    "38":0.0681876644,
    "39":0.0768991006,
    "40":0.083711981,
    "41":0.0729750997,
    "42":0.0716261524,
    "43":0.0659486355,
    "44":0.078123763,
    "45":0.0729612435,
    "46":0.0839222328,
    "47":0.075859463,
    "48":0.07721451,
    "49":0.0827947155
  },
  "Prop":{
    "0":0.0878213978,
    "1":0.109706971,
    "2":0.0773899644,
    "3":0.073390789,
    "4":0.0730950085,
    "5":0.057495047,
    "6":0.0576845296,
    "7":0.058580755,
    "8":0.0760591426,
    "9":0.1797619583,
    "10":0.06016587,
    "11":0.069324515,
    "12":0.0681740582,
    "13":0.0706010871,
    "14":0.1182143581,
    "15":0.1321049832,
    "16":0.068179226,
    "17":0.0756510322,
    "18":0.1284059013,
    "19":0.130328943,
    "20":0.06151437,
    "21":0.0714221734,
    "22":0.058782857,
    "23":0.0795214463,
    "24":0.1238591538,
    "25":0.1155477531,
    "26":0.086971877,
    "27":0.1047497918,
    "28":0.06259436,
    "29":0.063417935,
    "30":0.1104683996,
    "31":0.060854446,
    "32":0.0783685156,
    "33":0.1295227369,
    "34":0.060698399,
    "35":0.0581562624,
    "36":0.073970735,
    "37":0.066153564,
    "38":0.0674815954,
    "39":0.0814583416,
    "40":0.062337273,
    "41":0.0635624553,
    "42":0.0594894043,
    "43":0.0669081634,
    "44":0.072177264,
    "45":0.0660316772,
    "46":0.0858691116,
    "47":0.072759275,
    "48":0.06631178,
    "49":0.0720656261
  },
  "Delta_Uniform":{
    "0":-0.0198517209,
    "1":-0.0799634082,
    "2":-0.0326867486,
    "3":-0.0229369066,
    "4":-0.0358331806,
    "5":-0.039344557,
    "6":-0.0401049639,
    "7":-0.035275185,
    "8":-0.0364689101,
    "9":-0.1127769135,
    "10":-0.03206253,
    "11":-0.038046816,
    "12":-0.0350341028,
    "13":-0.0326444955,
    "14":-0.0900566111,
    "15":-0.0756737406,
    "16":-0.037464688,
    "17":-0.0441261979,
    "18":-0.085068124,
    "19":-0.0056461173,
    "20":-0.03270955,
    "21":-0.027690993,
    "22":-0.0404145415,
    "23":-0.0328208897,
    "24":-0.0712190481,
    "25":-0.0715024558,
    "26":-0.0334416946,
    "27":-0.011268527,
    "28":-0.04608516,
    "29":-0.047080018,
    "30":-0.0092885947,
    "31":-0.029429289,
    "32":-0.0298955273,
    "33":-0.0653654621,
    "34":-0.051360122,
    "35":-0.0364817025,
    "36":-0.041423716,
    "37":-0.028782514,
    "38":-0.0313787377,
    "39":-0.0211687435,
    "40":-0.054300794,
    "41":-0.0422799262,
    "42":-0.0363385078,
    "43":-0.0336050854,
    "44":-0.041386672,
    "45":-0.0481405822,
    "46":-0.0243681999,
    "47":-0.038771771,
    "48":-0.04704793,
    "49":-0.0377594852
  },
  "Delta_Prop":{
    "0":-0.0137434887,
    "1":-0.0560630889,
    "2":-0.0340551524,
    "3":-0.0150099674,
    "4":-0.027288845,
    "5":-0.028899887,
    "6":-0.0143028076,
    "7":-0.024143801,
    "8":-0.0333467674,
    "9":-0.0992507497,
    "10":-0.0281309,
    "11":-0.034943381,
    "12":-0.0353133977,
    "13":-0.0327109673,
    "14":-0.0673086369,
    "15":-0.0618777239,
    "16":-0.044950583,
    "17":-0.0389708959,
    "18":-0.076968932,
    "19":-0.0159327323,
    "20":-0.03070978,
    "21":-0.0263316906,
    "22":-0.0227256441,
    "23":-0.022325063,
    "24":-0.0598322808,
    "25":-0.0576626938,
    "26":-0.0424442605,
    "27":-0.0083503785,
    "28":-0.02990134,
    "29":-0.03757476,
    "30":-0.0115187532,
    "31":-0.01731635,
    "32":-0.0249279045,
    "33":-0.066492885,
    "34":-0.037352156,
    "35":-0.0227698163,
    "36":-0.04130106,
    "37":-0.026017382,
    "38":-0.0306726687,
    "39":-0.0257279846,
    "40":-0.032926086,
    "41":-0.0328672818,
    "42":-0.0242017597,
    "43":-0.0345646133,
    "44":-0.035440173,
    "45":-0.0412110159,
    "46":-0.0263150786,
    "47":-0.035671583,
    "48":-0.0361452,
    "49":-0.0270303958
  }
}