{
  "Astrahl":{
    "0":0.1780462465,
    "1":0.1179528324,
    "2":0.1799298939,
    "3":0.097278103,
    "4":0.1242642466,
    "5":0.2410421068,
    "6":0.1197715215,
    "7":0.1813279874,
    "8":0.103966642,
    "9":0.2520457309,
    "10":0.1218690726,
    "11":0.109235917,
    "12":0.105884542,
    "13":0.173272558,
    "14":0.1194094702,
    "15":0.105149791,
    "16":0.090455419,
    "17":0.1880943068,
    "18":0.153584353,
    "19":0.10312516,
    "20":0.1129703792,
    "21":0.3511156376,
    "22":0.1729347277,
    "23":0.2825227918,
    "24":0.195123906,
    "25":0.1150717825,
    "26":0.1919304634,
    "27":0.3037194456,
    "28":0.08996725,
    "29":0.108416188,
    "30":0.1541883704,
    "31":0.1080501769,
    "32":0.1154153287,
    "33":0.2185332823,
    "34":0.1684695792,
    "35":0.1509338689,
    "36":0.1749527556,
    "37":0.174909269,
    "38":0.103829824,
    "39":0.3885067755,
    "40":0.1163191065,
    "41":0.1307766678,
    "42":0.1786369005,
    "43":0.09343531,
    "44":0.1127499517,
    "45":0.1215435797,
    "46":0.125950384,
    "47":0.1210818327,
    "48":0.1099493664,
    "49":0.1319922797
  },
  "Uniform":{
    "0":0.1968568558,
    "1":0.1271407721,
    "2":0.2171841271,
    "3":0.11467916,
    "4":0.1367172231,
    "5":0.2758542673,
    "6":0.142235374,
    "7":0.1914663637,
    "8":0.117139347,
    "9":0.2942143499,
    "10":0.141621108,
    "11":0.126413119,
    "12":0.116699338,
    "13":0.1991060161,
    "14":0.1344776185,
    "15":0.115107991,
    "16":0.117879913,
    "17":0.2204783914,
    "18":0.190764559,
    "19":0.10735191,
    "20":0.1283680155,
    "21":0.4072447489,
    "22":0.2149845359,
    "23":0.3498895583,
    "24":0.2376209718,
    "25":0.1342167976,
    "26":0.2194583561,
    "27":0.3494967307,
    "28":0.11623537,
    "29":0.116479036,
    "30":0.1603777653,
    "31":0.1154469385,
    "32":0.1333841995,
    "33":0.266319801,
    "34":0.2079549083,
    "35":0.1638080618,
    "36":0.2147845614,
    "37":0.1940326577,
    "38":0.114508999,
    "39":0.4576700555,
    "40":0.135326825,
    "41":0.1413692767,
    "42":0.1911591924,
    "43":0.11055034,
    "44":0.1308548367,
    "45":0.1409776205,
    "46":0.1333687276,
    "47":0.125466829,
    "48":0.1281050112,
    "49":0.144873095
  },
  "Prop":{
    "0":0.2044322862,
    "1":0.1343438597,
    "2":0.2281111081,
    "3":0.119001367,
    "4":0.1350369388,
    "5":0.2819218456,
    "6":0.1388613052,
    "7":0.1943199911,
    "8":0.113405507,
    "9":0.2898976017,
    "10":0.1418971812,
    "11":0.128839816,
    "12":0.128235952,
    "13":0.2011097061,
    "14":0.1260776818,
    "15":0.116404371,
    "16":0.118472347,
    "17":0.2155200702,
    "18":0.196410988,
    "19":0.11037609,
    "20":0.1335812562,
    "21":0.4135035381,
    "22":0.2145894608,
    "23":0.3458317393,
    "24":0.233089752,
    "25":0.1325876617,
    "26":0.2210469896,
    "27":0.3531052295,
    "28":0.11235358,
    "29":0.118071901,
    "30":0.1578109087,
    "31":0.1227116701,
    "32":0.13430521,
    "33":0.2627360919,
    "34":0.2178617975,
    "35":0.1632888531,
    "36":0.2108009482,
    "37":0.1923416582,
    "38":0.111532987,
    "39":0.461669923,
    "40":0.1398887093,
    "41":0.1488770306,
    "42":0.1945886048,
    "43":0.11354149,
    "44":0.1409172886,
    "45":0.1376279628,
    "46":0.1321825078,
    "47":0.1304106406,
    "48":0.1277159648,
    "49":0.1440218778
  },
  "Delta_Uniform":{
    "0":-0.0188106093,
    "1":-0.0091879397,
    "2":-0.0372542333,
    "3":-0.017401057,
    "4":-0.0124529765,
    "5":-0.0348121605,
    "6":-0.0224638525,
    "7":-0.0101383762,
    "8":-0.013172705,
    "9":-0.042168619,
    "10":-0.0197520354,
    "11":-0.017177202,
    "12":-0.010814796,
    "13":-0.0258334581,
    "14":-0.0150681483,
    "15":-0.0099582,
    "16":-0.027424494,
    "17":-0.0323840846,
    "18":-0.037180206,
    "19":-0.00422675,
    "20":-0.0153976363,
    "21":-0.0561291113,
    "22":-0.0420498082,
    "23":-0.0673667665,
    "24":-0.0424970658,
    "25":-0.0191450151,
    "26":-0.0275278928,
    "27":-0.0457772851,
    "28":-0.02626812,
    "29":-0.008062848,
    "30":-0.0061893949,
    "31":-0.0073967616,
    "32":-0.0179688708,
    "33":-0.0477865187,
    "34":-0.0394853291,
    "35":-0.012874193,
    "36":-0.0398318059,
    "37":-0.0191233887,
    "38":-0.010679175,
    "39":-0.06916328,
    "40":-0.0190077185,
    "41":-0.0105926089,
    "42":-0.0125222918,
    "43":-0.01711503,
    "44":-0.018104885,
    "45":-0.0194340407,
    "46":-0.0074183436,
    "47":-0.0043849964,
    "48":-0.0181556447,
    "49":-0.0128808153
  },
  "Delta_Prop":{
    "0":-0.0263860396,
    "1":-0.0163910273,
    "2":-0.0481812143,
    "3":-0.021723264,
    "4":-0.0107726922,
    "5":-0.0408797388,
    "6":-0.0190897837,
    "7":-0.0129920037,
    "8":-0.009438865,
    "9":-0.0378518708,
    "10":-0.0200281085,
    "11":-0.019603899,
    "12":-0.02235141,
    "13":-0.0278371482,
    "14":-0.0066682116,
    "15":-0.01125458,
    "16":-0.028016928,
    "17":-0.0274257634,
    "18":-0.042826635,
    "19":-0.00725093,
    "20":-0.0206108771,
    "21":-0.0623879005,
    "22":-0.0416547331,
    "23":-0.0633089475,
    "24":-0.037965846,
    "25":-0.0175158792,
    "26":-0.0291165262,
    "27":-0.0493857839,
    "28":-0.02238633,
    "29":-0.009655713,
    "30":-0.0036225383,
    "31":-0.0146614932,
    "32":-0.0188898813,
    "33":-0.0442028097,
    "34":-0.0493922183,
    "35":-0.0123549842,
    "36":-0.0358481927,
    "37":-0.0174323892,
    "38":-0.007703163,
    "39":-0.0731631474,
    "40":-0.0235696027,
    "41":-0.0181003629,
    "42":-0.0159517042,
    "43":-0.02010618,
    "44":-0.0281673369,
    "45":-0.0160843831,
    "46":-0.0062321238,
    "47":-0.009328808,
    "48":-0.0177665984,
    "49":-0.0120295981
  }
}