{
  "Astrahl":{
    "0":0.000698611,
    "1":0.0008191698,
    "2":0.000563901,
    "3":0.0006060748,
    "4":0.0008799981,
    "5":0.001006601,
    "6":0.0011550746,
    "7":0.00053029,
    "8":0.0012595119,
    "9":0.0027298697,
    "10":0.0006915829,
    "11":0.000665,
    "12":0.000876166,
    "13":0.0013068789,
    "14":0.00068563,
    "15":0.0017368119,
    "16":0.00065208,
    "17":0.0028598928,
    "18":0.001497614,
    "19":0.0005681,
    "20":0.00039024,
    "21":0.0008649389,
    "22":0.0009516433,
    "23":0.0022298569,
    "24":0.000543191,
    "25":0.00037848,
    "26":0.00031179,
    "27":0.0016248889,
    "28":0.0016624126,
    "29":0.000494,
    "30":0.000524362,
    "31":0.0016515309,
    "32":0.0011136501,
    "33":0.00076494,
    "34":0.0010786737,
    "35":0.00113007,
    "36":0.0003325,
    "37":0.000800451,
    "38":0.0013059289,
    "39":0.0027977289,
    "40":0.00064619,
    "41":0.000790932,
    "42":0.00061769,
    "43":0.0009214,
    "44":0.0002071,
    "45":0.00044346,
    "46":0.0014804207,
    "47":0.00060975,
    "48":0.0043700521,
    "49":0.0002812
  },
  "Uniform":{
    "0":0.00069437,
    "1":0.000908842,
    "2":0.00049109,
    "3":0.0010853799,
    "4":0.0013175247,
    "5":0.00128588,
    "6":0.001005281,
    "7":0.00063478,
    "8":0.001158363,
    "9":0.0025247161,
    "10":0.000882921,
    "11":0.000603721,
    "12":0.000810442,
    "13":0.00078115,
    "14":0.000946311,
    "15":0.0017459098,
    "16":0.00068359,
    "17":0.0030865775,
    "18":0.0017197963,
    "19":0.0004044,
    "20":0.00062329,
    "21":0.00087784,
    "22":0.0013266599,
    "23":0.0019012221,
    "24":0.0004106,
    "25":0.00051909,
    "26":0.00052748,
    "27":0.0013535858,
    "28":0.00117381,
    "29":0.0003722,
    "30":0.00044179,
    "31":0.0014978047,
    "32":0.00071686,
    "33":0.000650431,
    "34":0.001164214,
    "35":0.00090123,
    "36":0.00046599,
    "37":0.000564931,
    "38":0.0018997088,
    "39":0.002230314,
    "40":0.0005625,
    "41":0.000845591,
    "42":0.0003913,
    "43":0.00063708,
    "44":0.0003032,
    "45":0.00046589,
    "46":0.0012147699,
    "47":0.00065029,
    "48":0.0023031897,
    "49":0.0002652
  },
  "Prop":{
    "0":0.0006477,
    "1":0.00102943,
    "2":0.00054448,
    "3":0.001152702,
    "4":0.0013237212,
    "5":0.000792101,
    "6":0.0013738716,
    "7":0.00065456,
    "8":0.0017732705,
    "9":0.0022537236,
    "10":0.001025042,
    "11":0.00040348,
    "12":0.001017345,
    "13":0.0009848179,
    "14":0.00082015,
    "15":0.002034919,
    "16":0.00046019,
    "17":0.0031153047,
    "18":0.0020085088,
    "19":0.0002511,
    "20":0.00063787,
    "21":0.0011668798,
    "22":0.0014220947,
    "23":0.0016412309,
    "24":0.000523941,
    "25":0.0004805,
    "26":0.0005398,
    "27":0.0011765609,
    "28":0.000987501,
    "29":0.00044979,
    "30":0.00037279,
    "31":0.001460938,
    "32":0.00081466,
    "33":0.00069218,
    "34":0.0015015518,
    "35":0.000583531,
    "36":0.0003622,
    "37":0.000823532,
    "38":0.0014578809,
    "39":0.003295277,
    "40":0.000734701,
    "41":0.00072327,
    "42":0.00064929,
    "43":0.000735341,
    "44":0.0002572,
    "45":0.000557311,
    "46":0.0014385199,
    "47":0.000681901,
    "48":0.0035073642,
    "49":0.00042279
  },
  "Delta_Uniform":{
    "0":0.000004241,
    "1":-0.0000896722,
    "2":0.000072811,
    "3":-0.0004793051,
    "4":-0.0004375266,
    "5":-0.000279279,
    "6":0.0001497936,
    "7":-0.00010449,
    "8":0.0001011489,
    "9":0.0002051536,
    "10":-0.0001913381,
    "11":0.000061279,
    "12":0.000065724,
    "13":0.0005257289,
    "14":-0.000260681,
    "15":-0.0000090979,
    "16":-0.00003151,
    "17":-0.0002266847,
    "18":-0.0002221823,
    "19":0.0001637,
    "20":-0.00023305,
    "21":-0.0000129011,
    "22":-0.0003750166,
    "23":0.0003286348,
    "24":0.000132591,
    "25":-0.00014061,
    "26":-0.00021569,
    "27":0.0002713031,
    "28":0.0004886026,
    "29":0.0001218,
    "30":0.000082572,
    "31":0.0001537262,
    "32":0.0003967901,
    "33":0.000114509,
    "34":-0.0000855403,
    "35":0.00022884,
    "36":-0.00013349,
    "37":0.00023552,
    "38":-0.0005937799,
    "39":0.0005674149,
    "40":0.00008369,
    "41":-0.000054659,
    "42":0.00022639,
    "43":0.00028432,
    "44":-0.0000961,
    "45":-0.00002243,
    "46":0.0002656508,
    "47":-0.00004054,
    "48":0.0020668624,
    "49":0.000016
  },
  "Delta_Prop":{
    "0":0.000050911,
    "1":-0.0002102602,
    "2":0.000019421,
    "3":-0.0005466272,
    "4":-0.0004437231,
    "5":0.0002145,
    "6":-0.000218797,
    "7":-0.00012427,
    "8":-0.0005137586,
    "9":0.0004761461,
    "10":-0.0003334591,
    "11":0.00026152,
    "12":-0.000141179,
    "13":0.000322061,
    "14":-0.00013452,
    "15":-0.0002981071,
    "16":0.00019189,
    "17":-0.0002554119,
    "18":-0.0005108948,
    "19":0.000317,
    "20":-0.00024763,
    "21":-0.0003019409,
    "22":-0.0004704514,
    "23":0.000588626,
    "24":0.00001925,
    "25":-0.00010202,
    "26":-0.00022801,
    "27":0.000448328,
    "28":0.0006749116,
    "29":0.00004421,
    "30":0.000151572,
    "31":0.0001905929,
    "32":0.0002989901,
    "33":0.00007276,
    "34":-0.0004228781,
    "35":0.000546539,
    "36":-0.0000297,
    "37":-0.000023081,
    "38":-0.000151952,
    "39":-0.0004975481,
    "40":-0.000088511,
    "41":0.000067662,
    "42":-0.0000316,
    "43":0.000186059,
    "44":-0.0000501,
    "45":-0.000113851,
    "46":0.0000419008,
    "47":-0.000072151,
    "48":0.0008626879,
    "49":-0.00014159
  }
}