{
  "Astrahl":{
    "0":0.0000081902,
    "1":0.0000237291,
    "2":0.0000081902,
    "3":0.0000241611,
    "4":0.00000271,
    "5":0.0000163804,
    "6":0.0000299193,
    "7":0.000013756,
    "8":0.00001084,
    "9":0.00000813,
    "10":0.0000245706,
    "11":0.0000286657,
    "12":0.000044444,
    "13":0.00000542,
    "14":0.0,
    "15":0.0000187424,
    "16":0.00001626,
    "17":0.0000040951,
    "18":0.00000542,
    "19":0.00000271,
    "20":0.00001084,
    "21":0.0000464265,
    "22":0.0000553248,
    "23":0.000020634,
    "24":0.0000433414,
    "25":0.0000545196,
    "26":0.0000122853,
    "27":0.000006878,
    "28":0.000003439,
    "29":0.000003439,
    "30":0.0000140568,
    "31":0.0000644142,
    "32":0.00000542,
    "33":0.000006878,
    "34":0.0000081902,
    "35":0.0000122853,
    "36":0.00000813,
    "37":0.00001355,
    "38":0.00001084,
    "39":0.0000237516,
    "40":0.0,
    "41":0.00001626,
    "42":0.000032361,
    "43":0.0,
    "44":0.0000282562,
    "45":0.0000168511,
    "46":0.0000352588,
    "47":0.0000204755,
    "48":0.000013756,
    "49":0.000015989
  },
  "Uniform":{
    "0":0.000011759,
    "1":0.0000483821,
    "2":0.0000482013,
    "3":0.0001214942,
    "4":0.00001801,
    "5":0.0000592625,
    "6":0.0000985014,
    "7":0.0000878812,
    "8":0.000043487,
    "9":0.0000087,
    "10":0.0000620267,
    "11":0.0000472352,
    "12":0.0001772631,
    "13":0.00002562,
    "14":0.00002011,
    "15":0.000088934,
    "16":0.00001651,
    "17":0.0000495721,
    "18":0.00002173,
    "19":0.00001612,
    "20":0.0000340941,
    "21":0.0001224782,
    "22":0.0002311374,
    "23":0.00011299,
    "24":0.000197477,
    "25":0.0000828478,
    "26":0.0000972016,
    "27":0.000030579,
    "28":0.00002415,
    "29":0.000035719,
    "30":0.0000485596,
    "31":0.0001779903,
    "32":0.00002614,
    "33":0.0000537401,
    "34":0.0000732588,
    "35":0.0000352041,
    "36":0.00001912,
    "37":0.00004567,
    "38":0.0000686201,
    "39":0.0000894329,
    "40":0.000035547,
    "41":0.00003996,
    "42":0.0002000345,
    "43":0.00002534,
    "44":0.0000532232,
    "45":0.000053956,
    "46":0.000092896,
    "47":0.0000622597,
    "48":0.000030598,
    "49":0.000079167
  },
  "Prop":{
    "0":0.0000570262,
    "1":0.000051429,
    "2":0.000028299,
    "3":0.0001433047,
    "4":0.00002514,
    "5":0.0000779515,
    "6":0.000094525,
    "7":0.0000961424,
    "8":0.000048539,
    "9":0.00002362,
    "10":0.0000857726,
    "11":0.0000852855,
    "12":0.0001501632,
    "13":0.00003114,
    "14":0.00003195,
    "15":0.0001171005,
    "16":0.00002923,
    "17":0.000072745,
    "18":0.0000231,
    "19":0.00002192,
    "20":0.000070415,
    "21":0.0001102935,
    "22":0.0001793735,
    "23":0.0001309485,
    "24":0.0001930949,
    "25":0.0000792737,
    "26":0.0001266373,
    "27":0.00003608,
    "28":0.000053468,
    "29":0.000034298,
    "30":0.0000431718,
    "31":0.0002043329,
    "32":0.00002724,
    "33":0.0000525531,
    "34":0.0000668803,
    "35":0.0000496791,
    "36":0.00002454,
    "37":0.000036189,
    "38":0.000057497,
    "39":0.000105028,
    "40":0.00002225,
    "41":0.000063988,
    "42":0.000235277,
    "43":0.00002183,
    "44":0.0000641218,
    "45":0.0000642901,
    "46":0.0001043937,
    "47":0.000066503,
    "48":0.000037279,
    "49":0.0000847791
  },
  "Delta_Uniform":{
    "0":-0.0000035688,
    "1":-0.000024653,
    "2":-0.0000400111,
    "3":-0.0000973331,
    "4":-0.0000153,
    "5":-0.0000428821,
    "6":-0.0000685821,
    "7":-0.0000741252,
    "8":-0.000032647,
    "9":-0.00000057,
    "10":-0.0000374561,
    "11":-0.0000185695,
    "12":-0.0001328191,
    "13":-0.0000202,
    "14":-0.00002011,
    "15":-0.0000701916,
    "16":-0.00000025,
    "17":-0.000045477,
    "18":-0.00001631,
    "19":-0.00001341,
    "20":-0.0000232541,
    "21":-0.0000760517,
    "22":-0.0001758126,
    "23":-0.000092356,
    "24":-0.0001541356,
    "25":-0.0000283282,
    "26":-0.0000849163,
    "27":-0.000023701,
    "28":-0.000020711,
    "29":-0.00003228,
    "30":-0.0000345028,
    "31":-0.0001135762,
    "32":-0.00002072,
    "33":-0.0000468621,
    "34":-0.0000650686,
    "35":-0.0000229188,
    "36":-0.00001099,
    "37":-0.00003212,
    "38":-0.0000577801,
    "39":-0.0000656813,
    "40":-0.000035547,
    "41":-0.0000237,
    "42":-0.0001676735,
    "43":-0.00002534,
    "44":-0.000024967,
    "45":-0.0000371049,
    "46":-0.0000576372,
    "47":-0.0000417842,
    "48":-0.000016842,
    "49":-0.000063178
  },
  "Delta_Prop":{
    "0":-0.000048836,
    "1":-0.0000276999,
    "2":-0.0000201088,
    "3":-0.0001191436,
    "4":-0.00002243,
    "5":-0.0000615711,
    "6":-0.0000646057,
    "7":-0.0000823864,
    "8":-0.000037699,
    "9":-0.00001549,
    "10":-0.000061202,
    "11":-0.0000566198,
    "12":-0.0001057192,
    "13":-0.00002572,
    "14":-0.00003195,
    "15":-0.0000983581,
    "16":-0.00001297,
    "17":-0.0000686499,
    "18":-0.00001768,
    "19":-0.00001921,
    "20":-0.000059575,
    "21":-0.000063867,
    "22":-0.0001240487,
    "23":-0.0001103145,
    "24":-0.0001497534,
    "25":-0.0000247541,
    "26":-0.000114352,
    "27":-0.000029202,
    "28":-0.000050029,
    "29":-0.000030859,
    "30":-0.000029115,
    "31":-0.0001399188,
    "32":-0.00002182,
    "33":-0.0000456751,
    "34":-0.0000586901,
    "35":-0.0000373938,
    "36":-0.00001641,
    "37":-0.000022639,
    "38":-0.000046657,
    "39":-0.0000812764,
    "40":-0.00002225,
    "41":-0.000047728,
    "42":-0.000202916,
    "43":-0.00002183,
    "44":-0.0000358656,
    "45":-0.000047439,
    "46":-0.0000691349,
    "47":-0.0000460275,
    "48":-0.000023523,
    "49":-0.0000687901
  }
}