{
  "Astrahl":{
    "0":0.0361872,
    "1":0.044006319,
    "2":0.0980542842,
    "3":0.141818758,
    "4":0.0221246,
    "5":0.052191677,
    "6":0.0357135,
    "7":0.0202845,
    "8":0.030876059,
    "9":0.0248807,
    "10":0.0171517,
    "11":0.039962419,
    "12":0.0163116,
    "13":0.0991514701,
    "14":0.02346061,
    "15":0.02906551,
    "16":0.032388356,
    "17":0.029621879,
    "18":0.0396723,
    "19":0.0328798851,
    "20":0.03149702,
    "21":0.01643362,
    "22":0.031714999,
    "23":0.042766048,
    "24":0.02651751,
    "25":0.02780922,
    "26":0.04662461,
    "27":0.0196693,
    "28":0.0441636,
    "29":0.02014505,
    "30":0.050269007,
    "31":0.042742149,
    "32":0.051370948,
    "33":0.01684361,
    "34":0.02477483,
    "35":0.055231468,
    "36":0.0291208744,
    "37":0.021347405,
    "38":0.02471811,
    "39":0.029669719,
    "40":0.0324013,
    "41":0.026759439,
    "42":0.0208807,
    "43":0.1122179889,
    "44":0.0279864,
    "45":0.04012891,
    "46":0.0615852751,
    "47":0.025278728,
    "48":0.0358973377,
    "49":0.054217509
  },
  "Uniform":{
    "0":0.05940311,
    "1":0.0863873,
    "2":0.165710758,
    "3":0.2484956548,
    "4":0.04616041,
    "5":0.0874546122,
    "6":0.076335969,
    "7":0.042749,
    "8":0.0459954,
    "9":0.0309497,
    "10":0.0458826,
    "11":0.08163603,
    "12":0.04501242,
    "13":0.2366539802,
    "14":0.043143,
    "15":0.04120681,
    "16":0.0862652581,
    "17":0.05550534,
    "18":0.0712162,
    "19":0.04815363,
    "20":0.04144431,
    "21":0.04215781,
    "22":0.0551515139,
    "23":0.081602778,
    "24":0.05142283,
    "25":0.04946842,
    "26":0.11036444,
    "27":0.05145491,
    "28":0.06325061,
    "29":0.04829823,
    "30":0.0816586611,
    "31":0.06610025,
    "32":0.090638619,
    "33":0.05129811,
    "34":0.0413688,
    "35":0.109927437,
    "36":0.051320789,
    "37":0.04938571,
    "38":0.04038601,
    "39":0.056635408,
    "40":0.0825602,
    "41":0.041437619,
    "42":0.0382639,
    "43":0.2452239338,
    "44":0.04112441,
    "45":0.083190438,
    "46":0.110115586,
    "47":0.051386199,
    "48":0.078000157,
    "49":0.10356962
  },
  "Prop":{
    "0":0.0890652,
    "1":0.10757508,
    "2":0.2058510401,
    "3":0.3113728964,
    "4":0.05051321,
    "5":0.1180632019,
    "6":0.0897727,
    "7":0.0465446,
    "8":0.05070311,
    "9":0.0514178,
    "10":0.06054592,
    "11":0.10059656,
    "12":0.0553678,
    "13":0.2826377724,
    "14":0.0478038,
    "15":0.059146219,
    "16":0.089632219,
    "17":0.05713433,
    "18":0.098343699,
    "19":0.05146763,
    "20":0.0551777,
    "21":0.04689122,
    "22":0.0621097709,
    "23":0.106462149,
    "24":0.057578379,
    "25":0.0511577,
    "26":0.12498612,
    "27":0.0545365,
    "28":0.09148822,
    "29":0.06007951,
    "30":0.100251309,
    "31":0.103147659,
    "32":0.10747025,
    "33":0.0461357,
    "34":0.0515296,
    "35":0.125135089,
    "36":0.061633519,
    "37":0.05270691,
    "38":0.05593101,
    "39":0.06362163,
    "40":0.1008544,
    "41":0.053587389,
    "42":0.0490617,
    "43":0.2869738004,
    "44":0.0527878,
    "45":0.099658679,
    "46":0.139623708,
    "47":0.078839829,
    "48":0.1011073263,
    "49":0.141568339
  },
  "Delta_Uniform":{
    "0":-0.02321591,
    "1":-0.042380981,
    "2":-0.0676564738,
    "3":-0.1066768968,
    "4":-0.02403581,
    "5":-0.0352629352,
    "6":-0.040622469,
    "7":-0.0224645,
    "8":-0.015119341,
    "9":-0.006069,
    "10":-0.0287309,
    "11":-0.041673611,
    "12":-0.02870082,
    "13":-0.1375025101,
    "14":-0.01968239,
    "15":-0.0121413,
    "16":-0.0538769021,
    "17":-0.025883461,
    "18":-0.0315439,
    "19":-0.0152737449,
    "20":-0.00994729,
    "21":-0.02572419,
    "22":-0.0234365149,
    "23":-0.03883673,
    "24":-0.02490532,
    "25":-0.0216592,
    "26":-0.06373983,
    "27":-0.03178561,
    "28":-0.01908701,
    "29":-0.02815318,
    "30":-0.0313896541,
    "31":-0.023358101,
    "32":-0.039267671,
    "33":-0.0344545,
    "34":-0.01659397,
    "35":-0.054695969,
    "36":-0.0221999146,
    "37":-0.028038305,
    "38":-0.0156679,
    "39":-0.026965689,
    "40":-0.0501589,
    "41":-0.01467818,
    "42":-0.0173832,
    "43":-0.133005945,
    "44":-0.01313801,
    "45":-0.043061528,
    "46":-0.0485303109,
    "47":-0.026107471,
    "48":-0.0421028193,
    "49":-0.049352111
  },
  "Delta_Prop":{
    "0":-0.052878,
    "1":-0.063568761,
    "2":-0.1077967559,
    "3":-0.1695541384,
    "4":-0.02838861,
    "5":-0.0658715249,
    "6":-0.0540592,
    "7":-0.0262601,
    "8":-0.019827051,
    "9":-0.0265371,
    "10":-0.04339422,
    "11":-0.060634141,
    "12":-0.0390562,
    "13":-0.1834863023,
    "14":-0.02434319,
    "15":-0.030080709,
    "16":-0.057243863,
    "17":-0.027512451,
    "18":-0.058671399,
    "19":-0.0185877449,
    "20":-0.02368068,
    "21":-0.0304576,
    "22":-0.0303947719,
    "23":-0.063696101,
    "24":-0.031060869,
    "25":-0.02334848,
    "26":-0.07836151,
    "27":-0.0348672,
    "28":-0.04732462,
    "29":-0.03993446,
    "30":-0.049982302,
    "31":-0.06040551,
    "32":-0.056099302,
    "33":-0.02929209,
    "34":-0.02675477,
    "35":-0.069903621,
    "36":-0.0325126446,
    "37":-0.031359505,
    "38":-0.0312129,
    "39":-0.033951911,
    "40":-0.0684531,
    "41":-0.02682795,
    "42":-0.028181,
    "43":-0.1747558116,
    "44":-0.0248014,
    "45":-0.059529769,
    "46":-0.0780384329,
    "47":-0.053561101,
    "48":-0.0652099886,
    "49":-0.08735083
  }
}