{
  "Astrahl":{
    "0":0.213699977,
    "1":0.229589091,
    "2":0.16104937,
    "3":0.2323468064,
    "4":0.2995792047,
    "5":0.16908466,
    "6":0.379146129,
    "7":0.2924797636,
    "8":0.1826728654,
    "9":0.2893940391,
    "10":0.17491391,
    "11":0.17130247,
    "12":0.2874476291,
    "13":0.2596418991,
    "14":0.17632789,
    "15":0.2744386043,
    "16":0.2059558512,
    "17":0.237925629,
    "18":0.3263042625,
    "19":0.3543757284,
    "20":0.17582265,
    "21":0.4842372221,
    "22":0.2496306405,
    "23":0.234718462,
    "24":0.2721175672,
    "25":0.187708527,
    "26":0.240833521,
    "27":0.2742454891,
    "28":0.179328546,
    "29":0.3027545287,
    "30":0.16263257,
    "31":0.3711271392,
    "32":0.3022248251,
    "33":0.2598833904,
    "34":0.2782307583,
    "35":0.221924925,
    "36":0.180799426,
    "37":0.2367755523,
    "38":0.16880928,
    "39":0.16106099,
    "40":0.17155048,
    "41":0.2885239398,
    "42":0.3960757654,
    "43":0.2544459174,
    "44":0.16318706,
    "45":0.3859924525,
    "46":0.2844370631,
    "47":0.2901888415,
    "48":0.237943305,
    "49":0.2964422125
  },
  "Uniform":{
    "0":0.268523965,
    "1":0.251029405,
    "2":0.18838935,
    "3":0.2447436768,
    "4":0.2827963783,
    "5":0.19348578,
    "6":0.3923411632,
    "7":0.2909657773,
    "8":0.1943475084,
    "9":0.3005120112,
    "10":0.211528,
    "11":0.191717,
    "12":0.3031939764,
    "13":0.2889002763,
    "14":0.18304379,
    "15":0.3044142,
    "16":0.2529644382,
    "17":0.241290946,
    "18":0.356700282,
    "19":0.3366302637,
    "20":0.19424926,
    "21":0.5047382422,
    "22":0.2709789472,
    "23":0.241065424,
    "24":0.3004630737,
    "25":0.202357684,
    "26":0.247713994,
    "27":0.2968048414,
    "28":0.199586503,
    "29":0.3058726772,
    "30":0.18937501,
    "31":0.3619598294,
    "32":0.3393519844,
    "33":0.3045237504,
    "34":0.3029439133,
    "35":0.249585345,
    "36":0.207461781,
    "37":0.2386413315,
    "38":0.18718794,
    "39":0.19522106,
    "40":0.20458457,
    "41":0.2977673052,
    "42":0.3944359414,
    "43":0.2919729142,
    "44":0.19660869,
    "45":0.3949906725,
    "46":0.3528498964,
    "47":0.2925823663,
    "48":0.247909744,
    "49":0.2818662814
  },
  "Prop":{
    "0":0.246988755,
    "1":0.254758402,
    "2":0.18632358,
    "3":0.257481248,
    "4":0.3109218517,
    "5":0.21111319,
    "6":0.4232821352,
    "7":0.3050550055,
    "8":0.1923148395,
    "9":0.3230433424,
    "10":0.19586717,
    "11":0.20300263,
    "12":0.3242825996,
    "13":0.2913958945,
    "14":0.2018483,
    "15":0.2956789883,
    "16":0.2463390343,
    "17":0.254881054,
    "18":0.3545877819,
    "19":0.3637003495,
    "20":0.18773936,
    "21":0.5231874276,
    "22":0.2856654737,
    "23":0.263459854,
    "24":0.3046287174,
    "25":0.207002025,
    "26":0.247093777,
    "27":0.3145346452,
    "28":0.199420803,
    "29":0.311475533,
    "30":0.19868923,
    "31":0.4083296739,
    "32":0.3371844812,
    "33":0.3103797434,
    "34":0.3083866084,
    "35":0.245114576,
    "36":0.201940145,
    "37":0.2582385705,
    "38":0.18567736,
    "39":0.19995083,
    "40":0.19508445,
    "41":0.3159508487,
    "42":0.4030204769,
    "43":0.2910129355,
    "44":0.18135393,
    "45":0.401857396,
    "46":0.3448288011,
    "47":0.3131670448,
    "48":0.251947396,
    "49":0.3115094113
  },
  "Delta_Uniform":{
    "0":-0.054823988,
    "1":-0.021440314,
    "2":-0.02733998,
    "3":-0.0123968705,
    "4":0.0167828264,
    "5":-0.02440112,
    "6":-0.0131950342,
    "7":0.0015139863,
    "8":-0.011674643,
    "9":-0.0111179721,
    "10":-0.03661409,
    "11":-0.02041453,
    "12":-0.0157463473,
    "13":-0.0292583772,
    "14":-0.0067159,
    "15":-0.0299755957,
    "16":-0.047008587,
    "17":-0.003365317,
    "18":-0.0303960195,
    "19":0.0177454647,
    "20":-0.01842661,
    "21":-0.0205010202,
    "22":-0.0213483067,
    "23":-0.006346962,
    "24":-0.0283455065,
    "25":-0.014649157,
    "26":-0.006880473,
    "27":-0.0225593523,
    "28":-0.020257957,
    "29":-0.0031181485,
    "30":-0.02674244,
    "31":0.0091673098,
    "32":-0.0371271593,
    "33":-0.04464036,
    "34":-0.024713155,
    "35":-0.02766042,
    "36":-0.026662355,
    "37":-0.0018657792,
    "38":-0.01837866,
    "39":-0.03416007,
    "40":-0.03303409,
    "41":-0.0092433654,
    "42":0.001639824,
    "43":-0.0375269968,
    "44":-0.03342163,
    "45":-0.0089982199,
    "46":-0.0684128333,
    "47":-0.0023935248,
    "48":-0.009966439,
    "49":0.0145759311
  },
  "Delta_Prop":{
    "0":-0.033288778,
    "1":-0.025169311,
    "2":-0.02527421,
    "3":-0.0251344416,
    "4":-0.011342647,
    "5":-0.04202853,
    "6":-0.0441360061,
    "7":-0.0125752419,
    "8":-0.0096419741,
    "9":-0.0336493033,
    "10":-0.02095326,
    "11":-0.03170016,
    "12":-0.0368349706,
    "13":-0.0317539954,
    "14":-0.02552041,
    "15":-0.021240384,
    "16":-0.0403831831,
    "17":-0.016955425,
    "18":-0.0282835194,
    "19":-0.0093246211,
    "20":-0.01191671,
    "21":-0.0389502055,
    "22":-0.0360348331,
    "23":-0.028741392,
    "24":-0.0325111502,
    "25":-0.019293498,
    "26":-0.006260256,
    "27":-0.0402891561,
    "28":-0.020092257,
    "29":-0.0087210042,
    "30":-0.03605666,
    "31":-0.0372025347,
    "32":-0.0349596561,
    "33":-0.050496353,
    "34":-0.0301558501,
    "35":-0.023189651,
    "36":-0.021140719,
    "37":-0.0214630182,
    "38":-0.01686808,
    "39":-0.03888984,
    "40":-0.02353397,
    "41":-0.0274269089,
    "42":-0.0069447115,
    "43":-0.0365670181,
    "44":-0.01816687,
    "45":-0.0158649435,
    "46":-0.060391738,
    "47":-0.0229782033,
    "48":-0.014004091,
    "49":-0.0150671988
  }
}