{
  "Astrahl":{
    "0":0.0008605703,
    "1":0.0002504886,
    "2":0.0000698326,
    "3":0.000106929,
    "4":0.000033959,
    "5":0.0001085967,
    "6":0.00005943,
    "7":0.000032788,
    "8":0.0000439023,
    "9":0.000061617,
    "10":0.000212218,
    "11":0.0000450466,
    "12":0.00002342,
    "13":0.000038643,
    "14":0.0000447804,
    "15":0.0000718865,
    "16":0.0000468291,
    "17":0.0000327,
    "18":0.000141093,
    "19":0.0003820301,
    "20":0.0001545971,
    "21":0.000063765,
    "22":0.0000441467,
    "23":0.0001044883,
    "24":0.000134942,
    "25":0.00003597,
    "26":0.00003597,
    "27":0.0000613875,
    "28":0.0001191567,
    "29":0.00003379,
    "30":0.0001385564,
    "31":0.000047544,
    "32":0.000030446,
    "33":0.0000779212,
    "34":0.0000348292,
    "35":0.0002046603,
    "36":0.0001732261,
    "37":0.0001097744,
    "38":0.0000576132,
    "39":0.000065945,
    "40":0.0001669389,
    "41":0.0000410719,
    "42":0.0000288092,
    "43":0.0000709633,
    "44":0.00002943,
    "45":0.000071794,
    "46":0.0000327,
    "47":0.0000987779,
    "48":0.000043327,
    "49":0.0001093896
  },
  "Uniform":{
    "0":0.0012148891,
    "1":0.0005306878,
    "2":0.000083507,
    "3":0.0001199982,
    "4":0.000056923,
    "5":0.0001255593,
    "6":0.000087129,
    "7":0.000053006,
    "8":0.0000443495,
    "9":0.0000902518,
    "10":0.0002670721,
    "11":0.0000536327,
    "12":0.000051668,
    "13":0.000058308,
    "14":0.0000549792,
    "15":0.00008636,
    "16":0.0000569392,
    "17":0.0000482,
    "18":0.0002377839,
    "19":0.000605362,
    "20":0.0003437018,
    "21":0.000097775,
    "22":0.0000952928,
    "23":0.0001600994,
    "24":0.0001826298,
    "25":0.00005028,
    "26":0.00004374,
    "27":0.0000845187,
    "28":0.000137274,
    "29":0.00004964,
    "30":0.0001697165,
    "31":0.000083272,
    "32":0.000050495,
    "33":0.0001119784,
    "34":0.0000632195,
    "35":0.0003059677,
    "36":0.0002292215,
    "37":0.000174627,
    "38":0.0000920584,
    "39":0.000084492,
    "40":0.0002406956,
    "41":0.0000577092,
    "42":0.0000594446,
    "43":0.0001301159,
    "44":0.00004576,
    "45":0.000160654,
    "46":0.00005048,
    "47":0.0001277868,
    "48":0.000049867,
    "49":0.0001668478
  },
  "Prop":{
    "0":0.0013847898,
    "1":0.0004625427,
    "2":0.0000903798,
    "3":0.0001170431,
    "4":0.000044182,
    "5":0.0000996927,
    "6":0.000094006,
    "7":0.000048506,
    "8":0.0000513469,
    "9":0.0000723786,
    "10":0.0002931594,
    "11":0.0000578276,
    "12":0.000040281,
    "13":0.000050044,
    "14":0.0000553661,
    "15":0.0000932619,
    "16":0.0000506816,
    "17":0.00004115,
    "18":0.0002226358,
    "19":0.0005084907,
    "20":0.0002941602,
    "21":0.000078763,
    "22":0.0000917256,
    "23":0.0001812147,
    "24":0.0001376777,
    "25":0.00003775,
    "26":0.0000467,
    "27":0.0000904069,
    "28":0.0001273422,
    "29":0.00003788,
    "30":0.0001481701,
    "31":0.000069307,
    "32":0.000054886,
    "33":0.0001035621,
    "34":0.0000543131,
    "35":0.0002755954,
    "36":0.0002182494,
    "37":0.0001577813,
    "38":0.0000945049,
    "39":0.000078871,
    "40":0.000258691,
    "41":0.0000616879,
    "42":0.0000517733,
    "43":0.0001272706,
    "44":0.0000452,
    "45":0.0001137009,
    "46":0.00004846,
    "47":0.0000938348,
    "48":0.000048757,
    "49":0.0001831359
  },
  "Delta_Uniform":{
    "0":-0.0003543189,
    "1":-0.0002801992,
    "2":-0.0000136744,
    "3":-0.0000130692,
    "4":-0.000022964,
    "5":-0.0000169626,
    "6":-0.000027699,
    "7":-0.000020218,
    "8":-0.0000004472,
    "9":-0.0000286348,
    "10":-0.000054854,
    "11":-0.0000085861,
    "12":-0.000028248,
    "13":-0.000019665,
    "14":-0.0000101988,
    "15":-0.0000144735,
    "16":-0.0000101101,
    "17":-0.0000155,
    "18":-0.0000966908,
    "19":-0.0002233319,
    "20":-0.0001891047,
    "21":-0.00003401,
    "22":-0.0000511461,
    "23":-0.0000556111,
    "24":-0.0000476878,
    "25":-0.00001431,
    "26":-0.00000777,
    "27":-0.0000231312,
    "28":-0.0000181173,
    "29":-0.00001585,
    "30":-0.0000311601,
    "31":-0.000035728,
    "32":-0.000020049,
    "33":-0.0000340572,
    "34":-0.0000283903,
    "35":-0.0001013074,
    "36":-0.0000559954,
    "37":-0.0000648527,
    "38":-0.0000344452,
    "39":-0.000018547,
    "40":-0.0000737567,
    "41":-0.0000166373,
    "42":-0.0000306354,
    "43":-0.0000591526,
    "44":-0.00001633,
    "45":-0.0000888599,
    "46":-0.00001778,
    "47":-0.0000290089,
    "48":-0.00000654,
    "49":-0.0000574582
  },
  "Delta_Prop":{
    "0":-0.0005242195,
    "1":-0.0002120542,
    "2":-0.0000205472,
    "3":-0.0000101141,
    "4":-0.000010223,
    "5":0.000008904,
    "6":-0.000034576,
    "7":-0.000015718,
    "8":-0.0000074446,
    "9":-0.0000107616,
    "10":-0.0000809413,
    "11":-0.000012781,
    "12":-0.000016861,
    "13":-0.000011401,
    "14":-0.0000105857,
    "15":-0.0000213754,
    "16":-0.0000038525,
    "17":-0.00000845,
    "18":-0.0000815428,
    "19":-0.0001264606,
    "20":-0.0001395632,
    "21":-0.000014998,
    "22":-0.0000475789,
    "23":-0.0000767264,
    "24":-0.0000027357,
    "25":-0.00000178,
    "26":-0.00001073,
    "27":-0.0000290194,
    "28":-0.0000081854,
    "29":-0.00000409,
    "30":-0.0000096137,
    "31":-0.000021763,
    "32":-0.00002444,
    "33":-0.0000256409,
    "34":-0.0000194839,
    "35":-0.0000709351,
    "36":-0.0000450234,
    "37":-0.0000480069,
    "38":-0.0000368917,
    "39":-0.000012926,
    "40":-0.0000917521,
    "41":-0.000020616,
    "42":-0.000022964,
    "43":-0.0000563073,
    "44":-0.00001577,
    "45":-0.0000419069,
    "46":-0.00001576,
    "47":0.0000049431,
    "48":-0.00000543,
    "49":-0.0000737463
  }
}