{
  "Astrahl":{
    "0":0.0097616935,
    "1":0.009488701,
    "2":0.0099919893,
    "3":0.0154320122,
    "4":0.0094320355,
    "5":0.0095180221,
    "6":0.0250576475,
    "7":0.0119981624,
    "8":0.0137589982,
    "9":0.0146509858,
    "10":0.0136347839,
    "11":0.0129063187,
    "12":0.00709012,
    "13":0.0129920599,
    "14":0.0091961629,
    "15":0.0131454523,
    "16":0.0176489916,
    "17":0.0156466715,
    "18":0.0104217103,
    "19":0.0092190538,
    "20":0.0097253146,
    "21":0.00728974,
    "22":0.009373396,
    "23":0.008095366,
    "24":0.0130358494,
    "25":0.0149383338,
    "26":0.0198338015,
    "27":0.0197119265,
    "28":0.011462295,
    "29":0.0361686176,
    "30":0.0155750385,
    "31":0.00818803,
    "32":0.009289423,
    "33":0.0088204294,
    "34":0.0106206805,
    "35":0.0094729865,
    "36":0.013535562,
    "37":0.0093635677,
    "38":0.00768898,
    "39":0.008095366,
    "40":0.0112661011,
    "41":0.008294824,
    "42":0.0303364103,
    "43":0.0139047633,
    "44":0.008294824,
    "45":0.0118988159,
    "46":0.013633819,
    "47":0.00758917,
    "48":0.008294824,
    "49":0.008494282
  },
  "Uniform":{
    "0":0.0119844971,
    "1":0.010508236,
    "2":0.0124100773,
    "3":0.0192826621,
    "4":0.0104812181,
    "5":0.0115263676,
    "6":0.0336069307,
    "7":0.0134680151,
    "8":0.0149162268,
    "9":0.0150574541,
    "10":0.0141091545,
    "11":0.0174182047,
    "12":0.00898263,
    "13":0.0180893035,
    "14":0.0121020174,
    "15":0.0165399668,
    "16":0.0179205729,
    "17":0.0153453366,
    "18":0.0122778828,
    "19":0.0107972611,
    "20":0.0120321684,
    "21":0.00995316,
    "22":0.0117741322,
    "23":0.010573766,
    "24":0.0178857334,
    "25":0.017995252,
    "26":0.0237018333,
    "27":0.0219597416,
    "28":0.0120163807,
    "29":0.05078747,
    "30":0.019683021,
    "31":0.00884597,
    "32":0.01061092,
    "33":0.0109413571,
    "34":0.0117812546,
    "35":0.0106838139,
    "36":0.0141531598,
    "37":0.0113327203,
    "38":0.00934963,
    "39":0.010124189,
    "40":0.0116781955,
    "41":0.010316024,
    "42":0.0303192267,
    "43":0.0186380763,
    "44":0.010392452,
    "45":0.0132508922,
    "46":0.0171100089,
    "47":0.00919998,
    "48":0.010610217,
    "49":0.010036294
  },
  "Prop":{
    "0":0.01303992,
    "1":0.010390363,
    "2":0.0114180127,
    "3":0.0190753509,
    "4":0.0114068814,
    "5":0.0110995622,
    "6":0.0341755816,
    "7":0.0128884023,
    "8":0.0141835961,
    "9":0.0136975338,
    "10":0.0140808589,
    "11":0.0188293176,
    "12":0.00979898,
    "13":0.0170011034,
    "14":0.0114101687,
    "15":0.0174058047,
    "16":0.0175790678,
    "17":0.0171546813,
    "18":0.0118640141,
    "19":0.010249845,
    "20":0.0113972183,
    "21":0.00918106,
    "22":0.0107342662,
    "23":0.01046246,
    "24":0.016822745,
    "25":0.0185454302,
    "26":0.0222171449,
    "27":0.0224783078,
    "28":0.0121389377,
    "29":0.0468340116,
    "30":0.0194501786,
    "31":0.00923531,
    "32":0.010844285,
    "33":0.0102902585,
    "34":0.0109471248,
    "35":0.0099559274,
    "36":0.0145374884,
    "37":0.0113479309,
    "38":0.00875562,
    "39":0.009851389,
    "40":0.011137171,
    "41":0.009692808,
    "42":0.0313721855,
    "43":0.0185789455,
    "44":0.010256595,
    "45":0.0131970503,
    "46":0.0178257661,
    "47":0.00864725,
    "48":0.008867309,
    "49":0.010255283
  },
  "Delta_Uniform":{
    "0":-0.0022228036,
    "1":-0.001019535,
    "2":-0.0024180881,
    "3":-0.0038506499,
    "4":-0.0010491826,
    "5":-0.0020083455,
    "6":-0.0085492833,
    "7":-0.0014698526,
    "8":-0.0011572286,
    "9":-0.0004064683,
    "10":-0.0004743706,
    "11":-0.004511886,
    "12":-0.00189251,
    "13":-0.0050972436,
    "14":-0.0029058545,
    "15":-0.0033945145,
    "16":-0.0002715813,
    "17":0.0003013349,
    "18":-0.0018561725,
    "19":-0.0015782073,
    "20":-0.0023068538,
    "21":-0.00266342,
    "22":-0.0024007362,
    "23":-0.0024784,
    "24":-0.004849884,
    "25":-0.0030569181,
    "26":-0.0038680318,
    "27":-0.0022478151,
    "28":-0.0005540857,
    "29":-0.0146188525,
    "30":-0.0041079825,
    "31":-0.00065794,
    "32":-0.001321497,
    "33":-0.0021209277,
    "34":-0.0011605741,
    "35":-0.0012108275,
    "36":-0.0006175978,
    "37":-0.0019691526,
    "38":-0.00166065,
    "39":-0.002028823,
    "40":-0.0004120944,
    "41":-0.0020212,
    "42":0.0000171837,
    "43":-0.004733313,
    "44":-0.002097628,
    "45":-0.0013520764,
    "46":-0.0034761899,
    "47":-0.00161081,
    "48":-0.002315393,
    "49":-0.001542012
  },
  "Delta_Prop":{
    "0":-0.0032782265,
    "1":-0.000901662,
    "2":-0.0014260234,
    "3":-0.0036433388,
    "4":-0.0019748459,
    "5":-0.0015815401,
    "6":-0.0091179342,
    "7":-0.0008902398,
    "8":-0.000424598,
    "9":0.000953452,
    "10":-0.0004460749,
    "11":-0.0059229989,
    "12":-0.00270886,
    "13":-0.0040090435,
    "14":-0.0022140059,
    "15":-0.0042603524,
    "16":0.0000699238,
    "17":-0.0015080098,
    "18":-0.0014423038,
    "19":-0.0010307912,
    "20":-0.0016719037,
    "21":-0.00189132,
    "22":-0.0013608703,
    "23":-0.002367094,
    "24":-0.0037868956,
    "25":-0.0036070963,
    "26":-0.0023833434,
    "27":-0.0027663814,
    "28":-0.0006766427,
    "29":-0.010665394,
    "30":-0.0038751401,
    "31":-0.00104728,
    "32":-0.001554862,
    "33":-0.0014698291,
    "34":-0.0003264443,
    "35":-0.0004829409,
    "36":-0.0010019264,
    "37":-0.0019843631,
    "38":-0.00106664,
    "39":-0.001756023,
    "40":0.0001289301,
    "41":-0.001397984,
    "42":-0.0010357752,
    "43":-0.0046741823,
    "44":-0.001961771,
    "45":-0.0012982344,
    "46":-0.0041919471,
    "47":-0.00105808,
    "48":-0.000572485,
    "49":-0.001761001
  }
}