{
  "Astrahl":{
    "0":0.001068559,
    "1":0.0010192,
    "2":0.0017901925,
    "3":0.001278214,
    "4":0.000527608,
    "5":0.0010811161,
    "6":0.0034414724,
    "7":0.0013043821,
    "8":0.001355184,
    "9":0.0018407442,
    "10":0.0008616886,
    "11":0.001811018,
    "12":0.000885,
    "13":0.0019136,
    "14":0.0008217031,
    "15":0.00141901,
    "16":0.0021966528,
    "17":0.0016906047,
    "18":0.001217879,
    "19":0.00064707,
    "20":0.001583848,
    "21":0.000428,
    "22":0.001072495,
    "23":0.001179129,
    "24":0.001903488,
    "25":0.0021228392,
    "26":0.0022032912,
    "27":0.0021108794,
    "28":0.0011125795,
    "29":0.0030817492,
    "30":0.001932269,
    "31":0.00069,
    "32":0.001211939,
    "33":0.0010779461,
    "34":0.001244979,
    "35":0.001091412,
    "36":0.0013927318,
    "37":0.0011217031,
    "38":0.000766,
    "39":0.001351758,
    "40":0.00147539,
    "41":0.001087258,
    "42":0.0040028495,
    "43":0.001834397,
    "44":0.0005523,
    "45":0.001990432,
    "46":0.0009339,
    "47":0.00107081,
    "48":0.0007065,
    "49":0.0006523
  },
  "Uniform":{
    "0":0.0021748571,
    "1":0.002458359,
    "2":0.0016880731,
    "3":0.0051466876,
    "4":0.0024273331,
    "5":0.002013839,
    "6":0.0070756091,
    "7":0.00216812,
    "8":0.0025928951,
    "9":0.0029465288,
    "10":0.0022327641,
    "11":0.00526552,
    "12":0.0016577,
    "13":0.00369281,
    "14":0.0015605069,
    "15":0.0047926731,
    "16":0.002591972,
    "17":0.0026798272,
    "18":0.0027403851,
    "19":0.00210972,
    "20":0.0026541021,
    "21":0.00173452,
    "22":0.00231983,
    "23":0.00232642,
    "24":0.0048429341,
    "25":0.0041448582,
    "26":0.0037962292,
    "27":0.0034516548,
    "28":0.0019109579,
    "29":0.0107391167,
    "30":0.0037868831,
    "31":0.0014149,
    "32":0.00194133,
    "33":0.0032553861,
    "34":0.002413359,
    "35":0.00178319,
    "36":0.0023232159,
    "37":0.0023520061,
    "38":0.0022557,
    "39":0.00247742,
    "40":0.0021824,
    "41":0.001792029,
    "42":0.0052791678,
    "43":0.005145575,
    "44":0.00213414,
    "45":0.002663558,
    "46":0.0033410492,
    "47":0.0019789,
    "48":0.002228349,
    "49":0.002493
  },
  "Prop":{
    "0":0.0023658561,
    "1":0.001272839,
    "2":0.0028613166,
    "3":0.0028518278,
    "4":0.0022927012,
    "5":0.0017492851,
    "6":0.0063038928,
    "7":0.001903391,
    "8":0.0029193157,
    "9":0.0025958175,
    "10":0.0022919089,
    "11":0.002561969,
    "12":0.00134552,
    "13":0.002376249,
    "14":0.0010717669,
    "15":0.00353443,
    "16":0.0028235702,
    "17":0.0024453168,
    "18":0.001530029,
    "19":0.00150111,
    "20":0.00140772,
    "21":0.0011338,
    "22":0.0014908861,
    "23":0.0012142,
    "24":0.00197343,
    "25":0.002726659,
    "26":0.0030875128,
    "27":0.0031733062,
    "28":0.001849979,
    "29":0.0096391016,
    "30":0.001827,
    "31":0.0015748,
    "32":0.00127282,
    "33":0.001152129,
    "34":0.00215002,
    "35":0.0018301105,
    "36":0.0020691471,
    "37":0.001648553,
    "38":0.0015639,
    "39":0.00187472,
    "40":0.001225768,
    "41":0.00169,
    "42":0.0055160693,
    "43":0.002888877,
    "44":0.00218592,
    "45":0.001725529,
    "46":0.00210392,
    "47":0.001506,
    "48":0.001834058,
    "49":0.00181371
  },
  "Delta_Uniform":{
    "0":-0.0011062981,
    "1":-0.001439159,
    "2":0.0001021194,
    "3":-0.0038684736,
    "4":-0.0018997251,
    "5":-0.0009327229,
    "6":-0.0036341368,
    "7":-0.0008637379,
    "8":-0.0012377111,
    "9":-0.0011057846,
    "10":-0.0013710755,
    "11":-0.003454502,
    "12":-0.0007727,
    "13":-0.00177921,
    "14":-0.0007388038,
    "15":-0.0033736631,
    "16":-0.0003953192,
    "17":-0.0009892225,
    "18":-0.0015225061,
    "19":-0.00146265,
    "20":-0.0010702541,
    "21":-0.00130652,
    "22":-0.001247335,
    "23":-0.001147291,
    "24":-0.0029394461,
    "25":-0.002022019,
    "26":-0.001592938,
    "27":-0.0013407754,
    "28":-0.0007983784,
    "29":-0.0076573675,
    "30":-0.0018546141,
    "31":-0.0007249,
    "32":-0.000729391,
    "33":-0.00217744,
    "34":-0.00116838,
    "35":-0.000691778,
    "36":-0.0009304841,
    "37":-0.001230303,
    "38":-0.0014897,
    "39":-0.001125662,
    "40":-0.00070701,
    "41":-0.000704771,
    "42":-0.0012763183,
    "43":-0.003311178,
    "44":-0.00158184,
    "45":-0.000673126,
    "46":-0.0024071492,
    "47":-0.00090809,
    "48":-0.001521849,
    "49":-0.0018407
  },
  "Delta_Prop":{
    "0":-0.0012972971,
    "1":-0.000253639,
    "2":-0.0010711241,
    "3":-0.0015736138,
    "4":-0.0017650932,
    "5":-0.000668169,
    "6":-0.0028624204,
    "7":-0.0005990089,
    "8":-0.0015641317,
    "9":-0.0007550733,
    "10":-0.0014302203,
    "11":-0.000750951,
    "12":-0.00046052,
    "13":-0.000462649,
    "14":-0.0002500638,
    "15":-0.00211542,
    "16":-0.0006269174,
    "17":-0.0007547121,
    "18":-0.00031215,
    "19":-0.00085404,
    "20":0.000176128,
    "21":-0.0007058,
    "22":-0.0004183911,
    "23":-0.000035071,
    "24":-0.000069942,
    "25":-0.0006038198,
    "26":-0.0008842216,
    "27":-0.0010624268,
    "28":-0.0007373994,
    "29":-0.0065573524,
    "30":0.000105269,
    "31":-0.0008848,
    "32":-0.000060881,
    "33":-0.0000741829,
    "34":-0.000905041,
    "35":-0.0007386985,
    "36":-0.0006764153,
    "37":-0.0005268499,
    "38":-0.0007979,
    "39":-0.000522962,
    "40":0.000249622,
    "41":-0.000602742,
    "42":-0.0015132199,
    "43":-0.00105448,
    "44":-0.00163362,
    "45":0.000264903,
    "46":-0.00117002,
    "47":-0.00043519,
    "48":-0.001127558,
    "49":-0.00116141
  }
}