{
  "Astrahl":{
    "0":0.00100152,
    "1":0.00500079,
    "2":0.003001545,
    "3":0.004066101,
    "4":0.0070100088,
    "5":0.0010013,
    "6":0.0040149517,
    "7":0.0050018,
    "8":0.0030119093,
    "9":0.0050346727,
    "10":0.0010060791,
    "11":0.00000114,
    "12":0.0050007,
    "13":0.0010143534,
    "14":0.00100191,
    "15":0.0030061614,
    "16":0.00400133,
    "17":0.004003093,
    "18":0.001003325,
    "19":0.0010192195,
    "20":0.0050007,
    "21":0.0050052748,
    "22":0.0040031978,
    "23":0.002018581,
    "24":0.0020057442,
    "25":0.0020062548,
    "26":0.0010056196,
    "27":0.0050027318,
    "28":0.0070084605,
    "29":0.001002701,
    "30":0.005903381,
    "31":0.003001464,
    "32":0.0010050958,
    "33":0.0050048074,
    "34":0.003002738,
    "35":0.0060097167,
    "36":0.0000082703,
    "37":0.0010067564,
    "38":0.00500105,
    "39":0.00700185,
    "40":0.0010059698,
    "41":0.0030222514,
    "42":0.0030008,
    "43":0.0030159662,
    "44":0.001004172,
    "45":0.00000202,
    "46":0.01400308,
    "47":0.0020063571,
    "48":0.0120036119,
    "49":0.00100163
  },
  "Uniform":{
    "0":0.033000171,
    "1":0.0641,
    "2":0.035,
    "3":0.0572043784,
    "4":0.1259393168,
    "5":0.035,
    "6":0.0610008398,
    "7":0.0668,
    "8":0.064100261,
    "9":0.1831255444,
    "10":0.03400009,
    "11":0.036,
    "12":0.0814,
    "13":0.0380009422,
    "14":0.06860009,
    "15":0.0637,
    "16":0.0680001,
    "17":0.029000261,
    "18":0.033,
    "19":0.0340007859,
    "20":0.063,
    "21":0.0721,
    "22":0.0763001,
    "23":0.080300551,
    "24":0.039000271,
    "25":0.0774004149,
    "26":0.0320001,
    "27":0.0806002439,
    "28":0.0921602539,
    "29":0.028,
    "30":0.130769,
    "31":0.03900019,
    "32":0.027,
    "33":0.0659004339,
    "34":0.037,
    "35":0.0697006615,
    "36":0.03,
    "37":0.078300271,
    "38":0.1672974686,
    "39":0.09974009,
    "40":0.0320004095,
    "41":0.024001374,
    "42":0.141498081,
    "43":0.0320026187,
    "44":0.06510019,
    "45":0.0430002,
    "46":0.20482828,
    "47":0.039000361,
    "48":0.13275,
    "49":0.03600009
  },
  "Prop":{
    "0":0.043,
    "1":0.0934,
    "2":0.036000171,
    "3":0.0765022373,
    "4":0.155975171,
    "5":0.043,
    "6":0.0898007344,
    "7":0.07960018,
    "8":0.092400361,
    "9":0.2245527501,
    "10":0.04400048,
    "11":0.043,
    "12":0.0935,
    "13":0.0440006173,
    "14":0.087700351,
    "15":0.083100271,
    "16":0.07840019,
    "17":0.0360001,
    "18":0.03500009,
    "19":0.038000903,
    "20":0.08540009,
    "21":0.0714,
    "22":0.071,
    "23":0.08040019,
    "24":0.032,
    "25":0.081200551,
    "26":0.039,
    "27":0.0842002195,
    "28":0.115960271,
    "29":0.03900029,
    "30":0.137818,
    "31":0.0410002,
    "32":0.042,
    "33":0.077100342,
    "34":0.047,
    "35":0.0865008491,
    "36":0.0420012149,
    "37":0.0925006859,
    "38":0.1771291,
    "39":0.1179802,
    "40":0.045000922,
    "41":0.0390020466,
    "42":0.1634681,
    "43":0.051,
    "44":0.0869001,
    "45":0.04000038,
    "46":0.2098643922,
    "47":0.037000171,
    "48":0.1399007956,
    "49":0.039
  },
  "Delta_Uniform":{
    "0":-0.031998651,
    "1":-0.05909921,
    "2":-0.031998455,
    "3":-0.0531382774,
    "4":-0.118929308,
    "5":-0.0339987,
    "6":-0.0569858881,
    "7":-0.0617982,
    "8":-0.0610883517,
    "9":-0.1780908717,
    "10":-0.0329940109,
    "11":-0.03599886,
    "12":-0.0763993,
    "13":-0.0369865889,
    "14":-0.06759818,
    "15":-0.0606938386,
    "16":-0.06399877,
    "17":-0.024997168,
    "18":-0.031996675,
    "19":-0.0329815664,
    "20":-0.0579993,
    "21":-0.0670947252,
    "22":-0.0722969022,
    "23":-0.07828197,
    "24":-0.0369945268,
    "25":-0.0753941601,
    "26":-0.0309944804,
    "27":-0.0755975121,
    "28":-0.0851517934,
    "29":-0.026997299,
    "30":-0.124865619,
    "31":-0.035998726,
    "32":-0.0259949042,
    "33":-0.0608956265,
    "34":-0.033997262,
    "35":-0.0636909449,
    "36":-0.0299917297,
    "37":-0.0772935146,
    "38":-0.1622964186,
    "39":-0.09273824,
    "40":-0.0309944397,
    "41":-0.0209791226,
    "42":-0.138497281,
    "43":-0.0289866525,
    "44":-0.064096018,
    "45":-0.04299818,
    "46":-0.1908252,
    "47":-0.0369940039,
    "48":-0.1207463881,
    "49":-0.03499846
  },
  "Delta_Prop":{
    "0":-0.04199848,
    "1":-0.08839921,
    "2":-0.032998626,
    "3":-0.0724361364,
    "4":-0.1489651622,
    "5":-0.0419987,
    "6":-0.0857857827,
    "7":-0.07459838,
    "8":-0.0893884517,
    "9":-0.2195180775,
    "10":-0.0429944009,
    "11":-0.04299886,
    "12":-0.0884993,
    "13":-0.042986264,
    "14":-0.086698441,
    "15":-0.0800941096,
    "16":-0.07439886,
    "17":-0.031997007,
    "18":-0.033996765,
    "19":-0.0369816835,
    "20":-0.08039939,
    "21":-0.0663947252,
    "22":-0.0669968022,
    "23":-0.078381609,
    "24":-0.0299942558,
    "25":-0.0791942962,
    "26":-0.0379943804,
    "27":-0.0791974877,
    "28":-0.1089518105,
    "29":-0.037997589,
    "30":-0.131914619,
    "31":-0.037998736,
    "32":-0.0409949042,
    "33":-0.0720955346,
    "34":-0.043997262,
    "35":-0.0804911324,
    "36":-0.0419929446,
    "37":-0.0914939295,
    "38":-0.17212805,
    "39":-0.11097835,
    "40":-0.0439949521,
    "41":-0.0359797952,
    "42":-0.1604673,
    "43":-0.0479840338,
    "44":-0.085895928,
    "45":-0.03999836,
    "46":-0.1958613122,
    "47":-0.0349938139,
    "48":-0.1278971837,
    "49":-0.03799837
  }
}