{
  "Astrahl":{
    "0":0.1094675,
    "1":0.222807597,
    "2":0.150870598,
    "3":0.1855279441,
    "4":0.13892792,
    "5":0.12473751,
    "6":0.2387109339,
    "7":0.164533679,
    "8":0.2439655108,
    "9":0.1551588373,
    "10":0.14251492,
    "11":0.1295134,
    "12":0.13558992,
    "13":0.1105138,
    "14":0.106388899,
    "15":0.125894338,
    "16":0.0923354,
    "17":0.168194088,
    "18":0.152264948,
    "19":0.2435899841,
    "20":0.119534709,
    "21":0.142439849,
    "22":0.196818738,
    "23":0.1339659,
    "24":0.1690512052,
    "25":0.1331109,
    "26":0.1074567,
    "27":0.14472093,
    "28":0.160466869,
    "29":0.171254879,
    "30":0.16354306,
    "31":0.15135312,
    "32":0.203377769,
    "33":0.131054338,
    "34":0.159595288,
    "35":0.122492758,
    "36":0.15938048,
    "37":0.119357679,
    "38":0.16793401,
    "39":0.16789285,
    "40":0.1017926,
    "41":0.12693963,
    "42":0.11525525,
    "43":0.14400711,
    "44":0.14258012,
    "45":0.0940789,
    "46":0.1069769,
    "47":0.1098547,
    "48":0.17610952,
    "49":0.1106418
  },
  "Uniform":{
    "0":0.133677069,
    "1":0.2548706031,
    "2":0.1715235921,
    "3":0.2347956931,
    "4":0.1676482931,
    "5":0.1441208,
    "6":0.2716380847,
    "7":0.20873685,
    "8":0.3298115611,
    "9":0.212630297,
    "10":0.157915,
    "11":0.162197949,
    "12":0.15743852,
    "13":0.1329349,
    "14":0.13867782,
    "15":0.15871364,
    "16":0.1417438,
    "17":0.184079557,
    "18":0.189193459,
    "19":0.26565498,
    "20":0.14554241,
    "21":0.1627177,
    "22":0.2289001831,
    "23":0.1700106,
    "24":0.182133479,
    "25":0.15509631,
    "26":0.12961422,
    "27":0.20581142,
    "28":0.19171659,
    "29":0.2253719372,
    "30":0.2153651,
    "31":0.1472729,
    "32":0.2555434131,
    "33":0.1350337311,
    "34":0.20753626,
    "35":0.150488369,
    "36":0.20051365,
    "37":0.1324795,
    "38":0.219817939,
    "39":0.20302042,
    "40":0.133311,
    "41":0.20561322,
    "42":0.14606042,
    "43":0.18293761,
    "44":0.1765894,
    "45":0.1271189,
    "46":0.120642,
    "47":0.12261851,
    "48":0.177739,
    "49":0.1385869
  },
  "Prop":{
    "0":0.1341315,
    "1":0.247671718,
    "2":0.178023478,
    "3":0.218995198,
    "4":0.187705697,
    "5":0.1430358,
    "6":0.2830888331,
    "7":0.210891189,
    "8":0.3476354177,
    "9":0.1874237231,
    "10":0.1754686,
    "11":0.17197851,
    "12":0.1613754,
    "13":0.1314369,
    "14":0.137654128,
    "15":0.171502259,
    "16":0.14603231,
    "17":0.19732093,
    "18":0.207496769,
    "19":0.2855267209,
    "20":0.1298218,
    "21":0.1626598,
    "22":0.2443625431,
    "23":0.1554209,
    "24":0.2173647328,
    "25":0.15563851,
    "26":0.1406777,
    "27":0.215447756,
    "28":0.18195741,
    "29":0.2412130031,
    "30":0.1976619,
    "31":0.1815556,
    "32":0.2520250961,
    "33":0.147816469,
    "34":0.243116999,
    "35":0.171474918,
    "36":0.18731381,
    "37":0.145528638,
    "38":0.21798071,
    "39":0.222173359,
    "40":0.1281548,
    "41":0.18843903,
    "42":0.139280769,
    "43":0.193296759,
    "44":0.145577,
    "45":0.1494818,
    "46":0.13534951,
    "47":0.13919961,
    "48":0.18607941,
    "49":0.127672
  },
  "Delta_Uniform":{
    "0":-0.024209569,
    "1":-0.0320630061,
    "2":-0.0206529941,
    "3":-0.049267749,
    "4":-0.0287203731,
    "5":-0.01938329,
    "6":-0.0329271508,
    "7":-0.044203171,
    "8":-0.0858460503,
    "9":-0.0574714597,
    "10":-0.01540008,
    "11":-0.032684549,
    "12":-0.0218486,
    "13":-0.0224211,
    "14":-0.032288921,
    "15":-0.032819302,
    "16":-0.0494084,
    "17":-0.015885469,
    "18":-0.036928511,
    "19":-0.0220649959,
    "20":-0.026007701,
    "21":-0.020277851,
    "22":-0.0320814451,
    "23":-0.0360447,
    "24":-0.0130822738,
    "25":-0.02198541,
    "26":-0.02215752,
    "27":-0.06109049,
    "28":-0.031249721,
    "29":-0.0541170582,
    "30":-0.05182204,
    "31":0.00408022,
    "32":-0.0521656441,
    "33":-0.0039793931,
    "34":-0.047940972,
    "35":-0.027995611,
    "36":-0.04113317,
    "37":-0.013121821,
    "38":-0.051883929,
    "39":-0.03512757,
    "40":-0.0315184,
    "41":-0.07867359,
    "42":-0.03080517,
    "43":-0.0389305,
    "44":-0.03400928,
    "45":-0.03304,
    "46":-0.0136651,
    "47":-0.01276381,
    "48":-0.00162948,
    "49":-0.0279451
  },
  "Delta_Prop":{
    "0":-0.024664,
    "1":-0.024864121,
    "2":-0.02715288,
    "3":-0.0334672539,
    "4":-0.048777777,
    "5":-0.01829829,
    "6":-0.0443778992,
    "7":-0.04635751,
    "8":-0.1036699069,
    "9":-0.0322648858,
    "10":-0.03295368,
    "11":-0.04246511,
    "12":-0.02578548,
    "13":-0.0209231,
    "14":-0.031265229,
    "15":-0.045607921,
    "16":-0.05369691,
    "17":-0.029126842,
    "18":-0.055231821,
    "19":-0.0419367368,
    "20":-0.010287091,
    "21":-0.020219951,
    "22":-0.0475438051,
    "23":-0.021455,
    "24":-0.0483135276,
    "25":-0.02252761,
    "26":-0.033221,
    "27":-0.070726826,
    "28":-0.021490541,
    "29":-0.0699581241,
    "30":-0.03411884,
    "31":-0.03020248,
    "32":-0.0486473271,
    "33":-0.016762131,
    "34":-0.083521711,
    "35":-0.04898216,
    "36":-0.02793333,
    "37":-0.026170959,
    "38":-0.0500467,
    "39":-0.054280509,
    "40":-0.0263622,
    "41":-0.0614994,
    "42":-0.024025519,
    "43":-0.049289649,
    "44":-0.00299688,
    "45":-0.0554029,
    "46":-0.02837261,
    "47":-0.02934491,
    "48":-0.00996989,
    "49":-0.0170302
  }
}