{
  "Astrahl":{
    "0":0.04695946,
    "1":0.0968785307,
    "2":0.061015969,
    "3":0.1254083849,
    "4":0.2354631429,
    "5":0.0575727219,
    "6":0.1073027866,
    "7":0.0468547468,
    "8":0.04992668,
    "9":0.0998525716,
    "10":0.1324417162,
    "11":0.052783303,
    "12":0.1146212096,
    "13":0.052951194,
    "14":0.1151718862,
    "15":0.071569953,
    "16":0.0631954619,
    "17":0.058765324,
    "18":0.0678061136,
    "19":0.1069408558,
    "20":0.060624099,
    "21":0.0501655005,
    "22":0.054893608,
    "23":0.1531409877,
    "24":0.0825571916,
    "25":0.0673083541,
    "26":0.0668257819,
    "27":0.0629521203,
    "28":0.0591801281,
    "29":0.1382459415,
    "30":0.052421797,
    "31":0.05701546,
    "32":0.0596005756,
    "33":0.05950494,
    "34":0.1213934174,
    "35":0.05055823,
    "36":0.0696680583,
    "37":0.0579793516,
    "38":0.058715037,
    "39":0.068062356,
    "40":0.065215567,
    "41":0.057493664,
    "42":0.0592840765,
    "43":0.0606793014,
    "44":0.05061508,
    "45":0.0695125433,
    "46":0.0713886121,
    "47":0.04918411,
    "48":0.062284321,
    "49":0.0700070482
  },
  "Uniform":{
    "0":0.08407914,
    "1":0.1601835228,
    "2":0.094979242,
    "3":0.1765411371,
    "4":0.3631933845,
    "5":0.0962397145,
    "6":0.1758452435,
    "7":0.0916947978,
    "8":0.08562577,
    "9":0.1667945336,
    "10":0.2324652803,
    "11":0.086836317,
    "12":0.1865679254,
    "13":0.087302854,
    "14":0.1706177001,
    "15":0.1055557805,
    "16":0.1019298069,
    "17":0.0945380524,
    "18":0.1006944922,
    "19":0.1669802751,
    "20":0.092321514,
    "21":0.0909064324,
    "22":0.087176915,
    "23":0.2344486698,
    "24":0.1031698487,
    "25":0.1071337888,
    "26":0.0928493489,
    "27":0.0951092536,
    "28":0.0923104027,
    "29":0.236315523,
    "30":0.090463544,
    "31":0.08598113,
    "32":0.092161802,
    "33":0.08858409,
    "34":0.1502375745,
    "35":0.08925981,
    "36":0.1029766768,
    "37":0.0941278042,
    "38":0.095375061,
    "39":0.094139017,
    "40":0.098565445,
    "41":0.091459997,
    "42":0.0917713224,
    "43":0.093093886,
    "44":0.09169973,
    "45":0.0914859561,
    "46":0.1038474654,
    "47":0.090452166,
    "48":0.0961296004,
    "49":0.1050014679
  },
  "Prop":{
    "0":0.09875537,
    "1":0.165853513,
    "2":0.089390627,
    "3":0.1856900626,
    "4":0.351722145,
    "5":0.0937314672,
    "6":0.1738421155,
    "7":0.0864862242,
    "8":0.08648133,
    "9":0.1624852942,
    "10":0.241207718,
    "11":0.088761535,
    "12":0.1904669622,
    "13":0.088319517,
    "14":0.171638217,
    "15":0.1086134956,
    "16":0.0981834168,
    "17":0.0998018034,
    "18":0.1012724376,
    "19":0.1691359579,
    "20":0.093067082,
    "21":0.0947357351,
    "22":0.090415673,
    "23":0.2485679086,
    "24":0.1057348001,
    "25":0.1016176996,
    "26":0.0985056698,
    "27":0.1018728798,
    "28":0.0958510712,
    "29":0.2266008316,
    "30":0.091421484,
    "31":0.09276723,
    "32":0.0949358972,
    "33":0.08084195,
    "34":0.1458259174,
    "35":0.08709315,
    "36":0.0987869555,
    "37":0.0941447743,
    "38":0.094381774,
    "39":0.093403637,
    "40":0.091664243,
    "41":0.085029838,
    "42":0.0855195694,
    "43":0.0897706881,
    "44":0.08581616,
    "45":0.1002770515,
    "46":0.108834406,
    "47":0.09219311,
    "48":0.0927552169,
    "49":0.0984539217
  },
  "Delta_Uniform":{
    "0":-0.03711968,
    "1":-0.0633049921,
    "2":-0.033963273,
    "3":-0.0511327522,
    "4":-0.1277302416,
    "5":-0.0386669926,
    "6":-0.0685424568,
    "7":-0.044840051,
    "8":-0.03569909,
    "9":-0.066941962,
    "10":-0.1000235641,
    "11":-0.034053014,
    "12":-0.0719467158,
    "13":-0.03435166,
    "14":-0.0554458139,
    "15":-0.0339858275,
    "16":-0.038734345,
    "17":-0.0357727283,
    "18":-0.0328883786,
    "19":-0.0600394193,
    "20":-0.031697415,
    "21":-0.0407409319,
    "22":-0.032283307,
    "23":-0.0813076821,
    "24":-0.0206126571,
    "25":-0.0398254347,
    "26":-0.026023567,
    "27":-0.0321571334,
    "28":-0.0331302746,
    "29":-0.0980695815,
    "30":-0.038041747,
    "31":-0.02896567,
    "32":-0.0325612263,
    "33":-0.02907915,
    "34":-0.028844157,
    "35":-0.03870158,
    "36":-0.0333086186,
    "37":-0.0361484526,
    "38":-0.036660024,
    "39":-0.026076661,
    "40":-0.033349878,
    "41":-0.033966333,
    "42":-0.0324872459,
    "43":-0.0324145846,
    "44":-0.04108465,
    "45":-0.0219734128,
    "46":-0.0324588532,
    "47":-0.041268056,
    "48":-0.0338452794,
    "49":-0.0349944197
  },
  "Delta_Prop":{
    "0":-0.05179591,
    "1":-0.0689749823,
    "2":-0.028374658,
    "3":-0.0602816777,
    "4":-0.1162590021,
    "5":-0.0361587453,
    "6":-0.0665393289,
    "7":-0.0396314774,
    "8":-0.03655465,
    "9":-0.0626327226,
    "10":-0.1087660018,
    "11":-0.035978232,
    "12":-0.0758457526,
    "13":-0.035368323,
    "14":-0.0564663308,
    "15":-0.0370435426,
    "16":-0.0349879549,
    "17":-0.0410364793,
    "18":-0.033466324,
    "19":-0.0621951021,
    "20":-0.032442983,
    "21":-0.0445702346,
    "22":-0.035522065,
    "23":-0.0954269209,
    "24":-0.0231776085,
    "25":-0.0343093455,
    "26":-0.0316798879,
    "27":-0.0389207595,
    "28":-0.0366709431,
    "29":-0.0883548902,
    "30":-0.038999687,
    "31":-0.03575177,
    "32":-0.0353353216,
    "33":-0.02133701,
    "34":-0.0244325,
    "35":-0.03653492,
    "36":-0.0291188972,
    "37":-0.0361654227,
    "38":-0.035666737,
    "39":-0.025341281,
    "40":-0.026448676,
    "41":-0.027536174,
    "42":-0.0262354929,
    "43":-0.0290913867,
    "44":-0.03520108,
    "45":-0.0307645083,
    "46":-0.0374457938,
    "47":-0.043009,
    "48":-0.0304708959,
    "49":-0.0284468734
  }
}