{
  "Astrahl":{
    "0":0.309475081,
    "1":0.3156407362,
    "2":0.55886561,
    "3":0.4189937797,
    "4":0.5181368947,
    "5":0.479041059,
    "6":0.431835574,
    "7":0.42688207,
    "8":0.4173490828,
    "9":0.4739831099,
    "10":0.5742245726,
    "11":0.4254538861,
    "12":0.363779668,
    "13":0.318542464,
    "14":0.4052243548,
    "15":0.32063032,
    "16":0.31140847,
    "17":0.3243180313,
    "18":0.371246248,
    "19":0.359762149,
    "20":0.30682873,
    "21":0.3795287815,
    "22":0.4490964496,
    "23":0.354374272,
    "24":0.519324252,
    "25":0.356988466,
    "26":0.4332086601,
    "27":0.4278315072,
    "28":0.4847644666,
    "29":0.30014524,
    "30":0.5254981202,
    "31":0.3825084451,
    "32":0.30835234,
    "33":0.4642575749,
    "34":0.309598687,
    "35":0.4812244791,
    "36":0.30979576,
    "37":0.4498180743,
    "38":0.5067894484,
    "39":0.3235330522,
    "40":0.3731639554,
    "41":0.4244643415,
    "42":0.31300336,
    "43":0.4226316063,
    "44":0.367982515,
    "45":0.424291933,
    "46":0.5282216372,
    "47":0.314542927,
    "48":0.31260241,
    "49":0.5385190388
  },
  "Uniform":{
    "0":0.32982301,
    "1":0.3332599453,
    "2":0.577148424,
    "3":0.4439801818,
    "4":0.5331570707,
    "5":0.5000798522,
    "6":0.4446068229,
    "7":0.4298103901,
    "8":0.4346914825,
    "9":0.4890289263,
    "10":0.6175379508,
    "11":0.4335811345,
    "12":0.370076932,
    "13":0.320402872,
    "14":0.4389131215,
    "15":0.31402477,
    "16":0.31926628,
    "17":0.3318837472,
    "18":0.380213677,
    "19":0.377877961,
    "20":0.31347883,
    "21":0.3866625568,
    "22":0.4522387421,
    "23":0.378317548,
    "24":0.5414790825,
    "25":0.374663071,
    "26":0.434784153,
    "27":0.4398249817,
    "28":0.4972668523,
    "29":0.32592286,
    "30":0.5424478994,
    "31":0.3945167372,
    "32":0.32078179,
    "33":0.4948076622,
    "34":0.318798991,
    "35":0.4853241265,
    "36":0.32221711,
    "37":0.4549620623,
    "38":0.5349825706,
    "39":0.3371157802,
    "40":0.3831609511,
    "41":0.4261834693,
    "42":0.32316562,
    "43":0.4415373903,
    "44":0.379091017,
    "45":0.4367801404,
    "46":0.5411681895,
    "47":0.321415372,
    "48":0.32668669,
    "49":0.5785587308
  },
  "Prop":{
    "0":0.325137565,
    "1":0.3362808403,
    "2":0.5758785463,
    "3":0.4302128548,
    "4":0.5387516682,
    "5":0.4850221204,
    "6":0.442017845,
    "7":0.4300682374,
    "8":0.4427224381,
    "9":0.489819002,
    "10":0.6227997616,
    "11":0.4401511093,
    "12":0.386427673,
    "13":0.328260763,
    "14":0.428445046,
    "15":0.3205639,
    "16":0.31110877,
    "17":0.3327843538,
    "18":0.382141153,
    "19":0.384368248,
    "20":0.32518495,
    "21":0.381990979,
    "22":0.4516712156,
    "23":0.379542997,
    "24":0.530396635,
    "25":0.381638143,
    "26":0.4383836415,
    "27":0.4498247009,
    "28":0.4944560543,
    "29":0.3229048,
    "30":0.5401945896,
    "31":0.3913686965,
    "32":0.32484709,
    "33":0.4982025822,
    "34":0.318746584,
    "35":0.4929742262,
    "36":0.320491,
    "37":0.4562191106,
    "38":0.5348289841,
    "39":0.333078724,
    "40":0.3891262123,
    "41":0.4399891255,
    "42":0.31363741,
    "43":0.4406754061,
    "44":0.385915915,
    "45":0.4467325213,
    "46":0.5315352899,
    "47":0.32500432,
    "48":0.3222406,
    "49":0.57743654
  },
  "Delta_Uniform":{
    "0":-0.020347929,
    "1":-0.0176192091,
    "2":-0.018282814,
    "3":-0.0249864021,
    "4":-0.015020176,
    "5":-0.0210387933,
    "6":-0.0127712489,
    "7":-0.0029283201,
    "8":-0.0173423997,
    "9":-0.0150458164,
    "10":-0.0433133782,
    "11":-0.0081272484,
    "12":-0.006297264,
    "13":-0.001860408,
    "14":-0.0336887667,
    "15":0.00660555,
    "16":-0.00785781,
    "17":-0.0075657159,
    "18":-0.008967429,
    "19":-0.018115812,
    "20":-0.0066501,
    "21":-0.0071337753,
    "22":-0.0031422925,
    "23":-0.023943276,
    "24":-0.0221548305,
    "25":-0.017674605,
    "26":-0.0015754929,
    "27":-0.0119934745,
    "28":-0.0125023857,
    "29":-0.02577762,
    "30":-0.0169497793,
    "31":-0.0120082921,
    "32":-0.01242945,
    "33":-0.0305500873,
    "34":-0.009200304,
    "35":-0.0040996474,
    "36":-0.01242135,
    "37":-0.005143988,
    "38":-0.0281931222,
    "39":-0.013582728,
    "40":-0.0099969957,
    "41":-0.0017191278,
    "42":-0.01016226,
    "43":-0.0189057839,
    "44":-0.011108502,
    "45":-0.0124882074,
    "46":-0.0129465523,
    "47":-0.006872445,
    "48":-0.01408428,
    "49":-0.040039692
  },
  "Delta_Prop":{
    "0":-0.015662484,
    "1":-0.0206401041,
    "2":-0.0170129363,
    "3":-0.0112190751,
    "4":-0.0206147735,
    "5":-0.0059810614,
    "6":-0.010182271,
    "7":-0.0031861674,
    "8":-0.0253733553,
    "9":-0.015835892,
    "10":-0.048575189,
    "11":-0.0146972232,
    "12":-0.022648005,
    "13":-0.009718299,
    "14":-0.0232206912,
    "15":0.00006642,
    "16":0.0002997,
    "17":-0.0084663225,
    "18":-0.010894905,
    "19":-0.024606099,
    "20":-0.01835622,
    "21":-0.0024621975,
    "22":-0.002574766,
    "23":-0.025168725,
    "24":-0.011072383,
    "25":-0.024649677,
    "26":-0.0051749815,
    "27":-0.0219931937,
    "28":-0.0096915877,
    "29":-0.02275956,
    "30":-0.0146964694,
    "31":-0.0088602514,
    "32":-0.01649475,
    "33":-0.0339450072,
    "34":-0.009147897,
    "35":-0.0117497472,
    "36":-0.01069524,
    "37":-0.0064010363,
    "38":-0.0280395357,
    "39":-0.0095456718,
    "40":-0.0159622569,
    "41":-0.015524784,
    "42":-0.00063405,
    "43":-0.0180437998,
    "44":-0.0179334,
    "45":-0.0224405883,
    "46":-0.0033136527,
    "47":-0.010461393,
    "48":-0.00963819,
    "49":-0.0389175012
  }
}