{
  "Astrahl":{
    "0":0.13993425,
    "1":0.151487094,
    "2":0.2732727932,
    "3":0.194158599,
    "4":0.25441885,
    "5":0.2011695703,
    "6":0.1989825101,
    "7":0.178770369,
    "8":0.186492928,
    "9":0.223587717,
    "10":0.3075547456,
    "11":0.196426879,
    "12":0.16505421,
    "13":0.14246606,
    "14":0.18072753,
    "15":0.12407111,
    "16":0.1297056,
    "17":0.1383820211,
    "18":0.17801914,
    "19":0.1502884,
    "20":0.13900491,
    "21":0.1646032931,
    "22":0.2085176131,
    "23":0.149685649,
    "24":0.250531586,
    "25":0.17015684,
    "26":0.210861655,
    "27":0.190767844,
    "28":0.2368643751,
    "29":0.14184452,
    "30":0.2429998101,
    "31":0.1755508822,
    "32":0.1244446,
    "33":0.2003284738,
    "34":0.136977389,
    "35":0.223352935,
    "36":0.1343905,
    "37":0.2002866225,
    "38":0.238719338,
    "39":0.146448258,
    "40":0.16381825,
    "41":0.19362614,
    "42":0.13531962,
    "43":0.2107686518,
    "44":0.15604564,
    "45":0.18022035,
    "46":0.2482831321,
    "47":0.14016951,
    "48":0.1407124,
    "49":0.245992319
  },
  "Uniform":{
    "0":0.169483569,
    "1":0.16637872,
    "2":0.3149352143,
    "3":0.23369751,
    "4":0.294298829,
    "5":0.2795796406,
    "6":0.228944077,
    "7":0.231771759,
    "8":0.227782859,
    "9":0.262670508,
    "10":0.3587791387,
    "11":0.246478148,
    "12":0.21048441,
    "13":0.16877334,
    "14":0.238708179,
    "15":0.17822441,
    "16":0.1723227,
    "17":0.174680619,
    "18":0.19659543,
    "19":0.20350763,
    "20":0.1480547,
    "21":0.1956830821,
    "22":0.2401451441,
    "23":0.2025825,
    "24":0.2984815441,
    "25":0.1795114,
    "26":0.220074768,
    "27":0.2423308439,
    "28":0.2723966578,
    "29":0.1428486,
    "30":0.2942816472,
    "31":0.212561639,
    "32":0.16915531,
    "33":0.263955338,
    "34":0.176718279,
    "35":0.2664132301,
    "36":0.17215051,
    "37":0.2420212429,
    "38":0.306598689,
    "39":0.1873995701,
    "40":0.21681405,
    "41":0.243558999,
    "42":0.16521972,
    "43":0.238275378,
    "44":0.21497491,
    "45":0.23220321,
    "46":0.309592529,
    "47":0.16591802,
    "48":0.16781072,
    "49":0.3319053717
  },
  "Prop":{
    "0":0.18538052,
    "1":0.173695927,
    "2":0.3383855802,
    "3":0.2388218831,
    "4":0.2837973142,
    "5":0.2844421713,
    "6":0.251825039,
    "7":0.23298955,
    "8":0.224516969,
    "9":0.2647113021,
    "10":0.3615744727,
    "11":0.250604567,
    "12":0.187506459,
    "13":0.1739066,
    "14":0.249943959,
    "15":0.17197501,
    "16":0.16980951,
    "17":0.164918137,
    "18":0.21742253,
    "19":0.21723512,
    "20":0.1700318,
    "21":0.2127145211,
    "22":0.2224398961,
    "23":0.19679802,
    "24":0.2972326231,
    "25":0.18544862,
    "26":0.2339910411,
    "27":0.237097034,
    "28":0.2831205583,
    "29":0.1645807,
    "30":0.2987366941,
    "31":0.1966558321,
    "32":0.1677218,
    "33":0.2523492702,
    "34":0.172791369,
    "35":0.2944776666,
    "36":0.1665346,
    "37":0.2606607532,
    "38":0.2949749181,
    "39":0.164985248,
    "40":0.198042099,
    "41":0.221978489,
    "42":0.18059011,
    "43":0.236449836,
    "44":0.19529914,
    "45":0.24658074,
    "46":0.3212812,
    "47":0.16950432,
    "48":0.1541188,
    "49":0.3268288558
  },
  "Delta_Uniform":{
    "0":-0.029549319,
    "1":-0.014891626,
    "2":-0.0416624211,
    "3":-0.039538911,
    "4":-0.039879979,
    "5":-0.0784100703,
    "6":-0.0299615669,
    "7":-0.05300139,
    "8":-0.041289931,
    "9":-0.039082791,
    "10":-0.0512243931,
    "11":-0.050051269,
    "12":-0.0454302,
    "13":-0.02630728,
    "14":-0.057980649,
    "15":-0.0541533,
    "16":-0.0426171,
    "17":-0.0362985979,
    "18":-0.01857629,
    "19":-0.05321923,
    "20":-0.00904979,
    "21":-0.031079789,
    "22":-0.031627531,
    "23":-0.052896851,
    "24":-0.0479499581,
    "25":-0.00935456,
    "26":-0.009213113,
    "27":-0.0515629999,
    "28":-0.0355322827,
    "29":-0.00100408,
    "30":-0.0512818371,
    "31":-0.0370107568,
    "32":-0.04471071,
    "33":-0.0636268642,
    "34":-0.03974089,
    "35":-0.0430602951,
    "36":-0.03776001,
    "37":-0.0417346204,
    "38":-0.067879351,
    "39":-0.0409513121,
    "40":-0.0529958,
    "41":-0.049932859,
    "42":-0.0299001,
    "43":-0.0275067262,
    "44":-0.05892927,
    "45":-0.05198286,
    "46":-0.0613093969,
    "47":-0.02574851,
    "48":-0.02709832,
    "49":-0.0859130527
  },
  "Delta_Prop":{
    "0":-0.04544627,
    "1":-0.022208833,
    "2":-0.065112787,
    "3":-0.0446632841,
    "4":-0.0293784642,
    "5":-0.083272601,
    "6":-0.0528425289,
    "7":-0.054219181,
    "8":-0.038024041,
    "9":-0.0411235851,
    "10":-0.0540197271,
    "11":-0.054177688,
    "12":-0.022452249,
    "13":-0.03144054,
    "14":-0.069216429,
    "15":-0.0479039,
    "16":-0.04010391,
    "17":-0.0265361159,
    "18":-0.03940339,
    "19":-0.06694672,
    "20":-0.03102689,
    "21":-0.048111228,
    "22":-0.013922283,
    "23":-0.047112371,
    "24":-0.0467010371,
    "25":-0.01529178,
    "26":-0.0231293861,
    "27":-0.04632919,
    "28":-0.0462561832,
    "29":-0.02273618,
    "30":-0.055736884,
    "31":-0.0211049499,
    "32":-0.0432772,
    "33":-0.0520207964,
    "34":-0.03581398,
    "35":-0.0711247316,
    "36":-0.0321441,
    "37":-0.0603741307,
    "38":-0.0562555801,
    "39":-0.01853699,
    "40":-0.034223849,
    "41":-0.028352349,
    "42":-0.04527049,
    "43":-0.0256811842,
    "44":-0.0392535,
    "45":-0.06636039,
    "46":-0.0729980679,
    "47":-0.02933481,
    "48":-0.0134064,
    "49":-0.0808365368
  }
}