{
  "Astrahl":{
    "0":0.140236291,
    "1":0.3267887494,
    "2":0.2046132829,
    "3":0.2146732188,
    "4":0.262690934,
    "5":0.1686699746,
    "6":0.1383418558,
    "7":0.193282525,
    "8":0.2420982545,
    "9":0.2287493657,
    "10":0.182910907,
    "11":0.1718923996,
    "12":0.2145342951,
    "13":0.1303994284,
    "14":0.168308285,
    "15":0.2656444148,
    "16":0.1956333199,
    "17":0.16629757,
    "18":0.1602803708,
    "19":0.1215470764,
    "20":0.3962420341,
    "21":0.2625929616,
    "22":0.2048130255,
    "23":0.2347394814,
    "24":0.1330718517,
    "25":0.2725889892,
    "26":0.232753005,
    "27":0.1893111899,
    "28":0.1316511954,
    "29":0.2190188888,
    "30":0.1768838977,
    "31":0.1718453976,
    "32":0.2171384388,
    "33":0.2270435042,
    "34":0.2033087948,
    "35":0.2804304798,
    "36":0.173614213,
    "37":0.3686579294,
    "38":0.2541082821,
    "39":0.159416425,
    "40":0.2652948771,
    "41":0.1262855368,
    "42":0.169558273,
    "43":0.2060955635,
    "44":0.1680203473,
    "45":0.1232624152,
    "46":0.12596383,
    "47":0.168997834,
    "48":0.1357085944,
    "49":0.1293561474
  },
  "Uniform":{
    "0":0.1860063056,
    "1":0.4218344717,
    "2":0.2884313116,
    "3":0.2930566662,
    "4":0.3388978538,
    "5":0.2309484257,
    "6":0.1798680169,
    "7":0.2876277025,
    "8":0.3329895718,
    "9":0.3445320412,
    "10":0.246164437,
    "11":0.2406305106,
    "12":0.2940606851,
    "13":0.1822040005,
    "14":0.2304193507,
    "15":0.3387997291,
    "16":0.2942195286,
    "17":0.2317860097,
    "18":0.2403051002,
    "19":0.1909204666,
    "20":0.4923701233,
    "21":0.360441888,
    "22":0.2903799974,
    "23":0.334609296,
    "24":0.1879214948,
    "25":0.3865657171,
    "26":0.3510343844,
    "27":0.2436996497,
    "28":0.1904125589,
    "29":0.2920787713,
    "30":0.2401330726,
    "31":0.2279693996,
    "32":0.2908790332,
    "33":0.2951445145,
    "34":0.2866998158,
    "35":0.3811378796,
    "36":0.226859486,
    "37":0.4665838991,
    "38":0.3796680479,
    "39":0.231199353,
    "40":0.369056828,
    "41":0.1953528184,
    "42":0.250100505,
    "43":0.2740303552,
    "44":0.2419093408,
    "45":0.1843539877,
    "46":0.170350024,
    "47":0.234867897,
    "48":0.1769130456,
    "49":0.1895323064
  },
  "Prop":{
    "0":0.1802226338,
    "1":0.4292639831,
    "2":0.2920601827,
    "3":0.2929795036,
    "4":0.338632168,
    "5":0.2322155095,
    "6":0.17993106,
    "7":0.2628644419,
    "8":0.3493891212,
    "9":0.3199297985,
    "10":0.234844191,
    "11":0.2448857277,
    "12":0.2838105666,
    "13":0.1917954655,
    "14":0.2338198648,
    "15":0.3423422355,
    "16":0.2692142328,
    "17":0.2273049502,
    "18":0.2356482193,
    "19":0.1758219075,
    "20":0.4916576314,
    "21":0.3709788258,
    "22":0.2941269989,
    "23":0.3332739332,
    "24":0.1854151968,
    "25":0.3876141203,
    "26":0.3296258405,
    "27":0.2447058184,
    "28":0.1881488892,
    "29":0.289421035,
    "30":0.2406698434,
    "31":0.2433140142,
    "32":0.2917329536,
    "33":0.2948029237,
    "34":0.2847990473,
    "35":0.3800366514,
    "36":0.236932056,
    "37":0.4559741197,
    "38":0.3702529573,
    "39":0.224051743,
    "40":0.3634219501,
    "41":0.1815062625,
    "42":0.237377421,
    "43":0.2884156916,
    "44":0.2379146567,
    "45":0.1758313969,
    "46":0.182068557,
    "47":0.239937453,
    "48":0.1814191137,
    "49":0.181515535
  },
  "Delta_Uniform":{
    "0":-0.0457700146,
    "1":-0.0950457223,
    "2":-0.0838180287,
    "3":-0.0783834475,
    "4":-0.0762069199,
    "5":-0.0622784511,
    "6":-0.0415261611,
    "7":-0.0943451775,
    "8":-0.0908913173,
    "9":-0.1157826755,
    "10":-0.06325353,
    "11":-0.068738111,
    "12":-0.0795263899,
    "13":-0.051804572,
    "14":-0.0621110657,
    "15":-0.0731553142,
    "16":-0.0985862087,
    "17":-0.0654884397,
    "18":-0.0800247294,
    "19":-0.0693733902,
    "20":-0.0961280891,
    "21":-0.0978489265,
    "22":-0.0855669719,
    "23":-0.0998698145,
    "24":-0.0548496431,
    "25":-0.1139767279,
    "26":-0.1182813794,
    "27":-0.0543884599,
    "28":-0.0587613635,
    "29":-0.0730598825,
    "30":-0.0632491749,
    "31":-0.0561240021,
    "32":-0.0737405945,
    "33":-0.0681010103,
    "34":-0.083391021,
    "35":-0.1007073998,
    "36":-0.053245273,
    "37":-0.0979259697,
    "38":-0.1255597658,
    "39":-0.071782928,
    "40":-0.103761951,
    "41":-0.0690672816,
    "42":-0.080542232,
    "43":-0.0679347917,
    "44":-0.0738889935,
    "45":-0.0610915725,
    "46":-0.044386194,
    "47":-0.065870063,
    "48":-0.0412044512,
    "49":-0.0601761591
  },
  "Delta_Prop":{
    "0":-0.0399863428,
    "1":-0.1024752336,
    "2":-0.0874468998,
    "3":-0.0783062848,
    "4":-0.075941234,
    "5":-0.0635455349,
    "6":-0.0415892042,
    "7":-0.0695819169,
    "8":-0.1072908667,
    "9":-0.0911804328,
    "10":-0.051933284,
    "11":-0.0729933281,
    "12":-0.0692762714,
    "13":-0.0613960371,
    "14":-0.0655115798,
    "15":-0.0766978207,
    "16":-0.0735809129,
    "17":-0.0610073802,
    "18":-0.0753678485,
    "19":-0.0542748311,
    "20":-0.0954155973,
    "21":-0.1083858642,
    "22":-0.0893139734,
    "23":-0.0985344518,
    "24":-0.0523433451,
    "25":-0.1150251311,
    "26":-0.0968728355,
    "27":-0.0553946286,
    "28":-0.0564976937,
    "29":-0.0704021462,
    "30":-0.0637859457,
    "31":-0.0714686167,
    "32":-0.0745945148,
    "33":-0.0677594195,
    "34":-0.0814902525,
    "35":-0.0996061716,
    "36":-0.063317843,
    "37":-0.0873161903,
    "38":-0.1161446753,
    "39":-0.064635318,
    "40":-0.098127073,
    "41":-0.0552207257,
    "42":-0.067819148,
    "43":-0.0823201281,
    "44":-0.0698943095,
    "45":-0.0525689817,
    "46":-0.056104727,
    "47":-0.070939619,
    "48":-0.0457105193,
    "49":-0.0521593877
  }
}