{
  "Astrahl":{
    "0":0.2050583216,
    "1":0.1405901531,
    "2":0.1604743916,
    "3":0.1232855059,
    "4":0.0342373522,
    "5":0.2171235942,
    "6":0.2055839936,
    "7":0.0632493468,
    "8":0.1789368004,
    "9":0.2408675216,
    "10":0.0736966744,
    "11":0.1721321136,
    "12":0.2475185419,
    "13":0.0600112561,
    "14":0.1299114356,
    "15":0.0823260573,
    "16":0.0780871028,
    "17":0.1995603363,
    "18":0.0571403786,
    "19":0.1117141506,
    "20":0.0771237071,
    "21":0.2284826736,
    "22":0.1198007123,
    "23":0.0433391871,
    "24":0.1210902831,
    "25":0.2029691601,
    "26":0.1592144551,
    "27":0.0824673691,
    "28":0.0912229662,
    "29":0.1840055763,
    "30":0.2329565997,
    "31":0.1204435678,
    "32":0.1333245825,
    "33":0.1363609209,
    "34":0.1695579054,
    "35":0.2276250527,
    "36":0.1569539259,
    "37":0.149076323,
    "38":0.1416672583,
    "39":0.0664835073,
    "40":0.1925252939,
    "41":0.1168098436,
    "42":0.1459420327,
    "43":0.0967808967,
    "44":0.0693887531,
    "45":0.1089515174,
    "46":0.0740603025,
    "47":0.1754983924,
    "48":0.063874186,
    "49":0.1687596982,
    "50":0.2193526871,
    "51":0.0460555718,
    "52":0.0967456845,
    "53":0.0513462001,
    "54":0.1604148672,
    "55":0.1267488823,
    "56":0.0705075046,
    "57":0.1616918648,
    "58":0.1123272188,
    "59":0.145799994,
    "60":0.2628948735,
    "61":0.0929467093,
    "62":0.2300638624,
    "63":0.0860821716,
    "64":0.1153614587,
    "65":0.1627531225,
    "66":0.1132759902,
    "67":0.163833665,
    "68":0.0824949163,
    "69":0.1435153368,
    "70":0.2445504649,
    "71":0.1537620505,
    "72":0.0344500294,
    "73":0.228701201,
    "74":0.13299413,
    "75":0.1227558243,
    "76":0.1432893556,
    "77":0.0915923274,
    "78":0.1489854817,
    "79":0.0900365113,
    "80":0.176741464,
    "81":0.2860197728,
    "82":0.2406972252,
    "83":0.1863348268,
    "84":0.1802961162,
    "85":0.2987574633,
    "86":0.0862261886,
    "87":0.1474592521,
    "88":0.0850497135,
    "89":0.0719692947,
    "90":0.1997160728,
    "91":0.0641284544,
    "92":0.1020503761,
    "93":0.1984900227,
    "94":0.2520719029,
    "95":0.1293260107,
    "96":0.1284224621,
    "97":0.1735530307,
    "98":0.2402479195,
    "99":0.1692700214
  },
  "Uniform":{
    "0":0.2052391786,
    "1":0.1402366561,
    "2":0.1605722976,
    "3":0.1226968613,
    "4":0.0342382404,
    "5":0.2176880541,
    "6":0.2021075183,
    "7":0.0630917443,
    "8":0.1808490783,
    "9":0.2411720285,
    "10":0.0734154373,
    "11":0.1705065526,
    "12":0.2470017273,
    "13":0.0595015487,
    "14":0.1296068504,
    "15":0.0824835939,
    "16":0.0778337549,
    "17":0.1995568356,
    "18":0.0577887155,
    "19":0.1117984013,
    "20":0.0768213905,
    "21":0.2286626071,
    "22":0.1187171748,
    "23":0.0434861012,
    "24":0.1201393667,
    "25":0.2034532905,
    "26":0.1565720028,
    "27":0.0823430951,
    "28":0.0919878035,
    "29":0.1839816145,
    "30":0.2305272148,
    "31":0.1203034572,
    "32":0.1325929507,
    "33":0.1356709858,
    "34":0.1686942232,
    "35":0.2276595306,
    "36":0.1572213734,
    "37":0.1489409456,
    "38":0.1412342338,
    "39":0.0665969511,
    "40":0.193237925,
    "41":0.1177357979,
    "42":0.1461389047,
    "43":0.0962268651,
    "44":0.068871401,
    "45":0.10907045,
    "46":0.073613773,
    "47":0.1751541646,
    "48":0.0642903375,
    "49":0.1679315898,
    "50":0.2193240851,
    "51":0.0460195785,
    "52":0.0971411283,
    "53":0.0512513207,
    "54":0.1598660156,
    "55":0.1254103351,
    "56":0.0703808137,
    "57":0.1623951602,
    "58":0.1110220305,
    "59":0.145604909,
    "60":0.2625326665,
    "61":0.0934014612,
    "62":0.2311503858,
    "63":0.0857807529,
    "64":0.1148318487,
    "65":0.1619947248,
    "66":0.1119697101,
    "67":0.1638981785,
    "68":0.082379072,
    "69":0.1430129178,
    "70":0.2440054604,
    "71":0.1542384683,
    "72":0.0344749481,
    "73":0.2283327474,
    "74":0.1323516518,
    "75":0.1230058757,
    "76":0.1416647395,
    "77":0.0913852491,
    "78":0.1479738174,
    "79":0.0901778313,
    "80":0.1757604641,
    "81":0.2840278032,
    "82":0.2405051663,
    "83":0.1869215033,
    "84":0.1801441523,
    "85":0.2997252141,
    "86":0.0853126143,
    "87":0.1488604638,
    "88":0.0843686891,
    "89":0.0716672232,
    "90":0.2001415321,
    "91":0.0640692697,
    "92":0.1022413977,
    "93":0.1968896292,
    "94":0.2521530947,
    "95":0.1308809476,
    "96":0.1285627167,
    "97":0.1729951339,
    "98":0.2407038302,
    "99":0.1679774778
  },
  "Prop":{
    "0":0.2042258142,
    "1":0.1398707098,
    "2":0.1587113835,
    "3":0.1217434378,
    "4":0.0341925931,
    "5":0.2168333442,
    "6":0.2012134112,
    "7":0.0628392266,
    "8":0.179193223,
    "9":0.2407633406,
    "10":0.0728467688,
    "11":0.1687306106,
    "12":0.2458685828,
    "13":0.0591853505,
    "14":0.1279588244,
    "15":0.0821497248,
    "16":0.0778514349,
    "17":0.1986634846,
    "18":0.0569328527,
    "19":0.1113883422,
    "20":0.0762557872,
    "21":0.2283139704,
    "22":0.1183198323,
    "23":0.0434256908,
    "24":0.1198043017,
    "25":0.2019419199,
    "26":0.1551785852,
    "27":0.0818925967,
    "28":0.0917945846,
    "29":0.1836035289,
    "30":0.22923987,
    "31":0.1200262266,
    "32":0.1318904297,
    "33":0.1340484965,
    "34":0.1681765041,
    "35":0.2261617815,
    "36":0.1554338845,
    "37":0.1479701211,
    "38":0.1405048553,
    "39":0.0663267577,
    "40":0.192472672,
    "41":0.116530367,
    "42":0.1450653281,
    "43":0.0961726831,
    "44":0.0685510929,
    "45":0.1088692624,
    "46":0.0733621767,
    "47":0.1742922435,
    "48":0.0641034906,
    "49":0.165948685,
    "50":0.2172087451,
    "51":0.0460049552,
    "52":0.0963682987,
    "53":0.0511010225,
    "54":0.1576932047,
    "55":0.1247136101,
    "56":0.0699236759,
    "57":0.1619084022,
    "58":0.1098538875,
    "59":0.1445693341,
    "60":0.2613914244,
    "61":0.0930346564,
    "62":0.2291963511,
    "63":0.0855770222,
    "64":0.1134052365,
    "65":0.1596095154,
    "66":0.1102031568,
    "67":0.1623300521,
    "68":0.0821473915,
    "69":0.1425518339,
    "70":0.2432209875,
    "71":0.1534658876,
    "72":0.0344518077,
    "73":0.2262474827,
    "74":0.1311525957,
    "75":0.1220708778,
    "76":0.1398966784,
    "77":0.0905939348,
    "78":0.14784018,
    "79":0.0898455359,
    "80":0.1752281875,
    "81":0.2831237684,
    "82":0.2382840036,
    "83":0.1854842571,
    "84":0.1783755313,
    "85":0.2982139056,
    "86":0.0845639729,
    "87":0.1479576073,
    "88":0.0840818939,
    "89":0.0713582313,
    "90":0.1994350016,
    "91":0.0636670344,
    "92":0.1018882871,
    "93":0.1948197663,
    "94":0.2493450109,
    "95":0.1289357699,
    "96":0.1282939432,
    "97":0.1716113809,
    "98":0.2394275848,
    "99":0.1659327916
  },
  "Delta_Uniform":{
    "0":-0.000180857,
    "1":0.000353497,
    "2":-0.0000979059,
    "3":0.0005886446,
    "4":-0.0000008882,
    "5":-0.0005644599,
    "6":0.0034764752,
    "7":0.0001576025,
    "8":-0.0019122779,
    "9":-0.0003045068,
    "10":0.0002812371,
    "11":0.001625561,
    "12":0.0005168146,
    "13":0.0005097074,
    "14":0.0003045851,
    "15":-0.0001575365,
    "16":0.0002533479,
    "17":0.0000035007,
    "18":-0.0006483369,
    "19":-0.0000842507,
    "20":0.0003023165,
    "21":-0.0001799335,
    "22":0.0010835376,
    "23":-0.0001469141,
    "24":0.0009509164,
    "25":-0.0004841303,
    "26":0.0026424523,
    "27":0.0001242739,
    "28":-0.0007648373,
    "29":0.0000239618,
    "30":0.002429385,
    "31":0.0001401107,
    "32":0.0007316318,
    "33":0.0006899352,
    "34":0.0008636822,
    "35":-0.0000344779,
    "36":-0.0002674475,
    "37":0.0001353775,
    "38":0.0004330245,
    "39":-0.0001134438,
    "40":-0.0007126311,
    "41":-0.0009259543,
    "42":-0.000196872,
    "43":0.0005540316,
    "44":0.000517352,
    "45":-0.0001189327,