{
  "Astrahl":{
    "0":0.0021299803,
    "1":0.0008879103,
    "2":0.000857869,
    "3":0.0004484,
    "4":0.000879124,
    "5":0.0011691482,
    "6":0.00058265,
    "7":0.0015300064,
    "8":0.0006685841,
    "9":0.0009912359,
    "10":0.0008504251,
    "11":0.0004294,
    "12":0.0003154,
    "13":0.000698638,
    "14":0.000413839,
    "15":0.000626829,
    "16":0.0007215022,
    "17":0.000399,
    "18":0.0016669481,
    "19":0.0018746333,
    "20":0.000285,
    "21":0.0035087321,
    "22":0.00037772,
    "23":0.00037791,
    "24":0.00028481,
    "25":0.00030381,
    "26":0.0013940099,
    "27":0.0010550871,
    "28":0.00043491,
    "29":0.0009645676,
    "30":0.001391585,
    "31":0.00070189,
    "32":0.0011124821,
    "33":0.000696167,
    "34":0.0012123163,
    "35":0.0029992683,
    "36":0.000842308,
    "37":0.006067297,
    "38":0.000247,
    "39":0.000449559,
    "40":0.00032262,
    "41":0.0018560743,
    "42":0.000845519,
    "43":0.00069464,
    "44":0.00022781,
    "45":0.000379129,
    "46":0.0003743,
    "47":0.000940641,
    "48":0.0003523,
    "49":0.001021399
  },
  "Uniform":{
    "0":0.0019212043,
    "1":0.000746068,
    "2":0.0011257272,
    "3":0.000479169,
    "4":0.000850511,
    "5":0.0010580692,
    "6":0.000593969,
    "7":0.0019884371,
    "8":0.000876549,
    "9":0.000834255,
    "10":0.000721008,
    "11":0.000331,
    "12":0.000406639,
    "13":0.000632329,
    "14":0.000469359,
    "15":0.000707339,
    "16":0.000651287,
    "17":0.00043732,
    "18":0.0015127162,
    "19":0.0016672051,
    "20":0.0003745,
    "21":0.0026331194,
    "22":0.00051233,
    "23":0.0005003,
    "24":0.00035232,
    "25":0.00058273,
    "26":0.0015381206,
    "27":0.001128056,
    "28":0.00033691,
    "29":0.000907019,
    "30":0.0013763727,
    "31":0.000817939,
    "32":0.0015852981,
    "33":0.00081151,
    "34":0.0014939131,
    "35":0.0026949525,
    "36":0.000675269,
    "37":0.0042590682,
    "38":0.00039741,
    "39":0.00025571,
    "40":0.0002549,
    "41":0.0020773572,
    "42":0.0010152899,
    "43":0.00050741,
    "44":0.0003738,
    "45":0.0003599,
    "46":0.00060485,
    "47":0.0008475102,
    "48":0.000456568,
    "49":0.0009856348
  },
  "Prop":{
    "0":0.0019220947,
    "1":0.000758329,
    "2":0.0009386672,
    "3":0.00043081,
    "4":0.000676668,
    "5":0.000807749,
    "6":0.00057471,
    "7":0.0016400016,
    "8":0.00085081,
    "9":0.0011521252,
    "10":0.00083464,
    "11":0.00052932,
    "12":0.00048371,
    "13":0.00068941,
    "14":0.0004569,
    "15":0.000841629,
    "16":0.000702238,
    "17":0.00017581,
    "18":0.0018271775,
    "19":0.0025152586,
    "20":0.00033361,
    "21":0.0028831691,
    "22":0.000409439,
    "23":0.00050953,
    "24":0.0002927,
    "25":0.000472069,
    "26":0.0016792761,
    "27":0.0008621034,
    "28":0.0003608,
    "29":0.0012092311,
    "30":0.0019906082,
    "31":0.000686289,
    "32":0.0013225577,
    "33":0.000635679,
    "34":0.001157478,
    "35":0.0024016204,
    "36":0.000509407,
    "37":0.0049759508,
    "38":0.0002936,
    "39":0.000579839,
    "40":0.0003319,
    "41":0.0021485957,
    "42":0.000772137,
    "43":0.00061979,
    "44":0.0004087,
    "45":0.00045891,
    "46":0.000662649,
    "47":0.0012241451,
    "48":0.000699749,
    "49":0.0011171728
  },
  "Delta_Uniform":{
    "0":0.000208776,
    "1":0.0001418423,
    "2":-0.0002678582,
    "3":-0.000030769,
    "4":0.000028613,
    "5":0.000111079,
    "6":-0.000011319,
    "7":-0.0004584307,
    "8":-0.0002079649,
    "9":0.0001569809,
    "10":0.0001294171,
    "11":0.0000984,
    "12":-0.000091239,
    "13":0.000066309,
    "14":-0.00005552,
    "15":-0.00008051,
    "16":0.0000702152,
    "17":-0.00003832,
    "18":0.0001542319,
    "19":0.0002074282,
    "20":-0.0000895,
    "21":0.0008756128,
    "22":-0.00013461,
    "23":-0.00012239,
    "24":-0.00006751,
    "25":-0.00027892,
    "26":-0.0001441107,
    "27":-0.0000729689,
    "28":0.000098,
    "29":0.0000575486,
    "30":0.0000152123,
    "31":-0.000116049,
    "32":-0.000472816,
    "33":-0.000115343,
    "34":-0.0002815968,
    "35":0.0003043158,
    "36":0.000167039,
    "37":0.0018082288,
    "38":-0.00015041,
    "39":0.000193849,
    "40":0.00006772,
    "41":-0.0002212829,
    "42":-0.0001697709,
    "43":0.00018723,
    "44":-0.00014599,
    "45":0.000019229,
    "46":-0.00023055,
    "47":0.0000931308,
    "48":-0.000104268,
    "49":0.0000357642
  },
  "Delta_Prop":{
    "0":0.0002078855,
    "1":0.0001295813,
    "2":-0.0000807982,
    "3":0.00001759,
    "4":0.000202456,
    "5":0.0003613992,
    "6":0.00000794,
    "7":-0.0001099952,
    "8":-0.0001822259,
    "9":-0.0001608893,
    "10":0.0000157851,
    "11":-0.00009992,
    "12":-0.00016831,
    "13":0.000009228,
    "14":-0.000043061,
    "15":-0.0002148,
    "16":0.0000192642,
    "17":0.00022319,
    "18":-0.0001602294,
    "19":-0.0006406253,
    "20":-0.00004861,
    "21":0.000625563,
    "22":-0.000031719,
    "23":-0.00013162,
    "24":-0.00000789,
    "25":-0.000168259,
    "26":-0.0002852662,
    "27":0.0001929837,
    "28":0.00007411,
    "29":-0.0002446635,
    "30":-0.0005990232,
    "31":0.000015601,
    "32":-0.0002100756,
    "33":0.000060488,
    "34":0.0000548383,
    "35":0.000597648,
    "36":0.000332901,
    "37":0.0010913463,
    "38":-0.0000466,
    "39":-0.00013028,
    "40":-0.00000928,
    "41":-0.0002925215,
    "42":0.000073382,
    "43":0.00007485,
    "44":-0.00018089,
    "45":-0.000079781,
    "46":-0.000288349,
    "47":-0.0002835041,
    "48":-0.000347449,
    "49":-0.0000957738
  }
}