{
  "Astrahl":{
    "0":0.0012501022,
    "1":0.000380519,
    "2":0.00418312,
    "3":0.00229866,
    "4":0.003222632,
    "5":0.004170966,
    "6":0.0023340073,
    "7":0.000314029,
    "8":0.0054487907,
    "9":0.001412347,
    "10":0.0046499661,
    "11":0.00116023,
    "12":0.0013064253,
    "13":0.00110539,
    "14":0.00310791,
    "15":0.0035295262,
    "16":0.003209609,
    "17":0.00023691,
    "18":0.0075777872,
    "19":0.0032278622,
    "20":0.0000654,
    "21":0.0016869036,
    "22":0.00716132,
    "23":0.00426705,
    "24":0.001261133,
    "25":0.001109,
    "26":0.0053510734,
    "27":0.0020872,
    "28":0.0015881233,
    "29":0.0028958082,
    "30":0.002148717,
    "31":0.00305341,
    "32":0.00214061,
    "33":0.001463795,
    "34":0.000102695,
    "35":0.001350461,
    "36":0.002109,
    "37":0.0054239915,
    "38":0.0027159334,
    "39":0.00216023,
    "40":0.005139349,
    "41":0.0024865505,
    "42":0.0051270745,
    "43":0.001613125,
    "44":0.005296589,
    "45":0.0011709106,
    "46":0.002172137,
    "47":0.00214933,
    "48":0.005839203,
    "49":0.0050872
  },
  "Uniform":{
    "0":0.0311871,
    "1":0.03609771,
    "2":0.03304,
    "3":0.0350936,
    "4":0.030097,
    "5":0.0629316,
    "6":0.045117718,
    "7":0.039076,
    "8":0.0335785353,
    "9":0.048109249,
    "10":0.039239239,
    "11":0.03010229,
    "12":0.031117749,
    "13":0.03706071,
    "14":0.0350209,
    "15":0.035339231,
    "16":0.06595232,
    "17":0.04120791,
    "18":0.0718721221,
    "19":0.0436613687,
    "20":0.0330309,
    "21":0.040315949,
    "22":0.0291107,
    "23":0.0301431,
    "24":0.03311032,
    "25":0.040012,
    "26":0.0304691112,
    "27":0.03506171,
    "28":0.027472537,
    "29":0.0395045,
    "30":0.03207432,
    "31":0.0350419,
    "32":0.030037,
    "33":0.034178549,
    "34":0.0350588,
    "35":0.039075,
    "36":0.0380509,
    "37":0.0266764142,
    "38":0.02934709,
    "39":0.066997449,
    "40":0.0270608,
    "41":0.0321651707,
    "42":0.034569738,
    "43":0.03551861,
    "44":0.0331560751,
    "45":0.038141929,
    "46":0.0340988,
    "47":0.03908572,
    "48":0.0384834179,
    "49":0.03405981
  },
  "Prop":{
    "0":0.0182280831,
    "1":0.02821981,
    "2":0.0251251,
    "3":0.021203698,
    "4":0.033265,
    "5":0.05748222,
    "6":0.0223066932,
    "7":0.02225651,
    "8":0.0288550751,
    "9":0.034363309,
    "10":0.027403749,
    "11":0.025154059,
    "12":0.0282178857,
    "13":0.02406832,
    "14":0.0240898,
    "15":0.0223984431,
    "16":0.050408688,
    "17":0.032280668,
    "18":0.059334922,
    "19":0.0271294768,
    "20":0.022039,
    "21":0.0285389776,
    "22":0.0291259,
    "23":0.02807632,
    "24":0.024146639,
    "25":0.028022,
    "26":0.0240083959,
    "27":0.03010671,
    "28":0.0248244711,
    "29":0.03271806,
    "30":0.0241102,
    "31":0.02004981,
    "32":0.02508,
    "33":0.0271583,
    "34":0.031200139,
    "35":0.0322875,
    "36":0.027029,
    "37":0.0249903467,
    "38":0.02855306,
    "39":0.05075352,
    "40":0.02110171,
    "41":0.032221578,
    "42":0.0308769392,
    "43":0.0324886992,
    "44":0.02617181,
    "45":0.0181658,
    "46":0.021200849,
    "47":0.0291051,
    "48":0.0326209708,
    "49":0.0310589
  },
  "Delta_Uniform":{
    "0":-0.0299369978,
    "1":-0.035717191,
    "2":-0.02885688,
    "3":-0.03279494,
    "4":-0.026874368,
    "5":-0.058760634,
    "6":-0.0427837107,
    "7":-0.038761971,
    "8":-0.0281297446,
    "9":-0.046696902,
    "10":-0.0345892729,
    "11":-0.02894206,
    "12":-0.0298113237,
    "13":-0.03595532,
    "14":-0.03191299,
    "15":-0.0318097048,
    "16":-0.062742711,
    "17":-0.040971,
    "18":-0.0642943349,
    "19":-0.0404335065,
    "20":-0.0329655,
    "21":-0.0386290454,
    "22":-0.02194938,
    "23":-0.02587605,
    "24":-0.031849187,
    "25":-0.038903,
    "26":-0.0251180378,
    "27":-0.03297451,
    "28":-0.0258844137,
    "29":-0.0366086918,
    "30":-0.029925603,
    "31":-0.03198849,
    "32":-0.02789639,
    "33":-0.032714754,
    "34":-0.034956105,
    "35":-0.037724539,
    "36":-0.0359419,
    "37":-0.0212524227,
    "38":-0.0266311566,
    "39":-0.064837219,
    "40":-0.021921451,
    "41":-0.0296786202,
    "42":-0.0294426635,
    "43":-0.033905485,
    "44":-0.0278594861,
    "45":-0.0369710184,
    "46":-0.031926663,
    "47":-0.03693639,
    "48":-0.0326442149,
    "49":-0.02897261
  },
  "Delta_Prop":{
    "0":-0.0169779809,
    "1":-0.027839291,
    "2":-0.02094198,
    "3":-0.018905038,
    "4":-0.030042368,
    "5":-0.053311254,
    "6":-0.0199726859,
    "7":-0.021942481,
    "8":-0.0234062844,
    "9":-0.032950962,
    "10":-0.0227537829,
    "11":-0.023993829,
    "12":-0.0269114604,
    "13":-0.02296293,
    "14":-0.02098189,
    "15":-0.0188689169,
    "16":-0.047199079,
    "17":-0.032043758,
    "18":-0.0517571348,
    "19":-0.0239016147,
    "20":-0.0219736,
    "21":-0.026852074,
    "22":-0.02196458,
    "23":-0.02380927,
    "24":-0.022885506,
    "25":-0.026913,
    "26":-0.0186573225,
    "27":-0.02801951,
    "28":-0.0232363478,
    "29":-0.0298222518,
    "30":-0.021961483,
    "31":-0.0169964,
    "32":-0.02293939,
    "33":-0.025694505,
    "34":-0.031097444,
    "35":-0.030937039,
    "36":-0.02492,
    "37":-0.0195663552,
    "38":-0.0258371266,
    "39":-0.04859329,
    "40":-0.015962361,
    "41":-0.0297350275,
    "42":-0.0257498647,
    "43":-0.0308755742,
    "44":-0.020875221,
    "45":-0.0169948894,
    "46":-0.019028712,
    "47":-0.02695577,
    "48":-0.0267817678,
    "49":-0.0259717
  }
}