{
  "Astrahl":{
    "0":0.0045134452,
    "1":0.0014889129,
    "2":0.000728695,
    "3":0.0014473125,
    "4":0.0028761156,
    "5":0.0021915733,
    "6":0.0028776897,
    "7":0.0013973894,
    "8":0.0031845813,
    "9":0.0033049718,
    "10":0.0061144416,
    "11":0.0013831956,
    "12":0.0014852129,
    "13":0.0024379599,
    "14":0.0033662754,
    "15":0.0021949152,
    "16":0.0021467943,
    "17":0.0016410374,
    "18":0.0021364075,
    "19":0.0051706384,
    "20":0.00074634,
    "21":0.0013595827,
    "22":0.008687886,
    "23":0.0057605297,
    "24":0.000733901,
    "25":0.0047740877,
    "26":0.0046945702,
    "27":0.0016931654,
    "28":0.0021832957,
    "29":0.0031039884,
    "30":0.0040509275,
    "31":0.0048221124,
    "32":0.0068904265,
    "33":0.0027030905,
    "34":0.0036156499,
    "35":0.0013668249,
    "36":0.0030923991,
    "37":0.0041932404,
    "38":0.0018785757,
    "39":0.0014229426,
    "40":0.0014202928,
    "41":0.0083122031,
    "42":0.0013580225,
    "43":0.007899741,
    "44":0.0022264276,
    "45":0.0027333686,
    "46":0.0030017099,
    "47":0.001236576,
    "48":0.0064442165,
    "49":0.00069089
  },
  "Uniform":{
    "0":0.0051669189,
    "1":0.0016101296,
    "2":0.000989552,
    "3":0.0018938221,
    "4":0.0040076383,
    "5":0.0030969095,
    "6":0.0036836029,
    "7":0.0022958262,
    "8":0.0045683637,
    "9":0.0043885517,
    "10":0.0078818625,
    "11":0.0019167677,
    "12":0.0018072557,
    "13":0.0029998214,
    "14":0.0040911148,
    "15":0.0029292892,
    "16":0.0032662944,
    "17":0.0023543784,
    "18":0.0029100088,
    "19":0.0069221507,
    "20":0.000872826,
    "21":0.0017074205,
    "22":0.0119783453,
    "23":0.008548646,
    "24":0.000910807,
    "25":0.005824837,
    "26":0.0060453041,
    "27":0.001947256,
    "28":0.0028574008,
    "29":0.0043103511,
    "30":0.005329635,
    "31":0.0058355706,
    "32":0.0079116701,
    "33":0.0034533755,
    "34":0.0041876687,
    "35":0.0018620894,
    "36":0.0038975762,
    "37":0.0058969827,
    "38":0.0025911346,
    "39":0.0018038886,
    "40":0.0017841107,
    "41":0.011354784,
    "42":0.0016499252,
    "43":0.009225301,
    "44":0.0028945169,
    "45":0.0034869017,
    "46":0.0038399377,
    "47":0.001617049,
    "48":0.0117861003,
    "49":0.00085308
  },
  "Prop":{
    "0":0.0054580747,
    "1":0.0018966473,
    "2":0.000916424,
    "3":0.0020441035,
    "4":0.004700552,
    "5":0.0032542993,
    "6":0.0038433261,
    "7":0.0022768769,
    "8":0.0044516198,
    "9":0.0044517276,
    "10":0.0080021304,
    "11":0.001738649,
    "12":0.0017655642,
    "13":0.0029858301,
    "14":0.0042306885,
    "15":0.0029266741,
    "16":0.0031990192,
    "17":0.0022806528,
    "18":0.00313042,
    "19":0.0072470078,
    "20":0.000887509,
    "21":0.0017887622,
    "22":0.0122092675,
    "23":0.0084051367,
    "24":0.000884382,
    "25":0.0058513266,
    "26":0.0061394679,
    "27":0.0021313023,
    "28":0.0027262377,
    "29":0.0043011936,
    "30":0.0054256348,
    "31":0.0061991314,
    "32":0.0092405404,
    "33":0.0034870904,
    "34":0.0047344458,
    "35":0.0020675462,
    "36":0.004012074,
    "37":0.0062497579,
    "38":0.0023931106,
    "39":0.0019734538,
    "40":0.0019390521,
    "41":0.0121459573,
    "42":0.0019952332,
    "43":0.0104065711,
    "44":0.0027419731,
    "45":0.0034774591,
    "46":0.0040396976,
    "47":0.001606515,
    "48":0.0112479752,
    "49":0.00083153
  },
  "Delta_Uniform":{
    "0":-0.0006534736,
    "1":-0.0001212168,
    "2":-0.000260857,
    "3":-0.0004465096,
    "4":-0.0011315226,
    "5":-0.0009053362,
    "6":-0.0008059132,
    "7":-0.0008984368,
    "8":-0.0013837824,
    "9":-0.0010835799,
    "10":-0.0017674209,
    "11":-0.0005335721,
    "12":-0.0003220428,
    "13":-0.0005618615,
    "14":-0.0007248393,
    "15":-0.000734374,
    "16":-0.0011195001,
    "17":-0.0007133411,
    "18":-0.0007736012,
    "19":-0.0017515123,
    "20":-0.000126486,
    "21":-0.0003478378,
    "22":-0.0032904593,
    "23":-0.0027881163,
    "24":-0.000176906,
    "25":-0.0010507494,
    "26":-0.001350734,
    "27":-0.0002540906,
    "28":-0.0006741051,
    "29":-0.0012063627,
    "30":-0.0012787075,
    "31":-0.0010134582,
    "32":-0.0010212435,
    "33":-0.000750285,
    "34":-0.0005720189,
    "35":-0.0004952645,
    "36":-0.0008051771,
    "37":-0.0017037423,
    "38":-0.0007125588,
    "39":-0.000380946,
    "40":-0.0003638179,
    "41":-0.0030425808,
    "42":-0.0002919027,
    "43":-0.00132556,
    "44":-0.0006680893,
    "45":-0.0007535331,
    "46":-0.0008382278,
    "47":-0.000380473,
    "48":-0.0053418838,
    "49":-0.00016219
  },
  "Delta_Prop":{
    "0":-0.0009446295,
    "1":-0.0004077344,
    "2":-0.000187729,
    "3":-0.000596791,
    "4":-0.0018244364,
    "5":-0.0010627259,
    "6":-0.0009656364,
    "7":-0.0008794875,
    "8":-0.0012670384,
    "9":-0.0011467558,
    "10":-0.0018876888,
    "11":-0.0003554534,
    "12":-0.0002803513,
    "13":-0.0005478702,
    "14":-0.0008644131,
    "15":-0.0007317589,
    "16":-0.0010522249,
    "17":-0.0006396154,
    "18":-0.0009940125,
    "19":-0.0020763693,
    "20":-0.000141169,
    "21":-0.0004291795,
    "22":-0.0035213815,
    "23":-0.002644607,
    "24":-0.000150481,
    "25":-0.001077239,
    "26":-0.0014448977,
    "27":-0.000438137,
    "28":-0.000542942,
    "29":-0.0011972052,
    "30":-0.0013747073,
    "31":-0.0013770189,
    "32":-0.0023501139,
    "33":-0.0007839998,
    "34":-0.001118796,
    "35":-0.0007007212,
    "36":-0.0009196748,
    "37":-0.0020565175,
    "38":-0.0005145349,
    "39":-0.0005505112,
    "40":-0.0005187593,
    "41":-0.0038337542,
    "42":-0.0006372107,
    "43":-0.0025068301,
    "44":-0.0005155455,
    "45":-0.0007440905,
    "46":-0.0010379877,
    "47":-0.000369939,
    "48":-0.0048037587,
    "49":-0.00014064
  }
}