{
  "Astrahl":{
    "0":0.0137061834,
    "1":0.0923869977,
    "2":0.0154849113,
    "3":0.0269721817,
    "4":0.0290244172,
    "5":0.0282030102,
    "6":0.0125718224,
    "7":0.018605271,
    "8":0.0215207504,
    "9":0.0254226767,
    "10":0.020790904,
    "11":0.019592933,
    "12":0.0439359801,
    "13":0.0302727969,
    "14":0.021297603,
    "15":0.114070366,
    "16":0.0466806304,
    "17":0.0208683836,
    "18":0.030807137,
    "19":0.0138727043,
    "20":0.0415501633,
    "21":0.0383327721,
    "22":0.0282417988,
    "23":0.0542844447,
    "24":0.026143437,
    "25":0.0426865783,
    "26":0.0319382202,
    "27":0.0160191288,
    "28":0.0139156253,
    "29":0.0294394905,
    "30":0.0206914275,
    "31":0.0196456252,
    "32":0.0339981801,
    "33":0.0302088809,
    "34":0.0173559076,
    "35":0.0175913966,
    "36":0.015255587,
    "37":0.0828975172,
    "38":0.0423962603,
    "39":0.018759272,
    "40":0.0270601304,
    "41":0.0183563571,
    "42":0.012769377,
    "43":0.0418242855,
    "44":0.0342766092,
    "45":0.0217839593,
    "46":0.014874333,
    "47":0.014013367,
    "48":0.0214629109,
    "49":0.0226058528
  },
  "Uniform":{
    "0":0.0165451033,
    "1":0.1241715243,
    "2":0.0165765676,
    "3":0.0300799952,
    "4":0.0295884926,
    "5":0.0387990112,
    "6":0.0164782988,
    "7":0.0228944987,
    "8":0.0217294898,
    "9":0.029576483,
    "10":0.025623635,
    "11":0.0257972658,
    "12":0.0538360863,
    "13":0.0368762539,
    "14":0.024481548,
    "15":0.1361689203,
    "16":0.0579670088,
    "17":0.0280110168,
    "18":0.0383823684,
    "19":0.0155758394,
    "20":0.0496447263,
    "21":0.0430599524,
    "22":0.0380838702,
    "23":0.0618575184,
    "24":0.0295485994,
    "25":0.0532758891,
    "26":0.037588023,
    "27":0.0174100672,
    "28":0.0168150648,
    "29":0.0372227872,
    "30":0.0264511778,
    "31":0.0280561745,
    "32":0.0349554512,
    "33":0.0378320076,
    "34":0.018573132,
    "35":0.0202787541,
    "36":0.015823051,
    "37":0.1045866033,
    "38":0.0530572081,
    "39":0.025318998,
    "40":0.0292892095,
    "41":0.0183972285,
    "42":0.015973205,
    "43":0.0453567252,
    "44":0.0359531321,
    "45":0.0276377938,
    "46":0.021068989,
    "47":0.014531412,
    "48":0.027627747,
    "49":0.0261963086
  },
  "Prop":{
    "0":0.0161847984,
    "1":0.1199179515,
    "2":0.0168767741,
    "3":0.0307210367,
    "4":0.0307653435,
    "5":0.0398676959,
    "6":0.0161622078,
    "7":0.021469775,
    "8":0.0233640137,
    "9":0.0274491277,
    "10":0.026565756,
    "11":0.0255853346,
    "12":0.056727426,
    "13":0.0348251377,
    "14":0.0249584017,
    "15":0.1413394491,
    "16":0.0628401574,
    "17":0.0283026973,
    "18":0.0373408109,
    "19":0.0151497656,
    "20":0.0511169849,
    "21":0.0398307428,
    "22":0.0382617776,
    "23":0.0597573454,
    "24":0.0365962419,
    "25":0.0537721012,
    "26":0.0387121378,
    "27":0.0170359436,
    "28":0.0158269344,
    "29":0.0344904968,
    "30":0.025998638,
    "31":0.0278451844,
    "32":0.037610668,
    "33":0.0391457721,
    "34":0.0190718053,
    "35":0.0205003492,
    "36":0.015935322,
    "37":0.1060727048,
    "38":0.0515563561,
    "39":0.026246551,
    "40":0.0322120101,
    "41":0.0226197715,
    "42":0.015997157,
    "43":0.0471892971,
    "44":0.0376215647,
    "45":0.0281430709,
    "46":0.020990509,
    "47":0.014861657,
    "48":0.0287792432,
    "49":0.0285064846
  },
  "Delta_Uniform":{
    "0":-0.0028389199,
    "1":-0.0317845266,
    "2":-0.0010916563,
    "3":-0.0031078135,
    "4":-0.0005640754,
    "5":-0.010596001,
    "6":-0.0039064764,
    "7":-0.0042892277,
    "8":-0.0002087394,
    "9":-0.0041538064,
    "10":-0.004832731,
    "11":-0.0062043328,
    "12":-0.0099001062,
    "13":-0.006603457,
    "14":-0.003183945,
    "15":-0.0220985543,
    "16":-0.0112863784,
    "17":-0.0071426332,
    "18":-0.0075752314,
    "19":-0.0017031351,
    "20":-0.0080945631,
    "21":-0.0047271802,
    "22":-0.0098420714,
    "23":-0.0075730737,
    "24":-0.0034051624,
    "25":-0.0105893109,
    "26":-0.0056498028,
    "27":-0.0013909385,
    "28":-0.0028994395,
    "29":-0.0077832967,
    "30":-0.0057597503,
    "31":-0.0084105493,
    "32":-0.0009572711,
    "33":-0.0076231266,
    "34":-0.0012172245,
    "35":-0.0026873575,
    "36":-0.000567464,
    "37":-0.0216890861,
    "38":-0.0106609478,
    "39":-0.006559726,
    "40":-0.0022290791,
    "41":-0.0000408714,
    "42":-0.003203828,
    "43":-0.0035324397,
    "44":-0.0016765229,
    "45":-0.0058538345,
    "46":-0.006194656,
    "47":-0.000518045,
    "48":-0.0061648361,
    "49":-0.0035904559
  },
  "Delta_Prop":{
    "0":-0.002478615,
    "1":-0.0275309538,
    "2":-0.0013918628,
    "3":-0.0037488551,
    "4":-0.0017409263,
    "5":-0.0116646857,
    "6":-0.0035903854,
    "7":-0.002864504,
    "8":-0.0018432633,
    "9":-0.0020264511,
    "10":-0.005774852,
    "11":-0.0059924016,
    "12":-0.012791446,
    "13":-0.0045523408,
    "14":-0.0036607986,
    "15":-0.0272690831,
    "16":-0.0161595271,
    "17":-0.0074343136,
    "18":-0.0065336739,
    "19":-0.0012770613,
    "20":-0.0095668216,
    "21":-0.0014979707,
    "22":-0.0100199788,
    "23":-0.0054729007,
    "24":-0.0104528049,
    "25":-0.0110855229,
    "26":-0.0067739176,
    "27":-0.0010168149,
    "28":-0.0019113091,
    "29":-0.0050510063,
    "30":-0.0053072105,
    "31":-0.0081995592,
    "32":-0.0036124879,
    "33":-0.0089368911,
    "34":-0.0017158977,
    "35":-0.0029089526,
    "36":-0.000679735,
    "37":-0.0231751876,
    "38":-0.0091600958,
    "39":-0.007487279,
    "40":-0.0051518796,
    "41":-0.0042634144,
    "42":-0.00322778,
    "43":-0.0053650116,
    "44":-0.0033449555,
    "45":-0.0063591116,
    "46":-0.006116176,
    "47":-0.00084829,
    "48":-0.0073163323,
    "49":-0.0059006319
  }
}