{
  "Astrahl":{
    "0":0.00000038,
    "1":0.00000038,
    "2":0.0000006878,
    "3":0.0000121438,
    "4":0.0000007781,
    "5":0.0,
    "6":0.0000019103,
    "7":0.000000741,
    "8":0.0000018705,
    "9":0.0000118171,
    "10":0.0,
    "11":0.000000361,
    "12":0.0,
    "13":0.0000015854,
    "14":0.000000361,
    "15":0.0000009371,
    "16":0.00000019,
    "17":0.000000542,
    "18":0.0,
    "19":0.0000022069,
    "20":0.0,
    "21":0.0000015971,
    "22":0.0000020252,
    "23":0.0000032361,
    "24":0.0,
    "25":0.0000005149,
    "26":0.0000003439,
    "27":0.0000006859,
    "28":0.0000006878,
    "29":0.0,
    "30":0.0000026999,
    "31":0.0000003439,
    "32":0.0000005149,
    "33":0.0000026466,
    "34":0.0,
    "35":0.0000016664,
    "36":0.0000015979,
    "37":0.000000271,
    "38":0.000000271,
    "39":0.000000551,
    "40":0.0000017398,
    "41":0.000000932,
    "42":0.0000007049,
    "43":0.0000020346,
    "44":0.000001084,
    "45":0.0,
    "46":0.0,
    "47":0.0000007781,
    "48":0.0000007344,
    "49":0.0
  },
  "Uniform":{
    "0":0.00000077,
    "1":0.000000551,
    "2":0.0000001,
    "3":0.0000278064,
    "4":0.0000079821,
    "5":0.0000003,
    "6":0.0000097589,
    "7":0.000001321,
    "8":0.0000031011,
    "9":0.0000369663,
    "10":0.000002134,
    "11":0.00000019,
    "12":0.000000561,
    "13":0.0000041031,
    "14":0.000002043,
    "15":0.0000010659,
    "16":0.000001151,
    "17":0.00000029,
    "18":0.000000651,
    "19":0.0000034874,
    "20":0.000001241,
    "21":0.0000027277,
    "22":0.0000041468,
    "23":0.0000084104,
    "24":0.000000651,
    "25":0.0000022589,
    "26":0.0000013659,
    "27":0.0000019879,
    "28":0.0000047753,
    "29":0.00000058,
    "30":0.0000043931,
    "31":0.000001022,
    "32":0.000001121,
    "33":0.0000039557,
    "34":0.00000019,
    "35":0.0000079421,
    "36":0.0000026928,
    "37":0.000001212,
    "38":0.0000023264,
    "39":0.0000020259,
    "40":0.000001393,
    "41":0.0000018193,
    "42":0.000001202,
    "43":0.0000022903,
    "44":0.0000011759,
    "45":0.000000371,
    "46":0.0000021613,
    "47":0.0000008534,
    "48":0.0000020518,
    "49":0.00000048
  },
  "Prop":{
    "0":0.000000561,
    "1":0.0000003,
    "2":0.000000751,
    "3":0.0000260586,
    "4":0.0000044925,
    "5":0.00000077,
    "6":0.0000117254,
    "7":0.0000032899,
    "8":0.0000031123,
    "9":0.0000356637,
    "10":0.0000014559,
    "11":0.00000038,
    "12":0.00000019,
    "13":0.0000012559,
    "14":0.00000077,
    "15":0.0000015854,
    "16":0.0000015369,
    "17":0.00000058,
    "18":0.00000029,
    "19":0.0000011439,
    "20":0.0000004,
    "21":0.0000019079,
    "22":0.0000052937,
    "23":0.0000090561,
    "24":0.0000007239,
    "25":0.0000027662,
    "26":0.000001231,
    "27":0.0000022442,
    "28":0.0000020903,
    "29":0.00000105,
    "30":0.0000055455,
    "31":0.00000019,
    "32":0.00000067,
    "33":0.0000020093,
    "34":0.000000461,
    "35":0.0000091947,
    "36":0.0000021542,
    "37":0.0000026052,
    "38":0.0000019708,
    "39":0.000001131,
    "40":0.0000031037,
    "41":0.0000028223,
    "42":0.000000661,
    "43":0.0000037177,
    "44":0.000000651,
    "45":0.0,
    "46":0.0000017642,
    "47":0.0000013369,
    "48":0.0000033362,
    "49":0.00000116
  },
  "Delta_Uniform":{
    "0":-0.00000039,
    "1":-0.000000171,
    "2":0.0000005878,
    "3":-0.0000156626,
    "4":-0.0000072041,
    "5":-0.0000003,
    "6":-0.0000078486,
    "7":-0.00000058,
    "8":-0.0000012306,
    "9":-0.0000251492,
    "10":-0.000002134,
    "11":0.000000171,
    "12":-0.000000561,
    "13":-0.0000025177,
    "14":-0.000001682,
    "15":-0.0000001288,
    "16":-0.000000961,
    "17":0.000000252,
    "18":-0.000000651,
    "19":-0.0000012805,
    "20":-0.000001241,
    "21":-0.0000011306,
    "22":-0.0000021216,
    "23":-0.0000051743,
    "24":-0.000000651,
    "25":-0.000001744,
    "26":-0.000001022,
    "27":-0.000001302,
    "28":-0.0000040875,
    "29":-0.00000058,
    "30":-0.0000016932,
    "31":-0.0000006781,
    "32":-0.0000006061,
    "33":-0.0000013091,
    "34":-0.00000019,
    "35":-0.0000062757,
    "36":-0.0000010949,
    "37":-0.000000941,
    "38":-0.0000020554,
    "39":-0.0000014749,
    "40":0.0000003469,
    "41":-0.0000008873,
    "42":-0.0000004971,
    "43":-0.0000002556,
    "44":-0.0000000919,
    "45":-0.000000371,
    "46":-0.0000021613,
    "47":-0.0000000753,
    "48":-0.0000013174,
    "49":-0.00000048
  },
  "Delta_Prop":{
    "0":-0.000000181,
    "1":0.00000008,
    "2":-0.0000000632,
    "3":-0.0000139148,
    "4":-0.0000037145,
    "5":-0.00000077,
    "6":-0.0000098151,
    "7":-0.0000025489,
    "8":-0.0000012418,
    "9":-0.0000238466,
    "10":-0.0000014559,
    "11":-0.000000019,
    "12":-0.00000019,
    "13":0.0000003295,
    "14":-0.000000409,
    "15":-0.0000006483,
    "16":-0.0000013469,
    "17":-0.000000038,
    "18":-0.00000029,
    "19":0.000001063,
    "20":-0.0000004,
    "21":-0.0000003108,
    "22":-0.0000032685,
    "23":-0.00000582,
    "24":-0.0000007239,
    "25":-0.0000022513,
    "26":-0.0000008871,
    "27":-0.0000015583,
    "28":-0.0000014025,
    "29":-0.00000105,
    "30":-0.0000028456,
    "31":0.0000001539,
    "32":-0.0000001551,
    "33":0.0000006373,
    "34":-0.000000461,
    "35":-0.0000075283,
    "36":-0.0000005563,
    "37":-0.0000023342,
    "38":-0.0000016998,
    "39":-0.00000058,
    "40":-0.0000013638,
    "41":-0.0000018903,
    "42":0.0000000439,
    "43":-0.000001683,
    "44":0.000000433,
    "45":0.0,
    "46":-0.0000017642,
    "47":-0.0000005588,
    "48":-0.0000026018,
    "49":-0.00000116
  }
}