{
  "Astrahl":{
    "0":0.1899544884,
    "1":0.1209349203,
    "2":0.0898705,
    "3":0.097163703,
    "4":0.1842548741,
    "5":0.103361543,
    "6":0.095590188,
    "7":0.2308671892,
    "8":0.1640708894,
    "9":0.2191436426,
    "10":0.3173884049,
    "11":0.1911755116,
    "12":0.1809979152,
    "13":0.2315049411,
    "14":0.106982506,
    "15":0.1864325965,
    "16":0.1198875169,
    "17":0.177141896,
    "18":0.08968429,
    "19":0.09688744,
    "20":0.1633706977,
    "21":0.1499286588,
    "22":0.09119116,
    "23":0.100596292,
    "24":0.1274228578,
    "25":0.1522610254,
    "26":0.1038440386,
    "27":0.297462895,
    "28":0.1825370203,
    "29":0.2375044259,
    "30":0.235860714,
    "31":0.1755532833,
    "32":0.1340754774,
    "33":0.099038062,
    "34":0.095747014,
    "35":0.1721476143,
    "36":0.1454023053,
    "37":0.2398815714,
    "38":0.09202779,
    "39":0.16129116,
    "40":0.1198581825,
    "41":0.102809494,
    "42":0.094937175,
    "43":0.147310457,
    "44":0.128306606,
    "45":0.1037438245,
    "46":0.1199130671,
    "47":0.313875173,
    "48":0.100882225,
    "49":0.105507424
  },
  "Uniform":{
    "0":0.2221411405,
    "1":0.1289772923,
    "2":0.11484226,
    "3":0.118534771,
    "4":0.2223354811,
    "5":0.121760551,
    "6":0.1181143,
    "7":0.2326571936,
    "8":0.1659239978,
    "9":0.2396159469,
    "10":0.3813357309,
    "11":0.2000707426,
    "12":0.2130763565,
    "13":0.2732290881,
    "14":0.120934657,
    "15":0.219479084,
    "16":0.137180296,
    "17":0.2020553157,
    "18":0.11496151,
    "19":0.11213416,
    "20":0.1579052295,
    "21":0.1609924324,
    "22":0.10879561,
    "23":0.114760585,
    "24":0.129362653,
    "25":0.1616194612,
    "26":0.1287131059,
    "27":0.3582252569,
    "28":0.2154621907,
    "29":0.2780069544,
    "30":0.2791413059,
    "31":0.1791772466,
    "32":0.1399143661,
    "33":0.118786294,
    "34":0.11213783,
    "35":0.1788722983,
    "36":0.1528915543,
    "37":0.2699443408,
    "38":0.10902628,
    "39":0.185985009,
    "40":0.1280605486,
    "41":0.115311871,
    "42":0.114651829,
    "43":0.1588098767,
    "44":0.134244903,
    "45":0.1279592965,
    "46":0.1287523708,
    "47":0.3735710842,
    "48":0.120694258,
    "49":0.120060352
  },
  "Prop":{
    "0":0.2267723165,
    "1":0.1360269652,
    "2":0.11174338,
    "3":0.118477729,
    "4":0.2209535798,
    "5":0.116848819,
    "6":0.113853898,
    "7":0.2354829698,
    "8":0.1688097451,
    "9":0.2448727562,
    "10":0.37209599,
    "11":0.2045177678,
    "12":0.2122294334,
    "13":0.2687162367,
    "14":0.118120357,
    "15":0.2165834961,
    "16":0.1363373776,
    "17":0.2003305569,
    "18":0.11141443,
    "19":0.11777185,
    "20":0.1652862272,
    "21":0.1599020266,
    "22":0.11076535,
    "23":0.114084692,
    "24":0.1353395629,
    "25":0.1594652854,
    "26":0.1287192619,
    "27":0.3628381714,
    "28":0.2146837679,
    "29":0.2784369237,
    "30":0.2747005208,
    "31":0.1764830268,
    "32":0.139235523,
    "33":0.113128777,
    "34":0.122429764,
    "35":0.1817811912,
    "36":0.1584376916,
    "37":0.2705594288,
    "38":0.11072206,
    "39":0.19238698,
    "40":0.1311952821,
    "41":0.11828403,
    "42":0.112870018,
    "43":0.1564002923,
    "44":0.1330698326,
    "45":0.1229957182,
    "46":0.131256685,
    "47":0.3707945895,
    "48":0.1169569,
    "49":0.115556248
  },
  "Delta_Uniform":{
    "0":-0.0321866522,
    "1":-0.0080423719,
    "2":-0.02497176,
    "3":-0.021371068,
    "4":-0.0380806069,
    "5":-0.018399008,
    "6":-0.022524112,
    "7":-0.0017900044,
    "8":-0.0018531084,
    "9":-0.0204723043,
    "10":-0.0639473259,
    "11":-0.0088952311,
    "12":-0.0320784413,
    "13":-0.041724147,
    "14":-0.013952151,
    "15":-0.0330464876,
    "16":-0.0172927791,
    "17":-0.0249134197,
    "18":-0.02527722,
    "19":-0.01524672,
    "20":0.0054654682,
    "21":-0.0110637736,
    "22":-0.01760445,
    "23":-0.014164293,
    "24":-0.0019397952,
    "25":-0.0093584358,
    "26":-0.0248690673,
    "27":-0.0607623619,
    "28":-0.0329251704,
    "29":-0.0405025285,
    "30":-0.0432805919,
    "31":-0.0036239632,
    "32":-0.0058388887,
    "33":-0.019748232,
    "34":-0.016390816,
    "35":-0.006724684,
    "36":-0.007489249,
    "37":-0.0300627694,
    "38":-0.01699849,
    "39":-0.024693849,
    "40":-0.0082023661,
    "41":-0.012502377,
    "42":-0.019714654,
    "43":-0.0114994197,
    "44":-0.005938297,
    "45":-0.024215472,
    "46":-0.0088393038,
    "47":-0.0596959111,
    "48":-0.019812033,
    "49":-0.014552928
  },
  "Delta_Prop":{
    "0":-0.0368178281,
    "1":-0.0150920448,
    "2":-0.02187288,
    "3":-0.021314026,
    "4":-0.0366987056,
    "5":-0.013487276,
    "6":-0.01826371,
    "7":-0.0046157805,
    "8":-0.0047388558,
    "9":-0.0257291135,
    "10":-0.054707585,
    "11":-0.0133422562,
    "12":-0.0312315183,
    "13":-0.0372112956,
    "14":-0.011137851,
    "15":-0.0301508996,
    "16":-0.0164498607,
    "17":-0.0231886608,
    "18":-0.02173014,
    "19":-0.02088441,
    "20":-0.0019155295,
    "21":-0.0099733678,
    "22":-0.01957419,
    "23":-0.0134884,
    "24":-0.0079167051,
    "25":-0.0072042601,
    "26":-0.0248752233,
    "27":-0.0653752764,
    "28":-0.0321467476,
    "29":-0.0409324978,
    "30":-0.0388398068,
    "31":-0.0009297435,
    "32":-0.0051600456,
    "33":-0.014090715,
    "34":-0.02668275,
    "35":-0.0096335769,
    "36":-0.0130353863,
    "37":-0.0306778575,
    "38":-0.01869427,
    "39":-0.03109582,
    "40":-0.0113370997,
    "41":-0.015474536,
    "42":-0.017932843,
    "43":-0.0090898353,
    "44":-0.0047632266,
    "45":-0.0192518937,
    "46":-0.0113436179,
    "47":-0.0569194165,
    "48":-0.016074675,
    "49":-0.010048824
  }
}