{
  "Astrahl":{
    "0":0.0286509372,
    "1":0.0154253827,
    "2":0.00289655,
    "3":0.003808363,
    "4":0.0074871845,
    "5":0.00291479,
    "6":0.0049739777,
    "7":0.00272631,
    "8":0.0092166493,
    "9":0.00302765,
    "10":0.003889392,
    "11":0.007036958,
    "12":0.0055435122,
    "13":0.0049443377,
    "14":0.00276336,
    "15":0.00418424,
    "16":0.00282093,
    "17":0.0066546345,
    "18":0.0101763347,
    "19":0.0136648408,
    "20":0.0066627296,
    "21":0.0084498805,
    "22":0.0090208149,
    "23":0.0065699741,
    "24":0.0055553454,
    "25":0.0088586046,
    "26":0.0056424699,
    "27":0.007863607,
    "28":0.004134286,
    "29":0.0105688853,
    "30":0.0077927053,
    "31":0.0057295362,
    "32":0.0064728436,
    "33":0.0050805981,
    "34":0.0053681479,
    "35":0.00276355,
    "36":0.0083271471,
    "37":0.00285855,
    "38":0.003921277,
    "39":0.00274531,
    "40":0.0086416936,
    "41":0.0178861787,
    "42":0.0050049971,
    "43":0.0056328163,
    "44":0.00388968,
    "45":0.0060645735,
    "46":0.00283936,
    "47":0.004212395,
    "48":0.0054974733,
    "49":0.0138961645
  },
  "Uniform":{
    "0":0.0289790598,
    "1":0.0138105139,
    "2":0.00270239,
    "3":0.004130377,
    "4":0.0074022903,
    "5":0.00262758,
    "6":0.0053929233,
    "7":0.00298359,
    "8":0.0092795154,
    "9":0.00287955,
    "10":0.004012186,
    "11":0.0075198078,
    "12":0.0051767621,
    "13":0.0048996161,
    "14":0.00275579,
    "15":0.004156298,
    "16":0.00270291,
    "17":0.0064419847,
    "18":0.0100834556,
    "19":0.0141969328,
    "20":0.0059917325,
    "21":0.0091167287,
    "22":0.0095001466,
    "23":0.0063903084,
    "24":0.0053344953,
    "25":0.0080941253,
    "26":0.0048644653,
    "27":0.0075619103,
    "28":0.003998202,
    "29":0.0102475537,
    "30":0.0068781317,
    "31":0.0055568462,
    "32":0.0065440881,
    "33":0.005333154,
    "34":0.0053891802,
    "35":0.00261787,
    "36":0.0093350663,
    "37":0.00271031,
    "38":0.004205357,
    "39":0.00272148,
    "40":0.0080417287,
    "41":0.0166097719,
    "42":0.0050856657,
    "43":0.0060480819,
    "44":0.003994063,
    "45":0.0056478569,
    "46":0.00286098,
    "47":0.004128047,
    "48":0.0054324932,
    "49":0.0136486043
  },
  "Prop":{
    "0":0.0285932389,
    "1":0.0142410673,
    "2":0.00279895,
    "3":0.003987743,
    "4":0.0073988898,
    "5":0.00280255,
    "6":0.005465133,
    "7":0.00264909,
    "8":0.0093058281,
    "9":0.0027638,
    "10":0.00410515,
    "11":0.0068720638,
    "12":0.0052020517,
    "13":0.0049197598,
    "14":0.00268799,
    "15":0.003904467,
    "16":0.0026633,
    "17":0.0061763484,
    "18":0.0099072264,
    "19":0.0137629413,
    "20":0.0059861828,
    "21":0.0089732844,
    "22":0.0090517622,
    "23":0.0064476139,
    "24":0.0054480159,
    "25":0.008423926,
    "26":0.004974801,
    "27":0.0072312485,
    "28":0.004192271,
    "29":0.0097982672,
    "30":0.0075122925,
    "31":0.0059632948,
    "32":0.0065202365,
    "33":0.0052794495,
    "34":0.0052008921,
    "35":0.00292111,
    "36":0.008352996,
    "37":0.00288547,
    "38":0.004045748,
    "39":0.00286159,
    "40":0.0081267957,
    "41":0.016356829,
    "42":0.0052701677,
    "43":0.0054802689,
    "44":0.003918435,
    "45":0.0058944852,
    "46":0.00277114,
    "47":0.003645355,
    "48":0.0054163025,
    "49":0.0140447274
  },
  "Delta_Uniform":{
    "0":-0.0003281226,
    "1":0.0016148688,
    "2":0.00019416,
    "3":-0.000322014,
    "4":0.0000848942,
    "5":0.00028721,
    "6":-0.0004189456,
    "7":-0.00025728,
    "8":-0.0000628661,
    "9":0.0001481,
    "10":-0.000122794,
    "11":-0.0004828498,
    "12":0.0003667501,
    "13":0.0000447216,
    "14":0.00000757,
    "15":0.000027942,
    "16":0.00011802,
    "17":0.0002126498,
    "18":0.0000928791,
    "19":-0.000532092,
    "20":0.0006709971,
    "21":-0.0006668482,
    "22":-0.0004793316,
    "23":0.0001796657,
    "24":0.0002208501,
    "25":0.0007644793,
    "26":0.0007780046,
    "27":0.0003016967,
    "28":0.000136084,
    "29":0.0003213316,
    "30":0.0009145736,
    "31":0.00017269,
    "32":-0.0000712445,
    "33":-0.0002525559,
    "34":-0.0000210323,
    "35":0.00014568,
    "36":-0.0010079192,
    "37":0.00014824,
    "38":-0.00028408,
    "39":0.00002383,
    "40":0.0005999648,
    "41":0.0012764068,
    "42":-0.0000806686,
    "43":-0.0004152656,
    "44":-0.000104383,
    "45":0.0004167166,
    "46":-0.00002162,
    "47":0.000084348,
    "48":0.0000649801,
    "49":0.0002475602
  },
  "Delta_Prop":{
    "0":0.0000576983,
    "1":0.0011843154,
    "2":0.0000976,
    "3":-0.00017938,
    "4":0.0000882947,
    "5":0.00011224,
    "6":-0.0004911553,
    "7":0.00007722,
    "8":-0.0000891788,
    "9":0.00026385,
    "10":-0.000215758,
    "11":0.0001648941,
    "12":0.0003414605,
    "13":0.0000245779,
    "14":0.00007537,
    "15":0.000279773,
    "16":0.00015763,
    "17":0.0004782861,
    "18":0.0002691083,
    "19":-0.0000981005,
    "20":0.0006765468,
    "21":-0.0005234039,
    "22":-0.0000309472,
    "23":0.0001223602,
    "24":0.0001073295,
    "25":0.0004346786,
    "26":0.0006676689,
    "27":0.0006323585,
    "28":-0.000057985,
    "29":0.0007706181,
    "30":0.0002804128,
    "31":-0.0002337586,
    "32":-0.0000473929,
    "33":-0.0001988514,
    "34":0.0001672558,
    "35":-0.00015756,
    "36":-0.000025849,
    "37":-0.00002692,
    "38":-0.000124471,
    "39":-0.00011628,
    "40":0.0005148979,
    "41":0.0015293497,
    "42":-0.0002651706,
    "43":0.0001525474,
    "44":-0.000028755,
    "45":0.0001700883,
    "46":0.00006822,
    "47":0.00056704,
    "48":0.0000811708,
    "49":-0.0001485629
  }
}