{
  "Astrahl":{
    "0":0.00000218,
    "1":0.0000069512,
    "2":0.000010573,
    "3":0.0000039285,
    "4":0.000007924,
    "5":0.00000109,
    "6":0.0000376573,
    "7":0.0000269941,
    "8":0.0000139682,
    "9":0.0000155979,
    "10":0.000005943,
    "11":0.000008393,
    "12":0.000009905,
    "13":0.00000218,
    "14":0.000004251,
    "15":0.000003962,
    "16":0.00000436,
    "17":0.0000188393,
    "18":0.0000080102,
    "19":0.000010691,
    "20":0.000006431,
    "21":0.0,
    "22":0.0000114898,
    "23":0.000003962,
    "24":0.0000186412,
    "25":0.0,
    "26":0.00000436,
    "27":0.0000228345,
    "28":0.0000024878,
    "29":0.0000020539,
    "30":0.0000082156,
    "31":0.0,
    "32":0.0000041656,
    "33":0.000012753,
    "34":0.0000157975,
    "35":0.0000077259,
    "36":0.0000067918,
    "37":0.000007412,
    "38":0.0000085455,
    "39":0.000003161,
    "40":0.00000218,
    "41":0.0000026498,
    "42":0.0000091778,
    "43":0.000001171,
    "44":0.000005943,
    "45":0.00000218,
    "46":0.00000327,
    "47":0.00000327,
    "48":0.0,
    "49":0.00000218
  },
  "Uniform":{
    "0":0.00001208,
    "1":0.0000218927,
    "2":0.0000578136,
    "3":0.0000107984,
    "4":0.000026091,
    "5":0.00000819,
    "6":0.0001469857,
    "7":0.0000430537,
    "8":0.0000958442,
    "9":0.0000490798,
    "10":0.00001607,
    "11":0.000019232,
    "12":0.0000387598,
    "13":0.00000857,
    "14":0.000038829,
    "15":0.0000241159,
    "16":0.000010631,
    "17":0.0000469108,
    "18":0.0000363386,
    "19":0.000045213,
    "20":0.000031085,
    "21":0.000016661,
    "22":0.000037182,
    "23":0.000019251,
    "24":0.0000543069,
    "25":0.00001578,
    "26":0.00000728,
    "27":0.0000359831,
    "28":0.000013145,
    "29":0.0000365658,
    "30":0.00001336,
    "31":0.000025421,
    "32":0.0000216699,
    "33":0.000046254,
    "34":0.0000529717,
    "35":0.000026251,
    "36":0.0000292236,
    "37":0.000019222,
    "38":0.0000308657,
    "39":0.000028732,
    "40":0.00000547,
    "41":0.000003292,
    "42":0.0000292908,
    "43":0.000022763,
    "44":0.000012341,
    "45":0.00001165,
    "46":0.00001136,
    "47":0.0000093,
    "48":0.0000234279,
    "49":0.00001266
  },
  "Prop":{
    "0":0.00001663,
    "1":0.0000177625,
    "2":0.0000711467,
    "3":0.000003511,
    "4":0.000041404,
    "5":0.00001137,
    "6":0.0000903091,
    "7":0.0000514498,
    "8":0.0000959469,
    "9":0.0000887978,
    "10":0.00001749,
    "11":0.00001488,
    "12":0.000034023,
    "13":0.00001447,
    "14":0.0000478529,
    "15":0.000011061,
    "16":0.000014251,
    "17":0.000036374,
    "18":0.0000238379,
    "19":0.0000976353,
    "20":0.000023851,
    "21":0.000025271,
    "22":0.0000822595,
    "23":0.000011881,
    "24":0.0000706727,
    "25":0.000020842,
    "26":0.0000051,
    "27":0.000053299,
    "28":0.0000107759,
    "29":0.0000359759,
    "30":0.000012341,
    "31":0.000011541,
    "32":0.0000364915,
    "33":0.0000355279,
    "34":0.0000465436,
    "35":0.000034876,
    "36":0.0000369217,
    "37":0.00001469,
    "38":0.000027672,
    "39":0.000035142,
    "40":0.00002001,
    "41":0.0000161938,
    "42":0.0000157249,
    "43":0.0000201169,
    "44":0.00001877,
    "45":0.00000765,
    "46":0.00001146,
    "47":0.00000638,
    "48":0.0000246637,
    "49":0.00001128
  },
  "Delta_Uniform":{
    "0":-0.0000099,
    "1":-0.0000149415,
    "2":-0.0000472406,
    "3":-0.0000068699,
    "4":-0.000018167,
    "5":-0.0000071,
    "6":-0.0001093284,
    "7":-0.0000160596,
    "8":-0.000081876,
    "9":-0.0000334819,
    "10":-0.000010127,
    "11":-0.000010839,
    "12":-0.0000288548,
    "13":-0.00000639,
    "14":-0.000034578,
    "15":-0.0000201539,
    "16":-0.000006271,
    "17":-0.0000280715,
    "18":-0.0000283284,
    "19":-0.0000345221,
    "20":-0.000024654,
    "21":-0.000016661,
    "22":-0.0000256922,
    "23":-0.000015289,
    "24":-0.0000356657,
    "25":-0.00001578,
    "26":-0.00000292,
    "27":-0.0000131486,
    "28":-0.0000106572,
    "29":-0.0000345119,
    "30":-0.0000051444,
    "31":-0.000025421,
    "32":-0.0000175043,
    "33":-0.000033501,
    "34":-0.0000371742,
    "35":-0.0000185251,
    "36":-0.0000224318,
    "37":-0.00001181,
    "38":-0.0000223202,
    "39":-0.000025571,
    "40":-0.00000329,
    "41":-0.0000006422,
    "42":-0.000020113,
    "43":-0.000021592,
    "44":-0.000006398,
    "45":-0.00000947,
    "46":-0.00000809,
    "47":-0.00000603,
    "48":-0.0000234279,
    "49":-0.00001048
  },
  "Delta_Prop":{
    "0":-0.00001445,
    "1":-0.0000108113,
    "2":-0.0000605737,
    "3":0.0000004175,
    "4":-0.00003348,
    "5":-0.00001028,
    "6":-0.0000526518,
    "7":-0.0000244557,
    "8":-0.0000819786,
    "9":-0.0000731999,
    "10":-0.000011547,
    "11":-0.000006487,
    "12":-0.000024118,
    "13":-0.00001229,
    "14":-0.0000436019,
    "15":-0.000007099,
    "16":-0.000009891,
    "17":-0.0000175347,
    "18":-0.0000158277,
    "19":-0.0000869443,
    "20":-0.00001742,
    "21":-0.000025271,
    "22":-0.0000707697,
    "23":-0.000007919,
    "24":-0.0000520315,
    "25":-0.000020842,
    "26":-0.00000074,
    "27":-0.0000304645,
    "28":-0.0000082881,
    "29":-0.000033922,
    "30":-0.0000041254,
    "31":-0.000011541,
    "32":-0.0000323259,
    "33":-0.0000227749,
    "34":-0.0000307461,
    "35":-0.0000271501,
    "36":-0.0000301299,
    "37":-0.000007278,
    "38":-0.0000191265,
    "39":-0.000031981,
    "40":-0.00001783,
    "41":-0.000013544,
    "42":-0.0000065471,
    "43":-0.0000189459,
    "44":-0.000012827,
    "45":-0.00000547,
    "46":-0.00000819,
    "47":-0.00000311,
    "48":-0.0000246637,
    "49":-0.0000091
  }
}