{
  "Astrahl":{
    "0":0.006141161,
    "1":0.0175604342,
    "2":0.0137224799,
    "3":0.0268358025,
    "4":0.0060406035,
    "5":0.0065333818,
    "6":0.00566566,
    "7":0.0053487,
    "8":0.0116785001,
    "9":0.0286372074,
    "10":0.0199424185,
    "11":0.0156199095,
    "12":0.0161498157,
    "13":0.0242939565,
    "14":0.0289340157,
    "15":0.006141161,
    "16":0.006326012,
    "17":0.0071056874,
    "18":0.0208773158,
    "19":0.0170038961,
    "20":0.0219139012,
    "21":0.0262830218,
    "22":0.00627977,
    "23":0.012105615,
    "24":0.0282606756,
    "25":0.0269608553,
    "26":0.0132727,
    "27":0.0062382369,
    "28":0.008014752,
    "29":0.045711772,
    "30":0.0301462439,
    "31":0.03076162,
    "32":0.0050444338,
    "33":0.011075771,
    "34":0.0113690999,
    "35":0.00689388,
    "36":0.013019132,
    "37":0.008564763,
    "38":0.0070744988,
    "39":0.0186094791,
    "40":0.0128594679,
    "41":0.0650591196,
    "42":0.0114665491,
    "43":0.0070927899,
    "44":0.0114665491,
    "45":0.0093854288,
    "46":0.00786457,
    "47":0.011214752,
    "48":0.0192218498,
    "49":0.0301606737
  },
  "Uniform":{
    "0":0.011739373,
    "1":0.0260493457,
    "2":0.022516092,
    "3":0.0467905029,
    "4":0.011212307,
    "5":0.0119428719,
    "6":0.01070006,
    "7":0.01121878,
    "8":0.0179955376,
    "9":0.0436196789,
    "10":0.0313820267,
    "11":0.0221087098,
    "12":0.0224820054,
    "13":0.0365600807,
    "14":0.04231131,
    "15":0.009768891,
    "16":0.01078616,
    "17":0.0182202079,
    "18":0.0377862864,
    "19":0.0338998814,
    "20":0.0326199487,
    "21":0.0745055649,
    "22":0.00997878,
    "23":0.0235092268,
    "24":0.0690462114,
    "25":0.0355880795,
    "26":0.018744823,
    "27":0.016272814,
    "28":0.016363941,
    "29":0.0905737964,
    "30":0.0514236563,
    "31":0.0425418078,
    "32":0.011303977,
    "33":0.0226870699,
    "34":0.0212808824,
    "35":0.00934458,
    "36":0.0224334759,
    "37":0.0157212889,
    "38":0.0127738448,
    "39":0.0386794625,
    "40":0.0206843138,
    "41":0.0978339531,
    "42":0.0234286907,
    "43":0.014631575,
    "44":0.0170712008,
    "45":0.0155788646,
    "46":0.018812852,
    "47":0.020564426,
    "48":0.0470342437,
    "49":0.0446832633
  },
  "Prop":{
    "0":0.013416641,
    "1":0.0283273626,
    "2":0.022687633,
    "3":0.0492688584,
    "4":0.011180492,
    "5":0.0108511488,
    "6":0.01104229,
    "7":0.01228164,
    "8":0.0134860219,
    "9":0.0528920645,
    "10":0.0273629454,
    "11":0.0255322411,
    "12":0.0308375255,
    "13":0.0446541213,
    "14":0.0463933661,
    "15":0.014338832,
    "16":0.01190035,
    "17":0.0158778624,
    "18":0.0385475875,
    "19":0.0279531061,
    "20":0.0342758972,
    "21":0.0732657906,
    "22":0.01114738,
    "23":0.021873067,
    "24":0.0612698777,
    "25":0.0393161169,
    "26":0.0215978638,
    "27":0.0174532177,
    "28":0.015734391,
    "29":0.09485565,
    "30":0.0645965264,
    "31":0.0514886006,
    "32":0.013302834,
    "33":0.020705723,
    "34":0.0226038306,
    "35":0.01125468,
    "36":0.022105271,
    "37":0.0178489188,
    "38":0.0114602812,
    "39":0.0410698782,
    "40":0.0244834408,
    "41":0.1125836669,
    "42":0.0220615926,
    "43":0.015340772,
    "44":0.0180663753,
    "45":0.0150588195,
    "46":0.01571592,
    "47":0.0199633109,
    "48":0.0477295347,
    "49":0.0520830495
  },
  "Delta_Uniform":{
    "0":-0.005598212,
    "1":-0.0084889115,
    "2":-0.0087936121,
    "3":-0.0199547004,
    "4":-0.0051717035,
    "5":-0.0054094901,
    "6":-0.0050344,
    "7":-0.00587008,
    "8":-0.0063170375,
    "9":-0.0149824716,
    "10":-0.0114396082,
    "11":-0.0064888003,
    "12":-0.0063321897,
    "13":-0.0122661242,
    "14":-0.0133772943,
    "15":-0.00362773,
    "16":-0.004460148,
    "17":-0.0111145205,
    "18":-0.0169089706,
    "19":-0.0168959853,
    "20":-0.0107060475,
    "21":-0.0482225432,
    "22":-0.00369901,
    "23":-0.0114036118,
    "24":-0.0407855358,
    "25":-0.0086272241,
    "26":-0.005472123,
    "27":-0.0100345771,
    "28":-0.008349189,
    "29":-0.0448620244,
    "30":-0.0212774124,
    "31":-0.0117801878,
    "32":-0.0062595432,
    "33":-0.0116112989,
    "34":-0.0099117825,
    "35":-0.0024507,
    "36":-0.0094143439,
    "37":-0.0071565259,
    "38":-0.005699346,
    "39":-0.0200699834,
    "40":-0.0078248459,
    "41":-0.0327748335,
    "42":-0.0119621416,
    "43":-0.0075387851,
    "44":-0.0056046517,
    "45":-0.0061934358,
    "46":-0.010948282,
    "47":-0.009349674,
    "48":-0.0278123938,
    "49":-0.0145225896
  },
  "Delta_Prop":{
    "0":-0.00727548,
    "1":-0.0107669284,
    "2":-0.0089651531,
    "3":-0.0224330558,
    "4":-0.0051398885,
    "5":-0.004317767,
    "6":-0.00537663,
    "7":-0.00693294,
    "8":-0.0018075218,
    "9":-0.0242548571,
    "10":-0.0074205269,
    "11":-0.0099123316,
    "12":-0.0146877098,
    "13":-0.0203601648,
    "14":-0.0174593504,
    "15":-0.008197671,
    "16":-0.005574338,
    "17":-0.008772175,
    "18":-0.0176702717,
    "19":-0.01094921,
    "20":-0.012361996,
    "21":-0.0469827688,
    "22":-0.00486761,
    "23":-0.009767452,
    "24":-0.033009202,
    "25":-0.0123552616,
    "26":-0.0083251638,
    "27":-0.0112149808,
    "28":-0.007719639,
    "29":-0.049143878,
    "30":-0.0344502825,
    "31":-0.0207269805,
    "32":-0.0082584002,
    "33":-0.009629952,
    "34":-0.0112347307,
    "35":-0.0043608,
    "36":-0.009086139,
    "37":-0.0092841558,
    "38":-0.0043857824,
    "39":-0.0224603991,
    "40":-0.0116239729,
    "41":-0.0475245473,
    "42":-0.0105950435,
    "43":-0.0082479821,
    "44":-0.0065998262,
    "45":-0.0056733907,
    "46":-0.00785135,
    "47":-0.0087485589,
    "48":-0.0285076848,
    "49":-0.0219223758
  }
}