{
  "Astrahl":{
    "0":0.0024823329,
    "1":0.0008403145,
    "2":0.00042959,
    "3":0.002308326,
    "4":0.0017511388,
    "5":0.0015519628,
    "6":0.0027393365,
    "7":0.00218055,
    "8":0.0020387002,
    "9":0.0020316718,
    "10":0.0010997234,
    "11":0.001619674,
    "12":0.001633525,
    "13":0.0010114897,
    "14":0.0011677119,
    "15":0.00068229,
    "16":0.0028166098,
    "17":0.0012284108,
    "18":0.0005415,
    "19":0.0020974693,
    "20":0.00087533,
    "21":0.0020269716,
    "22":0.0027316011,
    "23":0.001101615,
    "24":0.0007455752,
    "25":0.0034291958,
    "26":0.0035853396,
    "27":0.0012374643,
    "28":0.0033903524,
    "29":0.0014541318,
    "30":0.001340095,
    "31":0.0010389219,
    "32":0.001266654,
    "33":0.000784092,
    "34":0.0018440235,
    "35":0.001045456,
    "36":0.0017650149,
    "37":0.0024427599,
    "38":0.0023951603,
    "39":0.00050179,
    "40":0.0046647561,
    "41":0.00049951,
    "42":0.0027586282,
    "43":0.000870181,
    "44":0.0031297045,
    "45":0.0023021889,
    "46":0.0022926437,
    "47":0.0022084465,
    "48":0.0013264905,
    "49":0.0012864349
  },
  "Uniform":{
    "0":0.0019989411,
    "1":0.001028473,
    "2":0.00071019,
    "3":0.0031586852,
    "4":0.001905138,
    "5":0.001582982,
    "6":0.0029877923,
    "7":0.002348466,
    "8":0.0024110559,
    "9":0.0023037067,
    "10":0.001655614,
    "11":0.001018991,
    "12":0.0017956609,
    "13":0.0012036799,
    "14":0.001009821,
    "15":0.00082236,
    "16":0.0028521607,
    "17":0.001899206,
    "18":0.00068848,
    "19":0.0026440131,
    "20":0.001218681,
    "21":0.0024100168,
    "22":0.0022238029,
    "23":0.00152441,
    "24":0.0016670899,
    "25":0.0041954151,
    "26":0.0047883288,
    "27":0.001780327,
    "28":0.0050013276,
    "29":0.001799441,
    "30":0.001260171,
    "31":0.001210251,
    "32":0.00081859,
    "33":0.0013539499,
    "34":0.002919021,
    "35":0.001197951,
    "36":0.0023982375,
    "37":0.0021289869,
    "38":0.0025922338,
    "39":0.0006186,
    "40":0.0035342745,
    "41":0.00076847,
    "42":0.0025513587,
    "43":0.001139021,
    "44":0.0029645296,
    "45":0.0035035294,
    "46":0.002763481,
    "47":0.0026138379,
    "48":0.0016559039,
    "49":0.0009696179
  },
  "Prop":{
    "0":0.0019272259,
    "1":0.001439784,
    "2":0.00054838,
    "3":0.0036011185,
    "4":0.0016081719,
    "5":0.001677944,
    "6":0.0040455254,
    "7":0.0030536396,
    "8":0.0025949513,
    "9":0.0022973368,
    "10":0.001400911,
    "11":0.0012776289,
    "12":0.001601405,
    "13":0.001616636,
    "14":0.001241861,
    "15":0.000969211,
    "16":0.0026706352,
    "17":0.002023065,
    "18":0.00060519,
    "19":0.0019488539,
    "20":0.00074978,
    "21":0.002545167,
    "22":0.0032156327,
    "23":0.0015165,
    "24":0.002157996,
    "25":0.0038364148,
    "26":0.0048225105,
    "27":0.0016437756,
    "28":0.0044117656,
    "29":0.001808331,
    "30":0.0012169979,
    "31":0.0013115599,
    "32":0.000789321,
    "33":0.001604623,
    "34":0.0031565729,
    "35":0.0013885479,
    "36":0.0019304718,
    "37":0.0027020858,
    "38":0.0022833188,
    "39":0.0004743,
    "40":0.004168495,
    "41":0.001105211,
    "42":0.0027639458,
    "43":0.000984811,
    "44":0.0037493137,
    "45":0.0026484684,
    "46":0.0043193756,
    "47":0.0027658417,
    "48":0.0019189815,
    "49":0.001058963
  },
  "Delta_Uniform":{
    "0":0.0004833918,
    "1":-0.0001881585,
    "2":-0.0002806,
    "3":-0.0008503592,
    "4":-0.0001539992,
    "5":-0.0000310192,
    "6":-0.0002484558,
    "7":-0.000167916,
    "8":-0.0003723557,
    "9":-0.0002720349,
    "10":-0.0005558906,
    "11":0.000600683,
    "12":-0.0001621359,
    "13":-0.0001921902,
    "14":0.0001578909,
    "15":-0.00014007,
    "16":-0.0000355509,
    "17":-0.0006707952,
    "18":-0.00014698,
    "19":-0.0005465439,
    "20":-0.000343351,
    "21":-0.0003830452,
    "22":0.0005077982,
    "23":-0.000422795,
    "24":-0.0009215147,
    "25":-0.0007662193,
    "26":-0.0012029891,
    "27":-0.0005428627,
    "28":-0.0016109753,
    "29":-0.0003453092,
    "30":0.000079924,
    "31":-0.0001713291,
    "32":0.000448064,
    "33":-0.0005698579,
    "34":-0.0010749975,
    "35":-0.000152495,
    "36":-0.0006332226,
    "37":0.000313773,
    "38":-0.0001970735,
    "39":-0.00011681,
    "40":0.0011304816,
    "41":-0.00026896,
    "42":0.0002072695,
    "43":-0.00026884,
    "44":0.0001651749,
    "45":-0.0012013405,
    "46":-0.0004708373,
    "47":-0.0004053914,
    "48":-0.0003294134,
    "49":0.000316817
  },
  "Delta_Prop":{
    "0":0.000555107,
    "1":-0.0005994695,
    "2":-0.00011879,
    "3":-0.0012927926,
    "4":0.0001429669,
    "5":-0.0001259812,
    "6":-0.0013061889,
    "7":-0.0008730896,
    "8":-0.0005562511,
    "9":-0.000265665,
    "10":-0.0003011876,
    "11":0.0003420451,
    "12":0.00003212,
    "13":-0.0006051463,
    "14":-0.0000741491,
    "15":-0.000286921,
    "16":0.0001459746,
    "17":-0.0007946542,
    "18":-0.00006369,
    "19":0.0001486154,
    "20":0.00012555,
    "21":-0.0005181954,
    "22":-0.0004840316,
    "23":-0.000414885,
    "24":-0.0014124208,
    "25":-0.000407219,
    "26":-0.0012371708,
    "27":-0.0004063113,
    "28":-0.0010214133,
    "29":-0.0003541992,
    "30":0.0001230971,
    "31":-0.000272638,
    "32":0.000477333,
    "33":-0.000820531,
    "34":-0.0013125494,
    "35":-0.0003430919,
    "36":-0.0001654569,
    "37":-0.0002593259,
    "38":0.0001118415,
    "39":0.00002749,
    "40":0.0004962611,
    "41":-0.000605701,
    "42":-0.0000053176,
    "43":-0.00011463,
    "44":-0.0006196092,
    "45":-0.0003462795,
    "46":-0.0020267319,
    "47":-0.0005573952,
    "48":-0.000592491,
    "49":0.0002274719
  }
}