{
  "Astrahl":{
    "0":0.5249143791,
    "1":0.3369783046,
    "2":0.3444428134,
    "3":0.224507296,
    "4":0.287148565,
    "5":0.2286360766,
    "6":0.27765307,
    "7":0.279964756,
    "8":0.4086431388,
    "9":0.3286742977,
    "10":0.3511542979,
    "11":0.3558281167,
    "12":0.296553151,
    "13":0.281950768,
    "14":0.3417796792,
    "15":0.3459236311,
    "16":0.4026866912,
    "17":0.22181896,
    "18":0.3363909574,
    "19":0.2911153875,
    "20":0.3502231929,
    "21":0.228448738,
    "22":0.2864972359,
    "23":0.307690293,
    "24":0.2254661974,
    "25":0.22992085,
    "26":0.21623455,
    "27":0.3974067265,
    "28":0.3926721558,
    "29":0.23170906,
    "30":0.4667848833,
    "31":0.283336381,
    "32":0.303278419,
    "33":0.3251670085,
    "34":0.3545819641,
    "35":0.5879176492,
    "36":0.2314949821,
    "37":0.4991006621,
    "38":0.2803708981,
    "39":0.231602734,
    "40":0.2809226921,
    "41":0.35912152,
    "42":0.4192985527,
    "43":0.4993922679,
    "44":0.22911166,
    "45":0.286115883,
    "46":0.22352725,
    "47":0.4736681202,
    "48":0.295438267,
    "49":0.4766183518
  },
  "Uniform":{
    "0":0.577438073,
    "1":0.3854275693,
    "2":0.3827166256,
    "3":0.2489294269,
    "4":0.309690136,
    "5":0.2437930216,
    "6":0.314330131,
    "7":0.32306518,
    "8":0.4339656609,
    "9":0.3721994803,
    "10":0.3776352558,
    "11":0.3751203727,
    "12":0.320138893,
    "13":0.317026711,
    "14":0.3706838245,
    "15":0.372531475,
    "16":0.4284655163,
    "17":0.24051061,
    "18":0.3684223563,
    "19":0.308194203,
    "20":0.372452743,
    "21":0.249877459,
    "22":0.3227808538,
    "23":0.3198891749,
    "24":0.2516821156,
    "25":0.24447817,
    "26":0.24544369,
    "27":0.43253373,
    "28":0.4292462024,
    "29":0.2429326,
    "30":0.4836949475,
    "31":0.314588854,
    "32":0.31467358,
    "33":0.3776188663,
    "34":0.3762131194,
    "35":0.6087450029,
    "36":0.2510255514,
    "37":0.524785084,
    "38":0.3129553837,
    "39":0.249149098,
    "40":0.3152156548,
    "41":0.3790022248,
    "42":0.4359825852,
    "43":0.5377779679,
    "44":0.25514992,
    "45":0.3111914961,
    "46":0.2420416,
    "47":0.4853732264,
    "48":0.304004584,
    "49":0.5424918437
  },
  "Prop":{
    "0":0.5871174438,
    "1":0.3745690215,
    "2":0.3755470564,
    "3":0.250395778,
    "4":0.308094112,
    "5":0.2492786593,
    "6":0.311108851,
    "7":0.305467111,
    "8":0.4296706335,
    "9":0.380406862,
    "10":0.3764070471,
    "11":0.3875227768,
    "12":0.318445426,
    "13":0.319262716,
    "14":0.3769602229,
    "15":0.3784526317,
    "16":0.4344404878,
    "17":0.24948793,
    "18":0.37814191,
    "19":0.3228785595,
    "20":0.3850367986,
    "21":0.251612641,
    "22":0.3154630222,
    "23":0.3182581167,
    "24":0.250818445,
    "25":0.24286789,
    "26":0.25032223,
    "27":0.4309568592,
    "28":0.4352505745,
    "29":0.25535971,
    "30":0.484653177,
    "31":0.313293583,
    "32":0.316399771,
    "33":0.3661312195,
    "34":0.3786771637,
    "35":0.6243842985,
    "36":0.2533836534,
    "37":0.5277718622,
    "38":0.3174514426,
    "39":0.251698429,
    "40":0.3236987809,
    "41":0.3761309611,
    "42":0.431676929,
    "43":0.5346285423,
    "44":0.25042429,
    "45":0.3269327437,
    "46":0.24852241,
    "47":0.4853022199,
    "48":0.316795456,
    "49":0.5308902616
  },
  "Delta_Uniform":{
    "0":-0.0525236939,
    "1":-0.0484492646,
    "2":-0.0382738122,
    "3":-0.0244221309,
    "4":-0.022541571,
    "5":-0.015156945,
    "6":-0.036677061,
    "7":-0.043100424,
    "8":-0.0253225221,
    "9":-0.0435251826,
    "10":-0.0264809579,
    "11":-0.019292256,
    "12":-0.023585742,
    "13":-0.035075943,
    "14":-0.0289041453,
    "15":-0.0266078439,
    "16":-0.0257788251,
    "17":-0.01869165,
    "18":-0.032031399,
    "19":-0.0170788155,
    "20":-0.0222295501,
    "21":-0.021428721,
    "22":-0.0362836179,
    "23":-0.0121988819,
    "24":-0.0262159182,
    "25":-0.01455732,
    "26":-0.02920914,
    "27":-0.0351270035,
    "28":-0.0365740466,
    "29":-0.01122354,
    "30":-0.0169100642,
    "31":-0.031252473,
    "32":-0.011395161,
    "33":-0.0524518578,
    "34":-0.0216311553,
    "35":-0.0208273537,
    "36":-0.0195305692,
    "37":-0.0256844219,
    "38":-0.0325844856,
    "39":-0.017546364,
    "40":-0.0342929628,
    "41":-0.0198807048,
    "42":-0.0166840325,
    "43":-0.0383857,
    "44":-0.02603826,
    "45":-0.0250756131,
    "46":-0.01851435,
    "47":-0.0117051061,
    "48":-0.008566317,
    "49":-0.0658734919
  },
  "Delta_Prop":{
    "0":-0.0622030647,
    "1":-0.0375907168,
    "2":-0.031104243,
    "3":-0.025888482,
    "4":-0.020945547,
    "5":-0.0206425827,
    "6":-0.033455781,
    "7":-0.025502355,
    "8":-0.0210274947,
    "9":-0.0517325643,
    "10":-0.0252527492,
    "11":-0.0316946601,
    "12":-0.021892275,
    "13":-0.037311948,
    "14":-0.0351805437,
    "15":-0.0325290006,
    "16":-0.0317537966,
    "17":-0.02766897,
    "18":-0.0417509527,
    "19":-0.031763172,
    "20":-0.0348136057,
    "21":-0.023163903,
    "22":-0.0289657863,
    "23":-0.0105678238,
    "24":-0.0253522476,
    "25":-0.01294704,
    "26":-0.03408768,
    "27":-0.0335501328,
    "28":-0.0425784187,
    "29":-0.02365065,
    "30":-0.0178682937,
    "31":-0.029957202,
    "32":-0.013121352,
    "33":-0.040964211,
    "34":-0.0240951996,
    "35":-0.0364666493,
    "36":-0.0218886713,
    "37":-0.0286712,
    "38":-0.0370805445,
    "39":-0.020095695,
    "40":-0.0427760888,
    "41":-0.0170094411,
    "42":-0.0123783763,
    "43":-0.0352362743,
    "44":-0.02131263,
    "45":-0.0408168607,
    "46":-0.02499516,
    "47":-0.0116340997,
    "48":-0.021357189,
    "49":-0.0542719099
  }
}