{
  "Astrahl":{
    "0":0.1527644086,
    "1":0.1038863363,
    "2":0.08984947,
    "3":0.05578352,
    "4":0.0791335,
    "5":0.046215971,
    "6":0.06411969,
    "7":0.0793169,
    "8":0.1044533,
    "9":0.06956779,
    "10":0.0823489248,
    "11":0.09932349,
    "12":0.08839399,
    "13":0.06952859,
    "14":0.0977774,
    "15":0.10924807,
    "16":0.10206799,
    "17":0.0658302,
    "18":0.078593561,
    "19":0.0803698523,
    "20":0.0942549461,
    "21":0.0583558,
    "22":0.076733621,
    "23":0.081207163,
    "24":0.056917491,
    "25":0.0426701,
    "26":0.0608864,
    "27":0.1022304,
    "28":0.106534251,
    "29":0.05321129,
    "30":0.1303083669,
    "31":0.06361439,
    "32":0.0847074,
    "33":0.08040328,
    "34":0.0883614,
    "35":0.1800725137,
    "36":0.0643330799,
    "37":0.134552722,
    "38":0.075488521,
    "39":0.06423917,
    "40":0.072161668,
    "41":0.09238299,
    "42":0.117142131,
    "43":0.1467112849,
    "44":0.0598543,
    "45":0.070990026,
    "46":0.0584931,
    "47":0.128086403,
    "48":0.08202709,
    "49":0.153943892
  },
  "Uniform":{
    "0":0.2727685468,
    "1":0.1798242772,
    "2":0.16379479,
    "3":0.11353149,
    "4":0.1338322,
    "5":0.089597541,
    "6":0.12122429,
    "7":0.13545049,
    "8":0.17395688,
    "9":0.1616433,
    "10":0.1620152058,
    "11":0.16304239,
    "12":0.122525,
    "13":0.1221652,
    "14":0.1627782,
    "15":0.16137649,
    "16":0.197328541,
    "17":0.1029961,
    "18":0.1658293559,
    "19":0.13140806,
    "20":0.1658670769,
    "21":0.103658,
    "22":0.13791149,
    "23":0.11987488,
    "24":0.09725959,
    "25":0.100347,
    "26":0.1064751,
    "27":0.1733141,
    "28":0.19708359,
    "29":0.1137951,
    "30":0.239377992,
    "31":0.15168229,
    "32":0.1330352,
    "33":0.17831749,
    "34":0.144684851,
    "35":0.2911794588,
    "36":0.09308271,
    "37":0.2571874154,
    "38":0.14465039,
    "39":0.0969651,
    "40":0.126349741,
    "41":0.171795,
    "42":0.210467031,
    "43":0.2350328459,
    "44":0.098986,
    "45":0.142839031,
    "46":0.0935671,
    "47":0.227315482,
    "48":0.12236329,
    "49":0.241946601
  },
  "Prop":{
    "0":0.2848383102,
    "1":0.17344817,
    "2":0.18831388,
    "3":0.12843369,
    "4":0.1460761,
    "5":0.119854341,
    "6":0.1282171,
    "7":0.1480531,
    "8":0.2096484559,
    "9":0.1795681,
    "10":0.1821713382,
    "11":0.181723051,
    "12":0.14928439,
    "13":0.1361752,
    "14":0.1893542,
    "15":0.188405851,
    "16":0.21893667,
    "17":0.1195471,
    "18":0.176194012,
    "19":0.149968421,
    "20":0.1987763459,
    "21":0.1222871,
    "22":0.1381973,
    "23":0.140863621,
    "24":0.12190408,
    "25":0.1057961,
    "26":0.1152232,
    "27":0.212367451,
    "28":0.1933235,
    "29":0.1093771,
    "30":0.25454429,
    "31":0.128299661,
    "32":0.1479462,
    "33":0.17883759,
    "34":0.198078951,
    "35":0.3426031905,
    "36":0.1105704179,
    "37":0.2755280579,
    "38":0.13948869,
    "39":0.12757,
    "40":0.14514359,
    "41":0.1866421,
    "42":0.22518699,
    "43":0.2698949169,
    "44":0.1116662,
    "45":0.14372488,
    "46":0.10803729,
    "47":0.2589094079,
    "48":0.1373871,
    "49":0.2674423969
  },
  "Delta_Uniform":{
    "0":-0.1200041381,
    "1":-0.0759379409,
    "2":-0.07394532,
    "3":-0.05774797,
    "4":-0.0546987,
    "5":-0.04338157,
    "6":-0.0571046,
    "7":-0.05613359,
    "8":-0.06950358,
    "9":-0.09207551,
    "10":-0.079666281,
    "11":-0.0637189,
    "12":-0.03413101,
    "13":-0.05263661,
    "14":-0.0650008,
    "15":-0.05212842,
    "16":-0.095260551,
    "17":-0.0371659,
    "18":-0.0872357949,
    "19":-0.0510382077,
    "20":-0.0716121308,
    "21":-0.0453022,
    "22":-0.061177869,
    "23":-0.038667717,
    "24":-0.040342099,
    "25":-0.0576769,
    "26":-0.0455887,
    "27":-0.0710837,
    "28":-0.090549339,
    "29":-0.06058381,
    "30":-0.1090696251,
    "31":-0.0880679,
    "32":-0.0483278,
    "33":-0.09791421,
    "34":-0.056323451,
    "35":-0.1111069451,
    "36":-0.0287496301,
    "37":-0.1226346934,
    "38":-0.069161869,
    "39":-0.03272593,
    "40":-0.054188073,
    "41":-0.07941201,
    "42":-0.0933249,
    "43":-0.088321561,
    "44":-0.0391317,
    "45":-0.071849005,
    "46":-0.035074,
    "47":-0.099229079,
    "48":-0.0403362,
    "49":-0.088002709
  },
  "Delta_Prop":{
    "0":-0.1320739016,
    "1":-0.0695618337,
    "2":-0.09846441,
    "3":-0.07265017,
    "4":-0.0669426,
    "5":-0.07363837,
    "6":-0.06409741,
    "7":-0.0687362,
    "8":-0.1051951559,
    "9":-0.11000031,
    "10":-0.0998224134,
    "11":-0.082399561,
    "12":-0.0608904,
    "13":-0.06664661,
    "14":-0.0915768,
    "15":-0.079157781,
    "16":-0.11686868,
    "17":-0.0537169,
    "18":-0.097600451,
    "19":-0.0695985687,
    "20":-0.1045213998,
    "21":-0.0639313,
    "22":-0.061463679,
    "23":-0.059656458,
    "24":-0.064986589,
    "25":-0.063126,
    "26":-0.0543368,
    "27":-0.110137051,
    "28":-0.086789249,
    "29":-0.05616581,
    "30":-0.1242359231,
    "31":-0.064685271,
    "32":-0.0632388,
    "33":-0.09843431,
    "34":-0.109717551,
    "35":-0.1625306768,
    "36":-0.046237338,
    "37":-0.1409753359,
    "38":-0.064000169,
    "39":-0.06333083,
    "40":-0.072981922,
    "41":-0.09425911,
    "42":-0.108044859,
    "43":-0.123183632,
    "44":-0.0518119,
    "45":-0.072734854,
    "46":-0.04954419,
    "47":-0.1308230049,
    "48":-0.05536001,
    "49":-0.1134985049
  }
}