{
  "Astrahl":{
    "0":0.01768698,
    "1":0.020011643,
    "2":0.0187206989,
    "3":0.0151742666,
    "4":0.0152451,
    "5":0.041641454,
    "6":0.0167353,
    "7":0.0220743,
    "8":0.01439566,
    "9":0.0220242,
    "10":0.02991869,
    "11":0.01979132,
    "12":0.0222793,
    "13":0.022697735,
    "14":0.0200653,
    "15":0.02761517,
    "16":0.023937168,
    "17":0.048563141,
    "18":0.02375677,
    "19":0.01034707,
    "20":0.01456449,
    "21":0.01829539,
    "22":0.072066331,
    "23":0.0289322099,
    "24":0.0358964,
    "25":0.02048807,
    "26":0.021901091,
    "27":0.0293553,
    "28":0.0137448,
    "29":0.027369371,
    "30":0.0304760869,
    "31":0.029547961,
    "32":0.024401421,
    "33":0.02645284,
    "34":0.020477501,
    "35":0.018202154,
    "36":0.0264077924,
    "37":0.010138471,
    "38":0.0231945,
    "39":0.022450401,
    "40":0.02541807,
    "41":0.02711975,
    "42":0.02607569,
    "43":0.0298105001,
    "44":0.0181021,
    "45":0.033138191,
    "46":0.0165448737,
    "47":0.049413491,
    "48":0.0235302593,
    "49":0.025916991
  },
  "Uniform":{
    "0":0.06011469,
    "1":0.07397429,
    "2":0.072329182,
    "3":0.0599041989,
    "4":0.0714713,
    "5":0.134550244,
    "6":0.0687031,
    "7":0.0651631,
    "8":0.06419939,
    "9":0.0706465,
    "10":0.09821678,
    "11":0.0542014,
    "12":0.070528,
    "13":0.0736611119,
    "14":0.0673912,
    "15":0.109649611,
    "16":0.07674913,
    "17":0.131666882,
    "18":0.07479559,
    "19":0.0670022,
    "20":0.06672659,
    "21":0.07271939,
    "22":0.1871408118,
    "23":0.100240621,
    "24":0.122903151,
    "25":0.07265998,
    "26":0.06995936,
    "27":0.10657469,
    "28":0.06117649,
    "29":0.0988190559,
    "30":0.09699098,
    "31":0.116131592,
    "32":0.103957032,
    "33":0.0689832,
    "34":0.07045108,
    "35":0.06928089,
    "36":0.063353202,
    "37":0.06834538,
    "38":0.075437,
    "39":0.100115421,
    "40":0.06244989,
    "41":0.1010754,
    "42":0.060967,
    "43":0.0753099107,
    "44":0.063347,
    "45":0.09479709,
    "46":0.069309821,
    "47":0.138927782,
    "48":0.06998969,
    "49":0.097632901
  },
  "Prop":{
    "0":0.0623266,
    "1":0.0653222869,
    "2":0.069083062,
    "3":0.0687924025,
    "4":0.0573531,
    "5":0.135040882,
    "6":0.05925169,
    "7":0.0599571,
    "8":0.0668211,
    "9":0.0707273,
    "10":0.0939822,
    "11":0.08098877,
    "12":0.0688613,
    "13":0.0649188081,
    "14":0.076755,
    "15":0.10330338,
    "16":0.061891511,
    "17":0.12085588,
    "18":0.06792128,
    "19":0.08073169,
    "20":0.0662211,
    "21":0.06812459,
    "22":0.19879638,
    "23":0.100074092,
    "24":0.11399578,
    "25":0.0650082,
    "26":0.055536331,
    "27":0.08704939,
    "28":0.0643654,
    "29":0.0974970559,
    "30":0.091619741,
    "31":0.10768608,
    "32":0.092100601,
    "33":0.07198618,
    "34":0.0718643,
    "35":0.07667207,
    "36":0.07666428,
    "37":0.06331669,
    "38":0.07840569,
    "39":0.08636469,
    "40":0.067721341,
    "41":0.11029069,
    "42":0.0695623,
    "43":0.0794465053,
    "44":0.0669245,
    "45":0.104314,
    "46":0.0665283582,
    "47":0.126952331,
    "48":0.071250611,
    "49":0.0881621789
  },
  "Delta_Uniform":{
    "0":-0.04242771,
    "1":-0.053962647,
    "2":-0.0536084831,
    "3":-0.0447299323,
    "4":-0.0562262,
    "5":-0.09290879,
    "6":-0.0519678,
    "7":-0.0430888,
    "8":-0.04980373,
    "9":-0.0486223,
    "10":-0.06829809,
    "11":-0.03441008,
    "12":-0.0482487,
    "13":-0.0509633769,
    "14":-0.0473259,
    "15":-0.082034441,
    "16":-0.052811962,
    "17":-0.083103741,
    "18":-0.05103882,
    "19":-0.05665513,
    "20":-0.0521621,
    "21":-0.054424,
    "22":-0.1150744808,
    "23":-0.0713084111,
    "24":-0.087006751,
    "25":-0.05217191,
    "26":-0.048058269,
    "27":-0.07721939,
    "28":-0.04743169,
    "29":-0.0714496849,
    "30":-0.0665148931,
    "31":-0.086583631,
    "32":-0.079555611,
    "33":-0.04253036,
    "34":-0.049973579,
    "35":-0.051078736,
    "36":-0.0369454096,
    "37":-0.058206909,
    "38":-0.0522425,
    "39":-0.07766502,
    "40":-0.03703182,
    "41":-0.07395565,
    "42":-0.03489131,
    "43":-0.0454994106,
    "44":-0.0452449,
    "45":-0.061658899,
    "46":-0.0527649473,
    "47":-0.089514291,
    "48":-0.0464594307,
    "49":-0.07171591
  },
  "Delta_Prop":{
    "0":-0.04463962,
    "1":-0.0453106439,
    "2":-0.0503623631,
    "3":-0.0536181359,
    "4":-0.042108,
    "5":-0.093399428,
    "6":-0.04251639,
    "7":-0.0378828,
    "8":-0.05242544,
    "9":-0.0487031,
    "10":-0.06406351,
    "11":-0.06119745,
    "12":-0.046582,
    "13":-0.0422210731,
    "14":-0.0566897,
    "15":-0.07568821,
    "16":-0.037954343,
    "17":-0.072292739,
    "18":-0.04416451,
    "19":-0.07038462,
    "20":-0.05165661,
    "21":-0.0498292,
    "22":-0.126730049,
    "23":-0.0711418821,
    "24":-0.07809938,
    "25":-0.04452013,
    "26":-0.03363524,
    "27":-0.05769409,
    "28":-0.0506206,
    "29":-0.0701276849,
    "30":-0.0611436541,
    "31":-0.078138119,
    "32":-0.06769918,
    "33":-0.04553334,
    "34":-0.051386799,
    "35":-0.058469916,
    "36":-0.0502564876,
    "37":-0.053178219,
    "38":-0.05521119,
    "39":-0.063914289,
    "40":-0.042303271,
    "41":-0.08317094,
    "42":-0.04348661,
    "43":-0.0496360052,
    "44":-0.0488224,
    "45":-0.071175809,
    "46":-0.0499834845,
    "47":-0.07753884,
    "48":-0.0477203517,
    "49":-0.0622451879
  }
}