{
  "Astrahl":{
    "0":0.003135199,
    "1":0.0039775474,
    "2":0.0117773831,
    "3":0.0039650796,
    "4":0.0076960461,
    "5":0.0070612778,
    "6":0.005536904,
    "7":0.0041472535,
    "8":0.003627119,
    "9":0.005454772,
    "10":0.0125440656,
    "11":0.0043869751,
    "12":0.003000499,
    "13":0.002946041,
    "14":0.0044879596,
    "15":0.00195206,
    "16":0.0022363,
    "17":0.0033973881,
    "18":0.00290567,
    "19":0.002881787,
    "20":0.00200849,
    "21":0.0035683064,
    "22":0.007154334,
    "23":0.002916481,
    "24":0.0058887538,
    "25":0.003013989,
    "26":0.005618707,
    "27":0.0073299423,
    "28":0.0063922378,
    "29":0.0020463,
    "30":0.0080724228,
    "31":0.0052252166,
    "32":0.00210349,
    "33":0.0086488346,
    "34":0.002757967,
    "35":0.0067620156,
    "36":0.00183806,
    "37":0.0062038975,
    "38":0.0095652759,
    "39":0.0039380907,
    "40":0.0040543768,
    "41":0.0035973346,
    "42":0.00215973,
    "43":0.0058127642,
    "44":0.002732105,
    "45":0.0034840338,
    "46":0.0066446535,
    "47":0.003004223,
    "48":0.0021413,
    "49":0.0083926872
  },
  "Uniform":{
    "0":0.002983817,
    "1":0.003188545,
    "2":0.01265775,
    "3":0.0040387763,
    "4":0.0072051682,
    "5":0.008047522,
    "6":0.005421717,
    "7":0.0039720502,
    "8":0.0040230687,
    "9":0.0055545989,
    "10":0.0114942228,
    "11":0.0038725393,
    "12":0.002802331,
    "13":0.003147191,
    "14":0.0050613534,
    "15":0.001931,
    "16":0.00187492,
    "17":0.0038981872,
    "18":0.002901398,
    "19":0.003017935,
    "20":0.00197203,
    "21":0.0037581616,
    "22":0.0067312699,
    "23":0.003066708,
    "24":0.0067281654,
    "25":0.002892529,
    "26":0.0054136275,
    "27":0.0068579175,
    "28":0.0067233658,
    "29":0.00226855,
    "30":0.0086870494,
    "31":0.0056444787,
    "32":0.00198417,
    "33":0.0080296045,
    "34":0.00292058,
    "35":0.0067646201,
    "36":0.0019872,
    "37":0.0056033347,
    "38":0.0086402066,
    "39":0.0046512787,
    "40":0.0041908222,
    "41":0.0036822876,
    "42":0.00201311,
    "43":0.0055640485,
    "44":0.002961019,
    "45":0.0035282965,
    "46":0.0074325572,
    "47":0.00292242,
    "48":0.00200208,
    "49":0.0073250005
  },
  "Prop":{
    "0":0.002819101,
    "1":0.0036949715,
    "2":0.0129857558,
    "3":0.0037322747,
    "4":0.0073717258,
    "5":0.0072572115,
    "6":0.0054030524,
    "7":0.0043449655,
    "8":0.00374282,
    "9":0.0057658187,
    "10":0.0118117047,
    "11":0.0045857011,
    "12":0.002603876,
    "13":0.003097766,
    "14":0.0046370542,
    "15":0.00212583,
    "16":0.0020602,
    "17":0.0038650195,
    "18":0.003255606,
    "19":0.002859201,
    "20":0.00201898,
    "21":0.0035254728,
    "22":0.0069122499,
    "23":0.002992886,
    "24":0.0061851208,
    "25":0.003135814,
    "26":0.0050936368,
    "27":0.007043145,
    "28":0.0068961539,
    "29":0.00214662,
    "30":0.0088793585,
    "31":0.0049037322,
    "32":0.00193068,
    "33":0.0097270091,
    "34":0.00308669,
    "35":0.0071806368,
    "36":0.0020812,
    "37":0.0078305604,
    "38":0.008453759,
    "39":0.0046017032,
    "40":0.0047019684,
    "41":0.0038592691,
    "42":0.00213057,
    "43":0.0055391506,
    "44":0.003119651,
    "45":0.0035650796,
    "46":0.0065016468,
    "47":0.003300483,
    "48":0.00181801,
    "49":0.0075197399
  },
  "Delta_Uniform":{
    "0":0.000151382,
    "1":0.0007890024,
    "2":-0.0008803669,
    "3":-0.0000736967,
    "4":0.0004908779,
    "5":-0.0009862441,
    "6":0.0001151869,
    "7":0.0001752033,
    "8":-0.0003959497,
    "9":-0.0000998269,
    "10":0.0010498428,
    "11":0.0005144358,
    "12":0.000198168,
    "13":-0.00020115,
    "14":-0.0005733938,
    "15":0.00002106,
    "16":0.00036138,
    "17":-0.0005007991,
    "18":0.000004272,
    "19":-0.000136148,
    "20":0.00003646,
    "21":-0.0001898552,
    "22":0.0004230641,
    "23":-0.000150227,
    "24":-0.0008394116,
    "25":0.00012146,
    "26":0.0002050794,
    "27":0.0004720248,
    "28":-0.0003311279,
    "29":-0.00022225,
    "30":-0.0006146266,
    "31":-0.0004192621,
    "32":0.00011932,
    "33":0.0006192301,
    "34":-0.000162613,
    "35":-0.0000026045,
    "36":-0.00014914,
    "37":0.0006005629,
    "38":0.0009250693,
    "39":-0.000713188,
    "40":-0.0001364454,
    "41":-0.000084953,
    "42":0.00014662,
    "43":0.0002487158,
    "44":-0.000228914,
    "45":-0.0000442627,
    "46":-0.0007879037,
    "47":0.000081803,
    "48":0.00013922,
    "49":0.0010676867
  },
  "Delta_Prop":{
    "0":0.000316098,
    "1":0.0002825759,
    "2":-0.0012083727,
    "3":0.0002328049,
    "4":0.0003243203,
    "5":-0.0001959337,
    "6":0.0001338516,
    "7":-0.000197712,
    "8":-0.000115701,
    "9":-0.0003110467,
    "10":0.0007323609,
    "11":-0.000198726,
    "12":0.000396623,
    "13":-0.000151725,
    "14":-0.0001490946,
    "15":-0.00017377,
    "16":0.0001761,
    "17":-0.0004676314,
    "18":-0.000349936,
    "19":0.000022586,
    "20":-0.00001049,
    "21":0.0000428336,
    "22":0.000242084,
    "23":-0.000076405,
    "24":-0.000296367,
    "25":-0.000121825,
    "26":0.0005250702,
    "27":0.0002867973,
    "28":-0.0005039161,
    "29":-0.00010032,
    "30":-0.0008069357,
    "31":0.0003214844,
    "32":0.00017281,
    "33":-0.0010781744,
    "34":-0.000328723,
    "35":-0.0004186212,
    "36":-0.00024314,
    "37":-0.0016266629,
    "38":0.0011115168,
    "39":-0.0006636125,
    "40":-0.0006475916,
    "41":-0.0002619345,
    "42":0.00002916,
    "43":0.0002736136,
    "44":-0.000387546,
    "45":-0.0000810458,
    "46":0.0001430067,
    "47":-0.00029626,
    "48":0.00032329,
    "49":0.0008729473
  }
}