{
  "Astrahl":{
    "0":0.0132495994,
    "1":0.0071969565,
    "2":0.00704921,
    "3":0.0054483725,
    "4":0.0042808048,
    "5":0.0093020024,
    "6":0.0077751757,
    "7":0.01535059,
    "8":0.0112720775,
    "9":0.0145572367,
    "10":0.0032383933,
    "11":0.0081658092,
    "12":0.012413269,
    "13":0.0112531752,
    "14":0.0051515432,
    "15":0.005116679,
    "16":0.0104399994,
    "17":0.0160485251,
    "18":0.00907106,
    "19":0.0092436585,
    "20":0.013114304,
    "21":0.0249635756,
    "22":0.0063349552,
    "23":0.0071675593,
    "24":0.0132205431,
    "25":0.0111645078,
    "26":0.0148984238,
    "27":0.0062666479,
    "28":0.0154313742,
    "29":0.0131689143,
    "30":0.012093766,
    "31":0.0081535922,
    "32":0.008107578,
    "33":0.0081024822,
    "34":0.0085610298,
    "35":0.0071949552,
    "36":0.0063363901,
    "37":0.0143724381,
    "38":0.0084217199,
    "39":0.00405681,
    "40":0.005820585,
    "41":0.011109478,
    "42":0.0114099612,
    "43":0.009061517,
    "44":0.0077102593,
    "45":0.0069991988,
    "46":0.0163942814,
    "47":0.0064728162,
    "48":0.0102136468,
    "49":0.0102337893
  },
  "Uniform":{
    "0":0.1088768844,
    "1":0.0580534603,
    "2":0.05302242,
    "3":0.0551299589,
    "4":0.0440754331,
    "5":0.0521330704,
    "6":0.059203619,
    "7":0.0500992454,
    "8":0.0975598452,
    "9":0.0571496503,
    "10":0.0460894602,
    "11":0.055036288,
    "12":0.0531464476,
    "13":0.0530862764,
    "14":0.048035459,
    "15":0.05702284,
    "16":0.0510950348,
    "17":0.1084391773,
    "18":0.04901411,
    "19":0.0560535256,
    "20":0.065022809,
    "21":0.1435660553,
    "22":0.0581124718,
    "23":0.0510380311,
    "24":0.051058503,
    "25":0.0563400029,
    "26":0.1028008751,
    "27":0.046051495,
    "28":0.1059932188,
    "29":0.1115475544,
    "30":0.100513789,
    "31":0.0460464183,
    "32":0.05202384,
    "33":0.0560317141,
    "34":0.0471517354,
    "35":0.0520438412,
    "36":0.0490607563,
    "37":0.0929156937,
    "38":0.0500848174,
    "39":0.04901625,
    "40":0.0603761321,
    "41":0.046041487,
    "42":0.0491208421,
    "43":0.052024209,
    "44":0.0512014789,
    "45":0.0572907916,
    "46":0.1142945887,
    "47":0.0571353027,
    "48":0.0530935664,
    "49":0.053041107
  },
  "Prop":{
    "0":0.0977161601,
    "1":0.0420649393,
    "2":0.05301401,
    "3":0.0421390652,
    "4":0.0440991301,
    "5":0.0431110412,
    "6":0.0452246035,
    "7":0.0501596352,
    "8":0.0875510621,
    "9":0.0511745652,
    "10":0.0530850662,
    "11":0.054054877,
    "12":0.0531201264,
    "13":0.0420921063,
    "14":0.0480689491,
    "15":0.047028277,
    "16":0.0381232278,
    "17":0.0976333411,
    "18":0.05501381,
    "19":0.0430858936,
    "20":0.03903767,
    "21":0.1342517548,
    "22":0.044134513,
    "23":0.050065636,
    "24":0.0590669384,
    "25":0.0564954203,
    "26":0.1062435948,
    "27":0.0460643458,
    "28":0.0921295629,
    "29":0.1077368701,
    "30":0.093126167,
    "31":0.059044954,
    "32":0.053037019,
    "33":0.050045704,
    "34":0.0541692918,
    "35":0.054044714,
    "36":0.0470937512,
    "37":0.0905958048,
    "38":0.0441197791,
    "39":0.04901672,
    "40":0.0602944796,
    "41":0.056024009,
    "42":0.0401489924,
    "43":0.042030509,
    "44":0.0512017991,
    "45":0.0472461929,
    "46":0.1059478731,
    "47":0.0591370328,
    "48":0.0430826413,
    "49":0.0450601691
  },
  "Delta_Uniform":{
    "0":-0.095627285,
    "1":-0.0508565038,
    "2":-0.04597321,
    "3":-0.0496815864,
    "4":-0.0397946283,
    "5":-0.042831068,
    "6":-0.0514284434,
    "7":-0.0347486554,
    "8":-0.0862877677,
    "9":-0.0425924136,
    "10":-0.0428510669,
    "11":-0.0468704788,
    "12":-0.0407331786,
    "13":-0.0418331012,
    "14":-0.0428839158,
    "15":-0.051906161,
    "16":-0.0406550354,
    "17":-0.0923906522,
    "18":-0.03994305,
    "19":-0.0468098671,
    "20":-0.051908505,
    "21":-0.1186024797,
    "22":-0.0517775166,
    "23":-0.0438704718,
    "24":-0.0378379599,
    "25":-0.0451754951,
    "26":-0.0879024513,
    "27":-0.0397848471,
    "28":-0.0905618446,
    "29":-0.0983786401,
    "30":-0.088420023,
    "31":-0.0378928261,
    "32":-0.043916262,
    "33":-0.0479292319,
    "34":-0.0385907056,
    "35":-0.044848886,
    "36":-0.0427243662,
    "37":-0.0785432556,
    "38":-0.0416630975,
    "39":-0.04495944,
    "40":-0.0545555471,
    "41":-0.034932009,
    "42":-0.0377108809,
    "43":-0.042962692,
    "44":-0.0434912196,
    "45":-0.0502915928,
    "46":-0.0979003073,
    "47":-0.0506624865,
    "48":-0.0428799196,
    "49":-0.0428073177
  },
  "Delta_Prop":{
    "0":-0.0844665607,
    "1":-0.0348679828,
    "2":-0.0459648,
    "3":-0.0366906928,
    "4":-0.0398183253,
    "5":-0.0338090388,
    "6":-0.0374494278,
    "7":-0.0348090452,
    "8":-0.0762789846,
    "9":-0.0366173285,
    "10":-0.0498466729,
    "11":-0.0458890678,
    "12":-0.0407068574,
    "13":-0.0308389311,
    "14":-0.0429174059,
    "15":-0.041911598,
    "16":-0.0276832284,
    "17":-0.081584816,
    "18":-0.04594275,
    "19":-0.0338422351,
    "20":-0.025923366,
    "21":-0.1092881792,
    "22":-0.0377995578,
    "23":-0.0428980767,
    "24":-0.0458463953,
    "25":-0.0453309126,
    "26":-0.091345171,
    "27":-0.0397976979,
    "28":-0.0766981887,
    "29":-0.0945679558,
    "30":-0.081032401,
    "31":-0.0508913618,
    "32":-0.044929441,
    "33":-0.0419432218,
    "34":-0.045608262,
    "35":-0.0468497588,
    "36":-0.0407573611,
    "37":-0.0762233666,
    "38":-0.0356980592,
    "39":-0.04495991,
    "40":-0.0544738946,
    "41":-0.044914531,
    "42":-0.0287390312,
    "43":-0.032968992,
    "44":-0.0434915397,
    "45":-0.0402469941,
    "46":-0.0895535917,
    "47":-0.0526642166,
    "48":-0.0328689945,
    "49":-0.0348263798
  }
}