{
  "Astrahl":{
    "0":0.0049161102,
    "1":0.002136082,
    "2":0.002892524,
    "3":0.0031733062,
    "4":0.0025983507,
    "5":0.0042720265,
    "6":0.002994073,
    "7":0.0064139931,
    "8":0.002898286,
    "9":0.002424167,
    "10":0.002107784,
    "11":0.0026895661,
    "12":0.0047865857,
    "13":0.0097696244,
    "14":0.0023344433,
    "15":0.0040913149,
    "16":0.003658506,
    "17":0.0060609249,
    "18":0.0028303234,
    "19":0.0181265458,
    "20":0.00135407,
    "21":0.0039296543,
    "22":0.0050109816,
    "23":0.0041078174,
    "24":0.0058941531,
    "25":0.004182505,
    "26":0.0042865605,
    "27":0.0033148666,
    "28":0.002295979,
    "29":0.0161517296,
    "30":0.0024225355,
    "31":0.0033993167,
    "32":0.0057188042,
    "33":0.0040010257,
    "34":0.0129412458,
    "35":0.0049859713,
    "36":0.0014405,
    "37":0.0031016037,
    "38":0.0037758088,
    "39":0.001951937,
    "40":0.0059365783,
    "41":0.0043693246,
    "42":0.0036841196,
    "43":0.002840666,
    "44":0.0041213537,
    "45":0.0056753906,
    "46":0.0038231429,
    "47":0.00146931,
    "48":0.0055898888,
    "49":0.0025071805
  },
  "Uniform":{
    "0":0.0076125659,
    "1":0.002731991,
    "2":0.004232184,
    "3":0.0045030426,
    "4":0.003307416,
    "5":0.0054725778,
    "6":0.0040774756,
    "7":0.0090856574,
    "8":0.004016735,
    "9":0.003356417,
    "10":0.002723026,
    "11":0.0038082996,
    "12":0.0064401057,
    "13":0.0127777618,
    "14":0.0032096136,
    "15":0.0054985586,
    "16":0.0045988419,
    "17":0.0083804886,
    "18":0.0039404014,
    "19":0.0241154523,
    "20":0.00218007,
    "21":0.0052727814,
    "22":0.0075120892,
    "23":0.0054682025,
    "24":0.0077679639,
    "25":0.0056041049,
    "26":0.0066288666,
    "27":0.0036697867,
    "28":0.002858677,
    "29":0.0219318371,
    "30":0.0033452722,
    "31":0.0052341765,
    "32":0.0096242089,
    "33":0.0055007181,
    "34":0.0177846786,
    "35":0.0058384988,
    "36":0.00190486,
    "37":0.0039248782,
    "38":0.0047901258,
    "39":0.002612473,
    "40":0.0074134571,
    "41":0.0058457167,
    "42":0.0052772464,
    "43":0.003842437,
    "44":0.0061793933,
    "45":0.0076967576,
    "46":0.005212623,
    "47":0.00216188,
    "48":0.0071834011,
    "49":0.0034973318
  },
  "Prop":{
    "0":0.0077912849,
    "1":0.002624055,
    "2":0.004126131,
    "3":0.0045200007,
    "4":0.0034898006,
    "5":0.0053732863,
    "6":0.0037420586,
    "7":0.0092324345,
    "8":0.004017651,
    "9":0.003609342,
    "10":0.002737133,
    "11":0.0038434036,
    "12":0.0064005319,
    "13":0.013329154,
    "14":0.0032639803,
    "15":0.0057200706,
    "16":0.0045337114,
    "17":0.0083531085,
    "18":0.0037248235,
    "19":0.0249226675,
    "20":0.00213921,
    "21":0.0049514912,
    "22":0.0077783212,
    "23":0.0057598105,
    "24":0.0082274778,
    "25":0.0054717341,
    "26":0.0061174586,
    "27":0.0040161331,
    "28":0.002699432,
    "29":0.0218517247,
    "30":0.003194503,
    "31":0.0052447491,
    "32":0.0100032793,
    "33":0.0052048305,
    "34":0.0164431444,
    "35":0.0065931046,
    "36":0.00225774,
    "37":0.0040473746,
    "38":0.0051267619,
    "39":0.002746495,
    "40":0.0079719792,
    "41":0.0058419116,
    "42":0.0052833214,
    "43":0.004070672,
    "44":0.0062162178,
    "45":0.0074452657,
    "46":0.0051699442,
    "47":0.00219816,
    "48":0.0072696074,
    "49":0.0035970573
  },
  "Delta_Uniform":{
    "0":-0.0026964557,
    "1":-0.000595909,
    "2":-0.00133966,
    "3":-0.0013297364,
    "4":-0.0007090653,
    "5":-0.0012005513,
    "6":-0.0010834025,
    "7":-0.0026716643,
    "8":-0.001118449,
    "9":-0.00093225,
    "10":-0.000615242,
    "11":-0.0011187335,
    "12":-0.00165352,
    "13":-0.0030081373,
    "14":-0.0008751703,
    "15":-0.0014072437,
    "16":-0.0009403359,
    "17":-0.0023195637,
    "18":-0.0011100779,
    "19":-0.0059889065,
    "20":-0.000826,
    "21":-0.0013431271,
    "22":-0.0025011076,
    "23":-0.001360385,
    "24":-0.0018738108,
    "25":-0.0014215998,
    "26":-0.002342306,
    "27":-0.0003549201,
    "28":-0.000562698,
    "29":-0.0057801075,
    "30":-0.0009227367,
    "31":-0.0018348598,
    "32":-0.0039054047,
    "33":-0.0014996924,
    "34":-0.0048434328,
    "35":-0.0008525275,
    "36":-0.00046436,
    "37":-0.0008232745,
    "38":-0.001014317,
    "39":-0.000660536,
    "40":-0.0014768788,
    "41":-0.0014763921,
    "42":-0.0015931268,
    "43":-0.001001771,
    "44":-0.0020580397,
    "45":-0.002021367,
    "46":-0.00138948,
    "47":-0.00069257,
    "48":-0.0015935123,
    "49":-0.0009901513
  },
  "Delta_Prop":{
    "0":-0.0028751747,
    "1":-0.000487973,
    "2":-0.001233607,
    "3":-0.0013466945,
    "4":-0.0008914499,
    "5":-0.0011012598,
    "6":-0.0007479855,
    "7":-0.0028184414,
    "8":-0.001119365,
    "9":-0.001185175,
    "10":-0.000629349,
    "11":-0.0011538375,
    "12":-0.0016139462,
    "13":-0.0035595296,
    "14":-0.000929537,
    "15":-0.0016287557,
    "16":-0.0008752054,
    "17":-0.0022921836,
    "18":-0.0008945001,
    "19":-0.0067961217,
    "20":-0.00078514,
    "21":-0.0010218369,
    "22":-0.0027673396,
    "23":-0.0016519931,
    "24":-0.0023333246,
    "25":-0.0012892291,
    "26":-0.001830898,
    "27":-0.0007012665,
    "28":-0.000403453,
    "29":-0.0056999951,
    "30":-0.0007719675,
    "31":-0.0018454324,
    "32":-0.0042844751,
    "33":-0.0012038048,
    "34":-0.0035018986,
    "35":-0.0016071333,
    "36":-0.00081724,
    "37":-0.0009457709,
    "38":-0.0013509531,
    "39":-0.000794558,
    "40":-0.0020354009,
    "41":-0.001472587,
    "42":-0.0015992018,
    "43":-0.001230006,
    "44":-0.0020948641,
    "45":-0.001769875,
    "46":-0.0013468013,
    "47":-0.00072885,
    "48":-0.0016797186,
    "49":-0.0010898768
  }
}