{
  "Astrahl":{
    "0":0.0115281232,
    "1":0.0115106166,
    "2":0.007502635,
    "3":0.0234942951,
    "4":0.0099287083,
    "5":0.0239940247,
    "6":0.0362900403,
    "7":0.011734381,
    "8":0.0102813606,
    "9":0.007506406,
    "10":0.01548866,
    "11":0.0178499422,
    "12":0.0322197913,
    "13":0.0145055813,
    "14":0.00541899,
    "15":0.007760512,
    "16":0.0251247364,
    "17":0.0112453723,
    "18":0.0094551866,
    "19":0.0148502678,
    "20":0.0166987629,
    "21":0.007102368,
    "22":0.00506502,
    "23":0.063288604,
    "24":0.0111929728,
    "25":0.00505951,
    "26":0.0190389461,
    "27":0.01388362,
    "28":0.0369294272,
    "29":0.0205020946,
    "30":0.009214867,
    "31":0.007323759,
    "32":0.0141006226,
    "33":0.0211055239,
    "34":0.0124058228,
    "35":0.0544542531,
    "36":0.027098334,
    "37":0.007213825,
    "38":0.0092791098,
    "39":0.016107912,
    "40":0.0095907079,
    "41":0.007973388,
    "42":0.0132742073,
    "43":0.0087170689,
    "44":0.0130322016,
    "45":0.011991618,
    "46":0.0142294044,
    "47":0.0172661116,
    "48":0.0105775793,
    "49":0.0118430002
  },
  "Uniform":{
    "0":0.0102639367,
    "1":0.0100065439,
    "2":0.007118476,
    "3":0.0229196778,
    "4":0.0096996724,
    "5":0.0229640736,
    "6":0.0340850519,
    "7":0.0108095175,
    "8":0.0108394903,
    "9":0.007146584,
    "10":0.0158651541,
    "11":0.0162885135,
    "12":0.0301611626,
    "13":0.0143833621,
    "14":0.00477653,
    "15":0.006965792,
    "16":0.0240237989,
    "17":0.0104284107,
    "18":0.009154079,
    "19":0.0137483949,
    "20":0.016114064,
    "21":0.006974361,
    "22":0.00527813,
    "23":0.0591745966,
    "24":0.0107819003,
    "25":0.00532601,
    "26":0.020217329,
    "27":0.0132933077,
    "28":0.0365862003,
    "29":0.0173317237,
    "30":0.0090759184,
    "31":0.007198522,
    "32":0.0137762712,
    "33":0.0186968564,
    "34":0.0135295245,
    "35":0.0487059858,
    "36":0.0244146087,
    "37":0.007837759,
    "38":0.0097067431,
    "39":0.0154241804,
    "40":0.0090232279,
    "41":0.007098417,
    "42":0.0129944341,
    "43":0.0094750587,
    "44":0.0109716289,
    "45":0.0120161643,
    "46":0.0140244048,
    "47":0.0164250793,
    "48":0.0108908847,
    "49":0.0107251255
  },
  "Prop":{
    "0":0.011042063,
    "1":0.0107483797,
    "2":0.007295138,
    "3":0.021939166,
    "4":0.0110729269,
    "5":0.0212801951,
    "6":0.0327156248,
    "7":0.0105384907,
    "8":0.0102077621,
    "9":0.007301294,
    "10":0.0157809649,
    "11":0.0158093184,
    "12":0.0289167714,
    "13":0.0150711588,
    "14":0.00537111,
    "15":0.007289875,
    "16":0.0239098409,
    "17":0.0099691253,
    "18":0.0090873035,
    "19":0.0130461314,
    "20":0.0164173078,
    "21":0.00737243,
    "22":0.00480795,
    "23":0.0557219384,
    "24":0.0113297548,
    "25":0.00542431,
    "26":0.0195296119,
    "27":0.0131447814,
    "28":0.035382784,
    "29":0.0183172418,
    "30":0.0092648528,
    "31":0.007399682,
    "32":0.0132443923,
    "33":0.0174472432,
    "34":0.013570194,
    "35":0.0513531083,
    "36":0.0253120405,
    "37":0.006899443,
    "38":0.0094547382,
    "39":0.0164856544,
    "40":0.009445571,
    "41":0.007622622,
    "42":0.0125510456,
    "43":0.0086102268,
    "44":0.0127050057,
    "45":0.009986225,
    "46":0.0143054378,
    "47":0.0170479506,
    "48":0.0108923214,
    "49":0.0101720988
  },
  "Delta_Uniform":{
    "0":0.0012641865,
    "1":0.0015040727,
    "2":0.000384159,
    "3":0.0005746173,
    "4":0.0002290359,
    "5":0.0010299511,
    "6":0.0022049883,
    "7":0.0009248635,
    "8":-0.0005581297,
    "9":0.000359822,
    "10":-0.000376494,
    "11":0.0015614287,
    "12":0.0020586287,
    "13":0.0001222192,
    "14":0.00064246,
    "15":0.00079472,
    "16":0.0011009374,
    "17":0.0008169616,
    "18":0.0003011076,
    "19":0.0011018729,
    "20":0.0005846988,
    "21":0.000128007,
    "22":-0.00021311,
    "23":0.0041140073,
    "24":0.0004110724,
    "25":-0.0002665,
    "26":-0.0011783829,
    "27":0.0005903122,
    "28":0.0003432269,
    "29":0.0031703709,
    "30":0.0001389486,
    "31":0.000125237,
    "32":0.0003243514,
    "33":0.0024086675,
    "34":-0.0011237018,
    "35":0.0057482673,
    "36":0.0026837253,
    "37":-0.000623934,
    "38":-0.0004276333,
    "39":0.0006837316,
    "40":0.00056748,
    "41":0.000874971,
    "42":0.0002797731,
    "43":-0.0007579898,
    "44":0.0020605727,
    "45":-0.0000245463,
    "46":0.0002049997,
    "47":0.0008410323,
    "48":-0.0003133054,
    "49":0.0011178747
  },
  "Delta_Prop":{
    "0":0.0004860602,
    "1":0.0007622369,
    "2":0.000207497,
    "3":0.001555129,
    "4":-0.0011442186,
    "5":0.0027138296,
    "6":0.0035744155,
    "7":0.0011958903,
    "8":0.0000735985,
    "9":0.000205112,
    "10":-0.0002923049,
    "11":0.0020406238,
    "12":0.00330302,
    "13":-0.0005655775,
    "14":0.00004788,
    "15":0.000470637,
    "16":0.0012148955,
    "17":0.001276247,
    "18":0.0003678831,
    "19":0.0018041363,
    "20":0.000281455,
    "21":-0.000270062,
    "22":0.00025707,
    "23":0.0075666656,
    "24":-0.0001367821,
    "25":-0.0003648,
    "26":-0.0004906658,
    "27":0.0007388386,
    "28":0.0015466431,
    "29":0.0021848529,
    "30":-0.0000499858,
    "31":-0.000075923,
    "32":0.0008562302,
    "33":0.0036582807,
    "34":-0.0011643712,
    "35":0.0031011448,
    "36":0.0017862934,
    "37":0.000314382,
    "38":-0.0001756284,
    "39":-0.0003777424,
    "40":0.0001451369,
    "41":0.000350766,
    "42":0.0007231616,
    "43":0.0001068421,
    "44":0.0003271959,
    "45":0.002005393,
    "46":-0.0000760333,
    "47":0.0002181611,
    "48":-0.0003147421,
    "49":0.0016709014
  }
}