{
  "Astrahl":{
    "0":0.0676599125,
    "1":0.055395703,
    "2":0.0582000613,
    "3":0.1013271227,
    "4":0.1380506123,
    "5":0.049886145,
    "6":0.0665343398,
    "7":0.0534334177,
    "8":0.067926285,
    "9":0.05165593,
    "10":0.04704676,
    "11":0.1890158145,
    "12":0.075135159,
    "13":0.0602921186,
    "14":0.0956304486,
    "15":0.1430634743,
    "16":0.1417208438,
    "17":0.081054804,
    "18":0.0789290866,
    "19":0.1032987161,
    "20":0.1007111149,
    "21":0.0999608985,
    "22":0.1599221793,
    "23":0.0559802763,
    "24":0.1445503104,
    "25":0.0432650071,
    "26":0.05744942,
    "27":0.0821460313,
    "28":0.1004598861,
    "29":0.1485566858,
    "30":0.0929640382,
    "31":0.063713493,
    "32":0.0974659334,
    "33":0.1543208043,
    "34":0.150416649,
    "35":0.0594492999,
    "36":0.1932346156,
    "37":0.0927025403,
    "38":0.1001853435,
    "39":0.059957225,
    "40":0.0967473153,
    "41":0.102106054,
    "42":0.0565583094,
    "43":0.0680869786,
    "44":0.1552770292,
    "45":0.102951579,
    "46":0.0636628093,
    "47":0.0580738168,
    "48":0.0610944632,
    "49":0.1231147205
  },
  "Uniform":{
    "0":0.1022944521,
    "1":0.092362246,
    "2":0.0941434543,
    "3":0.163557275,
    "4":0.2013957812,
    "5":0.0890375133,
    "6":0.0938233614,
    "7":0.0969308298,
    "8":0.100660068,
    "9":0.09481337,
    "10":0.0902448,
    "11":0.2875620368,
    "12":0.169740973,
    "13":0.0942805719,
    "14":0.163044199,
    "15":0.2261320386,
    "16":0.1888403361,
    "17":0.1144927436,
    "18":0.1090097641,
    "19":0.1637288429,
    "20":0.1598066702,
    "21":0.1596287801,
    "22":0.2962685918,
    "23":0.0896048174,
    "24":0.2068677679,
    "25":0.085876982,
    "26":0.09044852,
    "27":0.1064780299,
    "28":0.1296170155,
    "29":0.2334545389,
    "30":0.1259481491,
    "31":0.085898132,
    "32":0.1146875223,
    "33":0.1770550916,
    "34":0.2509486389,
    "35":0.0969352057,
    "36":0.3013227928,
    "37":0.1750031187,
    "38":0.1297754519,
    "39":0.091783178,
    "40":0.1689356961,
    "41":0.161085979,
    "42":0.0920564532,
    "43":0.1047574,
    "44":0.2132594062,
    "45":0.1721949493,
    "46":0.0917555887,
    "47":0.085378005,
    "48":0.0899594873,
    "49":0.1817188291
  },
  "Prop":{
    "0":0.1100487668,
    "1":0.093961593,
    "2":0.0888378183,
    "3":0.1607807763,
    "4":0.2017733863,
    "5":0.0933713474,
    "6":0.1013537515,
    "7":0.0835343746,
    "8":0.095020154,
    "9":0.092829022,
    "10":0.08579985,
    "11":0.2901370154,
    "12":0.171811441,
    "13":0.0989276355,
    "14":0.1746345709,
    "15":0.2312387385,
    "16":0.2049116863,
    "17":0.117244697,
    "18":0.1182734551,
    "19":0.1671602077,
    "20":0.1673029539,
    "21":0.1720117852,
    "22":0.2963142223,
    "23":0.0886953438,
    "24":0.2162556824,
    "25":0.0888389501,
    "26":0.0832553,
    "27":0.1098232326,
    "28":0.1287827054,
    "29":0.2352150957,
    "30":0.1342853944,
    "31":0.082454452,
    "32":0.1160394908,
    "33":0.1884209939,
    "34":0.2610971405,
    "35":0.0949382198,
    "36":0.3249961114,
    "37":0.175972074,
    "38":0.1244296116,
    "39":0.09556433,
    "40":0.1703046043,
    "41":0.153544158,
    "42":0.0940361373,
    "43":0.1022131459,
    "44":0.2141602558,
    "45":0.1721095741,
    "46":0.0965630262,
    "47":0.1044357092,
    "48":0.0923078474,
    "49":0.1909161788
  },
  "Delta_Uniform":{
    "0":-0.0346345396,
    "1":-0.036966543,
    "2":-0.035943393,
    "3":-0.0622301522,
    "4":-0.0633451689,
    "5":-0.0391513683,
    "6":-0.0272890217,
    "7":-0.0434974121,
    "8":-0.032733783,
    "9":-0.04315744,
    "10":-0.04319804,
    "11":-0.0985462222,
    "12":-0.094605814,
    "13":-0.0339884533,
    "14":-0.0674137504,
    "15":-0.0830685642,
    "16":-0.0471194922,
    "17":-0.0334379396,
    "18":-0.0300806775,
    "19":-0.0604301269,
    "20":-0.0590955553,
    "21":-0.0596678816,
    "22":-0.1363464126,
    "23":-0.0336245411,
    "24":-0.0623174575,
    "25":-0.0426119749,
    "26":-0.0329991,
    "27":-0.0243319986,
    "28":-0.0291571293,
    "29":-0.0848978531,
    "30":-0.0329841109,
    "31":-0.022184639,
    "32":-0.0172215889,
    "33":-0.0227342873,
    "34":-0.1005319899,
    "35":-0.0374859058,
    "36":-0.1080881772,
    "37":-0.0823005784,
    "38":-0.0295901084,
    "39":-0.031825953,
    "40":-0.0721883808,
    "41":-0.058979925,
    "42":-0.0354981438,
    "43":-0.0366704213,
    "44":-0.057982377,
    "45":-0.0692433704,
    "46":-0.0280927794,
    "47":-0.0273041882,
    "48":-0.0288650241,
    "49":-0.0586041086
  },
  "Delta_Prop":{
    "0":-0.0423888543,
    "1":-0.03856589,
    "2":-0.030637757,
    "3":-0.0594536536,
    "4":-0.063722774,
    "5":-0.0434852024,
    "6":-0.0348194118,
    "7":-0.0301009569,
    "8":-0.027093869,
    "9":-0.041173092,
    "10":-0.03875309,
    "11":-0.1011212009,
    "12":-0.096676282,
    "13":-0.0386355169,
    "14":-0.0790041223,
    "15":-0.0881752642,
    "16":-0.0631908424,
    "17":-0.0361898929,
    "18":-0.0393443685,
    "19":-0.0638614917,
    "20":-0.066591839,
    "21":-0.0720508867,
    "22":-0.136392043,
    "23":-0.0327150675,
    "24":-0.071705372,
    "25":-0.045573943,
    "26":-0.02580588,
    "27":-0.0276772013,
    "28":-0.0283228193,
    "29":-0.0866584098,
    "30":-0.0413213562,
    "31":-0.018740959,
    "32":-0.0185735574,
    "33":-0.0341001896,
    "34":-0.1106804915,
    "35":-0.0354889199,
    "36":-0.1317614958,
    "37":-0.0832695337,
    "38":-0.0242442682,
    "39":-0.035607105,
    "40":-0.073557289,
    "41":-0.051438104,
    "42":-0.0374778279,
    "43":-0.0341261672,
    "44":-0.0588832266,
    "45":-0.0691579951,
    "46":-0.0329002169,
    "47":-0.0463618924,
    "48":-0.0312133842,
    "49":-0.0678014582
  }
}