{
  "Astrahl":{
    "0":0.0433317595,
    "1":0.0292675439,
    "2":0.0302614278,
    "3":0.0350832199,
    "4":0.0400501805,
    "5":0.0280666841,
    "6":0.0440944696,
    "7":0.0498904675,
    "8":0.02011815,
    "9":0.026763369,
    "10":0.0481419956,
    "11":0.0225375739,
    "12":0.0381017437,
    "13":0.0411689006,
    "14":0.0320991664,
    "15":0.0245706,
    "16":0.036673496,
    "17":0.0466541633,
    "18":0.0353667607,
    "19":0.0762827811,
    "20":0.0289569462,
    "21":0.0279261164,
    "22":0.0359944723,
    "23":0.0366042717,
    "24":0.01922401,
    "25":0.0449703091,
    "26":0.021663079,
    "27":0.0287044526,
    "28":0.03157002,
    "29":0.0291587847,
    "30":0.0637819772,
    "31":0.023219217,
    "32":0.029344987,
    "33":0.0836595259,
    "34":0.034285874,
    "35":0.0270528075,
    "36":0.0326117064,
    "37":0.0250210506,
    "38":0.0566799033,
    "39":0.017731783,
    "40":0.01671354,
    "41":0.0555882036,
    "42":0.0264267276,
    "43":0.0425344537,
    "44":0.030338858,
    "45":0.0314403089,
    "46":0.0488941316,
    "47":0.021048814,
    "48":0.0656141339,
    "49":0.026167689
  },
  "Uniform":{
    "0":0.0710547017,
    "1":0.0470635165,
    "2":0.0593745236,
    "3":0.0521798204,
    "4":0.0767578755,
    "5":0.0402813963,
    "6":0.0646712455,
    "7":0.0752928777,
    "8":0.02989441,
    "9":0.0486907229,
    "10":0.065291399,
    "11":0.0479413848,
    "12":0.0526794289,
    "13":0.0757982637,
    "14":0.0559026398,
    "15":0.037968598,
    "16":0.049060212,
    "17":0.0920987629,
    "18":0.0679460295,
    "19":0.1079563002,
    "20":0.0405383523,
    "21":0.0385925653,
    "22":0.0511636624,
    "23":0.0698834102,
    "24":0.02765695,
    "25":0.0803021466,
    "26":0.038584332,
    "27":0.0506484413,
    "28":0.045663603,
    "29":0.0562272812,
    "30":0.0942415777,
    "31":0.033830364,
    "32":0.043063535,
    "33":0.1240317853,
    "34":0.0522984472,
    "35":0.0541465149,
    "36":0.0410067943,
    "37":0.0426048523,
    "38":0.0809263451,
    "39":0.036642174,
    "40":0.02930874,
    "41":0.1075053319,
    "42":0.0407177291,
    "43":0.0729413151,
    "44":0.040413856,
    "45":0.0407542523,
    "46":0.0772296758,
    "47":0.033329147,
    "48":0.0857383671,
    "49":0.038498591
  },
  "Prop":{
    "0":0.0767628372,
    "1":0.0459928111,
    "2":0.0581643199,
    "3":0.0509931627,
    "4":0.0751755931,
    "5":0.0425829531,
    "6":0.0599012983,
    "7":0.0674528417,
    "8":0.03314251,
    "9":0.0455004741,
    "10":0.0646688901,
    "11":0.0459982039,
    "12":0.0544529907,
    "13":0.0739306411,
    "14":0.0601074243,
    "15":0.033014655,
    "16":0.039174206,
    "17":0.0854245093,
    "18":0.0649145217,
    "19":0.118011735,
    "20":0.0354028562,
    "21":0.0394728204,
    "22":0.0542258761,
    "23":0.0574608969,
    "24":0.02632144,
    "25":0.0738031873,
    "26":0.036077382,
    "27":0.0505943157,
    "28":0.047847462,
    "29":0.0534007666,
    "30":0.1003024799,
    "31":0.035830105,
    "32":0.043401573,
    "33":0.1175153545,
    "34":0.052530602,
    "35":0.0522049169,
    "36":0.0425591263,
    "37":0.0362050343,
    "38":0.0772350309,
    "39":0.038146704,
    "40":0.03000281,
    "41":0.0985331322,
    "42":0.0368373734,
    "43":0.0729123862,
    "44":0.044077218,
    "45":0.0441842006,
    "46":0.0712239888,
    "47":0.033671874,
    "48":0.09389566,
    "49":0.033629534
  },
  "Delta_Uniform":{
    "0":-0.0277229421,
    "1":-0.0177959726,
    "2":-0.0291130957,
    "3":-0.0170966006,
    "4":-0.036707695,
    "5":-0.0122147122,
    "6":-0.0205767759,
    "7":-0.0254024102,
    "8":-0.00977626,
    "9":-0.0219273538,
    "10":-0.0171494034,
    "11":-0.0254038108,
    "12":-0.0145776852,
    "13":-0.034629363,
    "14":-0.0238034735,
    "15":-0.013397998,
    "16":-0.012386716,
    "17":-0.0454445995,
    "18":-0.0325792688,
    "19":-0.0316735191,
    "20":-0.0115814061,
    "21":-0.0106664489,
    "22":-0.0151691901,
    "23":-0.0332791386,
    "24":-0.00843294,
    "25":-0.0353318375,
    "26":-0.016921253,
    "27":-0.0219439887,
    "28":-0.014093583,
    "29":-0.0270684965,
    "30":-0.0304596005,
    "31":-0.010611147,
    "32":-0.013718548,
    "33":-0.0403722593,
    "34":-0.0180125732,
    "35":-0.0270937074,
    "36":-0.0083950879,
    "37":-0.0175838017,
    "38":-0.0242464419,
    "39":-0.018910391,
    "40":-0.0125952,
    "41":-0.0519171283,
    "42":-0.0142910015,
    "43":-0.0304068613,
    "44":-0.010074998,
    "45":-0.0093139434,
    "46":-0.0283355442,
    "47":-0.012280333,
    "48":-0.0201242331,
    "49":-0.012330902
  },
  "Delta_Prop":{
    "0":-0.0334310777,
    "1":-0.0167252672,
    "2":-0.0279028921,
    "3":-0.0159099429,
    "4":-0.0351254126,
    "5":-0.014516269,
    "6":-0.0158068287,
    "7":-0.0175623742,
    "8":-0.01302436,
    "9":-0.0187371051,
    "10":-0.0165268945,
    "11":-0.02346063,
    "12":-0.0163512471,
    "13":-0.0327617405,
    "14":-0.0280082579,
    "15":-0.008444055,
    "16":-0.00250071,
    "17":-0.038770346,
    "18":-0.029547761,
    "19":-0.0417289539,
    "20":-0.00644591,
    "21":-0.011546704,
    "22":-0.0182314038,
    "23":-0.0208566252,
    "24":-0.00709743,
    "25":-0.0288328782,
    "26":-0.014414303,
    "27":-0.021889863,
    "28":-0.016277442,
    "29":-0.0242419819,
    "30":-0.0365205028,
    "31":-0.012610888,
    "32":-0.014056586,
    "33":-0.0338558286,
    "34":-0.018244728,
    "35":-0.0251521093,
    "36":-0.0099474199,
    "37":-0.0111839837,
    "38":-0.0205551276,
    "39":-0.020414921,
    "40":-0.01328927,
    "41":-0.0429449286,
    "42":-0.0104106458,
    "43":-0.0303779324,
    "44":-0.01373836,
    "45":-0.0127438917,
    "46":-0.0223298572,
    "47":-0.01262306,
    "48":-0.0282815261,
    "49":-0.007461845
  }
}