{
  "Astrahl":{
    "0":0.00149321,
    "1":0.0052517659,
    "2":0.0046560708,
    "3":0.0027744302,
    "4":0.0048341232,
    "5":0.0079524915,
    "6":0.0036068232,
    "7":0.0026095132,
    "8":0.007216236,
    "9":0.001764207,
    "10":0.0059697506,
    "11":0.0026095132,
    "12":0.0039370291,
    "13":0.005300206,
    "14":0.002276671,
    "15":0.00196023,
    "16":0.0097617755,
    "17":0.0015447,
    "18":0.00149321,
    "19":0.002334207,
    "20":0.00144172,
    "21":0.0027027101,
    "22":0.00118427,
    "23":0.0036264255,
    "24":0.0040210851,
    "25":0.0081859912,
    "26":0.0038556525,
    "27":0.0049952606,
    "28":0.0017895587,
    "29":0.0024037077,
    "30":0.0037822115,
    "31":0.0147393693,
    "32":0.0046303016,
    "33":0.001689143,
    "34":0.002352276,
    "35":0.0077408829,
    "36":0.004051142,
    "37":0.0028745841,
    "38":0.0129718901,
    "39":0.0030728313,
    "40":0.003001867,
    "41":0.002496994,
    "42":0.001909466,
    "43":0.0062875756,
    "44":0.0065239063,
    "45":0.0037798809,
    "46":0.00133874,
    "47":0.0026454346,
    "48":0.0027598125,
    "49":0.0024231194
  },
  "Uniform":{
    "0":0.00275412,
    "1":0.0107701636,
    "2":0.0094639226,
    "3":0.0062162479,
    "4":0.009356286,
    "5":0.0139098523,
    "6":0.0072079755,
    "7":0.0053639818,
    "8":0.0149769909,
    "9":0.003748822,
    "10":0.0104007744,
    "11":0.0053107451,
    "12":0.0078855979,
    "13":0.0124285019,
    "14":0.003884274,
    "15":0.003886338,
    "16":0.0192674229,
    "17":0.00283556,
    "18":0.00293671,
    "19":0.0043269156,
    "20":0.00257485,
    "21":0.0050243464,
    "22":0.00304598,
    "23":0.0065059838,
    "24":0.0058431806,
    "25":0.0157425587,
    "26":0.007763668,
    "27":0.0082894343,
    "28":0.0042642021,
    "29":0.0053966312,
    "30":0.007825676,
    "31":0.0265378377,
    "32":0.009363246,
    "33":0.003679348,
    "34":0.003727251,
    "35":0.0129038284,
    "36":0.0072322077,
    "37":0.0059343882,
    "38":0.0228060292,
    "39":0.0057547832,
    "40":0.005693044,
    "41":0.004146137,
    "42":0.004164344,
    "43":0.0115309855,
    "44":0.0106294109,
    "45":0.007954549,
    "46":0.00278986,
    "47":0.0039687382,
    "48":0.0053593948,
    "49":0.0052832568
  },
  "Prop":{
    "0":0.00283712,
    "1":0.0114936275,
    "2":0.0093106717,
    "3":0.0064366118,
    "4":0.0091678814,
    "5":0.0136776667,
    "6":0.0071819616,
    "7":0.0056884318,
    "8":0.0149668023,
    "9":0.003588399,
    "10":0.0104069373,
    "11":0.0056407115,
    "12":0.0086641278,
    "13":0.012972144,
    "14":0.003691248,
    "15":0.003775069,
    "16":0.018331548,
    "17":0.00291768,
    "18":0.00279129,
    "19":0.0039071781,
    "20":0.00308642,
    "21":0.005461069,
    "22":0.00316976,
    "23":0.0066723762,
    "24":0.0069641191,
    "25":0.0156057479,
    "26":0.0086040159,
    "27":0.0086200881,
    "28":0.004456826,
    "29":0.0048780069,
    "30":0.0075346873,
    "31":0.0276596233,
    "32":0.0092702154,
    "33":0.004947852,
    "34":0.003521151,
    "35":0.0124213171,
    "36":0.0066216791,
    "37":0.0056903495,
    "38":0.0224064214,
    "39":0.0055790319,
    "40":0.005628495,
    "41":0.003978819,
    "42":0.003536919,
    "43":0.0120624619,
    "44":0.0121801434,
    "45":0.0082559824,
    "46":0.00283263,
    "47":0.0045665867,
    "48":0.005664645,
    "49":0.0050935938
  },
  "Delta_Uniform":{
    "0":-0.00126091,
    "1":-0.0055183977,
    "2":-0.0048078518,
    "3":-0.0034418176,
    "4":-0.0045221628,
    "5":-0.0059573608,
    "6":-0.0036011523,
    "7":-0.0027544686,
    "8":-0.0077607549,
    "9":-0.001984615,
    "10":-0.0044310238,
    "11":-0.0027012319,
    "12":-0.0039485688,
    "13":-0.0071282958,
    "14":-0.001607603,
    "15":-0.001926108,
    "16":-0.0095056473,
    "17":-0.00129086,
    "18":-0.0014435,
    "19":-0.0019927086,
    "20":-0.00113313,
    "21":-0.0023216363,
    "22":-0.00186171,
    "23":-0.0028795583,
    "24":-0.0018220955,
    "25":-0.0075565676,
    "26":-0.0039080155,
    "27":-0.0032941737,
    "28":-0.0024746434,
    "29":-0.0029929236,
    "30":-0.0040434645,
    "31":-0.0117984683,
    "32":-0.0047329444,
    "33":-0.001990205,
    "34":-0.001374975,
    "35":-0.0051629455,
    "36":-0.0031810657,
    "37":-0.0030598041,
    "38":-0.0098341391,
    "39":-0.002681952,
    "40":-0.002691177,
    "41":-0.001649143,
    "42":-0.002254878,
    "43":-0.0052434099,
    "44":-0.0041055047,
    "45":-0.0041746681,
    "46":-0.00145112,
    "47":-0.0013233036,
    "48":-0.0025995823,
    "49":-0.0028601374
  },
  "Delta_Prop":{
    "0":-0.00134391,
    "1":-0.0062418616,
    "2":-0.004654601,
    "3":-0.0036621816,
    "4":-0.0043337582,
    "5":-0.0057251752,
    "6":-0.0035751384,
    "7":-0.0030789186,
    "8":-0.0077505663,
    "9":-0.001824192,
    "10":-0.0044371867,
    "11":-0.0030311983,
    "12":-0.0047270987,
    "13":-0.007671938,
    "14":-0.001414577,
    "15":-0.001814839,
    "16":-0.0085697725,
    "17":-0.00137298,
    "18":-0.00129808,
    "19":-0.0015729711,
    "20":-0.0016447,
    "21":-0.0027583589,
    "22":-0.00198549,
    "23":-0.0030459507,
    "24":-0.002943034,
    "25":-0.0074197567,
    "26":-0.0047483634,
    "27":-0.0036248274,
    "28":-0.0026672673,
    "29":-0.0024742992,
    "30":-0.0037524758,
    "31":-0.012920254,
    "32":-0.0046399138,
    "33":-0.003258709,
    "34":-0.001168875,
    "35":-0.0046804341,
    "36":-0.0025705371,
    "37":-0.0028157654,
    "38":-0.0094345312,
    "39":-0.0025062006,
    "40":-0.002626628,
    "41":-0.001481825,
    "42":-0.001627453,
    "43":-0.0057748863,
    "44":-0.0056562371,
    "45":-0.0044761015,
    "46":-0.00149389,
    "47":-0.0019211521,
    "48":-0.0029048325,
    "49":-0.0026704744
  }
}