{
  "Astrahl":{
    "0":0.0003108918,
    "1":0.0000667896,
    "2":0.0000867567,
    "3":0.000017829,
    "4":0.0000529086,
    "5":0.0000814117,
    "6":0.0000447118,
    "7":0.0001650832,
    "8":0.000011886,
    "9":0.0000628033,
    "10":0.0000452064,
    "11":0.000028231,
    "12":0.000012862,
    "13":0.0001816041,
    "14":0.000025397,
    "15":0.000009905,
    "16":0.000013867,
    "17":0.0000193435,
    "18":0.000008197,
    "19":0.00000654,
    "20":0.0000245323,
    "21":0.0000294193,
    "22":0.0000255629,
    "23":0.0000335235,
    "24":0.0000913874,
    "25":0.0000322858,
    "26":0.0000756657,
    "27":0.0000435223,
    "28":0.00001308,
    "29":0.000020274,
    "30":0.000151641,
    "31":0.0000368466,
    "32":0.0000332668,
    "33":0.0001147106,
    "34":0.0000521896,
    "35":0.0000679285,
    "36":0.0000112416,
    "37":0.0001706695,
    "38":0.000007026,
    "39":0.0000455784,
    "40":0.000056932,
    "41":0.0000745658,
    "42":0.0003123939,
    "43":0.0000109,
    "44":0.0000249828,
    "45":0.0000473812,
    "46":0.0000297897,
    "47":0.0000298213,
    "48":0.0000127171,
    "49":0.000056753
  },
  "Uniform":{
    "0":0.0006431087,
    "1":0.0001361886,
    "2":0.0001469857,
    "3":0.000022702,
    "4":0.0001197362,
    "5":0.0001185259,
    "6":0.0001122035,
    "7":0.00027899,
    "8":0.000037224,
    "9":0.0001251733,
    "10":0.0001544747,
    "11":0.000037934,
    "12":0.000036837,
    "13":0.0003684765,
    "14":0.0000838637,
    "15":0.000038985,
    "16":0.000033874,
    "17":0.000087209,
    "18":0.000022255,
    "19":0.00001912,
    "20":0.0000687895,
    "21":0.0001047043,
    "22":0.0000592541,
    "23":0.0000673579,
    "24":0.0002260312,
    "25":0.0000833497,
    "26":0.0002241192,
    "27":0.0001211243,
    "28":0.00001739,
    "29":0.000038127,
    "30":0.0003901075,
    "31":0.0000656886,
    "32":0.0000721859,
    "33":0.0003696193,
    "34":0.0001305826,
    "35":0.0001479908,
    "36":0.0000570398,
    "37":0.0004734253,
    "38":0.000025094,
    "39":0.000111157,
    "40":0.0001152017,
    "41":0.0001370849,
    "42":0.0005419525,
    "43":0.00001703,
    "44":0.0000671807,
    "45":0.0000959149,
    "46":0.0000606338,
    "47":0.0000720437,
    "48":0.0000291259,
    "49":0.0001748271
  },
  "Prop":{
    "0":0.0005784026,
    "1":0.0000854267,
    "2":0.0001405744,
    "3":0.000054899,
    "4":0.0001123713,
    "5":0.0001215778,
    "6":0.0001097925,
    "7":0.000427917,
    "8":0.000054709,
    "9":0.0000926481,
    "10":0.0001329472,
    "11":0.000042216,
    "12":0.000040324,
    "13":0.0004514867,
    "14":0.0000683587,
    "15":0.000041645,
    "16":0.000038708,
    "17":0.0001012823,
    "18":0.00002973,
    "19":0.00001876,
    "20":0.0000757448,
    "21":0.0001176522,
    "22":0.000062458,
    "23":0.0001254082,
    "24":0.0002568208,
    "25":0.0000705987,
    "26":0.000219948,
    "27":0.0001224358,
    "28":0.00002384,
    "29":0.000041233,
    "30":0.0004121596,
    "31":0.0000824713,
    "32":0.0000739378,
    "33":0.0003616559,
    "34":0.0001087606,
    "35":0.000161948,
    "36":0.0000541785,
    "37":0.0004663726,
    "38":0.000026894,
    "39":0.0001395591,
    "40":0.0001480336,
    "41":0.0001374001,
    "42":0.0005214426,
    "43":0.00002929,
    "44":0.0000594329,
    "45":0.0001164194,
    "46":0.0000649065,
    "47":0.0000537249,
    "48":0.0000498929,
    "49":0.0001479814
  },
  "Delta_Uniform":{
    "0":-0.000332217,
    "1":-0.000069399,
    "2":-0.000060229,
    "3":-0.000004873,
    "4":-0.0000668276,
    "5":-0.0000371142,
    "6":-0.0000674917,
    "7":-0.0001139067,
    "8":-0.000025338,
    "9":-0.00006237,
    "10":-0.0001092683,
    "11":-0.000009703,
    "12":-0.000023975,
    "13":-0.0001868724,
    "14":-0.0000584667,
    "15":-0.00002908,
    "16":-0.000020007,
    "17":-0.0000678654,
    "18":-0.000014058,
    "19":-0.00001258,
    "20":-0.0000442573,
    "21":-0.000075285,
    "22":-0.0000336912,
    "23":-0.0000338345,
    "24":-0.0001346438,
    "25":-0.0000510639,
    "26":-0.0001484535,
    "27":-0.000077602,
    "28":-0.00000431,
    "29":-0.000017853,
    "30":-0.0002384665,
    "31":-0.000028842,
    "32":-0.0000389191,
    "33":-0.0002549087,
    "34":-0.000078393,
    "35":-0.0000800622,
    "36":-0.0000457982,
    "37":-0.0003027559,
    "38":-0.000018068,
    "39":-0.0000655786,
    "40":-0.0000582698,
    "41":-0.0000625191,
    "42":-0.0002295585,
    "43":-0.00000613,
    "44":-0.0000421979,
    "45":-0.0000485337,
    "46":-0.0000308441,
    "47":-0.0000422224,
    "48":-0.0000164088,
    "49":-0.000118074
  },
  "Delta_Prop":{
    "0":-0.0002675108,
    "1":-0.0000186371,
    "2":-0.0000538177,
    "3":-0.00003707,
    "4":-0.0000594627,
    "5":-0.0000401661,
    "6":-0.0000650807,
    "7":-0.0002628337,
    "8":-0.000042823,
    "9":-0.0000298449,
    "10":-0.0000877408,
    "11":-0.000013985,
    "12":-0.000027462,
    "13":-0.0002698826,
    "14":-0.0000429617,
    "15":-0.00003174,
    "16":-0.000024841,
    "17":-0.0000819388,
    "18":-0.000021533,
    "19":-0.00001222,
    "20":-0.0000512126,
    "21":-0.0000882329,
    "22":-0.0000368951,
    "23":-0.0000918848,
    "24":-0.0001654334,
    "25":-0.0000383129,
    "26":-0.0001442823,
    "27":-0.0000789135,
    "28":-0.00001076,
    "29":-0.000020959,
    "30":-0.0002605187,
    "31":-0.0000456247,
    "32":-0.000040671,
    "33":-0.0002469453,
    "34":-0.000056571,
    "35":-0.0000940195,
    "36":-0.0000429369,
    "37":-0.0002957031,
    "38":-0.000019868,
    "39":-0.0000939808,
    "40":-0.0000911017,
    "41":-0.0000628343,
    "42":-0.0002090487,
    "43":-0.00001839,
    "44":-0.0000344501,
    "45":-0.0000690382,
    "46":-0.0000351168,
    "47":-0.0000239036,
    "48":-0.0000371758,
    "49":-0.0000912283
  }
}