{
  "Astrahl":{
    "0":0.000102787,
    "1":0.0001739169,
    "2":0.0003602173,
    "3":0.00006213,
    "4":0.0000903071,
    "5":0.0004789199,
    "6":0.00005559,
    "7":0.0001642412,
    "8":0.0001570581,
    "9":0.000063234,
    "10":0.000792528,
    "11":0.000104993,
    "12":0.0006641236,
    "13":0.0002092577,
    "14":0.0008687471,
    "15":0.0001928842,
    "16":0.0002169195,
    "17":0.0002179348,
    "18":0.0000545,
    "19":0.0002390428,
    "20":0.000126985,
    "21":0.0002063779,
    "22":0.00006322,
    "23":0.0004055701,
    "24":0.00005668,
    "25":0.000125568,
    "26":0.0008968313,
    "27":0.0006069259,
    "28":0.0001752313,
    "29":0.0000725336,
    "30":0.0001919589,
    "31":0.0002465649,
    "32":0.0002991618,
    "33":0.0004669263,
    "34":0.000116879,
    "35":0.0003535308,
    "36":0.0001887534,
    "37":0.0001995649,
    "38":0.0005718069,
    "39":0.0006151718,
    "40":0.00005014,
    "41":0.000112924,
    "42":0.0001174242,
    "43":0.0002588033,
    "44":0.000117284,
    "45":0.0004603363,
    "46":0.0001612982,
    "47":0.0002110458,
    "48":0.000118265,
    "49":0.000125459
  },
  "Uniform":{
    "0":0.000136042,
    "1":0.0001823854,
    "2":0.0004505983,
    "3":0.00006565,
    "4":0.0001475796,
    "5":0.0006048915,
    "6":0.00007074,
    "7":0.0002094498,
    "8":0.0001896577,
    "9":0.000074404,
    "10":0.0009804585,
    "11":0.000127025,
    "12":0.000768959,
    "13":0.000276898,
    "14":0.0009756885,
    "15":0.0002369166,
    "16":0.0002426711,
    "17":0.00029314,
    "18":0.00006513,
    "19":0.000267952,
    "20":0.000115863,
    "21":0.0002889568,
    "22":0.00006927,
    "23":0.0004669278,
    "24":0.0000707,
    "25":0.000134545,
    "26":0.0011288447,
    "27":0.0007383909,
    "28":0.0002208686,
    "29":0.0000811464,
    "30":0.0002561833,
    "31":0.0003500582,
    "32":0.0003110107,
    "33":0.0005335389,
    "34":0.000133744,
    "35":0.0003977427,
    "36":0.0002361287,
    "37":0.0002308549,
    "38":0.0007003079,
    "39":0.0007063479,
    "40":0.00007156,
    "41":0.000132664,
    "42":0.0001652095,
    "43":0.0003032768,
    "44":0.00013896,
    "45":0.0005364127,
    "46":0.0001782649,
    "47":0.0002690647,
    "48":0.000130539,
    "49":0.000130401
  },
  "Prop":{
    "0":0.000141012,
    "1":0.000222426,
    "2":0.0003813261,
    "3":0.00007026,
    "4":0.0001741889,
    "5":0.0005806001,
    "6":0.00007771,
    "7":0.0002035387,
    "8":0.0002116594,
    "9":0.000086689,
    "10":0.0009605563,
    "11":0.000133211,
    "12":0.0008431154,
    "13":0.0002658413,
    "14":0.0009981636,
    "15":0.0002427521,
    "16":0.0002428189,
    "17":0.0002571454,
    "18":0.00007262,
    "19":0.0003171599,
    "20":0.000139507,
    "21":0.0002792351,
    "22":0.00007616,
    "23":0.0004986826,
    "24":0.00007691,
    "25":0.000133636,
    "26":0.0011023658,
    "27":0.0006456786,
    "28":0.0002300534,
    "29":0.0000850456,
    "30":0.0002607056,
    "31":0.0003811007,
    "32":0.0003902941,
    "33":0.0005057578,
    "34":0.000135084,
    "35":0.0004311365,
    "36":0.0002559558,
    "37":0.0002348265,
    "38":0.0007684268,
    "39":0.000720619,
    "40":0.00007263,
    "41":0.000132854,
    "42":0.0001640566,
    "43":0.0003005583,
    "44":0.00012805,
    "45":0.0006335449,
    "46":0.0001870834,
    "47":0.0002598782,
    "48":0.000149565,
    "49":0.000142903
  },
  "Delta_Uniform":{
    "0":-0.000033255,
    "1":-0.0000084685,
    "2":-0.0000903811,
    "3":-0.00000352,
    "4":-0.0000572725,
    "5":-0.0001259716,
    "6":-0.00001515,
    "7":-0.0000452086,
    "8":-0.0000325996,
    "9":-0.00001117,
    "10":-0.0001879305,
    "11":-0.000022032,
    "12":-0.0001048354,
    "13":-0.0000676403,
    "14":-0.0001069414,
    "15":-0.0000440323,
    "16":-0.0000257516,
    "17":-0.0000752052,
    "18":-0.00001063,
    "19":-0.0000289093,
    "20":0.000011122,
    "21":-0.0000825789,
    "22":-0.00000605,
    "23":-0.0000613576,
    "24":-0.00001402,
    "25":-0.000008977,
    "26":-0.0002320134,
    "27":-0.000131465,
    "28":-0.0000456374,
    "29":-0.0000086127,
    "30":-0.0000642244,
    "31":-0.0001034933,
    "32":-0.000011849,
    "33":-0.0000666126,
    "34":-0.000016865,
    "35":-0.000044212,
    "36":-0.0000473753,
    "37":-0.0000312899,
    "38":-0.0001285009,
    "39":-0.0000911761,
    "40":-0.00002142,
    "41":-0.00001974,
    "42":-0.0000477853,
    "43":-0.0000444735,
    "44":-0.000021676,
    "45":-0.0000760764,
    "46":-0.0000169667,
    "47":-0.0000580189,
    "48":-0.000012274,
    "49":-0.000004942
  },
  "Delta_Prop":{
    "0":-0.000038225,
    "1":-0.0000485091,
    "2":-0.0000211089,
    "3":-0.00000813,
    "4":-0.0000838818,
    "5":-0.0001016802,
    "6":-0.00002212,
    "7":-0.0000392975,
    "8":-0.0000546013,
    "9":-0.000023455,
    "10":-0.0001680283,
    "11":-0.000028218,
    "12":-0.0001789918,
    "13":-0.0000565836,
    "14":-0.0001294164,
    "15":-0.0000498679,
    "16":-0.0000258994,
    "17":-0.0000392106,
    "18":-0.00001812,
    "19":-0.0000781171,
    "20":-0.000012522,
    "21":-0.0000728571,
    "22":-0.00001294,
    "23":-0.0000931124,
    "24":-0.00002023,
    "25":-0.000008068,
    "26":-0.0002055344,
    "27":-0.0000387527,
    "28":-0.0000548221,
    "29":-0.0000125119,
    "30":-0.0000687467,
    "31":-0.0001345358,
    "32":-0.0000911323,
    "33":-0.0000388315,
    "34":-0.000018205,
    "35":-0.0000776057,
    "36":-0.0000672024,
    "37":-0.0000352616,
    "38":-0.0001966199,
    "39":-0.0001054472,
    "40":-0.00002249,
    "41":-0.00001993,
    "42":-0.0000466325,
    "43":-0.000041755,
    "44":-0.000010766,
    "45":-0.0001732086,
    "46":-0.0000257852,
    "47":-0.0000488324,
    "48":-0.0000313,
    "49":-0.000017444
  }
}