{
  "Astrahl":{
    "0":0.1063484821,
    "1":0.07291779,
    "2":0.15277843,
    "3":0.139300875,
    "4":0.098409374,
    "5":0.05485378,
    "6":0.0874104,
    "7":0.1278980907,
    "8":0.058637603,
    "9":0.10362727,
    "10":0.08952938,
    "11":0.0846858929,
    "12":0.061779631,
    "13":0.1221709857,
    "14":0.05093969,
    "15":0.05378049,
    "16":0.1454281159,
    "17":0.0497859,
    "18":0.06910387,
    "19":0.0456643026,
    "20":0.088672952,
    "21":0.06514388,
    "22":0.08342875,
    "23":0.0836458333,
    "24":0.0517381,
    "25":0.0565262,
    "26":0.1066065723,
    "27":0.11062649,
    "28":0.0478967689,
    "29":0.0578844364,
    "30":0.087881762,
    "31":0.0866767,
    "32":0.101229831,
    "33":0.1533602862,
    "34":0.0763704,
    "35":0.118549794,
    "36":0.14549868,
    "37":0.1354320681,
    "38":0.075744391,
    "39":0.077115206,
    "40":0.0505071,
    "41":0.08203313,
    "42":0.06070559,
    "43":0.153591361,
    "44":0.04732859,
    "45":0.0453299478,
    "46":0.083285662,
    "47":0.093059931,
    "48":0.09307738,
    "49":0.1025376
  },
  "Uniform":{
    "0":0.1684151503,
    "1":0.112154,
    "2":0.265078972,
    "3":0.222491931,
    "4":0.2036252823,
    "5":0.099289951,
    "6":0.17164217,
    "7":0.2271526792,
    "8":0.1007231,
    "9":0.19882928,
    "10":0.1543182,
    "11":0.13353569,
    "12":0.13367249,
    "13":0.1992478428,
    "14":0.10521149,
    "15":0.09179249,
    "16":0.207477591,
    "17":0.10260959,
    "18":0.155589002,
    "19":0.103563231,
    "20":0.1909023238,
    "21":0.1311712,
    "22":0.16407549,
    "23":0.169620541,
    "24":0.0898052,
    "25":0.0932933,
    "26":0.20018569,
    "27":0.177694422,
    "28":0.14030118,
    "29":0.095323524,
    "30":0.14887918,
    "31":0.156017761,
    "32":0.19332579,
    "33":0.2558257362,
    "34":0.1329551,
    "35":0.216080882,
    "36":0.261499391,
    "37":0.2411101465,
    "38":0.155091151,
    "39":0.13837759,
    "40":0.104723,
    "41":0.1349837659,
    "42":0.1410442,
    "43":0.2533630544,
    "44":0.1002041,
    "45":0.093434931,
    "46":0.12000859,
    "47":0.15417854,
    "48":0.17579549,
    "49":0.18929209
  },
  "Prop":{
    "0":0.202822872,
    "1":0.143557661,
    "2":0.26835434,
    "3":0.242424792,
    "4":0.1958936,
    "5":0.0971651,
    "6":0.178512951,
    "7":0.2578027243,
    "8":0.12453369,
    "9":0.20538969,
    "10":0.1727342,
    "11":0.138108372,
    "12":0.157451531,
    "13":0.2130625813,
    "14":0.10672878,
    "15":0.09819239,
    "16":0.2546051705,
    "17":0.1035654,
    "18":0.16398559,
    "19":0.114961211,
    "20":0.2086964259,
    "21":0.14026208,
    "22":0.1576872,
    "23":0.1810599069,
    "24":0.1013651,
    "25":0.116758,
    "26":0.2404773359,
    "27":0.217704102,
    "28":0.146031631,
    "29":0.098316444,
    "30":0.1312131,
    "31":0.175004,
    "32":0.2171087659,
    "33":0.2719481282,
    "34":0.1414561,
    "35":0.2398908969,
    "36":0.3083983507,
    "37":0.2576370452,
    "38":0.17827056,
    "39":0.12537749,
    "40":0.1026481,
    "41":0.14708759,
    "42":0.15399529,
    "43":0.2701465179,
    "44":0.1243061,
    "45":0.10827708,
    "46":0.14362459,
    "47":0.168787551,
    "48":0.194621631,
    "49":0.20855859
  },
  "Delta_Uniform":{
    "0":-0.0620666682,
    "1":-0.03923621,
    "2":-0.112300542,
    "3":-0.083191056,
    "4":-0.1052159083,
    "5":-0.044436171,
    "6":-0.08423177,
    "7":-0.0992545885,
    "8":-0.042085497,
    "9":-0.09520201,
    "10":-0.06478882,
    "11":-0.0488497971,
    "12":-0.071892859,
    "13":-0.0770768571,
    "14":-0.0542718,
    "15":-0.038012,
    "16":-0.0620494751,
    "17":-0.05282369,
    "18":-0.086485132,
    "19":-0.0578989284,
    "20":-0.1022293718,
    "21":-0.06602732,
    "22":-0.08064674,
    "23":-0.0859747077,
    "24":-0.0380671,
    "25":-0.0367671,
    "26":-0.0935791177,
    "27":-0.067067932,
    "28":-0.0924044111,
    "29":-0.0374390876,
    "30":-0.060997418,
    "31":-0.069341061,
    "32":-0.092095959,
    "33":-0.10246545,
    "34":-0.0565847,
    "35":-0.097531088,
    "36":-0.116000711,
    "37":-0.1056780784,
    "38":-0.07934676,
    "39":-0.061262384,
    "40":-0.0542159,
    "41":-0.0529506359,
    "42":-0.08033861,
    "43":-0.0997716934,
    "44":-0.05287551,
    "45":-0.0481049832,
    "46":-0.036722928,
    "47":-0.061118609,
    "48":-0.08271811,
    "49":-0.08675449
  },
  "Delta_Prop":{
    "0":-0.0964743899,
    "1":-0.070639871,
    "2":-0.11557591,
    "3":-0.103123917,
    "4":-0.097484226,
    "5":-0.04231132,
    "6":-0.091102551,
    "7":-0.1299046336,
    "8":-0.065896087,
    "9":-0.10176242,
    "10":-0.08320482,
    "11":-0.0534224791,
    "12":-0.0956719,
    "13":-0.0908915956,
    "14":-0.05578909,
    "15":-0.0444119,
    "16":-0.1091770546,
    "17":-0.0537795,
    "18":-0.09488172,
    "19":-0.0692969084,
    "20":-0.1200234739,
    "21":-0.0751182,
    "22":-0.07425845,
    "23":-0.0974140736,
    "24":-0.049627,
    "25":-0.0602318,
    "26":-0.1338707636,
    "27":-0.107077612,
    "28":-0.0981348621,
    "29":-0.0404320076,
    "30":-0.043331338,
    "31":-0.0883273,
    "32":-0.1158789349,
    "33":-0.118587842,
    "34":-0.0650857,
    "35":-0.1213411029,
    "36":-0.1628996707,
    "37":-0.1222049771,
    "38":-0.102526169,
    "39":-0.048262284,
    "40":-0.052141,
    "41":-0.06505446,
    "42":-0.0932897,
    "43":-0.1165551569,
    "44":-0.07697751,
    "45":-0.0629471322,
    "46":-0.060338928,
    "47":-0.07572762,
    "48":-0.101544251,
    "49":-0.10602099
  }
}