{
  "Astrahl":{
    "0":0.0021435287,
    "1":0.00196023,
    "2":0.0080250037,
    "3":0.001764207,
    "4":0.0023299225,
    "5":0.00159619,
    "6":0.0017756354,
    "7":0.0015447,
    "8":0.0062918156,
    "9":0.0029823008,
    "10":0.001909466,
    "11":0.0082288577,
    "12":0.0050263564,
    "13":0.0028891039,
    "14":0.002025571,
    "15":0.00220323,
    "16":0.0015447,
    "17":0.0050605917,
    "18":0.002717317,
    "19":0.001909466,
    "20":0.0020503318,
    "21":0.0043697395,
    "22":0.00144172,
    "23":0.0051573651,
    "24":0.0160222847,
    "25":0.0147263428,
    "26":0.012349433,
    "27":0.0021435287,
    "28":0.0039951796,
    "29":0.002129789,
    "30":0.00220323,
    "31":0.0027027101,
    "32":0.0055822123,
    "33":0.002056348,
    "34":0.0056223197,
    "35":0.0036662835,
    "36":0.0034402935,
    "37":0.0202610994,
    "38":0.0063262077,
    "39":0.0057563879,
    "40":0.0039217494,
    "41":0.00149321,
    "42":0.0068695904,
    "43":0.00451073,
    "44":0.0084482058,
    "45":0.0026095132,
    "46":0.0051979155,
    "47":0.003892373,
    "48":0.0048341232,
    "49":0.0036500177
  },
  "Uniform":{
    "0":0.0048124371,
    "1":0.003689176,
    "2":0.0149402604,
    "3":0.003202308,
    "4":0.0051335457,
    "5":0.00298344,
    "6":0.0068961222,
    "7":0.00306134,
    "8":0.0124755664,
    "9":0.0051842126,
    "10":0.004037843,
    "11":0.0150799906,
    "12":0.0128283981,
    "13":0.0048141733,
    "14":0.00353038,
    "15":0.003778269,
    "16":0.0028347,
    "17":0.0104290321,
    "18":0.003816755,
    "19":0.004262412,
    "20":0.0054077669,
    "21":0.0078697507,
    "22":0.00290391,
    "23":0.0101441298,
    "24":0.0274750114,
    "25":0.0259012015,
    "26":0.021060169,
    "27":0.0049810438,
    "28":0.0064286041,
    "29":0.003687638,
    "30":0.003533921,
    "31":0.0046226158,
    "32":0.0134013932,
    "33":0.003563777,
    "34":0.0149048421,
    "35":0.0067860938,
    "36":0.0063293525,
    "37":0.0395996482,
    "38":0.0110587676,
    "39":0.0104246651,
    "40":0.0080955536,
    "41":0.00251146,
    "42":0.0146869134,
    "43":0.0103720102,
    "44":0.0188667739,
    "45":0.0046823689,
    "46":0.0103496769,
    "47":0.0078549709,
    "48":0.0096691657,
    "49":0.0074749715
  },
  "Prop":{
    "0":0.0057134573,
    "1":0.003550608,
    "2":0.0145323989,
    "3":0.003776292,
    "4":0.0051403201,
    "5":0.00311683,
    "6":0.006423761,
    "7":0.00284111,
    "8":0.0137168368,
    "9":0.0057343579,
    "10":0.004030968,
    "11":0.0157773092,
    "12":0.0145423974,
    "13":0.0048731439,
    "14":0.003526909,
    "15":0.00485275,
    "16":0.00288332,
    "17":0.0100863363,
    "18":0.004297295,
    "19":0.004269016,
    "20":0.0051462181,
    "21":0.0086974956,
    "22":0.00295603,
    "23":0.0097736196,
    "24":0.0278721933,
    "25":0.027616799,
    "26":0.0222922403,
    "27":0.0054772861,
    "28":0.0066909311,
    "29":0.004387196,
    "30":0.004303571,
    "31":0.005629812,
    "32":0.0125970547,
    "33":0.003939102,
    "34":0.015574039,
    "35":0.0070553263,
    "36":0.0059161024,
    "37":0.0394134422,
    "38":0.0118737239,
    "39":0.0116649078,
    "40":0.007883654,
    "41":0.00277598,
    "42":0.0137187481,
    "43":0.0105724439,
    "44":0.0182347602,
    "45":0.0057078356,
    "46":0.0103229709,
    "47":0.0081347884,
    "48":0.0102209555,
    "49":0.008377667
  },
  "Delta_Uniform":{
    "0":-0.0026689084,
    "1":-0.001728946,
    "2":-0.0069152567,
    "3":-0.001438101,
    "4":-0.0028036232,
    "5":-0.00138725,
    "6":-0.0051204869,
    "7":-0.00151664,
    "8":-0.0061837509,
    "9":-0.0022019118,
    "10":-0.002128377,
    "11":-0.0068511328,
    "12":-0.0078020417,
    "13":-0.0019250694,
    "14":-0.001504809,
    "15":-0.001575039,
    "16":-0.00129,
    "17":-0.0053684404,
    "18":-0.001099438,
    "19":-0.002352946,
    "20":-0.0033574351,
    "21":-0.0035000112,
    "22":-0.00146219,
    "23":-0.0049867646,
    "24":-0.0114527266,
    "25":-0.0111748587,
    "26":-0.0087107361,
    "27":-0.0028375151,
    "28":-0.0024334245,
    "29":-0.001557849,
    "30":-0.001330691,
    "31":-0.0019199057,
    "32":-0.0078191809,
    "33":-0.001507429,
    "34":-0.0092825224,
    "35":-0.0031198103,
    "36":-0.002889059,
    "37":-0.0193385487,
    "38":-0.0047325599,
    "39":-0.0046682772,
    "40":-0.0041738042,
    "41":-0.00101825,
    "42":-0.0078173231,
    "43":-0.0058612802,
    "44":-0.0104185681,
    "45":-0.0020728557,
    "46":-0.0051517614,
    "47":-0.0039625979,
    "48":-0.0048350425,
    "49":-0.0038249538
  },
  "Delta_Prop":{
    "0":-0.0035699286,
    "1":-0.001590378,
    "2":-0.0065073952,
    "3":-0.002012085,
    "4":-0.0028103976,
    "5":-0.00152064,
    "6":-0.0046481257,
    "7":-0.00129641,
    "8":-0.0074250212,
    "9":-0.0027520571,
    "10":-0.002121502,
    "11":-0.0075484514,
    "12":-0.009516041,
    "13":-0.00198404,
    "14":-0.001501338,
    "15":-0.00264952,
    "16":-0.00133862,
    "17":-0.0050257447,
    "18":-0.001579978,
    "19":-0.00235955,
    "20":-0.0030958863,
    "21":-0.0043277561,
    "22":-0.00151431,
    "23":-0.0046162545,
    "24":-0.0118499086,
    "25":-0.0128904562,
    "26":-0.0099428074,
    "27":-0.0033337574,
    "28":-0.0026957516,
    "29":-0.002257407,
    "30":-0.002100341,
    "31":-0.0029271019,
    "32":-0.0070148424,
    "33":-0.001882754,
    "34":-0.0099517193,
    "35":-0.0033890428,
    "36":-0.0024758089,
    "37":-0.0191523428,
    "38":-0.0055475161,
    "39":-0.0059085199,
    "40":-0.0039619046,
    "41":-0.00128277,
    "42":-0.0068491578,
    "43":-0.0060617139,
    "44":-0.0097865544,
    "45":-0.0030983224,
    "46":-0.0051250554,
    "47":-0.0042424154,
    "48":-0.0053868323,
    "49":-0.0047276493
  }
}