{
  "Astrahl":{
    "0":0.019998562,
    "1":0.0257504196,
    "2":0.0158969185,
    "3":0.0096392145,
    "4":0.0047579865,
    "5":0.0331839994,
    "6":0.0196791594,
    "7":0.006790461,
    "8":0.0370613299,
    "9":0.0354958946,
    "10":0.0051036615,
    "11":0.0251512685,
    "12":0.0335579528,
    "13":0.0111011311,
    "14":0.0147829012,
    "15":0.0079493899,
    "16":0.0171027589,
    "17":0.029025775,
    "18":0.0062325001,
    "19":0.0168093125,
    "20":0.0085369962,
    "21":0.0365487189,
    "22":0.0279294794,
    "23":0.0061365422,
    "24":0.0113551853,
    "25":0.0197342918,
    "26":0.019836241,
    "27":0.0082508435,
    "28":0.0173466451,
    "29":0.0309524918,
    "30":0.0245247353,
    "31":0.0135613263,
    "32":0.0203599997,
    "33":0.0143939505,
    "34":0.0410424912,
    "35":0.0343252138,
    "36":0.0162112006,
    "37":0.0257232341,
    "38":0.0200981662,
    "39":0.0058501765,
    "40":0.025301636,
    "41":0.0098919108,
    "42":0.0294853875,
    "43":0.0147953662,
    "44":0.0097341241,
    "45":0.0137379346,
    "46":0.0065506493,
    "47":0.0219181361,
    "48":0.0056983077,
    "49":0.0230905118,
    "50":0.0247528851,
    "51":0.0042048372,
    "52":0.0105707035,
    "53":0.0039480893,
    "54":0.0196130708,
    "55":0.0126298199,
    "56":0.0083015157,
    "57":0.0221603698,
    "58":0.0088488631,
    "59":0.0124817811,
    "60":0.0370815342,
    "61":0.0077369025,
    "62":0.031146046,
    "63":0.0076093623,
    "64":0.0131529625,
    "65":0.0112448363,
    "66":0.0107816207,
    "67":0.011266202,
    "68":0.0070907876,
    "69":0.0276399392,
    "70":0.0390268928,
    "71":0.0191119745,
    "72":0.0034757853,
    "73":0.0179452233,
    "74":0.012862411,
    "75":0.0231677205,
    "76":0.0156231356,
    "77":0.0064071832,
    "78":0.0191593451,
    "79":0.0074532034,
    "80":0.0303006316,
    "81":0.0462046303,
    "82":0.0304099047,
    "83":0.0180693078,
    "84":0.0237417883,
    "85":0.032348379,
    "86":0.0131579695,
    "87":0.0158763917,
    "88":0.0071787789,
    "89":0.0075080924,
    "90":0.0237576821,
    "91":0.0104210902,
    "92":0.0093368342,
    "93":0.0238324081,
    "94":0.0227623492,
    "95":0.0115107238,
    "96":0.0131365005,
    "97":0.0265856071,
    "98":0.0435417108,
    "99":0.0131615286
  },
  "Uniform":{
    "0":0.0307120614,
    "1":0.0494791533,
    "2":0.0273954908,
    "3":0.0161729023,
    "4":0.0090638497,
    "5":0.0617558826,
    "6":0.0310571614,
    "7":0.0124499391,
    "8":0.07117515,
    "9":0.0549525666,
    "10":0.0088729054,
    "11":0.0472511002,
    "12":0.0606678904,
    "13":0.021350711,
    "14":0.0275862083,
    "15":0.0133140259,
    "16":0.033488534,
    "17":0.0454995049,
    "18":0.0119105617,
    "19":0.032161486,
    "20":0.0153779835,
    "21":0.0655501835,
    "22":0.0542665528,
    "23":0.011792351,
    "24":0.0196568951,
    "25":0.0254929274,
    "26":0.020714654,
    "27":0.013927428,
    "28":0.0334329497,
    "29":0.0582906217,
    "30":0.0415755501,
    "31":0.0186771475,
    "32":0.0380130397,
    "33":0.0257780713,
    "34":0.0800591062,
    "35":0.0613637506,
    "36":0.0286520214,
    "37":0.0322761014,
    "38":0.0376288896,
    "39":0.0102101456,
    "40":0.0442901759,
    "41":0.0164773919,
    "42":0.0449571402,
    "43":0.0281067827,
    "44":0.0185917551,
    "45":0.0129712354,
    "46":0.0071136336,
    "47":0.0308893586,
    "48":0.0101297762,
    "49":0.0288079676,
    "50":0.0425979303,
    "51":0.0073194786,
    "52":0.0195446898,
    "53":0.0064168061,
    "54":0.0368718267,
    "55":0.0204342586,
    "56":0.0158218452,
    "57":0.0382032709,
    "58":0.0141172707,
    "59":0.0175420724,
    "60":0.0579433353,
    "61":0.0126005622,
    "62":0.0549957976,
    "63":0.008677772,
    "64":0.0236134057,
    "65":0.0179096991,
    "66":0.0200632121,
    "67":0.0166268915,
    "68":0.0121271693,
    "69":0.0534945249,
    "70":0.0686464774,
    "71":0.0329272894,
    "72":0.0063631246,
    "73":0.0278309605,
    "74":0.0164972176,
    "75":0.044560994,
    "76":0.0283558282,
    "77":0.0077233454,
    "78":0.0224087699,
    "79":0.011501609,
    "80":0.0566601552,
    "81":0.086010481,
    "82":0.0446428585,
    "83":0.0306332505,
    "84":0.025463269,
    "85":0.0451735401,
    "86":0.0253503363,
    "87":0.0258792353,
    "88":0.0102646257,
    "89":0.0133577568,
    "90":0.0408917181,
    "91":0.0202610487,
    "92":0.0146037795,
    "93":0.0408523897,
    "94":0.0232432316,
    "95":0.0211159377,
    "96":0.018493504,
    "97":0.0486652683,
    "98":0.0820954136,
    "99":0.0155543154
  },
  "Prop":{
    "0":0.0318888979,
    "1":0.0449296765,
    "2":0.0264623949,
    "3":0.0160054641,
    "4":0.0084135877,
    "5":0.0589962619,
    "6":0.0324957925,
    "7":0.0119701196,
    "8":0.0590704033,
    "9":0.054978339,
    "10":0.0089932597,
    "11":0.0414556011,
    "12":0.059627977,
    "13":0.0180008185,
    "14":0.0269143426,
    "15":0.0136011209,
    "16":0.0298803626,
    "17":0.0441599132,
    "18":0.0101308209,
    "19":0.0303245337,
    "20":0.0146299201,
    "21":0.0634877528,
    "22":0.0455493485,
    "23":0.0110761485,
    "24":0.0199709659,
    "25":0.0258231945,
    "26":0.0204681854,
    "27":0.0139314522,
    "28":0.0296468924,
    "29":0.05467247,
    "30":0.0428535646,
    "31":0.0191507381,
    "32":0.0343674762,
    "33":0.0253602702,
    "34":0.0691202093,
    "35":0.0562211762,
    "36":0.0269745645,
    "37":0.031552856,
    "38":0.0348055202,
    "39":0.0106046662,
    "40":0.043626741,
    "41":0.0172580509,
    "42":0.0407734478,
    "43":0.0263871427,
    "44":0.0170970555,
    "45":0.0127988582,
    "46":0.0073714596,
    "47":0.0306766062,
    "48":0.010399614,
    "49":0.0286693061,
    "50":0.0407654732,
    "51":0.0075310729,
    "52":0.0181119232,
    "53":0.0067663904,
    "54":0.0351006235,
    "55":0.0209192199,
    "56":0.0149117928,
    "57":0.0371957323,
    "58":0.0148741253,
    "59":0.0182916683,
    "60":0.0571960972,
    "61":0.0132581517,
    "62":0.0506158478,
    "63":0.0090889222,
    "64":0.0213751875,
    "65":0.0175513876,
    "66":0.0175529298,
    "67":0.0172505565,
    "68":0.0126483084,
    "69":0.0487321255,
    "70":0.0644748144,
    "71":0.0323703666,
    "72":0.0063591041,
    "73":0.0289124452,
    "74":0.0170226341,
    "75":0.0373823206,
    "76":0.0272308038,
    "77":0.0081870556,
    "78":0.0230699098,
    "79":0.0121364679,
    "80":0.0523862111,
    "81":0.082328946,
    "82":0.0432545034,
    "83":0.0308985422,
    "84":0.0253316067,
    "85":0.0473846767,
    "86":0.0218846327,
    "87":0.0257068505,
    "88":0.0108763724,
    "89":0.0133029234,
    "90":0.041358909,
    "91":0.017866401,
    "92":0.0151606461,
    "93":0.03818549,
    "94":0.0228501196,
    "95":0.0208310129,
    "96":0.0193109853,
    "97":0.0432954412,
    "98":0.0756817995,
    "99":0.0161409793
  },
  "Delta_Uniform":{
    "0":-0.0107134994,
    "1":-0.0237287337,
    "2":-0.0114985722,
    "3":-0.0065336878,
    "4":-0.0043058632,
    "5":-0.0285718832,
    "6":-0.0113780021,
    "7":-0.0056594781,
    "8":-0.0341138202,
    "9":-0.019456672,
    "10":-0.0037692439,
    "11":-0.0220998317,
    "12":-0.0271099375,
    "13":-0.01024958,
    "14":-0.0128033071,
    "15":-0.005364636,
    "16":-0.0163857751,
    "17":-0.0164737299,
    "18":-0.0056780616,
    "19":-0.0153521735,
    "20":-0.0068409873,
    "21":-0.0290014646,
    "22":-0.0263370734,
    "23":-0.0056558088,
    "24":-0.0083017097,
    "25":-0.0057586357,
    "26":-0.000878413,
    "27":-0.0056765844,
    "28":-0.0160863045,
    "29":-0.0273381298,
    "30":-0.0170508148,
    "31":-0.0051158212,
    "32":-0.01765304,
    "33":-0.0113841209,
    "34":-0.039016615,
    "35":-0.0270385368,
    "36":-0.0124408208,
    "37":-0.0065528673,
    "38":-0.0175307234,
    "39":-0.0043599691,
    "40":-0.0189885399,
    "41":-0.0065854811,
    "42":-0.0154717527,
    "43":-0.0133114165,
    "44":-0.008857631,
    "45":0.0007666992,