{
  "Astrahl":{
    "0":0.00000542,
    "1":0.00000271,
    "2":0.000010317,
    "3":0.0000306071,
    "4":0.0000187424,
    "5":0.00000271,
    "6":0.0000498655,
    "7":0.0000199462,
    "8":0.000003439,
    "9":0.0000558222,
    "10":0.00001084,
    "11":0.000003439,
    "12":0.0000330144,
    "13":0.0000797579,
    "14":0.0000903068,
    "15":0.000020634,
    "16":0.00000271,
    "17":0.0,
    "18":0.000034959,
    "19":0.0000271764,
    "20":0.0000187424,
    "21":0.0000163804,
    "22":0.000003439,
    "23":0.000020634,
    "24":0.0000127641,
    "25":0.00000813,
    "26":0.000006878,
    "27":0.0000718682,
    "28":0.000005217,
    "29":0.000013279,
    "30":0.0000621132,
    "31":0.0000163804,
    "32":0.0000402363,
    "33":0.00000542,
    "34":0.0,
    "35":0.0000113907,
    "36":0.0000684096,
    "37":0.0000667166,
    "38":0.0000040951,
    "39":0.0000229594,
    "40":0.0,
    "41":0.0000093712,
    "42":0.0001351211,
    "43":0.0000046856,
    "44":0.0000229594,
    "45":0.000063724,
    "46":0.0000159709,
    "47":0.0000118758,
    "48":0.000049415,
    "49":0.0000448749
  },
  "Uniform":{
    "0":0.000047658,
    "1":0.00001151,
    "2":0.000050255,
    "3":0.0001149325,
    "4":0.0000781322,
    "5":0.00003294,
    "6":0.0001606022,
    "7":0.0001671939,
    "8":0.000036547,
    "9":0.0002042659,
    "10":0.0000874891,
    "11":0.00003965,
    "12":0.000043216,
    "13":0.0002950533,
    "14":0.0002341805,
    "15":0.000031418,
    "16":0.00001801,
    "17":0.000056704,
    "18":0.0001122791,
    "19":0.0001539471,
    "20":0.0000463669,
    "21":0.0000866304,
    "22":0.000034227,
    "23":0.000049216,
    "24":0.0000921941,
    "25":0.0000087,
    "26":0.00001621,
    "27":0.0002983883,
    "28":0.000106851,
    "29":0.000080055,
    "30":0.0002193851,
    "31":0.0000633552,
    "32":0.0001627823,
    "33":0.0000608782,
    "34":0.000058236,
    "35":0.0001178196,
    "36":0.0001308029,
    "37":0.0002115661,
    "38":0.0000631722,
    "39":0.0000975411,
    "40":0.0000624191,
    "41":0.0000383962,
    "42":0.0004722047,
    "43":0.0000407382,
    "44":0.0001733329,
    "45":0.0001340101,
    "46":0.0000899099,
    "47":0.0001097362,
    "48":0.0002104534,
    "49":0.0001596157
  },
  "Prop":{
    "0":0.00004485,
    "1":0.00001982,
    "2":0.0000516411,
    "3":0.0000975421,
    "4":0.0001023246,
    "5":0.00002672,
    "6":0.0001901538,
    "7":0.0001636802,
    "8":0.000031399,
    "9":0.0001666064,
    "10":0.000118713,
    "11":0.000026247,
    "12":0.0001240235,
    "13":0.0004055097,
    "14":0.0003064398,
    "15":0.00003504,
    "16":0.00001531,
    "17":0.0000299711,
    "18":0.0001354502,
    "19":0.0001241559,
    "20":0.0000562002,
    "21":0.0000709947,
    "22":0.000031408,
    "23":0.0000539921,
    "24":0.0000869083,
    "25":0.00003218,
    "26":0.000032218,
    "27":0.0003101007,
    "28":0.0000939627,
    "29":0.0001376582,
    "30":0.0002219568,
    "31":0.0000704952,
    "32":0.0002043809,
    "33":0.0001047591,
    "34":0.0000720052,
    "35":0.0001184809,
    "36":0.0001336173,
    "37":0.0002649523,
    "38":0.0000719781,
    "39":0.0001473822,
    "40":0.0001002138,
    "41":0.000057521,
    "42":0.0004792317,
    "43":0.0000493111,
    "44":0.0002217955,
    "45":0.0001465092,
    "46":0.0000493821,
    "47":0.0001204964,
    "48":0.000233062,
    "49":0.0001991161
  },
  "Delta_Uniform":{
    "0":-0.000042238,
    "1":-0.0000088,
    "2":-0.000039938,
    "3":-0.0000843254,
    "4":-0.0000593898,
    "5":-0.00003023,
    "6":-0.0001107367,
    "7":-0.0001472477,
    "8":-0.000033108,
    "9":-0.0001484437,
    "10":-0.0000766491,
    "11":-0.000036211,
    "12":-0.0000102016,
    "13":-0.0002152955,
    "14":-0.0001438737,
    "15":-0.000010784,
    "16":-0.0000153,
    "17":-0.000056704,
    "18":-0.0000773201,
    "19":-0.0001267707,
    "20":-0.0000276245,
    "21":-0.00007025,
    "22":-0.000030788,
    "23":-0.000028582,
    "24":-0.00007943,
    "25":-0.00000057,
    "26":-0.000009332,
    "27":-0.0002265201,
    "28":-0.0001016339,
    "29":-0.000066776,
    "30":-0.0001572719,
    "31":-0.0000469748,
    "32":-0.000122546,
    "33":-0.0000554582,
    "34":-0.000058236,
    "35":-0.0001064289,
    "36":-0.0000623933,
    "37":-0.0001448495,
    "38":-0.0000590771,
    "39":-0.0000745817,
    "40":-0.0000624191,
    "41":-0.000029025,
    "42":-0.0003370836,
    "43":-0.0000360526,
    "44":-0.0001503735,
    "45":-0.0000702861,
    "46":-0.000073939,
    "47":-0.0000978604,
    "48":-0.0001610384,
    "49":-0.0001147408
  },
  "Delta_Prop":{
    "0":-0.00003943,
    "1":-0.00001711,
    "2":-0.0000413241,
    "3":-0.000066935,
    "4":-0.0000835823,
    "5":-0.00002401,
    "6":-0.0001402883,
    "7":-0.000143734,
    "8":-0.00002796,
    "9":-0.0001107842,
    "10":-0.000107873,
    "11":-0.000022808,
    "12":-0.0000910091,
    "13":-0.0003257518,
    "14":-0.000216133,
    "15":-0.000014406,
    "16":-0.0000126,
    "17":-0.0000299711,
    "18":-0.0001004912,
    "19":-0.0000969795,
    "20":-0.0000374578,
    "21":-0.0000546143,
    "22":-0.000027969,
    "23":-0.0000333581,
    "24":-0.0000741442,
    "25":-0.00002405,
    "26":-0.00002534,
    "27":-0.0002382325,
    "28":-0.0000887456,
    "29":-0.0001243792,
    "30":-0.0001598436,
    "31":-0.0000541148,
    "32":-0.0001641446,
    "33":-0.0000993391,
    "34":-0.0000720052,
    "35":-0.0001070902,
    "36":-0.0000652077,
    "37":-0.0001982357,
    "38":-0.000067883,
    "39":-0.0001244228,
    "40":-0.0001002138,
    "41":-0.0000481498,
    "42":-0.0003441106,
    "43":-0.0000446255,
    "44":-0.0001988361,
    "45":-0.0000827852,
    "46":-0.0000334112,
    "47":-0.0001086206,
    "48":-0.000183647,
    "49":-0.0001542412
  }
}