{
  "Astrahl":{
    "0":0.0045865461,
    "1":0.0183996561,
    "2":0.007667708,
    "3":0.0142184214,
    "4":0.0147589106,
    "5":0.0049371142,
    "6":0.0051459205,
    "7":0.0059025222,
    "8":0.0127232895,
    "9":0.011717397,
    "10":0.00516605,
    "11":0.0060414014,
    "12":0.0112267761,
    "13":0.0059354285,
    "14":0.0079075146,
    "15":0.0104817416,
    "16":0.008204948,
    "17":0.0047376142,
    "18":0.0075732277,
    "19":0.0041045772,
    "20":0.0496193427,
    "21":0.0166116618,
    "22":0.0093648257,
    "23":0.0119227915,
    "24":0.0053897635,
    "25":0.0131473028,
    "26":0.0166862164,
    "27":0.0060539934,
    "28":0.0051252271,
    "29":0.0096533516,
    "30":0.0068969023,
    "31":0.0081011942,
    "32":0.0106487532,
    "33":0.0110595328,
    "34":0.0093405142,
    "35":0.0149576803,
    "36":0.005948518,
    "37":0.0173328375,
    "38":0.013072525,
    "39":0.007606611,
    "40":0.0272749601,
    "41":0.0033788791,
    "42":0.0062061,
    "43":0.0141510967,
    "44":0.007833494,
    "45":0.003993871,
    "46":0.003402974,
    "47":0.006204986,
    "48":0.004056311,
    "49":0.0045071559
  },
  "Uniform":{
    "0":0.0052648981,
    "1":0.0224005957,
    "2":0.0148364314,
    "3":0.0180191591,
    "4":0.0244010345,
    "5":0.010895318,
    "6":0.0054029656,
    "7":0.0109093563,
    "8":0.0154333588,
    "9":0.0125880593,
    "10":0.008887106,
    "11":0.007290574,
    "12":0.0144152375,
    "13":0.0064166737,
    "14":0.0102289665,
    "15":0.0198776676,
    "16":0.010519651,
    "17":0.0077829876,
    "18":0.0096076652,
    "19":0.0065294925,
    "20":0.0660911651,
    "21":0.0232842533,
    "22":0.0146620999,
    "23":0.0209448418,
    "24":0.0064625091,
    "25":0.0171348035,
    "26":0.025167038,
    "27":0.0097019373,
    "28":0.0065142916,
    "29":0.0151516487,
    "30":0.0086506554,
    "31":0.009570267,
    "32":0.0142964858,
    "33":0.0129121362,
    "34":0.0135255557,
    "35":0.0210794019,
    "36":0.008342083,
    "37":0.0286454103,
    "38":0.018041784,
    "39":0.008532737,
    "40":0.0307842002,
    "41":0.0052417412,
    "42":0.008589357,
    "43":0.0186836441,
    "44":0.011382222,
    "45":0.0052804203,
    "46":0.004970141,
    "47":0.009655434,
    "48":0.0058225157,
    "49":0.0053581117
  },
  "Prop":{
    "0":0.0052278405,
    "1":0.0237336902,
    "2":0.0144350514,
    "3":0.0177655261,
    "4":0.0228439822,
    "5":0.011016627,
    "6":0.0063729092,
    "7":0.0107424515,
    "8":0.0185781393,
    "9":0.0153176979,
    "10":0.00922413,
    "11":0.0096231823,
    "12":0.0163626686,
    "13":0.0069954915,
    "14":0.0097436951,
    "15":0.0184891434,
    "16":0.0115067471,
    "17":0.0077288145,
    "18":0.0105028353,
    "19":0.0064552144,
    "20":0.0747863426,
    "21":0.0190272151,
    "22":0.0153857758,
    "23":0.0188661339,
    "24":0.0068491858,
    "25":0.0201586253,
    "26":0.0252365758,
    "27":0.0099703651,
    "28":0.0080565281,
    "29":0.012290839,
    "30":0.0100692887,
    "31":0.0095402932,
    "32":0.0164558915,
    "33":0.0166725103,
    "34":0.0140936888,
    "35":0.019620054,
    "36":0.010017733,
    "37":0.0279256502,
    "38":0.0198174933,
    "39":0.009273009,
    "40":0.0356397833,
    "41":0.0065890884,
    "42":0.008480346,
    "43":0.0215318613,
    "44":0.0119709173,
    "45":0.0064348257,
    "46":0.006481581,
    "47":0.008290536,
    "48":0.0059948003,
    "49":0.0054822833
  },
  "Delta_Uniform":{
    "0":-0.000678352,
    "1":-0.0040009396,
    "2":-0.0071687234,
    "3":-0.0038007378,
    "4":-0.0096421239,
    "5":-0.0059582038,
    "6":-0.0002570451,
    "7":-0.0050068341,
    "8":-0.0027100693,
    "9":-0.0008706623,
    "10":-0.003721056,
    "11":-0.0012491726,
    "12":-0.0031884614,
    "13":-0.0004812452,
    "14":-0.0023214519,
    "15":-0.0093959261,
    "16":-0.002314703,
    "17":-0.0030453734,
    "18":-0.0020344375,
    "19":-0.0024249153,
    "20":-0.0164718223,
    "21":-0.0066725915,
    "22":-0.0052972742,
    "23":-0.0090220502,
    "24":-0.0010727456,
    "25":-0.0039875007,
    "26":-0.0084808216,
    "27":-0.0036479439,
    "28":-0.0013890645,
    "29":-0.0054982971,
    "30":-0.0017537531,
    "31":-0.0014690728,
    "32":-0.0036477325,
    "33":-0.0018526034,
    "34":-0.0041850415,
    "35":-0.0061217216,
    "36":-0.002393565,
    "37":-0.0113125728,
    "38":-0.004969259,
    "39":-0.000926126,
    "40":-0.0035092401,
    "41":-0.0018628621,
    "42":-0.002383257,
    "43":-0.0045325474,
    "44":-0.003548728,
    "45":-0.0012865493,
    "46":-0.001567167,
    "47":-0.003450448,
    "48":-0.0017662047,
    "49":-0.0008509558
  },
  "Delta_Prop":{
    "0":-0.0006412944,
    "1":-0.0053340341,
    "2":-0.0067673434,
    "3":-0.0035471048,
    "4":-0.0080850716,
    "5":-0.0060795128,
    "6":-0.0012269887,
    "7":-0.0048399293,
    "8":-0.0058548498,
    "9":-0.0036003009,
    "10":-0.00405808,
    "11":-0.0035817809,
    "12":-0.0051358925,
    "13":-0.001060063,
    "14":-0.0018361805,
    "15":-0.0080074019,
    "16":-0.0033017991,
    "17":-0.0029912003,
    "18":-0.0029296076,
    "19":-0.0023506372,
    "20":-0.0251669999,
    "21":-0.0024155533,
    "22":-0.0060209501,
    "23":-0.0069433424,
    "24":-0.0014594223,
    "25":-0.0070113225,
    "26":-0.0085503594,
    "27":-0.0039163717,
    "28":-0.002931301,
    "29":-0.0026374874,
    "30":-0.0031723864,
    "31":-0.001439099,
    "32":-0.0058071382,
    "33":-0.0056129775,
    "34":-0.0047531746,
    "35":-0.0046623737,
    "36":-0.004069215,
    "37":-0.0105928128,
    "38":-0.0067449683,
    "39":-0.001666398,
    "40":-0.0083648231,
    "41":-0.0032102093,
    "42":-0.002274246,
    "43":-0.0073807646,
    "44":-0.0041374233,
    "45":-0.0024409547,
    "46":-0.003078607,
    "47":-0.00208555,
    "48":-0.0019384893,
    "49":-0.0009751273
  }
}