{
  "Astrahl":{
    "0":0.0029406817,
    "1":0.0031243843,
    "2":0.00350461,
    "3":0.00222632,
    "4":0.0034695639,
    "5":0.0039594289,
    "6":0.0026721883,
    "7":0.004146521,
    "8":0.00102695,
    "9":0.00196119,
    "10":0.0028432405,
    "11":0.0017853625,
    "12":0.00194803,
    "13":0.0033897269,
    "14":0.0023964149,
    "15":0.0061746673,
    "16":0.0027064325,
    "17":0.00184851,
    "18":0.002959673,
    "19":0.0024924894,
    "20":0.0017829,
    "21":0.001752305,
    "22":0.0089172845,
    "23":0.003033361,
    "24":0.00225929,
    "25":0.0009905,
    "26":0.0026646328,
    "27":0.002563659,
    "28":0.0033717794,
    "29":0.00389606,
    "30":0.00354599,
    "31":0.0063384786,
    "32":0.00184851,
    "33":0.0027829,
    "34":0.002278808,
    "35":0.005504452,
    "36":0.00250461,
    "37":0.0083184799,
    "38":0.002755071,
    "39":0.0011886,
    "40":0.005175455,
    "41":0.0036745779,
    "42":0.0023785352,
    "43":0.0033993537,
    "44":0.0033938983,
    "45":0.0055519341,
    "46":0.00174328,
    "47":0.0034430248,
    "48":0.002755363,
    "49":0.0023964149
  },
  "Uniform":{
    "0":0.007746953,
    "1":0.0058040899,
    "2":0.0075483,
    "3":0.00522,
    "4":0.013232669,
    "5":0.010162582,
    "6":0.0064417399,
    "7":0.008133,
    "8":0.0056012,
    "9":0.0058982,
    "10":0.0162843059,
    "11":0.00404317,
    "12":0.00706578,
    "13":0.00620959,
    "14":0.006691791,
    "15":0.01224106,
    "16":0.0092986148,
    "17":0.0040934,
    "18":0.009267895,
    "19":0.01052919,
    "20":0.00681209,
    "21":0.011371041,
    "22":0.0173043207,
    "23":0.00709359,
    "24":0.007456821,
    "25":0.00502339,
    "26":0.007020483,
    "27":0.01064955,
    "28":0.0145353563,
    "29":0.011415541,
    "30":0.00847749,
    "31":0.016135043,
    "32":0.0058584,
    "33":0.0084164,
    "34":0.006215521,
    "35":0.00768378,
    "36":0.00639759,
    "37":0.0241749156,
    "38":0.0063853,
    "39":0.005653,
    "40":0.0072435379,
    "41":0.010058931,
    "42":0.00538706,
    "43":0.0112022948,
    "44":0.00717383,
    "45":0.0120954939,
    "46":0.0085841,
    "47":0.0199351691,
    "48":0.008084731,
    "49":0.00528667
  },
  "Prop":{
    "0":0.0101106348,
    "1":0.006180126,
    "2":0.00878338,
    "3":0.0061651,
    "4":0.01392857,
    "5":0.010322621,
    "6":0.0081101419,
    "7":0.006483,
    "8":0.00443108,
    "9":0.0070626,
    "10":0.011394751,
    "11":0.005755742,
    "12":0.0064733,
    "13":0.00739056,
    "14":0.004321621,
    "15":0.0113935159,
    "16":0.0066254081,
    "17":0.0044924,
    "18":0.0086257258,
    "19":0.012060751,
    "20":0.006293702,
    "21":0.008391951,
    "22":0.0121883418,
    "23":0.00943168,
    "24":0.008404922,
    "25":0.005363,
    "26":0.007175772,
    "27":0.012157531,
    "28":0.0171366381,
    "29":0.01079439,
    "30":0.00749359,
    "31":0.0152868402,
    "32":0.00529337,
    "33":0.0120651,
    "34":0.006843831,
    "35":0.00912169,
    "36":0.00519239,
    "37":0.0172330369,
    "38":0.00683859,
    "39":0.0053501,
    "40":0.008708341,
    "41":0.01133617,
    "42":0.0073457348,
    "43":0.0112207845,
    "44":0.008179491,
    "45":0.0151467229,
    "46":0.0075745,
    "47":0.0176952212,
    "48":0.007492801,
    "49":0.004419162
  },
  "Delta_Uniform":{
    "0":-0.0048062713,
    "1":-0.0026797056,
    "2":-0.00404369,
    "3":-0.00299368,
    "4":-0.0097631051,
    "5":-0.0062031531,
    "6":-0.0037695516,
    "7":-0.003986479,
    "8":-0.00457425,
    "9":-0.00393701,
    "10":-0.0134410654,
    "11":-0.0022578075,
    "12":-0.00511775,
    "13":-0.0028198631,
    "14":-0.0042953761,
    "15":-0.0060663927,
    "16":-0.0065921824,
    "17":-0.00224489,
    "18":-0.006308222,
    "19":-0.0080367006,
    "20":-0.00502919,
    "21":-0.009618736,
    "22":-0.0083870362,
    "23":-0.004060229,
    "24":-0.005197531,
    "25":-0.00403289,
    "26":-0.0043558502,
    "27":-0.008085891,
    "28":-0.0111635769,
    "29":-0.007519481,
    "30":-0.0049315,
    "31":-0.0097965644,
    "32":-0.00400989,
    "33":-0.0056335,
    "34":-0.003936713,
    "35":-0.002179328,
    "36":-0.00389298,
    "37":-0.0158564357,
    "38":-0.003630229,
    "39":-0.0044644,
    "40":-0.0020680829,
    "41":-0.0063843531,
    "42":-0.0030085248,
    "43":-0.0078029411,
    "44":-0.0037799317,
    "45":-0.0065435598,
    "46":-0.00684082,
    "47":-0.0164921443,
    "48":-0.005329368,
    "49":-0.0028902551
  },
  "Delta_Prop":{
    "0":-0.0071699531,
    "1":-0.0030557417,
    "2":-0.00527877,
    "3":-0.00393878,
    "4":-0.0104590061,
    "5":-0.0063631921,
    "6":-0.0054379536,
    "7":-0.002336479,
    "8":-0.00340413,
    "9":-0.00510141,
    "10":-0.0085515105,
    "11":-0.0039703795,
    "12":-0.00452527,
    "13":-0.0040008331,
    "14":-0.0019252061,
    "15":-0.0052188486,
    "16":-0.0039189756,
    "17":-0.00264389,
    "18":-0.0056660528,
    "19":-0.0095682616,
    "20":-0.004510802,
    "21":-0.006639646,
    "22":-0.0032710573,
    "23":-0.006398319,
    "24":-0.006145632,
    "25":-0.0043725,
    "26":-0.0045111392,
    "27":-0.009593872,
    "28":-0.0137648587,
    "29":-0.00689833,
    "30":-0.0039476,
    "31":-0.0089483616,
    "32":-0.00344486,
    "33":-0.0092822,
    "34":-0.004565023,
    "35":-0.003617238,
    "36":-0.00268778,
    "37":-0.008914557,
    "38":-0.004083519,
    "39":-0.0041615,
    "40":-0.003532886,
    "41":-0.0076615921,
    "42":-0.0049671996,
    "43":-0.0078214308,
    "44":-0.0047855927,
    "45":-0.0095947888,
    "46":-0.00583122,
    "47":-0.0142521964,
    "48":-0.004737438,
    "49":-0.0020227471
  }
}