{
  "Astrahl":{
    "0":0.0740319445,
    "1":0.0119526128,
    "2":0.01373624,
    "3":0.019847826,
    "4":0.0257458672,
    "5":0.01306877,
    "6":0.0259272613,
    "7":0.01460948,
    "8":0.0237998322,
    "9":0.01438205,
    "10":0.019729342,
    "11":0.0459127585,
    "12":0.0242558237,
    "13":0.0328411143,
    "14":0.01432296,
    "15":0.020791391,
    "16":0.01395246,
    "17":0.0257573958,
    "18":0.054536159,
    "19":0.0490813286,
    "20":0.0154815988,
    "21":0.0366787609,
    "22":0.0365276825,
    "23":0.0356136414,
    "24":0.0255729018,
    "25":0.0369751169,
    "26":0.0144605143,
    "27":0.0214493329,
    "28":0.024579255,
    "29":0.0287159709,
    "30":0.0197556127,
    "31":0.0369422051,
    "32":0.0281345314,
    "33":0.0273217739,
    "34":0.0168141868,
    "35":0.0126179,
    "36":0.0662617255,
    "37":0.01462259,
    "38":0.013695979,
    "39":0.01329126,
    "40":0.0166883616,
    "41":0.0778295701,
    "42":0.0169012068,
    "43":0.0377349072,
    "44":0.015960817,
    "45":0.0201876301,
    "46":0.0126635,
    "47":0.013679468,
    "48":0.0355880146,
    "49":0.0639160696
  },
  "Uniform":{
    "0":0.0789436145,
    "1":0.0182103507,
    "2":0.01334802,
    "3":0.020085268,
    "4":0.0270903284,
    "5":0.01511979,
    "6":0.0278739988,
    "7":0.01564247,
    "8":0.0277527758,
    "9":0.01557472,
    "10":0.020414668,
    "11":0.0504656087,
    "12":0.0253723227,
    "13":0.0370940561,
    "14":0.01400589,
    "15":0.02085979,
    "16":0.01385307,
    "17":0.0268081029,
    "18":0.0537234402,
    "19":0.0521273063,
    "20":0.0157105266,
    "21":0.0345242933,
    "22":0.0393437594,
    "23":0.0385415008,
    "24":0.0268553463,
    "25":0.0364401572,
    "26":0.0166569907,
    "27":0.0236242014,
    "28":0.026174733,
    "29":0.0304529837,
    "30":0.0228650192,
    "31":0.0363234293,
    "32":0.0274549014,
    "33":0.0258119071,
    "34":0.0186215506,
    "35":0.01434152,
    "36":0.0608362546,
    "37":0.01343456,
    "38":0.016348841,
    "39":0.01471451,
    "40":0.0174971407,
    "41":0.0806161094,
    "42":0.0174902524,
    "43":0.0362569743,
    "44":0.015716904,
    "45":0.0235524015,
    "46":0.01358577,
    "47":0.01326899,
    "48":0.0373864021,
    "49":0.0634860943
  },
  "Prop":{
    "0":0.0768512521,
    "1":0.0191141507,
    "2":0.01526124,
    "3":0.021650037,
    "4":0.0274244362,
    "5":0.01446756,
    "6":0.0263712531,
    "7":0.0157765,
    "8":0.0268851199,
    "9":0.01462597,
    "10":0.020652171,
    "11":0.0455758978,
    "12":0.0272092649,
    "13":0.0383534972,
    "14":0.01585946,
    "15":0.019450968,
    "16":0.01450364,
    "17":0.0294070651,
    "18":0.0596357293,
    "19":0.0531358353,
    "20":0.0176950809,
    "21":0.0383390823,
    "22":0.0405314279,
    "23":0.0372046835,
    "24":0.0265709831,
    "25":0.0383882833,
    "26":0.0156834218,
    "27":0.0282758004,
    "28":0.026139848,
    "29":0.029102833,
    "30":0.0223190555,
    "31":0.0373219578,
    "32":0.0276031555,
    "33":0.0261653456,
    "34":0.0176504702,
    "35":0.01484382,
    "36":0.0691516784,
    "37":0.0136881,
    "38":0.017091861,
    "39":0.01598153,
    "40":0.0191705854,
    "41":0.0826522927,
    "42":0.0195127972,
    "43":0.0379436048,
    "44":0.016418291,
    "45":0.0224936808,
    "46":0.01361762,
    "47":0.015293028,
    "48":0.0377709002,
    "49":0.0646515613
  },
  "Delta_Uniform":{
    "0":-0.00491167,
    "1":-0.0062577379,
    "2":0.00038822,
    "3":-0.000237442,
    "4":-0.0013444613,
    "5":-0.00205102,
    "6":-0.0019467375,
    "7":-0.00103299,
    "8":-0.0039529436,
    "9":-0.00119267,
    "10":-0.000685326,
    "11":-0.0045528501,
    "12":-0.001116499,
    "13":-0.0042529418,
    "14":0.00031707,
    "15":-0.000068399,
    "16":0.00009939,
    "17":-0.0010507071,
    "18":0.0008127188,
    "19":-0.0030459777,
    "20":-0.0002289277,
    "21":0.0021544676,
    "22":-0.002816077,
    "23":-0.0029278594,
    "24":-0.0012824445,
    "25":0.0005349598,
    "26":-0.0021964764,
    "27":-0.0021748685,
    "28":-0.001595478,
    "29":-0.0017370128,
    "30":-0.0031094064,
    "31":0.0006187758,
    "32":0.0006796299,
    "33":0.0015098668,
    "34":-0.0018073638,
    "35":-0.00172362,
    "36":0.0054254709,
    "37":0.00118803,
    "38":-0.002652862,
    "39":-0.00142325,
    "40":-0.0008087792,
    "41":-0.0027865393,
    "42":-0.0005890456,
    "43":0.0014779329,
    "44":0.000243913,
    "45":-0.0033647714,
    "46":-0.00092227,
    "47":0.000410478,
    "48":-0.0017983875,
    "49":0.0004299753
  },
  "Delta_Prop":{
    "0":-0.0028193077,
    "1":-0.0071615379,
    "2":-0.001525,
    "3":-0.001802211,
    "4":-0.001678569,
    "5":-0.00139879,
    "6":-0.0004439918,
    "7":-0.00116702,
    "8":-0.0030852877,
    "9":-0.00024392,
    "10":-0.000922829,
    "11":0.0003368608,
    "12":-0.0029534412,
    "13":-0.0055123829,
    "14":-0.0015365,
    "15":0.001340423,
    "16":-0.00055118,
    "17":-0.0036496693,
    "18":-0.0050995704,
    "19":-0.0040545068,
    "20":-0.0022134821,
    "21":-0.0016603213,
    "22":-0.0040037454,
    "23":-0.0015910421,
    "24":-0.0009980813,
    "25":-0.0014131664,
    "26":-0.0012229075,
    "27":-0.0068264675,
    "28":-0.001560593,
    "29":-0.0003868621,
    "30":-0.0025634428,
    "31":-0.0003797527,
    "32":0.0005313759,
    "33":0.0011564283,
    "34":-0.0008362834,
    "35":-0.00222592,
    "36":-0.002889953,
    "37":0.00093449,
    "38":-0.003395882,
    "39":-0.00269027,
    "40":-0.0024822239,
    "41":-0.0048227227,
    "42":-0.0026115904,
    "43":-0.0002086976,
    "44":-0.000457474,
    "45":-0.0023060507,
    "46":-0.00095412,
    "47":-0.00161356,
    "48":-0.0021828856,
    "49":-0.0007354917
  }
}