{
  "Astrahl":{
    "0":0.0271087992,
    "1":0.0050504701,
    "2":0.00487768,
    "3":0.004252261,
    "4":0.0084148203,
    "5":0.00404909,
    "6":0.007350986,
    "7":0.00399266,
    "8":0.0067318893,
    "9":0.00530955,
    "10":0.005761731,
    "11":0.0120312598,
    "12":0.007113562,
    "13":0.011413623,
    "14":0.00308598,
    "15":0.006298582,
    "16":0.00414067,
    "17":0.0077000519,
    "18":0.0194686864,
    "19":0.013190082,
    "20":0.0057025076,
    "21":0.0130835406,
    "22":0.009949494,
    "23":0.011534634,
    "24":0.007920986,
    "25":0.0117451603,
    "26":0.0041251717,
    "27":0.0068675194,
    "28":0.00757036,
    "29":0.0067629337,
    "30":0.00716424,
    "31":0.010350574,
    "32":0.0070938077,
    "33":0.006457473,
    "34":0.004148574,
    "35":0.00432706,
    "36":0.018060795,
    "37":0.00257868,
    "38":0.00483835,
    "39":0.00444486,
    "40":0.0046722876,
    "41":0.0238992759,
    "42":0.005024949,
    "43":0.0111659859,
    "44":0.003767301,
    "45":0.0064334858,
    "46":0.0029032,
    "47":0.00379639,
    "48":0.00951501,
    "49":0.0178051337
  },
  "Uniform":{
    "0":0.0308008847,
    "1":0.0094790792,
    "2":0.00506849,
    "3":0.00926794,
    "4":0.0108544395,
    "5":0.00586366,
    "6":0.011968871,
    "7":0.00660855,
    "8":0.0123660886,
    "9":0.006266,
    "10":0.008550781,
    "11":0.0210324723,
    "12":0.010619333,
    "13":0.015866814,
    "14":0.0046358,
    "15":0.009969553,
    "16":0.00639119,
    "17":0.0132321467,
    "18":0.0258860902,
    "19":0.0233428766,
    "20":0.0071013697,
    "21":0.0153533818,
    "22":0.0179586138,
    "23":0.015491116,
    "24":0.012455456,
    "25":0.0168846524,
    "26":0.006842972,
    "27":0.009962789,
    "28":0.01052445,
    "29":0.0127951444,
    "30":0.0104624908,
    "31":0.015850223,
    "32":0.0129928897,
    "33":0.0112380017,
    "34":0.0075617629,
    "35":0.00742847,
    "36":0.0302966599,
    "37":0.00461847,
    "38":0.00681003,
    "39":0.00650159,
    "40":0.00723728,
    "41":0.0372176229,
    "42":0.0066058599,
    "43":0.0163860199,
    "44":0.006085251,
    "45":0.008631784,
    "46":0.006764,
    "47":0.006201001,
    "48":0.0154352788,
    "49":0.0294147699
  },
  "Prop":{
    "0":0.0356605242,
    "1":0.0078141773,
    "2":0.00677049,
    "3":0.008583491,
    "4":0.011378838,
    "5":0.00730676,
    "6":0.0116581989,
    "7":0.00652898,
    "8":0.0117138007,
    "9":0.00739889,
    "10":0.00708763,
    "11":0.0183515467,
    "12":0.0137326637,
    "13":0.0151871409,
    "14":0.00677058,
    "15":0.009115311,
    "16":0.00701946,
    "17":0.0142722353,
    "18":0.0288603158,
    "19":0.027180149,
    "20":0.0073729677,
    "21":0.0162353251,
    "22":0.0145348908,
    "23":0.0177245767,
    "24":0.0135277758,
    "25":0.0213874887,
    "26":0.0058233829,
    "27":0.01152044,
    "28":0.011285711,
    "29":0.0105612124,
    "30":0.0103077017,
    "31":0.015697753,
    "32":0.0131936335,
    "33":0.010097414,
    "34":0.006308332,
    "35":0.00553339,
    "36":0.0300071695,
    "37":0.00531779,
    "38":0.005417971,
    "39":0.00675349,
    "40":0.0068659609,
    "41":0.0365486527,
    "42":0.0076597769,
    "43":0.018068028,
    "44":0.006821882,
    "45":0.010172185,
    "46":0.00713305,
    "47":0.007676633,
    "48":0.0201023295,
    "49":0.0307224255
  },
  "Delta_Uniform":{
    "0":-0.0036920855,
    "1":-0.0044286092,
    "2":-0.00019081,
    "3":-0.005015679,
    "4":-0.0024396192,
    "5":-0.00181457,
    "6":-0.004617885,
    "7":-0.00261589,
    "8":-0.0056341993,
    "9":-0.00095645,
    "10":-0.00278905,
    "11":-0.0090012125,
    "12":-0.003505771,
    "13":-0.004453191,
    "14":-0.00154982,
    "15":-0.003670971,
    "16":-0.00225052,
    "17":-0.0055320948,
    "18":-0.0064174038,
    "19":-0.0101527946,
    "20":-0.0013988621,
    "21":-0.0022698412,
    "22":-0.0080091198,
    "23":-0.003956482,
    "24":-0.00453447,
    "25":-0.0051394921,
    "26":-0.0027178003,
    "27":-0.0030952696,
    "28":-0.00295409,
    "29":-0.0060322106,
    "30":-0.0032982508,
    "31":-0.005499649,
    "32":-0.005899082,
    "33":-0.0047805287,
    "34":-0.0034131889,
    "35":-0.00310141,
    "36":-0.0122358649,
    "37":-0.00203979,
    "38":-0.00197168,
    "39":-0.00205673,
    "40":-0.0025649925,
    "41":-0.013318347,
    "42":-0.0015809109,
    "43":-0.005220034,
    "44":-0.00231795,
    "45":-0.0021982982,
    "46":-0.0038608,
    "47":-0.002404611,
    "48":-0.0059202688,
    "49":-0.0116096362
  },
  "Delta_Prop":{
    "0":-0.0085517249,
    "1":-0.0027637072,
    "2":-0.00189281,
    "3":-0.00433123,
    "4":-0.0029640177,
    "5":-0.00325767,
    "6":-0.0043072129,
    "7":-0.00253632,
    "8":-0.0049819114,
    "9":-0.00208934,
    "10":-0.001325899,
    "11":-0.0063202869,
    "12":-0.0066191017,
    "13":-0.0037735179,
    "14":-0.0036846,
    "15":-0.002816729,
    "16":-0.00287879,
    "17":-0.0065721834,
    "18":-0.0093916294,
    "19":-0.013990067,
    "20":-0.0016704601,
    "21":-0.0031517845,
    "22":-0.0045853968,
    "23":-0.0061899427,
    "24":-0.0056067898,
    "25":-0.0096423284,
    "26":-0.0016982112,
    "27":-0.0046529206,
    "28":-0.003715351,
    "29":-0.0037982787,
    "30":-0.0031434617,
    "31":-0.005347179,
    "32":-0.0060998258,
    "33":-0.003639941,
    "34":-0.002159758,
    "35":-0.00120633,
    "36":-0.0119463745,
    "37":-0.00273911,
    "38":-0.000579621,
    "39":-0.00230863,
    "40":-0.0021936734,
    "41":-0.0126493768,
    "42":-0.0026348279,
    "43":-0.0069020421,
    "44":-0.003054581,
    "45":-0.0037386992,
    "46":-0.00422985,
    "47":-0.003880243,
    "48":-0.0105873195,
    "49":-0.0129172918
  }
}