{
  "Astrahl":{
    "0":0.0158279127,
    "1":0.0166992997,
    "2":0.0145413315,
    "3":0.0108851853,
    "4":0.0248616047,
    "5":0.0147046176,
    "6":0.0129074611,
    "7":0.012327067,
    "8":0.0173210661,
    "9":0.007146812,
    "10":0.0198674062,
    "11":0.0173362741,
    "12":0.0134885834,
    "13":0.0227065424,
    "14":0.006907374,
    "15":0.008937866,
    "16":0.01715345,
    "17":0.0138476691,
    "18":0.0098315006,
    "19":0.0203532919,
    "20":0.0180808348,
    "21":0.0216365847,
    "22":0.0206174214,
    "23":0.0049818,
    "24":0.006952803,
    "25":0.0250843184,
    "26":0.0237708949,
    "27":0.0215592002,
    "28":0.0096355405,
    "29":0.0103039891,
    "30":0.0192852968,
    "31":0.007937668,
    "32":0.0102598974,
    "33":0.0096287725,
    "34":0.0112695072,
    "35":0.014439235,
    "36":0.0217429757,
    "37":0.007612407,
    "38":0.0088929101,
    "39":0.0318989511,
    "40":0.0207502444,
    "41":0.0175379818,
    "42":0.016929531,
    "43":0.011943685,
    "44":0.006601018,
    "45":0.0136534488,
    "46":0.0539014485,
    "47":0.0159919388,
    "48":0.00756903,
    "49":0.006837872
  },
  "Uniform":{
    "0":0.0150748554,
    "1":0.0158024339,
    "2":0.0157974104,
    "3":0.0105852876,
    "4":0.0241560537,
    "5":0.015051876,
    "6":0.0132293243,
    "7":0.0114100546,
    "8":0.0157397555,
    "9":0.007651844,
    "10":0.0193564779,
    "11":0.016781302,
    "12":0.0139558783,
    "13":0.0259784343,
    "14":0.007124866,
    "15":0.0089639441,
    "16":0.0167553193,
    "17":0.0135993208,
    "18":0.0105404174,
    "19":0.0194163062,
    "20":0.0173666537,
    "21":0.02081386,
    "22":0.0202439177,
    "23":0.00475038,
    "24":0.007518033,
    "25":0.0245022855,
    "26":0.0237692921,
    "27":0.020494198,
    "28":0.0104658686,
    "29":0.0107314155,
    "30":0.0208265299,
    "31":0.007334576,
    "32":0.0099534019,
    "33":0.0086787801,
    "34":0.0116304961,
    "35":0.0150135085,
    "36":0.0208565958,
    "37":0.00734968,
    "38":0.0093286124,
    "39":0.0289945264,
    "40":0.0215610003,
    "41":0.0164132466,
    "42":0.0158844357,
    "43":0.0111139559,
    "44":0.007534152,
    "45":0.0135010785,
    "46":0.050590464,
    "47":0.0153215989,
    "48":0.007186356,
    "49":0.00728332
  },
  "Prop":{
    "0":0.0162324232,
    "1":0.015968935,
    "2":0.0155101917,
    "3":0.0116896129,
    "4":0.0246982659,
    "5":0.0142434506,
    "6":0.0133277142,
    "7":0.0108686871,
    "8":0.0164040584,
    "9":0.006828422,
    "10":0.0193085855,
    "11":0.0173172856,
    "12":0.0136234702,
    "13":0.0244984276,
    "14":0.007102313,
    "15":0.0092352141,
    "16":0.0166563906,
    "17":0.0133502561,
    "18":0.0103938453,
    "19":0.0202372885,
    "20":0.0172227468,
    "21":0.020549425,
    "22":0.0209186661,
    "23":0.00521873,
    "24":0.007293726,
    "25":0.0241792269,
    "26":0.0234329459,
    "27":0.0204754954,
    "28":0.0101754073,
    "29":0.0103612078,
    "30":0.0212228493,
    "31":0.006940033,
    "32":0.010345761,
    "33":0.0094244427,
    "34":0.011448905,
    "35":0.0153353642,
    "36":0.0210317346,
    "37":0.007039511,
    "38":0.0087391529,
    "39":0.0290116295,
    "40":0.0203147117,
    "41":0.0161270062,
    "42":0.0157396819,
    "43":0.0115087558,
    "44":0.007220107,
    "45":0.0138589231,
    "46":0.0530757666,
    "47":0.0164167209,
    "48":0.006935361,
    "49":0.007090666
  },
  "Delta_Uniform":{
    "0":0.0007530574,
    "1":0.0008968658,
    "2":-0.0012560789,
    "3":0.0002998977,
    "4":0.000705551,
    "5":-0.0003472584,
    "6":-0.0003218632,
    "7":0.0009170124,
    "8":0.0015813106,
    "9":-0.000505032,
    "10":0.0005109283,
    "11":0.0005549721,
    "12":-0.0004672949,
    "13":-0.0032718919,
    "14":-0.000217492,
    "15":-0.0000260781,
    "16":0.0003981307,
    "17":0.0002483483,
    "18":-0.0007089168,
    "19":0.0009369857,
    "20":0.0007141811,
    "21":0.0008227247,
    "22":0.0003735038,
    "23":0.00023142,
    "24":-0.00056523,
    "25":0.000582033,
    "26":0.0000016028,
    "27":0.0010650022,
    "28":-0.0008303281,
    "29":-0.0004274264,
    "30":-0.0015412331,
    "31":0.000603092,
    "32":0.0003064955,
    "33":0.0009499924,
    "34":-0.0003609888,
    "35":-0.0005742735,
    "36":0.0008863799,
    "37":0.000262727,
    "38":-0.0004357023,
    "39":0.0029044247,
    "40":-0.0008107559,
    "41":0.0011247352,
    "42":0.0010450953,
    "43":0.0008297291,
    "44":-0.000933134,
    "45":0.0001523704,
    "46":0.0033109845,
    "47":0.0006703399,
    "48":0.000382674,
    "49":-0.000445448
  },
  "Delta_Prop":{
    "0":-0.0004045105,
    "1":0.0007303648,
    "2":-0.0009688601,
    "3":-0.0008044276,
    "4":0.0001633387,
    "5":0.000461167,
    "6":-0.000420253,
    "7":0.0014583799,
    "8":0.0009170076,
    "9":0.00031839,
    "10":0.0005588207,
    "11":0.0000189885,
    "12":-0.0001348868,
    "13":-0.0017918851,
    "14":-0.000194939,
    "15":-0.0002973481,
    "16":0.0004970594,
    "17":0.000497413,
    "18":-0.0005623447,
    "19":0.0001160034,
    "20":0.000858088,
    "21":0.0010871597,
    "22":-0.0003012447,
    "23":-0.00023693,
    "24":-0.000340923,
    "25":0.0009050915,
    "26":0.0003379491,
    "27":0.0010837048,
    "28":-0.0005398668,
    "29":-0.0000572187,
    "30":-0.0019375525,
    "31":0.000997635,
    "32":-0.0000858636,
    "33":0.0002043298,
    "34":-0.0001793978,
    "35":-0.0008961291,
    "36":0.0007112411,
    "37":0.000572896,
    "38":0.0001537572,
    "39":0.0028873216,
    "40":0.0004355327,
    "41":0.0014109756,
    "42":0.0011898491,
    "43":0.0004349292,
    "44":-0.000619089,
    "45":-0.0002054743,
    "46":0.0008256819,
    "47":-0.0004247821,
    "48":0.000633669,
    "49":-0.000252794
  }
}