{
  "Astrahl":{
    "0":0.0105644239,
    "1":0.0091910239,
    "2":0.0020591928,
    "3":0.0058389054,
    "4":0.0006086381,
    "5":0.016154762,
    "6":0.0111461017,
    "7":0.0020454799,
    "8":0.0026209784,
    "9":0.0193540541,
    "10":0.0033619461,
    "11":0.0060793181,
    "12":0.0203563285,
    "13":0.0016132843,
    "14":0.0021187845,
    "15":0.002319439,
    "16":0.0042723775,
    "17":0.0196332593,
    "18":0.0020411879,
    "19":0.0045197178,
    "20":0.0020861901,
    "21":0.0126529529,
    "22":0.0090070729,
    "23":0.0009740837,
    "24":0.0064408778,
    "25":0.0151507836,
    "26":0.0188436833,
    "27":0.0013222766,
    "28":0.0024495604,
    "29":0.0133749201,
    "30":0.0085259148,
    "31":0.0021025095,
    "32":0.0044495811,
    "33":0.009076656,
    "34":0.0056950473,
    "35":0.0054140185,
    "36":0.0055513038,
    "37":0.006544822,
    "38":0.0054312164,
    "39":0.0012502151,
    "40":0.0056036791,
    "41":0.0022358394,
    "42":0.0134322021,
    "43":0.0038182591,
    "44":0.0011663701,
    "45":0.0035280545,
    "46":0.002150022,
    "47":0.0037127445,
    "48":0.0009615354,
    "49":0.0159185885,
    "50":0.0045795181,
    "51":0.0007733894,
    "52":0.0027702634,
    "53":0.0005841706,
    "54":0.0023216122,
    "55":0.0046422404,
    "56":0.0043614631,
    "57":0.0072489607,
    "58":0.0034940181,
    "59":0.0036814937,
    "60":0.011400285,
    "61":0.0023241282,
    "62":0.0104728311,
    "63":0.0028847404,
    "64":0.0022102848,
    "65":0.0024678528,
    "66":0.0027078878,
    "67":0.0045250483,
    "68":0.0015808696,
    "69":0.0070914291,
    "70":0.0233128091,
    "71":0.0048789748,
    "72":0.0005163294,
    "73":0.0082985523,
    "74":0.0114699646,
    "75":0.0024203979,
    "76":0.0041422979,
    "77":0.0036447959,
    "78":0.0053239947,
    "79":0.0028718353,
    "80":0.0121170272,
    "81":0.0269101938,
    "82":0.0150710213,
    "83":0.0055528315,
    "84":0.0093109255,
    "85":0.0363037272,
    "86":0.0028060789,
    "87":0.0046665763,
    "88":0.0030334988,
    "89":0.0010915793,
    "90":0.0073476856,
    "91":0.002289343,
    "92":0.0040681499,
    "93":0.0119533842,
    "94":0.0139595185,
    "95":0.0032847488,
    "96":0.004027028,
    "97":0.0067864661,
    "98":0.0147107717,
    "99":0.0042492056
  },
  "Uniform":{
    "0":0.0106124997,
    "1":0.0092369544,
    "2":0.0020678625,
    "3":0.0058676724,
    "4":0.0006115312,
    "5":0.0162311741,
    "6":0.0112005753,
    "7":0.002054943,
    "8":0.0026170629,
    "9":0.0194463937,
    "10":0.0033777226,
    "11":0.006082105,
    "12":0.0204581579,
    "13":0.0016210308,
    "14":0.0021284927,
    "15":0.0023308036,
    "16":0.0042931618,
    "17":0.0197269237,
    "18":0.0020510378,
    "19":0.0045419815,
    "20":0.0020960955,
    "21":0.0127070401,
    "22":0.0090493831,
    "23":0.000978832,
    "24":0.0064715156,
    "25":0.0152201282,
    "26":0.0189376497,
    "27":0.0013279634,
    "28":0.0024612234,
    "29":0.0134389783,
    "30":0.0085595716,
    "31":0.0021124546,
    "32":0.0044716065,
    "33":0.0091222897,
    "34":0.0057208946,
    "35":0.0054338675,
    "36":0.0055759068,
    "37":0.0065759864,
    "38":0.0054550023,
    "39":0.0012560845,
    "40":0.0056277913,
    "41":0.0022454381,
    "42":0.0134962838,
    "43":0.0038366141,
    "44":0.0011713913,
    "45":0.0035421674,
    "46":0.0021599832,
    "47":0.0037211145,
    "48":0.0009658374,
    "49":0.0159970018,
    "50":0.0045993095,
    "51":0.0007770968,
    "52":0.0027834445,
    "53":0.0005869704,
    "54":0.0023314643,
    "55":0.0046647673,
    "56":0.00438193,
    "57":0.0072829103,
    "58":0.0035097177,
    "59":0.0036974588,
    "60":0.0114413294,
    "61":0.0023353455,
    "62":0.0105135561,
    "63":0.0028986609,
    "64":0.0022206567,
    "65":0.0024788122,
    "66":0.0027202106,
    "67":0.0045438649,
    "68":0.0015879544,
    "69":0.0071250915,
    "70":0.0234270545,
    "71":0.0049005998,
    "72":0.0005188325,
    "73":0.0083306165,
    "74":0.011523349,
    "75":0.002426616,
    "76":0.004162001,
    "77":0.003662847,
    "78":0.0053475485,
    "79":0.0028855277,
    "80":0.0121765672,
    "81":0.0270413618,
    "82":0.0151437428,
    "83":0.0055752397,
    "84":0.0093537463,
    "85":0.0364788383,
    "86":0.0028192266,
    "87":0.0046874234,
    "88":0.0030485853,
    "89":0.0010966215,
    "90":0.0073783164,
    "91":0.0023003532,
    "92":0.0040874037,
    "93":0.0120124573,
    "94":0.0140247719,
    "95":0.0032999628,
    "96":0.0040447425,
    "97":0.0068168091,
    "98":0.0147819414,
    "99":0.0042678622
  },
  "Prop":{
    "0":0.0106120462,
    "1":0.0092310912,
    "2":0.0020674181,
    "3":0.0058617852,
    "4":0.0006114019,
    "5":0.0162236972,
    "6":0.0111996505,
    "7":0.0020534451,
    "8":0.0026190448,
    "9":0.0194385831,
    "10":0.0033724372,
    "11":0.0060779249,
    "12":0.0204491631,
    "13":0.0016195098,
    "14":0.0021302782,
    "15":0.0023304412,
    "16":0.0042891133,
    "17":0.0197001445,
    "18":0.0020469446,
    "19":0.0045406706,
    "20":0.0020943825,
    "21":0.0127096591,
    "22":0.0090359091,
    "23":0.0009785315,
    "24":0.0064667487,
    "25":0.0152003293,
    "26":0.0188880676,
    "27":0.0013287111,
    "28":0.0024616401,
    "29":0.0134327553,
    "30":0.0085562707,
    "31":0.002114298,
    "32":0.0044706957,
    "33":0.0091066825,
    "34":0.0057219162,
    "35":0.0054377363,
    "36":0.0055719087,
    "37":0.0065717982,
    "38":0.0054542415,
    "39":0.0012567531,
    "40":0.0056310188,
    "41":0.0022464289,
    "42":0.0134742671,
    "43":0.0038357201,
    "44":0.0011717554,
    "45":0.0035423741,
    "46":0.0021588443,
    "47":0.0037232803,
    "48":0.0009663671,
    "49":0.0159639513,
    "50":0.0046011911,
    "51":0.000777388,
    "52":0.0027815636,
    "53":0.0005874868,
    "54":0.0023336146,
    "55":0.0046624135,
    "56":0.0043738255,
    "57":0.0072826781,
    "58":0.0035057751,
    "59":0.0036976745,
    "60":0.0114434935,
    "61":0.0023362141,
    "62":0.0105042962,
    "63":0.0028973781,
    "64":0.0022199866,
    "65":0.0024787786,
    "66":0.0027173873,
    "67":0.0045417322,
    "68":0.0015885512,
    "69":0.0071229719,
    "70":0.0234068026,
    "71":0.0048990148,
    "72":0.0005189538,
    "73":0.0083242833,
    "74":0.0114991524,
    "75":0.002427666,
    "76":0.0041617146,
    "77":0.0036580831,
    "78":0.0053501212,
    "79":0.002885413,
    "80":0.0121693848,
    "81":0.0270310203,
    "82":0.0151263789,
    "83":0.0055715896,
    "84":0.0093439277,
    "85":0.0364372803,
    "86":0.002815984,
    "87":0.0046868832,
    "88":0.0030467677,
    "89":0.0010971961,
    "90":0.007377842,
    "91":0.0022974046,
    "92":0.0040858108,
    "93":0.0119959839,
    "94":0.0140139401,
    "95":0.0033000038,
    "96":0.004045583,
    "97":0.0068120013,
    "98":0.0147797172,
    "99":0.0042650864
  },
  "Delta_Uniform":{
    "0":-0.0000480758,
    "1":-0.0000459305,
    "2":-0.0000086697,
    "3":-0.000028767,
    "4":-0.0000028932,
    "5":-0.000076412,
    "6":-0.0000544736,
    "7":-0.0000094631,
    "8":0.0000039156,
    "9":-0.0000923395,
    "10":-0.0000157765,
    "11":-0.0000027869,
    "12":-0.0001018295,
    "13":-0.0000077465,
    "14":-0.0000097082,
    "15":-0.0000113646,
    "16":-0.0000207843,
    "17":-0.0000936644,
    "18":-0.0000098499,
    "19":-0.0000222636,
    "20":-0.0000099054,
    "21":-0.0000540873,
    "22":-0.0000423102,
    "23":-0.0000047483,
    "24":-0.0000306378,
    "25":-0.0000693446,
    "26":-0.0000939664,
    "27":-0.0000056868,
    "28":-0.000011663,
    "29":-0.0000640582,
    "30":-0.0000336569,
    "31":-0.0000099451,
    "32":-0.0000220254,
    "33":-0.0000456336,
    "34":-0.0000258474,
    "35":-0.000019849,
    "36":-0.0000246031,
    "37":-0.0000311644,
    "38":-0.000023786,
    "39":-0.0000058694,
    "40":-0.0000241122,
    "41":-0.0000095988,
    "42":-0.0000640817,
    "43":-0.000018355,
    "44":-0.0000050212,