{
  "Astrahl":{
    "0":0.0042441549,
    "1":0.0042667152,
    "2":0.0075036938,
    "3":0.0056985731,
    "4":0.0021284731,
    "5":0.001959887,
    "6":0.004616537,
    "7":0.00185511,
    "8":0.0036224321,
    "9":0.00223694,
    "10":0.0058844181,
    "11":0.00168962,
    "12":0.0032725461,
    "13":0.0016173,
    "14":0.0079992611,
    "15":0.004576596,
    "16":0.00464505,
    "17":0.002411639,
    "18":0.00238443,
    "19":0.00212421,
    "20":0.0027320262,
    "21":0.0048555852,
    "22":0.002432516,
    "23":0.0045273557,
    "24":0.004394259,
    "25":0.002448869,
    "26":0.004341259,
    "27":0.003570686,
    "28":0.0034539422,
    "29":0.0029995522,
    "30":0.001206229,
    "31":0.002414358,
    "32":0.0018804283,
    "33":0.00178443,
    "34":0.003742469,
    "35":0.002699179,
    "36":0.0222174029,
    "37":0.0035670223,
    "38":0.00666969,
    "39":0.0043666118,
    "40":0.001871,
    "41":0.0047787823,
    "42":0.004336069,
    "43":0.0102843763,
    "44":0.0022973331,
    "45":0.00168462,
    "46":0.0060637431,
    "47":0.0027675262,
    "48":0.0039896702,
    "49":0.002145259
  },
  "Uniform":{
    "0":0.0080542343,
    "1":0.005728969,
    "2":0.0136524374,
    "3":0.0091324421,
    "4":0.0034297672,
    "5":0.002683549,
    "6":0.006174738,
    "7":0.003409928,
    "8":0.0063580818,
    "9":0.00307723,
    "10":0.0103962225,
    "11":0.00294622,
    "12":0.0040555211,
    "13":0.003534579,
    "14":0.0114888525,
    "15":0.0059563981,
    "16":0.007345057,
    "17":0.0039157872,
    "18":0.00292142,
    "19":0.00314834,
    "20":0.0039525841,
    "21":0.0098782152,
    "22":0.00355386,
    "23":0.0067271991,
    "24":0.006238909,
    "25":0.00337367,
    "26":0.0096759982,
    "27":0.004923527,
    "28":0.0064606663,
    "29":0.005564326,
    "30":0.003941207,
    "31":0.002736259,
    "32":0.0031702012,
    "33":0.00293631,
    "34":0.0057474562,
    "35":0.0038791731,
    "36":0.0373274398,
    "37":0.0063870508,
    "38":0.0097754669,
    "39":0.0055590571,
    "40":0.00284251,
    "41":0.0069626123,
    "42":0.011392396,
    "43":0.0175509593,
    "44":0.003236308,
    "45":0.00392884,
    "46":0.0107880097,
    "47":0.00279938,
    "48":0.005065428,
    "49":0.005870989
  },
  "Prop":{
    "0":0.0081832085,
    "1":0.0069865141,
    "2":0.0118889252,
    "3":0.0082783231,
    "4":0.003832498,
    "5":0.004198236,
    "6":0.006292689,
    "7":0.003160428,
    "8":0.0063064221,
    "9":0.003537869,
    "10":0.0082425773,
    "11":0.00344332,
    "12":0.0038351213,
    "13":0.004228308,
    "14":0.01505066,
    "15":0.0062251531,
    "16":0.008064517,
    "17":0.0039950301,
    "18":0.00330964,
    "19":0.002840459,
    "20":0.003982155,
    "21":0.0126386332,
    "22":0.002864649,
    "23":0.0070866856,
    "24":0.006532299,
    "25":0.003228698,
    "26":0.008491076,
    "27":0.0057179991,
    "28":0.0071074682,
    "29":0.0082462757,
    "30":0.00351934,
    "31":0.00341233,
    "32":0.0040550151,
    "33":0.00324342,
    "34":0.0068394421,
    "35":0.005397417,
    "36":0.0412828127,
    "37":0.0069905726,
    "38":0.0127222604,
    "39":0.0048987446,
    "40":0.00351122,
    "41":0.0054767018,
    "42":0.010845323,
    "43":0.0152836661,
    "44":0.0038034972,
    "45":0.00302932,
    "46":0.0146124451,
    "47":0.004413435,
    "48":0.0068041001,
    "49":0.006182579
  },
  "Delta_Uniform":{
    "0":-0.0038100794,
    "1":-0.0014622538,
    "2":-0.0061487436,
    "3":-0.003433869,
    "4":-0.0013012941,
    "5":-0.000723662,
    "6":-0.001558201,
    "7":-0.001554818,
    "8":-0.0027356497,
    "9":-0.00084029,
    "10":-0.0045118044,
    "11":-0.0012566,
    "12":-0.000782975,
    "13":-0.001917279,
    "14":-0.0034895914,
    "15":-0.0013798021,
    "16":-0.002700007,
    "17":-0.0015041482,
    "18":-0.00053699,
    "19":-0.00102413,
    "20":-0.0012205579,
    "21":-0.00502263,
    "22":-0.001121344,
    "23":-0.0021998434,
    "24":-0.00184465,
    "25":-0.000924801,
    "26":-0.0053347392,
    "27":-0.001352841,
    "28":-0.0030067241,
    "29":-0.0025647738,
    "30":-0.002734978,
    "31":-0.000321901,
    "32":-0.0012897729,
    "33":-0.00115188,
    "34":-0.0020049872,
    "35":-0.0011799941,
    "36":-0.0151100369,
    "37":-0.0028200285,
    "38":-0.0031057769,
    "39":-0.0011924453,
    "40":-0.00097151,
    "41":-0.00218383,
    "42":-0.007056327,
    "43":-0.007266583,
    "44":-0.0009389749,
    "45":-0.00224422,
    "46":-0.0047242666,
    "47":-0.0000318538,
    "48":-0.0010757578,
    "49":-0.00372573
  },
  "Delta_Prop":{
    "0":-0.0039390536,
    "1":-0.0027197989,
    "2":-0.0043852314,
    "3":-0.00257975,
    "4":-0.0017040249,
    "5":-0.002238349,
    "6":-0.001676152,
    "7":-0.001305318,
    "8":-0.00268399,
    "9":-0.001300929,
    "10":-0.0023581592,
    "11":-0.0017537,
    "12":-0.0005625752,
    "13":-0.002611008,
    "14":-0.0070513989,
    "15":-0.0016485571,
    "16":-0.003419467,
    "17":-0.0015833911,
    "18":-0.00092521,
    "19":-0.000716249,
    "20":-0.0012501288,
    "21":-0.007783048,
    "22":-0.000432133,
    "23":-0.0025593299,
    "24":-0.00213804,
    "25":-0.000779829,
    "26":-0.004149817,
    "27":-0.0021473131,
    "28":-0.003653526,
    "29":-0.0052467235,
    "30":-0.002313111,
    "31":-0.000997972,
    "32":-0.0021745868,
    "33":-0.00145899,
    "34":-0.0030969731,
    "35":-0.002698238,
    "36":-0.0190654099,
    "37":-0.0034235503,
    "38":-0.0060525704,
    "39":-0.0005321329,
    "40":-0.00164022,
    "41":-0.0006979195,
    "42":-0.006509254,
    "43":-0.0049992898,
    "44":-0.0015061641,
    "45":-0.0013447,
    "46":-0.008548702,
    "47":-0.0016459088,
    "48":-0.0028144299,
    "49":-0.00403732
  }
}