{
  "Astrahl":{
    "0":0.182549377,
    "1":0.1753329898,
    "2":0.2884063161,
    "3":0.1752366727,
    "4":0.3255537775,
    "5":0.2181174432,
    "6":0.1789168615,
    "7":0.244705537,
    "8":0.1863016453,
    "9":0.1812171692,
    "10":0.2132771053,
    "11":0.1660179574,
    "12":0.16380541,
    "13":0.169244074,
    "14":0.2347314157,
    "15":0.15701599,
    "16":0.16044634,
    "17":0.172636111,
    "18":0.169049836,
    "19":0.170895097,
    "20":0.16162246,
    "21":0.1800035227,
    "22":0.3010372166,
    "23":0.165359314,
    "24":0.2534669209,
    "25":0.177304951,
    "26":0.1921859656,
    "27":0.2677765537,
    "28":0.315147874,
    "29":0.16230853,
    "30":0.2615636031,
    "31":0.1789168615,
    "32":0.15338962,
    "33":0.1926435718,
    "34":0.165359314,
    "35":0.245821346,
    "36":0.16877719,
    "37":0.1857911005,
    "38":0.2577515323,
    "39":0.2217757411,
    "40":0.1721055529,
    "41":0.1765681831,
    "42":0.16681699,
    "43":0.2887509459,
    "44":0.159151717,
    "45":0.1724434768,
    "46":0.1961083256,
    "47":0.209794375,
    "48":0.157114,
    "49":0.199450247
  },
  "Uniform":{
    "0":0.190792504,
    "1":0.194093092,
    "2":0.2934639062,
    "3":0.1997533315,
    "4":0.3435308256,
    "5":0.2364115791,
    "6":0.1979742354,
    "7":0.2650163437,
    "8":0.2063813428,
    "9":0.2112423164,
    "10":0.2252500236,
    "11":0.2033626915,
    "12":0.19970542,
    "13":0.193740175,
    "14":0.2663308927,
    "15":0.18583651,
    "16":0.18626752,
    "17":0.1991842804,
    "18":0.196439419,
    "19":0.184217032,
    "20":0.1904374,
    "21":0.2078327332,
    "22":0.3383876643,
    "23":0.188356744,
    "24":0.274196603,
    "25":0.188430049,
    "26":0.2073916574,
    "27":0.2800616601,
    "28":0.3371971971,
    "29":0.18708076,
    "30":0.2806937966,
    "31":0.2013390531,
    "32":0.1857232,
    "33":0.2091498868,
    "34":0.189593623,
    "35":0.2804457164,
    "36":0.18509932,
    "37":0.2010479791,
    "38":0.2731597689,
    "39":0.2664548227,
    "40":0.2006037019,
    "41":0.1968209605,
    "42":0.18754723,
    "43":0.3381358189,
    "44":0.194717035,
    "45":0.1961870869,
    "46":0.2026060081,
    "47":0.25445809,
    "48":0.18148105,
    "49":0.2090264297
  },
  "Prop":{
    "0":0.188795368,
    "1":0.1876385008,
    "2":0.2992851347,
    "3":0.1902927655,
    "4":0.334163495,
    "5":0.2373588859,
    "6":0.2031614049,
    "7":0.2619893737,
    "8":0.2000920168,
    "9":0.2024875286,
    "10":0.226471548,
    "11":0.1939141549,
    "12":0.191273302,
    "13":0.183549457,
    "14":0.2688039523,
    "15":0.18240589,
    "16":0.1859014,
    "17":0.1897219657,
    "18":0.18991009,
    "19":0.185334804,
    "20":0.18064018,
    "21":0.2034262765,
    "22":0.3400868649,
    "23":0.192524833,
    "24":0.2676725304,
    "25":0.189458263,
    "26":0.2050212629,
    "27":0.2840876379,
    "28":0.3382902531,
    "29":0.18054568,
    "30":0.2774129437,
    "31":0.205020299,
    "32":0.18493561,
    "33":0.2110336783,
    "34":0.188867692,
    "35":0.2794766093,
    "36":0.18231634,
    "37":0.2114585005,
    "38":0.2761637322,
    "39":0.2596821202,
    "40":0.1935060031,
    "41":0.1996303168,
    "42":0.19065673,
    "43":0.3235932303,
    "44":0.19242424,
    "45":0.1872115489,
    "46":0.2096100422,
    "47":0.252584893,
    "48":0.18500698,
    "49":0.2148982168
  },
  "Delta_Uniform":{
    "0":-0.008243127,
    "1":-0.0187601022,
    "2":-0.00505759,
    "3":-0.0245166588,
    "4":-0.0179770481,
    "5":-0.0182941359,
    "6":-0.0190573738,
    "7":-0.0203108067,
    "8":-0.0200796975,
    "9":-0.0300251472,
    "10":-0.0119729182,
    "11":-0.0373447341,
    "12":-0.03590001,
    "13":-0.024496101,
    "14":-0.031599477,
    "15":-0.02882052,
    "16":-0.02582118,
    "17":-0.0265481694,
    "18":-0.027389583,
    "19":-0.013321935,
    "20":-0.02881494,
    "21":-0.0278292105,
    "22":-0.0373504477,
    "23":-0.02299743,
    "24":-0.0207296822,
    "25":-0.011125098,
    "26":-0.0152056918,
    "27":-0.0122851064,
    "28":-0.0220493231,
    "29":-0.02477223,
    "30":-0.0191301935,
    "31":-0.0224221916,
    "32":-0.03233358,
    "33":-0.0165063149,
    "34":-0.024234309,
    "35":-0.0346243704,
    "36":-0.01632213,
    "37":-0.0152568786,
    "38":-0.0154082367,
    "39":-0.0446790816,
    "40":-0.028498149,
    "41":-0.0202527774,
    "42":-0.02073024,
    "43":-0.049384873,
    "44":-0.035565318,
    "45":-0.0237436101,
    "46":-0.0064976825,
    "47":-0.044663715,
    "48":-0.02436705,
    "49":-0.0095761828
  },
  "Delta_Prop":{
    "0":-0.006245991,
    "1":-0.012305511,
    "2":-0.0108788186,
    "3":-0.0150560928,
    "4":-0.0086097174,
    "5":-0.0192414427,
    "6":-0.0242445434,
    "7":-0.0172838367,
    "8":-0.0137903715,
    "9":-0.0212703594,
    "10":-0.0131944427,
    "11":-0.0278961975,
    "12":-0.027467892,
    "13":-0.014305383,
    "14":-0.0340725366,
    "15":-0.0253899,
    "16":-0.02545506,
    "17":-0.0170858547,
    "18":-0.020860254,
    "19":-0.014439707,
    "20":-0.01901772,
    "21":-0.0234227538,
    "22":-0.0390496483,
    "23":-0.027165519,
    "24":-0.0142056096,
    "25":-0.012153312,
    "26":-0.0128352973,
    "27":-0.0163110841,
    "28":-0.0231423791,
    "29":-0.01823715,
    "30":-0.0158493406,
    "31":-0.0261034375,
    "32":-0.03154599,
    "33":-0.0183901065,
    "34":-0.023508378,
    "35":-0.0336552632,
    "36":-0.01353915,
    "37":-0.0256674,
    "38":-0.0184121999,
    "39":-0.0379063791,
    "40":-0.0214004502,
    "41":-0.0230621337,
    "42":-0.02383974,
    "43":-0.0348422845,
    "44":-0.033272523,
    "45":-0.0147680721,
    "46":-0.0135017167,
    "47":-0.042790518,
    "48":-0.02789298,
    "49":-0.0154479698
  }
}