{
  "Astrahl":{
    "0":0.0025112184,
    "1":0.00355985,
    "2":0.0061975595,
    "3":0.0159800907,
    "4":0.00223762,
    "5":0.0100386753,
    "6":0.0030513,
    "7":0.038390917,
    "8":0.0055769975,
    "9":0.00307317,
    "10":0.00223762,
    "11":0.0075087787,
    "12":0.0088298545,
    "13":0.0158804985,
    "14":0.002663414,
    "15":0.00620431,
    "16":0.0114558716,
    "17":0.0044458526,
    "18":0.0099983358,
    "19":0.0075340305,
    "20":0.0068867083,
    "21":0.00294959,
    "22":0.0030726923,
    "23":0.002890972,
    "24":0.0049507253,
    "25":0.0031323584,
    "26":0.003091681,
    "27":0.002970731,
    "28":0.0079185347,
    "29":0.0456292246,
    "30":0.0060059973,
    "31":0.0067732667,
    "32":0.002356097,
    "33":0.002477976,
    "34":0.005634734,
    "35":0.007029883,
    "36":0.00274617,
    "37":0.0029897579,
    "38":0.0057782452,
    "39":0.0026158525,
    "40":0.0020255841,
    "41":0.00294959,
    "42":0.004980014,
    "43":0.0245300167,
    "44":0.0146251136,
    "45":0.0033193215,
    "46":0.0037668276,
    "47":0.00355985,
    "48":0.0030361645,
    "49":0.00274617
  },
  "Uniform":{
    "0":0.0069251479,
    "1":0.00678625,
    "2":0.0126940924,
    "3":0.033914744,
    "4":0.00596154,
    "5":0.0227390948,
    "6":0.00657983,
    "7":0.0835338285,
    "8":0.0127496222,
    "9":0.007108765,
    "10":0.00656877,
    "11":0.0122327066,
    "12":0.0169619797,
    "13":0.0329594618,
    "14":0.006206071,
    "15":0.012162857,
    "16":0.0253594066,
    "17":0.0133339027,
    "18":0.0233360472,
    "19":0.019854911,
    "20":0.0132162758,
    "21":0.00667203,
    "22":0.0067708942,
    "23":0.007236322,
    "24":0.0135058812,
    "25":0.0077850747,
    "26":0.007391981,
    "27":0.007009307,
    "28":0.0188301242,
    "29":0.0921474118,
    "30":0.0127150516,
    "31":0.017452782,
    "32":0.005700896,
    "33":0.007257229,
    "34":0.01346602,
    "35":0.0122280981,
    "36":0.00667397,
    "37":0.0067373311,
    "38":0.0135391659,
    "39":0.006615711,
    "40":0.0071130391,
    "41":0.00659293,
    "42":0.0117723,
    "43":0.0509027601,
    "44":0.0292868965,
    "45":0.0081417138,
    "46":0.0063055756,
    "47":0.00677669,
    "48":0.0068306573,
    "49":0.00667929
  },
  "Prop":{
    "0":0.0069241593,
    "1":0.00708861,
    "2":0.0119311046,
    "3":0.035413146,
    "4":0.00658772,
    "5":0.024862285,
    "6":0.00616975,
    "7":0.0852899555,
    "8":0.0123328852,
    "9":0.006909618,
    "10":0.00686803,
    "11":0.0129480683,
    "12":0.0195570834,
    "13":0.0378854288,
    "14":0.007004526,
    "15":0.014263862,
    "16":0.0263526346,
    "17":0.0124235892,
    "18":0.0229703552,
    "19":0.0176881146,
    "20":0.0132018714,
    "21":0.00666923,
    "22":0.0068079412,
    "23":0.005539842,
    "24":0.0143846405,
    "25":0.0073015436,
    "26":0.0065424371,
    "27":0.006901613,
    "28":0.0179940541,
    "29":0.0954547113,
    "30":0.0134444024,
    "31":0.0201719916,
    "32":0.006723058,
    "33":0.006043352,
    "34":0.012804785,
    "35":0.0120046637,
    "36":0.00696822,
    "37":0.0066534918,
    "38":0.0141803775,
    "39":0.0057247149,
    "40":0.0060998741,
    "41":0.00688606,
    "42":0.0138761,
    "43":0.0587986441,
    "44":0.0273682005,
    "45":0.0074095579,
    "46":0.006827101,
    "47":0.00698381,
    "48":0.0067399221,
    "49":0.00677303
  },
  "Delta_Uniform":{
    "0":-0.0044139295,
    "1":-0.0032264,
    "2":-0.0064965329,
    "3":-0.0179346533,
    "4":-0.00372392,
    "5":-0.0127004196,
    "6":-0.00352853,
    "7":-0.0451429115,
    "8":-0.0071726247,
    "9":-0.004035595,
    "10":-0.00433115,
    "11":-0.0047239279,
    "12":-0.0081321253,
    "13":-0.0170789633,
    "14":-0.003542657,
    "15":-0.005958547,
    "16":-0.0139035351,
    "17":-0.0088880501,
    "18":-0.0133377114,
    "19":-0.0123208805,
    "20":-0.0063295675,
    "21":-0.00372244,
    "22":-0.0036982019,
    "23":-0.00434535,
    "24":-0.0085551559,
    "25":-0.0046527163,
    "26":-0.0043003,
    "27":-0.004038576,
    "28":-0.0109115895,
    "29":-0.0465181872,
    "30":-0.0067090542,
    "31":-0.0106795153,
    "32":-0.003344799,
    "33":-0.004779253,
    "34":-0.007831286,
    "35":-0.0051982151,
    "36":-0.0039278,
    "37":-0.0037475732,
    "38":-0.0077609207,
    "39":-0.0039998585,
    "40":-0.005087455,
    "41":-0.00364334,
    "42":-0.006792286,
    "43":-0.0263727434,
    "44":-0.0146617829,
    "45":-0.0048223923,
    "46":-0.002538748,
    "47":-0.00321684,
    "48":-0.0037944928,
    "49":-0.00393312
  },
  "Delta_Prop":{
    "0":-0.0044129409,
    "1":-0.00352876,
    "2":-0.0057335451,
    "3":-0.0194330553,
    "4":-0.0043501,
    "5":-0.0148236097,
    "6":-0.00311845,
    "7":-0.0468990386,
    "8":-0.0067558877,
    "9":-0.003836448,
    "10":-0.00463041,
    "11":-0.0054392896,
    "12":-0.0107272289,
    "13":-0.0220049303,
    "14":-0.004341112,
    "15":-0.008059552,
    "16":-0.014896763,
    "17":-0.0079777366,
    "18":-0.0129720194,
    "19":-0.0101540841,
    "20":-0.0063151631,
    "21":-0.00371964,
    "22":-0.0037352489,
    "23":-0.00264887,
    "24":-0.0094339152,
    "25":-0.0041691852,
    "26":-0.0034507561,
    "27":-0.003930882,
    "28":-0.0100755194,
    "29":-0.0498254868,
    "30":-0.0074384051,
    "31":-0.013398725,
    "32":-0.004366961,
    "33":-0.003565376,
    "34":-0.007170051,
    "35":-0.0049747807,
    "36":-0.00422205,
    "37":-0.0036637339,
    "38":-0.0084021323,
    "39":-0.0031088624,
    "40":-0.00407429,
    "41":-0.00393647,
    "42":-0.008896086,
    "43":-0.0342686275,
    "44":-0.0127430869,
    "45":-0.0040902365,
    "46":-0.0030602734,
    "47":-0.00342396,
    "48":-0.0037037576,
    "49":-0.00402686
  }
}