{
  "Astrahl":{
    "0":0.00005886,
    "1":0.0001683897,
    "2":0.0001262002,
    "3":0.000028104,
    "4":0.0006206379,
    "5":0.000675229,
    "6":0.0002287855,
    "7":0.0000934059,
    "8":0.0001782058,
    "9":0.0004394048,
    "10":0.000051557,
    "11":0.0000801021,
    "12":0.0001074555,
    "13":0.000054173,
    "14":0.0001297555,
    "15":0.000049525,
    "16":0.0000476073,
    "17":0.0001757531,
    "18":0.0001204448,
    "19":0.0000940008,
    "20":0.0000641708,
    "21":0.0002931402,
    "22":0.0001025363,
    "23":0.0002581013,
    "24":0.000057449,
    "25":0.0000445097,
    "26":0.0001697717,
    "27":0.000030446,
    "28":0.0004014377,
    "29":0.000040985,
    "30":0.000032788,
    "31":0.0001366404,
    "32":0.0000504701,
    "33":0.0002976033,
    "34":0.000049525,
    "35":0.0002490212,
    "36":0.0001156645,
    "37":0.0003393231,
    "38":0.000271397,
    "39":0.0001374297,
    "40":0.0000663922,
    "41":0.0000390241,
    "42":0.0000883038,
    "43":0.0000380487,
    "44":0.0002938893,
    "45":0.0000668641,
    "46":0.0001920201,
    "47":0.0001337411,
    "48":0.00002943,
    "49":0.0000586671
  },
  "Uniform":{
    "0":0.000082682,
    "1":0.0002343288,
    "2":0.0001747676,
    "3":0.000040536,
    "4":0.0010399572,
    "5":0.000772244,
    "6":0.0003621117,
    "7":0.00013886,
    "8":0.0002796819,
    "9":0.0005913035,
    "10":0.000082686,
    "11":0.0000769224,
    "12":0.0001747589,
    "13":0.000080811,
    "14":0.0001590872,
    "15":0.000100887,
    "16":0.0000674614,
    "17":0.000246185,
    "18":0.0001358719,
    "19":0.0001250623,
    "20":0.0001012367,
    "21":0.0004634111,
    "22":0.0001058404,
    "23":0.0003970661,
    "24":0.000079681,
    "25":0.0001093056,
    "26":0.0003387246,
    "27":0.000055645,
    "28":0.0007069218,
    "29":0.000053396,
    "30":0.000051534,
    "31":0.0002228968,
    "32":0.0001078981,
    "33":0.0004076756,
    "34":0.000090551,
    "35":0.0002978792,
    "36":0.000211768,
    "37":0.0004714959,
    "38":0.0003386983,
    "39":0.0002659419,
    "40":0.0000993902,
    "41":0.0000861242,
    "42":0.0001232728,
    "43":0.0000629886,
    "44":0.0005052743,
    "45":0.0000982007,
    "46":0.0002017881,
    "47":0.0001507093,
    "48":0.0000472,
    "49":0.0001046946
  },
  "Prop":{
    "0":0.00009031,
    "1":0.0002760471,
    "2":0.0001870937,
    "3":0.000045909,
    "4":0.0011263131,
    "5":0.0007101576,
    "6":0.0002996559,
    "7":0.0001220607,
    "8":0.0002432257,
    "9":0.0005698763,
    "10":0.000087796,
    "11":0.0000844762,
    "12":0.0001530761,
    "13":0.000104441,
    "14":0.0001882374,
    "15":0.000092608,
    "16":0.0000603628,
    "17":0.0002279223,
    "18":0.0001543462,
    "19":0.000142342,
    "20":0.0000941429,
    "21":0.0004695014,
    "22":0.0001412615,
    "23":0.0003872132,
    "24":0.000085911,
    "25":0.000083953,
    "26":0.0003281639,
    "27":0.000048179,
    "28":0.0006931227,
    "29":0.00004653,
    "30":0.000055523,
    "31":0.0002609736,
    "32":0.0000768673,
    "33":0.0005140788,
    "34":0.000074079,
    "35":0.0003034436,
    "36":0.0002268729,
    "37":0.0004409679,
    "38":0.0002977536,
    "39":0.0002363265,
    "40":0.0001011558,
    "41":0.0000867742,
    "42":0.0001218922,
    "43":0.0000704061,
    "44":0.0005094291,
    "45":0.0000894779,
    "46":0.0002577968,
    "47":0.0001701115,
    "48":0.00004386,
    "49":0.0001040924
  },
  "Delta_Uniform":{
    "0":-0.000023822,
    "1":-0.0000659391,
    "2":-0.0000485674,
    "3":-0.000012432,
    "4":-0.0004193193,
    "5":-0.000097015,
    "6":-0.0001333262,
    "7":-0.0000454541,
    "8":-0.0001014761,
    "9":-0.0001518987,
    "10":-0.000031129,
    "11":0.0000031797,
    "12":-0.0000673034,
    "13":-0.000026638,
    "14":-0.0000293317,
    "15":-0.000051362,
    "16":-0.000019854,
    "17":-0.000070432,
    "18":-0.0000154271,
    "19":-0.0000310615,
    "20":-0.0000370659,
    "21":-0.0001702709,
    "22":-0.0000033041,
    "23":-0.0001389648,
    "24":-0.000022232,
    "25":-0.0000647959,
    "26":-0.0001689529,
    "27":-0.000025199,
    "28":-0.0003054842,
    "29":-0.000012411,
    "30":-0.000018746,
    "31":-0.0000862564,
    "32":-0.000057428,
    "33":-0.0001100723,
    "34":-0.000041026,
    "35":-0.000048858,
    "36":-0.0000961035,
    "37":-0.0001321728,
    "38":-0.0000673013,
    "39":-0.0001285122,
    "40":-0.0000329981,
    "41":-0.0000471001,
    "42":-0.000034969,
    "43":-0.0000249399,
    "44":-0.000211385,
    "45":-0.0000313366,
    "46":-0.000009768,
    "47":-0.0000169682,
    "48":-0.00001777,
    "49":-0.0000460275
  },
  "Delta_Prop":{
    "0":-0.00003145,
    "1":-0.0001076573,
    "2":-0.0000608935,
    "3":-0.000017805,
    "4":-0.0005056751,
    "5":-0.0000349286,
    "6":-0.0000708704,
    "7":-0.0000286548,
    "8":-0.0000650199,
    "9":-0.0001304714,
    "10":-0.000036239,
    "11":-0.0000043741,
    "12":-0.0000456207,
    "13":-0.000050268,
    "14":-0.0000584819,
    "15":-0.000043083,
    "16":-0.0000127555,
    "17":-0.0000521692,
    "18":-0.0000339014,
    "19":-0.0000483412,
    "20":-0.0000299721,
    "21":-0.0001763612,
    "22":-0.0000387252,
    "23":-0.0001291119,
    "24":-0.000028462,
    "25":-0.0000394433,
    "26":-0.0001583922,
    "27":-0.000017733,
    "28":-0.0002916851,
    "29":-0.000005545,
    "30":-0.000022735,
    "31":-0.0001243332,
    "32":-0.0000263972,
    "33":-0.0002164754,
    "34":-0.000024554,
    "35":-0.0000544224,
    "36":-0.0001112085,
    "37":-0.0001016448,
    "38":-0.0000263566,
    "39":-0.0000988968,
    "40":-0.0000347637,
    "41":-0.0000477501,
    "42":-0.0000335884,
    "43":-0.0000323574,
    "44":-0.0002155399,
    "45":-0.0000226138,
    "46":-0.0000657767,
    "47":-0.0000363704,
    "48":-0.00001443,
    "49":-0.0000454253
  }
}