{
  "Astrahl":{
    "0":0.000000039,
    "1":0.00000001,
    "2":0.0000001807,
    "3":0.0000000515,
    "4":0.0,
    "5":0.0000003018,
    "6":0.0000001095,
    "7":0.0,
    "8":0.00000002,
    "9":0.0000000361,
    "10":0.000000048,
    "11":0.00000001,
    "12":0.0000003789,
    "13":0.00000002,
    "14":0.0000000515,
    "15":0.0000009955,
    "16":0.0000000551,
    "17":0.0,
    "18":0.0000001582,
    "19":0.0000000471,
    "20":0.0000008829,
    "21":0.0000001788,
    "22":0.0,
    "23":0.00000002,
    "24":0.0000001047,
    "25":0.0,
    "26":0.0,
    "27":0.0000001843,
    "28":0.000000029,
    "29":0.0000000542,
    "30":0.000000598,
    "31":0.0,
    "32":0.000000019,
    "33":0.0000000732,
    "34":0.0,
    "35":0.0,
    "36":0.0,
    "37":0.0000000941,
    "38":0.0,
    "39":0.00000002,
    "40":0.0,
    "41":0.0,
    "42":0.0,
    "43":0.00000001,
    "44":0.0000001012,
    "45":0.00000001,
    "46":0.0,
    "47":0.0000000271,
    "48":0.0000002178,
    "49":0.0000001952
  },
  "Uniform":{
    "0":0.0000001798,
    "1":0.00000002,
    "2":0.0000000931,
    "3":0.000000029,
    "4":0.00000002,
    "5":0.0000004825,
    "6":0.0000001012,
    "7":0.00000001,
    "8":0.000000019,
    "9":0.0000000361,
    "10":0.0000000651,
    "11":0.0,
    "12":0.0000004701,
    "13":0.000000029,
    "14":0.000000019,
    "15":0.0000006426,
    "16":0.000000068,
    "17":0.0000000561,
    "18":0.00000001,
    "19":0.0000000461,
    "20":0.0000004946,
    "21":0.000000038,
    "22":0.0,
    "23":0.000000019,
    "24":0.0000000941,
    "25":0.0,
    "26":0.0000001031,
    "27":0.000000077,
    "28":0.00000001,
    "29":0.000000029,
    "30":0.0000010828,
    "31":0.0000000444,
    "32":0.0000000551,
    "33":0.0000000461,
    "34":0.0,
    "35":0.00000002,
    "36":0.0,
    "37":0.0000000751,
    "38":0.0,
    "39":0.00000001,
    "40":0.0000001337,
    "41":0.0000000615,
    "42":0.000000057,
    "43":0.0,
    "44":0.0000003706,
    "45":0.0000000361,
    "46":0.0,
    "47":0.00000001,
    "48":0.0000000651,
    "49":0.0000001646
  },
  "Prop":{
    "0":0.0000001131,
    "1":0.0,
    "2":0.000000019,
    "3":0.0000001287,
    "4":0.0,
    "5":0.0000004262,
    "6":0.0000001204,
    "7":0.000000029,
    "8":0.0,
    "9":0.0000001202,
    "10":0.00000001,
    "11":0.0,
    "12":0.0000004811,
    "13":0.0000000651,
    "14":0.000000029,
    "15":0.0000007818,
    "16":0.00000001,
    "17":0.0000000932,
    "18":0.0000000361,
    "19":0.0000000561,
    "20":0.0000008041,
    "21":0.000000048,
    "22":0.000000029,
    "23":0.000000038,
    "24":0.0000001031,
    "25":0.00000002,
    "26":0.000000019,
    "27":0.0000000651,
    "28":0.000000029,
    "29":0.000000049,
    "30":0.0000004568,
    "31":0.0000000371,
    "32":0.0000000722,
    "33":0.0000001933,
    "34":0.000000029,
    "35":0.000000019,
    "36":0.0,
    "37":0.000000029,
    "38":0.00000001,
    "39":0.00000001,
    "40":0.0000001166,
    "41":0.00000003,
    "42":0.00000001,
    "43":0.0,
    "44":0.0000001166,
    "45":0.0000000841,
    "46":0.00000001,
    "47":0.0,
    "48":0.000000077,
    "49":0.0
  },
  "Delta_Uniform":{
    "0":-0.0000001408,
    "1":-0.00000001,
    "2":0.0000000876,
    "3":0.0000000225,
    "4":-0.00000002,
    "5":-0.0000001807,
    "6":0.0000000083,
    "7":-0.00000001,
    "8":0.000000001,
    "9":0.0,
    "10":-0.0000000171,
    "11":0.00000001,
    "12":-0.0000000912,
    "13":-0.000000009,
    "14":0.0000000325,
    "15":0.0000003529,
    "16":-0.0000000129,
    "17":-0.0000000561,
    "18":0.0000001482,
    "19":0.000000001,
    "20":0.0000003882,
    "21":0.0000001408,
    "22":0.0,
    "23":0.000000001,
    "24":0.0000000106,
    "25":0.0,
    "26":-0.0000001031,
    "27":0.0000001073,
    "28":0.000000019,
    "29":0.0000000252,
    "30":-0.0000004848,
    "31":-0.0000000444,
    "32":-0.0000000361,
    "33":0.0000000271,
    "34":0.0,
    "35":-0.00000002,
    "36":0.0,
    "37":0.000000019,
    "38":0.0,
    "39":0.00000001,
    "40":-0.0000001337,
    "41":-0.0000000615,
    "42":-0.000000057,
    "43":0.00000001,
    "44":-0.0000002694,
    "45":-0.0000000261,
    "46":0.0,
    "47":0.0000000171,
    "48":0.0000001527,
    "49":0.0000000306
  },
  "Delta_Prop":{
    "0":-0.0000000741,
    "1":0.00000001,
    "2":0.0000001617,
    "3":-0.0000000772,
    "4":0.0,
    "5":-0.0000001244,
    "6":-0.0000000109,
    "7":-0.000000029,
    "8":0.00000002,
    "9":-0.0000000841,
    "10":0.000000038,
    "11":0.00000001,
    "12":-0.0000001022,
    "13":-0.0000000451,
    "14":0.0000000225,
    "15":0.0000002136,
    "16":0.0000000451,
    "17":-0.0000000932,
    "18":0.0000001221,
    "19":-0.000000009,
    "20":0.0000000788,
    "21":0.0000001308,
    "22":-0.000000029,
    "23":-0.000000018,
    "24":0.0000000016,
    "25":-0.00000002,
    "26":-0.000000019,
    "27":0.0000001192,
    "28":0.0,
    "29":0.0000000052,
    "30":0.0000001412,
    "31":-0.0000000371,
    "32":-0.0000000532,
    "33":-0.0000001201,
    "34":-0.000000029,
    "35":-0.000000019,
    "36":0.0,
    "37":0.0000000651,
    "38":-0.00000001,
    "39":0.00000001,
    "40":-0.0000001166,
    "41":-0.00000003,
    "42":-0.00000001,
    "43":0.00000001,
    "44":-0.0000000154,
    "45":-0.0000000741,
    "46":-0.00000001,
    "47":0.0000000271,
    "48":0.0000001408,
    "49":0.0000001952
  }
}