{
  "Astrahl":{
    "0":0.0080713725,
    "1":0.002025571,
    "2":0.001689143,
    "3":0.0046971238,
    "4":0.0037440393,
    "5":0.0022367256,
    "6":0.0034297491,
    "7":0.0040840842,
    "8":0.001836025,
    "9":0.002352276,
    "10":0.002141984,
    "11":0.0023305214,
    "12":0.0031719548,
    "13":0.0062794794,
    "14":0.0024898208,
    "15":0.0075685202,
    "16":0.0021785932,
    "17":0.0028854075,
    "18":0.0027598125,
    "19":0.0108220092,
    "20":0.00159619,
    "21":0.0026095132,
    "22":0.0024780897,
    "23":0.0022256552,
    "24":0.0133057558,
    "25":0.0024927339,
    "26":0.0055710559,
    "27":0.0048960011,
    "28":0.002713523,
    "29":0.0050559863,
    "30":0.002334207,
    "31":0.0024231194,
    "32":0.0036791818,
    "33":0.0037014264,
    "34":0.0070240082,
    "35":0.0046471682,
    "36":0.0015447,
    "37":0.0026095132,
    "38":0.0046729858,
    "39":0.001568184,
    "40":0.0046784844,
    "41":0.0027027101,
    "42":0.0058714047,
    "43":0.001836025,
    "44":0.0045278579,
    "45":0.0024836114,
    "46":0.0062968313,
    "47":0.00149321,
    "48":0.0045712616,
    "49":0.0023299225
  },
  "Uniform":{
    "0":0.0173856437,
    "1":0.003558495,
    "2":0.00471882,
    "3":0.0101523762,
    "4":0.0070180502,
    "5":0.0051278083,
    "6":0.0069974624,
    "7":0.0084256793,
    "8":0.004110261,
    "9":0.004014659,
    "10":0.004813572,
    "11":0.0061541078,
    "12":0.0055967015,
    "13":0.0100993489,
    "14":0.0045504811,
    "15":0.0139396133,
    "16":0.0044678671,
    "17":0.0062683478,
    "18":0.0054164405,
    "19":0.0216099686,
    "20":0.0028338,
    "21":0.0052312792,
    "22":0.0058407487,
    "23":0.0047670864,
    "24":0.0250861158,
    "25":0.0051398248,
    "26":0.0110056951,
    "27":0.0099747293,
    "28":0.005961102,
    "29":0.0117198515,
    "30":0.0041330903,
    "31":0.0039781822,
    "32":0.00640921,
    "33":0.0083598406,
    "34":0.0160112286,
    "35":0.0095610923,
    "36":0.0029101,
    "37":0.0054319977,
    "38":0.0090231804,
    "39":0.003346049,
    "40":0.0106744859,
    "41":0.0049893332,
    "42":0.0093017018,
    "43":0.004159944,
    "44":0.0087076579,
    "45":0.0069725547,
    "46":0.010466389,
    "47":0.00296912,
    "48":0.0071055313,
    "49":0.0052405021
  },
  "Prop":{
    "0":0.0185192877,
    "1":0.003662911,
    "2":0.004191104,
    "3":0.0098395304,
    "4":0.0070741303,
    "5":0.0049931271,
    "6":0.0070687607,
    "7":0.0084550183,
    "8":0.003864153,
    "9":0.003816956,
    "10":0.00537917,
    "11":0.0060850483,
    "12":0.005048627,
    "13":0.0108998789,
    "14":0.0042314657,
    "15":0.0141921545,
    "16":0.0045733951,
    "17":0.0059709047,
    "18":0.0052100513,
    "19":0.0234551909,
    "20":0.00301608,
    "21":0.0056022966,
    "22":0.0059359937,
    "23":0.005182327,
    "24":0.0236098155,
    "25":0.0049990118,
    "26":0.0119963711,
    "27":0.0094979866,
    "28":0.005223934,
    "29":0.0135352423,
    "30":0.0042979419,
    "31":0.0054100694,
    "32":0.0066141255,
    "33":0.0077784836,
    "34":0.014543994,
    "35":0.0095050426,
    "36":0.00275243,
    "37":0.0048671711,
    "38":0.0084361324,
    "39":0.003651339,
    "40":0.0099340332,
    "41":0.0052260613,
    "42":0.0107029138,
    "43":0.004322802,
    "44":0.0093465818,
    "45":0.0073222201,
    "46":0.0111944922,
    "47":0.0025726,
    "48":0.0080735303,
    "49":0.0052335642
  },
  "Delta_Uniform":{
    "0":-0.0093142712,
    "1":-0.001532924,
    "2":-0.003029677,
    "3":-0.0054552525,
    "4":-0.0032740109,
    "5":-0.0028910827,
    "6":-0.0035677133,
    "7":-0.0043415951,
    "8":-0.002274236,
    "9":-0.001662383,
    "10":-0.002671588,
    "11":-0.0038235864,
    "12":-0.0024247467,
    "13":-0.0038198695,
    "14":-0.0020606603,
    "15":-0.006371093,
    "16":-0.0022892739,
    "17":-0.0033829403,
    "18":-0.002656628,
    "19":-0.0107879594,
    "20":-0.00123761,
    "21":-0.002621766,
    "22":-0.003362659,
    "23":-0.0025414311,
    "24":-0.0117803599,
    "25":-0.0026470909,
    "26":-0.0054346392,
    "27":-0.0050787282,
    "28":-0.003247579,
    "29":-0.0066638653,
    "30":-0.0017988833,
    "31":-0.0015550628,
    "32":-0.0027300282,
    "33":-0.0046584142,
    "34":-0.0089872204,
    "35":-0.0049139242,
    "36":-0.0013654,
    "37":-0.0028224845,
    "38":-0.0043501947,
    "39":-0.001777865,
    "40":-0.0059960015,
    "41":-0.0022866231,
    "42":-0.0034302971,
    "43":-0.002323919,
    "44":-0.0041798,
    "45":-0.0044889433,
    "46":-0.0041695577,
    "47":-0.00147591,
    "48":-0.0025342697,
    "49":-0.0029105796
  },
  "Delta_Prop":{
    "0":-0.0104479153,
    "1":-0.00163734,
    "2":-0.002501961,
    "3":-0.0051424066,
    "4":-0.003330091,
    "5":-0.0027564015,
    "6":-0.0036390116,
    "7":-0.0043709341,
    "8":-0.002028128,
    "9":-0.00146468,
    "10":-0.003237186,
    "11":-0.0037545269,
    "12":-0.0018766721,
    "13":-0.0046203995,
    "14":-0.0017416449,
    "15":-0.0066236342,
    "16":-0.0023948019,
    "17":-0.0030854973,
    "18":-0.0024502388,
    "19":-0.0126331817,
    "20":-0.00141989,
    "21":-0.0029927834,
    "22":-0.003457904,
    "23":-0.0029566717,
    "24":-0.0103040596,
    "25":-0.0025062779,
    "26":-0.0064253152,
    "27":-0.0046019854,
    "28":-0.002510411,
    "29":-0.0084792561,
    "30":-0.0019637349,
    "31":-0.00298695,
    "32":-0.0029349436,
    "33":-0.0040770572,
    "34":-0.0075199858,
    "35":-0.0048578745,
    "36":-0.00120773,
    "37":-0.0022576579,
    "38":-0.0037631467,
    "39":-0.002083155,
    "40":-0.0052555488,
    "41":-0.0025233512,
    "42":-0.0048315091,
    "43":-0.002486777,
    "44":-0.004818724,
    "45":-0.0048386086,
    "46":-0.0048976609,
    "47":-0.00107939,
    "48":-0.0035022687,
    "49":-0.0029036417
  }
}