{
  "Astrahl":{
    "0":0.0000003442,
    "1":0.0000003325,
    "2":0.0000002983,
    "3":0.0000003375,
    "4":0.00000008,
    "5":0.0000003443,
    "6":0.0000005505,
    "7":0.0000004932,
    "8":0.000000105,
    "9":0.0000001,
    "10":0.0000003893,
    "11":0.0000004092,
    "12":0.0000005066,
    "13":0.00000005,
    "14":0.00000006,
    "15":0.0000008936,
    "16":0.0000001,
    "17":0.0000004968,
    "18":0.00000008,
    "19":0.0000001,
    "20":0.0000001402,
    "21":0.0000003196,
    "22":0.0000009988,
    "23":0.0000005084,
    "24":0.0000013853,
    "25":0.0000012605,
    "26":0.0000008408,
    "27":0.000000152,
    "28":0.000000215,
    "29":0.000000118,
    "30":0.0000002412,
    "31":0.0000031053,
    "32":0.00000011,
    "33":0.0000003558,
    "34":0.0000005474,
    "35":0.0000003805,
    "36":0.00000008,
    "37":0.000000155,
    "38":0.0000002414,
    "39":0.0000002367,
    "40":0.00000019,
    "41":0.000000154,
    "42":0.0000006733,
    "43":0.00000009,
    "44":0.0000003299,
    "45":0.0000004199,
    "46":0.0000009344,
    "47":0.0000004323,
    "48":0.000000124,
    "49":0.0000001972
  },
  "Uniform":{
    "0":0.0000002144,
    "1":0.0000004105,
    "2":0.0000002475,
    "3":0.0000004771,
    "4":0.00000005,
    "5":0.000000515,
    "6":0.0000004727,
    "7":0.0000005061,
    "8":0.000000155,
    "9":0.00000011,
    "10":0.0000005892,
    "11":0.0000005358,
    "12":0.00000058,
    "13":0.00000006,
    "14":0.00000011,
    "15":0.0000009562,
    "16":0.0000001,
    "17":0.0000005207,
    "18":0.00000005,
    "19":0.00000009,
    "20":0.0000001935,
    "21":0.0000004508,
    "22":0.0000017622,
    "23":0.0000005033,
    "24":0.0000009755,
    "25":0.0000015761,
    "26":0.0000013085,
    "27":0.000000107,
    "28":0.000000163,
    "29":0.000000204,
    "30":0.0000004564,
    "31":0.0000029352,
    "32":0.00000005,
    "33":0.0000002775,
    "34":0.0000004517,
    "35":0.0000003003,
    "36":0.00000005,
    "37":0.000000088,
    "38":0.0000003164,
    "39":0.0000003966,
    "40":0.000000097,
    "41":0.000000195,
    "42":0.0000013863,
    "43":0.00000008,
    "44":0.0000003088,
    "45":0.0000003506,
    "46":0.0000007277,
    "47":0.0000004241,
    "48":0.000000108,
    "49":0.0000003183
  },
  "Prop":{
    "0":0.0000002134,
    "1":0.0000002271,
    "2":0.0000002942,
    "3":0.0000006244,
    "4":0.00000004,
    "5":0.0000003533,
    "6":0.0000002233,
    "7":0.0000004374,
    "8":0.000000212,
    "9":0.00000006,
    "10":0.0000003597,
    "11":0.0000004998,
    "12":0.0000005864,
    "13":0.00000006,
    "14":0.00000007,
    "15":0.0000005564,
    "16":0.00000005,
    "17":0.0000004643,
    "18":0.00000009,
    "19":0.00000009,
    "20":0.0000003726,
    "21":0.000000541,
    "22":0.0000015905,
    "23":0.0000005087,
    "24":0.0000009741,
    "25":0.0000015323,
    "26":0.0000011409,
    "27":0.000000106,
    "28":0.000000185,
    "29":0.000000108,
    "30":0.0000006146,
    "31":0.000002648,
    "32":0.00000014,
    "33":0.0000003654,
    "34":0.0000004979,
    "35":0.0000002984,
    "36":0.00000003,
    "37":0.000000201,
    "38":0.000000231,
    "39":0.0000004762,
    "40":0.000000182,
    "41":0.000000126,
    "42":0.0000007982,
    "43":0.00000009,
    "44":0.0000004113,
    "45":0.0000004219,
    "46":0.0000007863,
    "47":0.0000004102,
    "48":0.000000143,
    "49":0.0000002252
  },
  "Delta_Uniform":{
    "0":0.0000001298,
    "1":-0.000000078,
    "2":0.0000000508,
    "3":-0.0000001396,
    "4":0.00000003,
    "5":-0.0000001707,
    "6":0.0000000778,
    "7":-0.0000000128,
    "8":-0.00000005,
    "9":-0.00000001,
    "10":-0.0000001999,
    "11":-0.0000001265,
    "12":-0.0000000734,
    "13":-0.00000001,
    "14":-0.00000005,
    "15":-0.0000000626,
    "16":0.0,
    "17":-0.0000000239,
    "18":0.00000003,
    "19":0.00000001,
    "20":-0.0000000533,
    "21":-0.0000001312,
    "22":-0.0000007635,
    "23":0.0000000051,
    "24":0.0000004098,
    "25":-0.0000003156,
    "26":-0.0000004676,
    "27":0.000000045,
    "28":0.000000052,
    "29":-0.000000086,
    "30":-0.0000002152,
    "31":0.0000001701,
    "32":0.00000006,
    "33":0.0000000783,
    "34":0.0000000957,
    "35":0.0000000802,
    "36":0.00000003,
    "37":0.000000067,
    "38":-0.000000075,
    "39":-0.0000001599,
    "40":0.000000093,
    "41":-0.000000041,
    "42":-0.000000713,
    "43":0.00000001,
    "44":0.0000000211,
    "45":0.0000000693,
    "46":0.0000002067,
    "47":0.0000000082,
    "48":0.000000016,
    "49":-0.0000001211
  },
  "Delta_Prop":{
    "0":0.0000001308,
    "1":0.0000001054,
    "2":0.0000000041,
    "3":-0.0000002869,
    "4":0.00000004,
    "5":-0.000000009,
    "6":0.0000003272,
    "7":0.0000000559,
    "8":-0.000000107,
    "9":0.00000004,
    "10":0.0000000296,
    "11":-0.0000000905,
    "12":-0.0000000798,
    "13":-0.00000001,
    "14":-0.00000001,
    "15":0.0000003372,
    "16":0.00000005,
    "17":0.0000000325,
    "18":-0.00000001,
    "19":0.00000001,
    "20":-0.0000002324,
    "21":-0.0000002214,
    "22":-0.0000005918,
    "23":-0.0000000003,
    "24":0.0000004112,
    "25":-0.0000002718,
    "26":-0.0000003,
    "27":0.000000046,
    "28":0.00000003,
    "29":0.00000001,
    "30":-0.0000003734,
    "31":0.0000004572,
    "32":-0.00000003,
    "33":-0.0000000096,
    "34":0.0000000495,
    "35":0.0000000821,
    "36":0.00000005,
    "37":-0.000000046,
    "38":0.0000000104,
    "39":-0.0000002395,
    "40":0.000000008,
    "41":0.000000028,
    "42":-0.0000001249,
    "43":1.32348898e-23,
    "44":-0.0000000814,
    "45":-0.000000002,
    "46":0.0000001481,
    "47":0.0000000221,
    "48":-0.000000019,
    "49":-0.000000028
  }
}