{
  "Astrahl":{
    "0":0.2066182887,
    "1":0.1497381773,
    "2":0.2167103699,
    "3":0.099370495,
    "4":0.1130300548,
    "5":0.1317433342,
    "6":0.0931605506,
    "7":0.203301827,
    "8":0.1187431615,
    "9":0.1273471244,
    "10":0.1467871378,
    "11":0.094618584,
    "12":0.104464135,
    "13":0.1127225178,
    "14":0.141764742,
    "15":0.0998394606,
    "16":0.1157141086,
    "17":0.09414314,
    "18":0.2095716454,
    "19":0.132720762,
    "20":0.10019349,
    "21":0.2066895312,
    "22":0.133996553,
    "23":0.107553859,
    "24":0.08887704,
    "25":0.128846762,
    "26":0.1526165956,
    "27":0.2472355036,
    "28":0.138200516,
    "29":0.1087659861,
    "30":0.1305869815,
    "31":0.1166161121,
    "32":0.1744293897,
    "33":0.1085875122,
    "34":0.1719412015,
    "35":0.2700204192,
    "36":0.1417925392,
    "37":0.197975113,
    "38":0.091854,
    "39":0.155828917,
    "40":0.09237114,
    "41":0.1542762381,
    "42":0.1359470598,
    "43":0.0994922907,
    "44":0.08542177,
    "45":0.100693367,
    "46":0.1421048359,
    "47":0.1008855979,
    "48":0.110222369,
    "49":0.1629810189
  },
  "Uniform":{
    "0":0.2579714292,
    "1":0.2128745438,
    "2":0.2892227707,
    "3":0.157444209,
    "4":0.1530674701,
    "5":0.1432462571,
    "6":0.1421528216,
    "7":0.2872673334,
    "8":0.1482441866,
    "9":0.1572399765,
    "10":0.1950750284,
    "11":0.133378134,
    "12":0.134284183,
    "13":0.1415996197,
    "14":0.191779534,
    "15":0.1435033106,
    "16":0.1470996387,
    "17":0.12461684,
    "18":0.299117995,
    "19":0.1544245281,
    "20":0.14032266,
    "21":0.210719365,
    "22":0.207284139,
    "23":0.141926972,
    "24":0.12949924,
    "25":0.194169894,
    "26":0.209147118,
    "27":0.347317807,
    "28":0.200762785,
    "29":0.1385172384,
    "30":0.1443620347,
    "31":0.1402578486,
    "32":0.2480825455,
    "33":0.1426183333,
    "34":0.2385449331,
    "35":0.398656856,
    "36":0.1964036966,
    "37":0.1900290085,
    "38":0.12891626,
    "39":0.194501836,
    "40":0.13842431,
    "41":0.1602635815,
    "42":0.2069854324,
    "43":0.1298669227,
    "44":0.12023764,
    "45":0.141302636,
    "46":0.1937482236,
    "47":0.1410977455,
    "48":0.140926643,
    "49":0.2543970836
  },
  "Prop":{
    "0":0.2524674394,
    "1":0.1964722149,
    "2":0.3019425183,
    "3":0.127856778,
    "4":0.1314623148,
    "5":0.1400125482,
    "6":0.1371015979,
    "7":0.3053302494,
    "8":0.1215711637,
    "9":0.1369996411,
    "10":0.1961743256,
    "11":0.140470246,
    "12":0.137536757,
    "13":0.1260263627,
    "14":0.183030003,
    "15":0.1456968655,
    "16":0.1372768838,
    "17":0.13478867,
    "18":0.3017484087,
    "19":0.1598391814,
    "20":0.1388839,
    "21":0.2228944113,
    "22":0.174507162,
    "23":0.141445241,
    "24":0.12507604,
    "25":0.196150833,
    "26":0.1981489449,
    "27":0.3387106629,
    "28":0.182846223,
    "29":0.1426560333,
    "30":0.1620711015,
    "31":0.1453920678,
    "32":0.2562208846,
    "33":0.1493190945,
    "34":0.250912249,
    "35":0.3868464644,
    "36":0.1912977782,
    "37":0.1968101054,
    "38":0.1297239,
    "39":0.189411776,
    "40":0.12748465,
    "41":0.1707728817,
    "42":0.1916626894,
    "43":0.1411602757,
    "44":0.12607115,
    "45":0.137599405,
    "46":0.1918586879,
    "47":0.1450159591,
    "48":0.140130736,
    "49":0.2580182367
  },
  "Delta_Uniform":{
    "0":-0.0513531405,
    "1":-0.0631363665,
    "2":-0.0725124008,
    "3":-0.058073714,
    "4":-0.0400374153,
    "5":-0.0115029229,
    "6":-0.048992271,
    "7":-0.0839655064,
    "8":-0.0295010251,
    "9":-0.029892852,
    "10":-0.0482878906,
    "11":-0.03875955,
    "12":-0.029820048,
    "13":-0.0288771019,
    "14":-0.050014792,
    "15":-0.04366385,
    "16":-0.0313855301,
    "17":-0.0304737,
    "18":-0.0895463496,
    "19":-0.021703766,
    "20":-0.04012917,
    "21":-0.0040298338,
    "22":-0.073287586,
    "23":-0.034373113,
    "24":-0.0406222,
    "25":-0.065323132,
    "26":-0.0565305224,
    "27":-0.1000823034,
    "28":-0.062562269,
    "29":-0.0297512523,
    "30":-0.0137750533,
    "31":-0.0236417365,
    "32":-0.0736531558,
    "33":-0.0340308211,
    "34":-0.0666037316,
    "35":-0.1286364368,
    "36":-0.0546111574,
    "37":0.0079461045,
    "38":-0.03706226,
    "39":-0.038672919,
    "40":-0.04605317,
    "41":-0.0059873434,
    "42":-0.0710383726,
    "43":-0.030374632,
    "44":-0.03481587,
    "45":-0.040609269,
    "46":-0.0516433877,
    "47":-0.0402121476,
    "48":-0.030704274,
    "49":-0.0914160647
  },
  "Delta_Prop":{
    "0":-0.0458491506,
    "1":-0.0467340376,
    "2":-0.0852321484,
    "3":-0.028486283,
    "4":-0.01843226,
    "5":-0.008269214,
    "6":-0.0439410473,
    "7":-0.1020284224,
    "8":-0.0028280022,
    "9":-0.0096525167,
    "10":-0.0493871878,
    "11":-0.045851662,
    "12":-0.033072622,
    "13":-0.0133038449,
    "14":-0.041265261,
    "15":-0.0458574049,
    "16":-0.0215627752,
    "17":-0.04064553,
    "18":-0.0921767633,
    "19":-0.0271184194,
    "20":-0.03869041,
    "21":-0.0162048801,
    "22":-0.040510609,
    "23":-0.033891382,
    "24":-0.036199,
    "25":-0.067304071,
    "26":-0.0455323493,
    "27":-0.0914751593,
    "28":-0.044645707,
    "29":-0.0338900472,
    "30":-0.0314841201,
    "31":-0.0287759557,
    "32":-0.0817914949,
    "33":-0.0407315823,
    "34":-0.0789710475,
    "35":-0.1168260452,
    "36":-0.049505239,
    "37":0.0011650076,
    "38":-0.0378699,
    "39":-0.033582859,
    "40":-0.03511351,
    "41":-0.0164966437,
    "42":-0.0557156296,
    "43":-0.041667985,
    "44":-0.04064938,
    "45":-0.036906038,
    "46":-0.049753852,
    "47":-0.0441303612,
    "48":-0.029908367,
    "49":-0.0950372177
  }
}