{
  "Astrahl":{
    "0":0.01115042,
    "1":0.0173594325,
    "2":0.011372428,
    "3":0.0140103037,
    "4":0.0175627868,
    "5":0.0115506506,
    "6":0.015510219,
    "7":0.044272519,
    "8":0.01515042,
    "9":0.0317776691,
    "10":0.0296467802,
    "11":0.03493326,
    "12":0.0158469169,
    "13":0.025847368,
    "14":0.0215248422,
    "15":0.0105558774,
    "16":0.0322683902,
    "17":0.0619509718,
    "18":0.0314477301,
    "19":0.013355984,
    "20":0.013349999,
    "21":0.0162462922,
    "22":0.03119757,
    "23":0.0073197555,
    "24":0.016852124,
    "25":0.012584395,
    "26":0.0475822308,
    "27":0.0273090863,
    "28":0.0453131151,
    "29":0.0369680509,
    "30":0.016139349,
    "31":0.01615042,
    "32":0.0092330928,
    "33":0.01718203,
    "34":0.0288856882,
    "35":0.01613734,
    "36":0.0343238599,
    "37":0.0236393361,
    "38":0.01434008,
    "39":0.01424525,
    "40":0.016350637,
    "41":0.014196728,
    "42":0.037205074,
    "43":0.02897468,
    "44":0.01521473,
    "45":0.0655263112,
    "46":0.0176846017,
    "47":0.016604205,
    "48":0.026230827,
    "49":0.080225605
  },
  "Uniform":{
    "0":0.05916343,
    "1":0.055301025,
    "2":0.05328553,
    "3":0.0505464882,
    "4":0.0584304199,
    "5":0.0585123025,
    "6":0.05449648,
    "7":0.1490872931,
    "8":0.05816927,
    "9":0.089180223,
    "10":0.0993616262,
    "11":0.098853879,
    "12":0.0519616107,
    "13":0.10699995,
    "14":0.055413167,
    "15":0.0519439273,
    "16":0.1053457994,
    "17":0.1953810321,
    "18":0.1419563031,
    "19":0.0593274621,
    "20":0.051304279,
    "21":0.048167264,
    "22":0.09657261,
    "23":0.0543661307,
    "24":0.0580672908,
    "25":0.050649629,
    "26":0.145088366,
    "27":0.1084255044,
    "28":0.1565468202,
    "29":0.1063101273,
    "30":0.065112569,
    "31":0.04313951,
    "32":0.0431348456,
    "33":0.05412022,
    "34":0.1081084241,
    "35":0.0511595,
    "36":0.1427415878,
    "37":0.1075257258,
    "38":0.047354798,
    "39":0.063230579,
    "40":0.054228147,
    "41":0.053145189,
    "42":0.114775729,
    "43":0.110302947,
    "44":0.05514103,
    "45":0.1872577475,
    "46":0.0586878305,
    "47":0.051349889,
    "48":0.088991678,
    "49":0.2439866779
  },
  "Prop":{
    "0":0.06212804,
    "1":0.050250686,
    "2":0.05726097,
    "3":0.0634485025,
    "4":0.064295691,
    "5":0.0614794192,
    "6":0.0694124665,
    "7":0.1724317431,
    "8":0.0560997,
    "9":0.1231712442,
    "10":0.1203303149,
    "11":0.12220153,
    "12":0.0631450186,
    "13":0.111293539,
    "14":0.0653671867,
    "15":0.0649285082,
    "16":0.1114672312,
    "17":0.2252578316,
    "18":0.1707110955,
    "19":0.0603216711,
    "20":0.066298857,
    "21":0.0591841651,
    "22":0.11189103,
    "23":0.0601637611,
    "24":0.0547439992,
    "25":0.0634144502,
    "26":0.1665023742,
    "27":0.1197569374,
    "28":0.167591946,
    "29":0.1187108028,
    "30":0.072142918,
    "31":0.06015,
    "32":0.0551295397,
    "33":0.06213874,
    "34":0.1197587808,
    "35":0.0510969,
    "36":0.1708099999,
    "37":0.116945749,
    "38":0.067246069,
    "39":0.060206359,
    "40":0.05920143,
    "41":0.063166937,
    "42":0.126853039,
    "43":0.1184061192,
    "44":0.06114974,
    "45":0.229114145,
    "46":0.0604367093,
    "47":0.058203989,
    "48":0.1315634041,
    "49":0.2612147411
  },
  "Delta_Uniform":{
    "0":-0.04801301,
    "1":-0.0379415925,
    "2":-0.041913102,
    "3":-0.0365361845,
    "4":-0.0408676331,
    "5":-0.0469616519,
    "6":-0.038986261,
    "7":-0.1048147741,
    "8":-0.04301885,
    "9":-0.0574025539,
    "10":-0.069714846,
    "11":-0.063920619,
    "12":-0.0361146938,
    "13":-0.081152582,
    "14":-0.0338883248,
    "15":-0.0413880499,
    "16":-0.0730774092,
    "17":-0.1334300603,
    "18":-0.110508573,
    "19":-0.0459714781,
    "20":-0.03795428,
    "21":-0.0319209718,
    "22":-0.06537504,
    "23":-0.0470463752,
    "24":-0.0412151668,
    "25":-0.038065234,
    "26":-0.0975061352,
    "27":-0.0811164181,
    "28":-0.1112337051,
    "29":-0.0693420764,
    "30":-0.04897322,
    "31":-0.02698909,
    "32":-0.0339017528,
    "33":-0.03693819,
    "34":-0.079222736,
    "35":-0.03502216,
    "36":-0.1084177278,
    "37":-0.0838863897,
    "38":-0.033014718,
    "39":-0.048985329,
    "40":-0.03787751,
    "41":-0.038948461,
    "42":-0.077570655,
    "43":-0.081328267,
    "44":-0.0399263,
    "45":-0.1217314363,
    "46":-0.0410032288,
    "47":-0.034745684,
    "48":-0.062760851,
    "49":-0.1637610729
  },
  "Delta_Prop":{
    "0":-0.05097762,
    "1":-0.0328912535,
    "2":-0.045888542,
    "3":-0.0494381988,
    "4":-0.0467329042,
    "5":-0.0499287686,
    "6":-0.0539022475,
    "7":-0.1281592241,
    "8":-0.04094928,
    "9":-0.0913935751,
    "10":-0.0906835347,
    "11":-0.08726827,
    "12":-0.0472981017,
    "13":-0.085446171,
    "14":-0.0438423445,
    "15":-0.0543726308,
    "16":-0.079198841,
    "17":-0.1633068598,
    "18":-0.1392633654,
    "19":-0.0469656871,
    "20":-0.052948858,
    "21":-0.0429378729,
    "22":-0.08069346,
    "23":-0.0528440056,
    "24":-0.0378918752,
    "25":-0.0508300552,
    "26":-0.1189201434,
    "27":-0.0924478511,
    "28":-0.1222788309,
    "29":-0.0817427519,
    "30":-0.056003569,
    "31":-0.04399958,
    "32":-0.0458964469,
    "33":-0.04495671,
    "34":-0.0908730926,
    "35":-0.03495956,
    "36":-0.1364861399,
    "37":-0.0933064129,
    "38":-0.052905989,
    "39":-0.045961109,
    "40":-0.042850793,
    "41":-0.048970209,
    "42":-0.089647965,
    "43":-0.0894314392,
    "44":-0.04593501,
    "45":-0.1635878338,
    "46":-0.0427521076,
    "47":-0.041599784,
    "48":-0.1053325771,
    "49":-0.1809891361
  }
}