{
  "Astrahl":{
    "0":0.0000060975,
    "1":0.0,
    "2":0.0,
    "3":0.00000896,
    "4":0.0,
    "5":0.0000082707,
    "6":0.000006681,
    "7":0.0,
    "8":0.0,
    "9":0.00000199,
    "10":0.0000083224,
    "11":0.00000271,
    "12":0.0000036829,
    "13":0.0000105612,
    "14":0.0,
    "15":0.000001,
    "16":0.0000074549,
    "17":0.0000074549,
    "18":0.0,
    "19":0.0000064585,
    "20":0.0,
    "21":0.0,
    "22":0.0000140029,
    "23":0.00000299,
    "24":0.0,
    "25":0.0,
    "26":0.0000044046,
    "27":0.0000044046,
    "28":0.000002881,
    "29":0.0,
    "30":0.000010291,
    "31":0.000001,
    "32":0.0,
    "33":0.0,
    "34":0.0,
    "35":0.000001,
    "36":0.0000100758,
    "37":0.0000019,
    "38":0.0,
    "39":0.0,
    "40":0.0000074639,
    "41":0.0,
    "42":0.0,
    "43":0.0,
    "44":0.00000199,
    "45":0.0,
    "46":0.0,
    "47":0.0,
    "48":0.0,
    "49":0.0
  },
  "Uniform":{
    "0":0.0000225939,
    "1":0.000023779,
    "2":0.000014849,
    "3":0.00001221,
    "4":0.0000235929,
    "5":0.0000135,
    "6":0.00000661,
    "7":0.0000066829,
    "8":0.00000599,
    "9":0.0000068,
    "10":0.0000174485,
    "11":0.0000096,
    "12":0.000012771,
    "13":0.0000321649,
    "14":0.000003,
    "15":0.0000106,
    "16":0.0000364488,
    "17":0.0000086,
    "18":0.000005,
    "19":0.00001359,
    "20":0.000005871,
    "21":0.0000225565,
    "22":0.000029311,
    "23":0.000001,
    "24":0.0000049,
    "25":0.000018053,
    "26":0.0000236029,
    "27":0.00001801,
    "28":0.0000107,
    "29":0.000009752,
    "30":0.000031657,
    "31":0.000004,
    "32":0.00000889,
    "33":0.0000049,
    "34":0.00002181,
    "35":0.0000180739,
    "36":0.000018262,
    "37":0.0000049,
    "38":0.000003,
    "39":0.0000284472,
    "40":0.0000219519,
    "41":0.000030391,
    "42":0.00001303,
    "43":0.0000029,
    "44":0.000004,
    "45":0.000017991,
    "46":0.0000827616,
    "47":0.00000751,
    "48":0.000004,
    "49":0.0
  },
  "Prop":{
    "0":0.0000190829,
    "1":0.0000268139,
    "2":0.000014749,
    "3":0.000014291,
    "4":0.00001302,
    "5":0.0000239031,
    "6":0.00001479,
    "7":0.00001041,
    "8":0.00001892,
    "9":0.0000069,
    "10":0.00001141,
    "11":0.000017381,
    "12":0.0000057,
    "13":0.0000269439,
    "14":0.00000599,
    "15":0.0000115,
    "16":0.000046971,
    "17":0.00001089,
    "18":0.0000088,
    "19":0.00000689,
    "20":0.0000078,
    "21":0.000047358,
    "22":0.0000339231,
    "23":0.00000599,
    "24":0.000007681,
    "25":0.0000049,
    "26":0.000019081,
    "27":0.000011201,
    "28":0.0000069,
    "29":0.0000029,
    "30":0.00001379,
    "31":0.000003,
    "32":0.0000029,
    "33":0.000002,
    "34":0.0000144,
    "35":0.00001811,
    "36":0.000001,
    "37":0.000003,
    "38":0.0000069,
    "39":0.0000306642,
    "40":0.0000379129,
    "41":0.000028769,
    "42":0.0000129839,
    "43":0.0000059,
    "44":0.0000087,
    "45":0.000030301,
    "46":0.0000737448,
    "47":0.000009881,
    "48":0.000002,
    "49":0.000003881
  },
  "Delta_Uniform":{
    "0":-0.0000164964,
    "1":-0.000023779,
    "2":-0.000014849,
    "3":-0.00000325,
    "4":-0.0000235929,
    "5":-0.0000052293,
    "6":0.000000071,
    "7":-0.0000066829,
    "8":-0.00000599,
    "9":-0.00000481,
    "10":-0.0000091261,
    "11":-0.00000689,
    "12":-0.0000090881,
    "13":-0.0000216037,
    "14":-0.000003,
    "15":-0.0000096,
    "16":-0.0000289939,
    "17":-0.0000011451,
    "18":-0.000005,
    "19":-0.0000071315,
    "20":-0.000005871,
    "21":-0.0000225565,
    "22":-0.0000153081,
    "23":0.00000199,
    "24":-0.0000049,
    "25":-0.000018053,
    "26":-0.0000191983,
    "27":-0.0000136054,
    "28":-0.000007819,
    "29":-0.000009752,
    "30":-0.000021366,
    "31":-0.000003,
    "32":-0.00000889,
    "33":-0.0000049,
    "34":-0.00002181,
    "35":-0.0000170739,
    "36":-0.0000081862,
    "37":-0.000003,
    "38":-0.000003,
    "39":-0.0000284472,
    "40":-0.000014488,
    "41":-0.000030391,
    "42":-0.00001303,
    "43":-0.0000029,
    "44":-0.00000201,
    "45":-0.000017991,
    "46":-0.0000827616,
    "47":-0.00000751,
    "48":-0.000004,
    "49":0.0
  },
  "Delta_Prop":{
    "0":-0.0000129854,
    "1":-0.0000268139,
    "2":-0.000014749,
    "3":-0.000005331,
    "4":-0.00001302,
    "5":-0.0000156324,
    "6":-0.000008109,
    "7":-0.00001041,
    "8":-0.00001892,
    "9":-0.00000491,
    "10":-0.0000030876,
    "11":-0.000014671,
    "12":-0.0000020171,
    "13":-0.0000163827,
    "14":-0.00000599,
    "15":-0.0000105,
    "16":-0.0000395161,
    "17":-0.0000034351,
    "18":-0.0000088,
    "19":-0.0000004315,
    "20":-0.0000078,
    "21":-0.000047358,
    "22":-0.0000199202,
    "23":-0.000003,
    "24":-0.000007681,
    "25":-0.0000049,
    "26":-0.0000146764,
    "27":-0.0000067964,
    "28":-0.000004019,
    "29":-0.0000029,
    "30":-0.000003499,
    "31":-0.000002,
    "32":-0.0000029,
    "33":-0.000002,
    "34":-0.0000144,
    "35":-0.00001711,
    "36":0.0000090758,
    "37":-0.0000011,
    "38":-0.0000069,
    "39":-0.0000306642,
    "40":-0.000030449,
    "41":-0.000028769,
    "42":-0.0000129839,
    "43":-0.0000059,
    "44":-0.00000671,
    "45":-0.000030301,
    "46":-0.0000737448,
    "47":-0.000009881,
    "48":-0.000002,
    "49":-0.000003881
  }
}