{
  "Astrahl":{
    "0":0.0027204866,
    "1":0.00309747,
    "2":0.0056927684,
    "3":0.0061026,
    "4":0.0043946322,
    "5":0.00325472,
    "6":0.0100193163,
    "7":0.00294959,
    "8":0.0034240839,
    "9":0.0024419813,
    "10":0.002560975,
    "11":0.0095885247,
    "12":0.0055652703,
    "13":0.0018834138,
    "14":0.005624563,
    "15":0.002663414,
    "16":0.00254275,
    "17":0.0034817533,
    "18":0.002970731,
    "19":0.003716964,
    "20":0.0027835677,
    "21":0.0029897579,
    "22":0.00335643,
    "23":0.00307054,
    "24":0.0059408703,
    "25":0.0111291381,
    "26":0.0027230281,
    "27":0.0028251207,
    "28":0.0035181198,
    "29":0.002787723,
    "30":0.00307317,
    "31":0.0055960958,
    "32":0.0058784616,
    "33":0.002868292,
    "34":0.0148835293,
    "35":0.0025025102,
    "36":0.0024352559,
    "37":0.006536198,
    "38":0.0029646593,
    "39":0.0087360503,
    "40":0.0033534402,
    "41":0.00244104,
    "42":0.0038495782,
    "43":0.0050124253,
    "44":0.0065890411,
    "45":0.0032436571,
    "46":0.0025921398,
    "47":0.0028251207,
    "48":0.0042293522,
    "49":0.0028866628
  },
  "Uniform":{
    "0":0.0071300687,
    "1":0.006631059,
    "2":0.0124035044,
    "3":0.014038454,
    "4":0.0074213901,
    "5":0.00628634,
    "6":0.0194628278,
    "7":0.00666006,
    "8":0.0068524618,
    "9":0.0059219169,
    "10":0.007297155,
    "11":0.0263489275,
    "12":0.0136650407,
    "13":0.0063167692,
    "14":0.012120486,
    "15":0.00680842,
    "16":0.00656415,
    "17":0.0073047886,
    "18":0.006398971,
    "19":0.006537538,
    "20":0.0067389476,
    "21":0.0071494206,
    "22":0.00648481,
    "23":0.0070672216,
    "24":0.0137660661,
    "25":0.023407107,
    "26":0.006234845,
    "27":0.0064299902,
    "28":0.006968446,
    "29":0.006336693,
    "30":0.006417806,
    "31":0.0124317049,
    "32":0.0131659562,
    "33":0.00782247,
    "34":0.0354691537,
    "35":0.0072762103,
    "36":0.0071673673,
    "37":0.0136537693,
    "38":0.0068998497,
    "39":0.0185380225,
    "40":0.0062124647,
    "41":0.0070764,
    "42":0.0072649801,
    "43":0.0122331232,
    "44":0.0130926615,
    "45":0.0067102929,
    "46":0.0067591973,
    "47":0.006715615,
    "48":0.0136346136,
    "49":0.0069566041
  },
  "Prop":{
    "0":0.0062887893,
    "1":0.006322934,
    "2":0.0121485167,
    "3":0.012604181,
    "4":0.0057877431,
    "5":0.00658229,
    "6":0.0158457947,
    "7":0.00668885,
    "8":0.0063179979,
    "9":0.0070724772,
    "10":0.006211288,
    "11":0.0212751018,
    "12":0.012884803,
    "13":0.0066208469,
    "14":0.012329487,
    "15":0.007118062,
    "16":0.00619617,
    "17":0.0081207154,
    "18":0.006716425,
    "19":0.005852028,
    "20":0.0065467849,
    "21":0.0063453936,
    "22":0.00676585,
    "23":0.0068737884,
    "24":0.0132993142,
    "25":0.0246835949,
    "26":0.0061887116,
    "27":0.005995158,
    "28":0.0079813251,
    "29":0.007152256,
    "30":0.006315508,
    "31":0.0126491208,
    "32":0.011032446,
    "33":0.006907288,
    "34":0.0326969394,
    "35":0.0066036132,
    "36":0.0069894205,
    "37":0.0135013573,
    "38":0.0067935652,
    "39":0.0173916433,
    "40":0.0058053668,
    "41":0.00658842,
    "42":0.0067211177,
    "43":0.0117434435,
    "44":0.0140282049,
    "45":0.0060989194,
    "46":0.0067436798,
    "47":0.0070375124,
    "48":0.0118849596,
    "49":0.0062366471
  },
  "Delta_Uniform":{
    "0":-0.0044095821,
    "1":-0.003533589,
    "2":-0.0067107359,
    "3":-0.007935854,
    "4":-0.0030267579,
    "5":-0.00303162,
    "6":-0.0094435115,
    "7":-0.00371047,
    "8":-0.0034283779,
    "9":-0.0034799356,
    "10":-0.00473618,
    "11":-0.0167604028,
    "12":-0.0080997704,
    "13":-0.0044333554,
    "14":-0.006495923,
    "15":-0.004145006,
    "16":-0.0040214,
    "17":-0.0038230353,
    "18":-0.00342824,
    "19":-0.002820574,
    "20":-0.0039553799,
    "21":-0.0041596627,
    "22":-0.00312838,
    "23":-0.0039966816,
    "24":-0.0078251958,
    "25":-0.0122779689,
    "26":-0.0035118169,
    "27":-0.0036048695,
    "28":-0.0034503262,
    "29":-0.00354897,
    "30":-0.003344636,
    "31":-0.0068356091,
    "32":-0.0072874946,
    "33":-0.004954178,
    "34":-0.0205856244,
    "35":-0.0047737001,
    "36":-0.0047321114,
    "37":-0.0071175713,
    "38":-0.0039351904,
    "39":-0.0098019722,
    "40":-0.0028590245,
    "41":-0.00463536,
    "42":-0.0034154018,
    "43":-0.0072206978,
    "44":-0.0065036204,
    "45":-0.0034666358,
    "46":-0.0041670576,
    "47":-0.0038904943,
    "48":-0.0094052614,
    "49":-0.0040699413
  },
  "Delta_Prop":{
    "0":-0.0035683027,
    "1":-0.003225464,
    "2":-0.0064557483,
    "3":-0.006501581,
    "4":-0.0013931109,
    "5":-0.00332757,
    "6":-0.0058264784,
    "7":-0.00373926,
    "8":-0.0028939141,
    "9":-0.0046304959,
    "10":-0.003650313,
    "11":-0.0116865771,
    "12":-0.0073195326,
    "13":-0.0047374331,
    "14":-0.006704924,
    "15":-0.004454648,
    "16":-0.00365342,
    "17":-0.0046389621,
    "18":-0.003745694,
    "19":-0.002135064,
    "20":-0.0037632172,
    "21":-0.0033556357,
    "22":-0.00340942,
    "23":-0.0038032484,
    "24":-0.0073584438,
    "25":-0.0135544568,
    "26":-0.0034656836,
    "27":-0.0031700373,
    "28":-0.0044632053,
    "29":-0.004364533,
    "30":-0.003242338,
    "31":-0.007053025,
    "32":-0.0051539844,
    "33":-0.004038996,
    "34":-0.0178134101,
    "35":-0.004101103,
    "36":-0.0045541646,
    "37":-0.0069651592,
    "38":-0.0038289059,
    "39":-0.0086555929,
    "40":-0.0024519266,
    "41":-0.00414738,
    "42":-0.0028715395,
    "43":-0.0067310182,
    "44":-0.0074391637,
    "45":-0.0028552623,
    "46":-0.00415154,
    "47":-0.0042123917,
    "48":-0.0076556075,
    "49":-0.0033499843
  }
}