{
  "Astrahl":{
    "0":0.0000020539,
    "1":0.0,
    "2":0.00000109,
    "3":0.0000033959,
    "4":0.0,
    "5":0.0,
    "6":0.0,
    "7":0.0,
    "8":0.0,
    "9":0.0,
    "10":0.0,
    "11":0.0,
    "12":0.0,
    "13":0.000001361,
    "14":0.0,
    "15":0.000003703,
    "16":0.0000020539,
    "17":0.0,
    "18":0.000002619,
    "19":0.000005697,
    "20":0.0,
    "21":0.0,
    "22":0.0,
    "23":0.0,
    "24":0.0,
    "25":0.0000035173,
    "26":0.0000032249,
    "27":0.0,
    "28":0.0,
    "29":0.0000076588,
    "30":0.0,
    "31":0.0,
    "32":0.0000012439,
    "33":0.000004251,
    "34":0.0000005217,
    "35":0.0,
    "36":0.0,
    "37":0.00000109,
    "38":0.0000003439,
    "39":0.0,
    "40":0.00000128,
    "41":0.0,
    "42":0.00000109,
    "43":0.00000109,
    "44":0.0,
    "45":0.000002081,
    "46":0.0,
    "47":0.0,
    "48":0.0,
    "49":0.0
  },
  "Uniform":{
    "0":0.000012481,
    "1":0.000002,
    "2":0.00000128,
    "3":0.0000072149,
    "4":0.00000229,
    "5":0.00000899,
    "6":0.00001312,
    "7":0.000005722,
    "8":0.00000798,
    "9":0.0000049,
    "10":0.00000319,
    "11":0.00000109,
    "12":0.0000029,
    "13":0.000015852,
    "14":0.000002171,
    "15":0.00000528,
    "16":0.00000219,
    "17":0.000009171,
    "18":0.00000019,
    "19":0.0000396371,
    "20":0.000001,
    "21":0.000001,
    "22":0.00000561,
    "23":0.0000086,
    "24":0.000039955,
    "25":0.00000338,
    "26":0.0000038,
    "27":0.0000041,
    "28":0.0,
    "29":0.000022689,
    "30":0.00000038,
    "31":0.00000319,
    "32":0.0000082517,
    "33":0.0000048,
    "34":0.0000063293,
    "35":0.000005451,
    "36":0.000001,
    "37":0.0000126539,
    "38":0.00000671,
    "39":0.0000011,
    "40":0.000006871,
    "41":0.0000049,
    "42":0.000009681,
    "43":0.000002,
    "44":0.0000230229,
    "45":0.00001131,
    "46":0.00001022,
    "47":0.0000011,
    "48":0.000003,
    "49":0.000004
  },
  "Prop":{
    "0":0.00002495,
    "1":0.0000021,
    "2":0.0000087,
    "3":0.0000024249,
    "4":0.00000798,
    "5":0.000002,
    "6":0.000003,
    "7":0.0000070179,
    "8":0.000003,
    "9":0.0000058,
    "10":0.00000309,
    "11":0.00000319,
    "12":0.00000328,
    "13":0.000007971,
    "14":0.0,
    "15":0.000014861,
    "16":0.0000029,
    "17":0.0000011,
    "18":0.000001171,
    "19":0.0000395933,
    "20":0.00000309,
    "21":0.000002,
    "22":0.00000751,
    "23":0.0000103658,
    "24":0.0000294911,
    "25":0.0000019,
    "26":0.0000125,
    "27":0.0000067,
    "28":0.000003071,
    "29":0.0000377447,
    "30":0.00000438,
    "31":0.000003,
    "32":0.0000086639,
    "33":0.00000889,
    "34":0.0000038783,
    "35":0.000005161,
    "36":0.00000428,
    "37":0.0000068,
    "38":0.0000083881,
    "39":0.00000309,
    "40":0.0000105,
    "41":0.0000029,
    "42":0.00001612,
    "43":0.000002,
    "44":0.0000276931,
    "45":0.000018981,
    "46":0.00000661,
    "47":0.000002,
    "48":0.000002461,
    "49":0.00000699
  },
  "Delta_Uniform":{
    "0":-0.0000104271,
    "1":-0.000002,
    "2":-0.00000019,
    "3":-0.000003819,
    "4":-0.00000229,
    "5":-0.00000899,
    "6":-0.00001312,
    "7":-0.000005722,
    "8":-0.00000798,
    "9":-0.0000049,
    "10":-0.00000319,
    "11":-0.00000109,
    "12":-0.0000029,
    "13":-0.000014491,
    "14":-0.000002171,
    "15":-0.000001577,
    "16":-0.0000001361,
    "17":-0.000009171,
    "18":0.000002429,
    "19":-0.0000339401,
    "20":-0.000001,
    "21":-0.000001,
    "22":-0.00000561,
    "23":-0.0000086,
    "24":-0.000039955,
    "25":0.0000001373,
    "26":-0.0000005751,
    "27":-0.0000041,
    "28":0.0,
    "29":-0.0000150302,
    "30":-0.00000038,
    "31":-0.00000319,
    "32":-0.0000070078,
    "33":-0.000000549,
    "34":-0.0000058076,
    "35":-0.000005451,
    "36":-0.000001,
    "37":-0.0000115639,
    "38":-0.0000063661,
    "39":-0.0000011,
    "40":-0.000005591,
    "41":-0.0000049,
    "42":-0.000008591,
    "43":-0.00000091,
    "44":-0.0000230229,
    "45":-0.000009229,
    "46":-0.00001022,
    "47":-0.0000011,
    "48":-0.000003,
    "49":-0.000004
  },
  "Delta_Prop":{
    "0":-0.0000228961,
    "1":-0.0000021,
    "2":-0.00000761,
    "3":0.000000971,
    "4":-0.00000798,
    "5":-0.000002,
    "6":-0.000003,
    "7":-0.0000070179,
    "8":-0.000003,
    "9":-0.0000058,
    "10":-0.00000309,
    "11":-0.00000319,
    "12":-0.00000328,
    "13":-0.00000661,
    "14":0.0,
    "15":-0.000011158,
    "16":-0.0000008461,
    "17":-0.0000011,
    "18":0.000001448,
    "19":-0.0000338963,
    "20":-0.00000309,
    "21":-0.000002,
    "22":-0.00000751,
    "23":-0.0000103658,
    "24":-0.0000294911,
    "25":0.0000016173,
    "26":-0.0000092751,
    "27":-0.0000067,
    "28":-0.000003071,
    "29":-0.0000300859,
    "30":-0.00000438,
    "31":-0.000003,
    "32":-0.00000742,
    "33":-0.000004639,
    "34":-0.0000033566,
    "35":-0.000005161,
    "36":-0.00000428,
    "37":-0.00000571,
    "38":-0.0000080442,
    "39":-0.00000309,
    "40":-0.00000922,
    "41":-0.0000029,
    "42":-0.00001503,
    "43":-0.00000091,
    "44":-0.0000276931,
    "45":-0.0000169,
    "46":-0.00000661,
    "47":-0.000002,
    "48":-0.000002461,
    "49":-0.00000699
  }
}