{
  "Astrahl":{
    "0":0.0002911103,
    "1":0.000091869,
    "2":0.000164768,
    "3":0.000206393,
    "4":0.0001458136,
    "5":0.0001664476,
    "6":0.0002051645,
    "7":0.000618077,
    "8":0.000118698,
    "9":0.000089414,
    "10":0.000099731,
    "11":0.0003020474,
    "12":0.0003717421,
    "13":0.0007032733,
    "14":0.0002117594,
    "15":0.0002188171,
    "16":0.0001729817,
    "17":0.0003555926,
    "18":0.0002497075,
    "19":0.0011213432,
    "20":0.00006233,
    "21":0.0002544419,
    "22":0.0002183485,
    "23":0.0001171398,
    "24":0.000192133,
    "25":0.0003917021,
    "26":0.0002605188,
    "27":0.0002178593,
    "28":0.000082536,
    "29":0.0006018594,
    "30":0.0002400247,
    "31":0.0002579107,
    "32":0.0003470148,
    "33":0.0001908645,
    "34":0.0014938629,
    "35":0.0002829714,
    "36":0.0000542,
    "37":0.0001515187,
    "38":0.0003706516,
    "39":0.000176692,
    "40":0.0002326017,
    "41":0.0002287782,
    "42":0.0001405677,
    "43":0.000170188,
    "44":0.0001936411,
    "45":0.0002297351,
    "46":0.0001358821,
    "47":0.00007046,
    "48":0.000580698,
    "49":0.0000859971
  },
  "Uniform":{
    "0":0.0004376484,
    "1":0.000210769,
    "2":0.000242895,
    "3":0.0003502581,
    "4":0.0002745257,
    "5":0.0002866578,
    "6":0.0003281706,
    "7":0.0009080806,
    "8":0.000260622,
    "9":0.000172022,
    "10":0.000123253,
    "11":0.000410182,
    "12":0.0005495356,
    "13":0.0011418067,
    "14":0.000355631,
    "15":0.0004498924,
    "16":0.0002485224,
    "17":0.0005749359,
    "18":0.0004387299,
    "19":0.0013313704,
    "20":0.00012615,
    "21":0.0004900965,
    "22":0.0004038299,
    "23":0.0001801369,
    "24":0.0002680861,
    "25":0.0005643154,
    "26":0.0003884314,
    "27":0.0002887471,
    "28":0.000161443,
    "29":0.0006937566,
    "30":0.0004140637,
    "31":0.0004276859,
    "32":0.0005419148,
    "33":0.0002934153,
    "34":0.0024100792,
    "35":0.0005301993,
    "36":0.00011579,
    "37":0.0002008263,
    "38":0.0005843322,
    "39":0.000218331,
    "40":0.0003142677,
    "41":0.0003108304,
    "42":0.0002006327,
    "43":0.000225384,
    "44":0.000187763,
    "45":0.0003303397,
    "46":0.0002123301,
    "47":0.00012712,
    "48":0.0007511133,
    "49":0.0001698862
  },
  "Prop":{
    "0":0.0004287034,
    "1":0.00021918,
    "2":0.00021815,
    "3":0.0003511983,
    "4":0.0003191712,
    "5":0.0002830707,
    "6":0.0004254903,
    "7":0.0009116367,
    "8":0.000222242,
    "9":0.0001437,
    "10":0.000151133,
    "11":0.0003994186,
    "12":0.0005174964,
    "13":0.0011743217,
    "14":0.0003276568,
    "15":0.0003707504,
    "16":0.0002555052,
    "17":0.0005749958,
    "18":0.0003531476,
    "19":0.0014771276,
    "20":0.00012648,
    "21":0.0004719232,
    "22":0.0004036837,
    "23":0.0002258606,
    "24":0.0002835511,
    "25":0.0005324006,
    "26":0.0004236431,
    "27":0.0003590079,
    "28":0.000195537,
    "29":0.0006834211,
    "30":0.0004586637,
    "31":0.0004252801,
    "32":0.0005508625,
    "33":0.000297251,
    "34":0.0024741236,
    "35":0.0005341388,
    "36":0.00010414,
    "37":0.0001878849,
    "38":0.000633567,
    "39":0.000236751,
    "40":0.0003739353,
    "41":0.0003638306,
    "42":0.0001828599,
    "43":0.000229778,
    "44":0.0002482758,
    "45":0.0003236747,
    "46":0.0002446087,
    "47":0.00012653,
    "48":0.0007747882,
    "49":0.0001484361
  },
  "Delta_Uniform":{
    "0":-0.0001465381,
    "1":-0.0001189,
    "2":-0.000078127,
    "3":-0.0001438651,
    "4":-0.0001287121,
    "5":-0.0001202102,
    "6":-0.0001230061,
    "7":-0.0002900036,
    "8":-0.000141924,
    "9":-0.000082608,
    "10":-0.000023522,
    "11":-0.0001081346,
    "12":-0.0001777934,
    "13":-0.0004385334,
    "14":-0.0001438716,
    "15":-0.0002310753,
    "16":-0.0000755407,
    "17":-0.0002193433,
    "18":-0.0001890223,
    "19":-0.0002100272,
    "20":-0.00006382,
    "21":-0.0002356546,
    "22":-0.0001854814,
    "23":-0.0000629971,
    "24":-0.0000759531,
    "25":-0.0001726132,
    "26":-0.0001279126,
    "27":-0.0000708878,
    "28":-0.000078907,
    "29":-0.0000918972,
    "30":-0.000174039,
    "31":-0.0001697752,
    "32":-0.0001949,
    "33":-0.0001025508,
    "34":-0.0009162163,
    "35":-0.0002472279,
    "36":-0.00006159,
    "37":-0.0000493076,
    "38":-0.0002136806,
    "39":-0.000041639,
    "40":-0.000081666,
    "41":-0.0000820522,
    "42":-0.000060065,
    "43":-0.000055196,
    "44":0.0000058782,
    "45":-0.0001006045,
    "46":-0.000076448,
    "47":-0.00005666,
    "48":-0.0001704153,
    "49":-0.0000838891
  },
  "Delta_Prop":{
    "0":-0.0001375931,
    "1":-0.000127311,
    "2":-0.000053382,
    "3":-0.0001448052,
    "4":-0.0001733576,
    "5":-0.0001166231,
    "6":-0.0002203258,
    "7":-0.0002935597,
    "8":-0.000103544,
    "9":-0.000054286,
    "10":-0.000051402,
    "11":-0.0000973712,
    "12":-0.0001457543,
    "13":-0.0004710485,
    "14":-0.0001158974,
    "15":-0.0001519334,
    "16":-0.0000825235,
    "17":-0.0002194032,
    "18":-0.00010344,
    "19":-0.0003557844,
    "20":-0.00006415,
    "21":-0.0002174813,
    "22":-0.0001853352,
    "23":-0.0001087208,
    "24":-0.0000914181,
    "25":-0.0001406985,
    "26":-0.0001631243,
    "27":-0.0001411486,
    "28":-0.000113001,
    "29":-0.0000815618,
    "30":-0.000218639,
    "31":-0.0001673694,
    "32":-0.0002038477,
    "33":-0.0001063865,
    "34":-0.0009802607,
    "35":-0.0002511674,
    "36":-0.00004994,
    "37":-0.0000363662,
    "38":-0.0002629154,
    "39":-0.000060059,
    "40":-0.0001413337,
    "41":-0.0001350524,
    "42":-0.0000422922,
    "43":-0.00005959,
    "44":-0.0000546347,
    "45":-0.0000939396,
    "46":-0.0001087266,
    "47":-0.00005607,
    "48":-0.0001940902,
    "49":-0.000062439
  }
}