{
  "Astrahl":{
    "0":0.0001089374,
    "1":0.00000988,
    "2":0.0001301712,
    "3":0.0000667557,
    "4":0.000020254,
    "5":0.0001914236,
    "6":0.0001689042,
    "7":0.0000552138,
    "8":0.0000431188,
    "9":0.0000808052,
    "10":0.0000288344,
    "11":0.000015447,
    "12":0.0004327742,
    "13":0.0000354658,
    "14":0.0000438451,
    "15":0.0003500797,
    "16":0.0000703128,
    "17":0.0000422164,
    "18":0.0000670774,
    "19":0.0000503724,
    "20":0.0005574602,
    "21":0.0000744689,
    "22":0.00002033,
    "23":0.0000178828,
    "24":0.0001069423,
    "25":0.00000931,
    "26":0.0000369692,
    "27":0.0001462545,
    "28":0.0000244713,
    "29":0.0000196023,
    "30":0.0009254229,
    "31":0.0000346364,
    "32":0.0000619251,
    "33":0.0000591852,
    "34":0.000016986,
    "35":0.000017195,
    "36":0.00001007,
    "37":0.0000524683,
    "38":0.00000988,
    "39":0.00001178,
    "40":0.0000858155,
    "41":0.0000224332,
    "42":0.0000759102,
    "43":0.000019399,
    "44":0.0002240036,
    "45":0.0000311573,
    "46":0.0000189145,
    "47":0.0000269743,
    "48":0.0001135523,
    "49":0.0001513946
  },
  "Uniform":{
    "0":0.0001063224,
    "1":0.00001244,
    "2":0.0001647328,
    "3":0.0000706948,
    "4":0.00002224,
    "5":0.0002212841,
    "6":0.000187675,
    "7":0.0000583698,
    "8":0.0000458768,
    "9":0.0000786784,
    "10":0.0000335909,
    "11":0.000020492,
    "12":0.0005020622,
    "13":0.0000477736,
    "14":0.0000371045,
    "15":0.0004442597,
    "16":0.0000823014,
    "17":0.0000429076,
    "18":0.000077296,
    "19":0.0000649587,
    "20":0.0006751756,
    "21":0.0000865937,
    "22":0.000020606,
    "23":0.0000207083,
    "24":0.0001132616,
    "25":0.00001089,
    "26":0.000038413,
    "27":0.0001447928,
    "28":0.0000280731,
    "29":0.0000231408,
    "30":0.0010065694,
    "31":0.0000406569,
    "32":0.0000811263,
    "33":0.0000839481,
    "34":0.000021817,
    "35":0.0000216393,
    "36":0.00001211,
    "37":0.0000560435,
    "38":0.00001033,
    "39":0.00001022,
    "40":0.0001002711,
    "41":0.0000289868,
    "42":0.0000903595,
    "43":0.000022602,
    "44":0.0002451493,
    "45":0.0000320884,
    "46":0.0000218543,
    "47":0.0000335724,
    "48":0.0001120113,
    "49":0.0001577471
  },
  "Prop":{
    "0":0.0001101906,
    "1":0.00001327,
    "2":0.0001771477,
    "3":0.0000788202,
    "4":0.000021186,
    "5":0.0002153362,
    "6":0.0001868986,
    "7":0.0000617894,
    "8":0.0000431232,
    "9":0.000089182,
    "10":0.0000270345,
    "11":0.000020373,
    "12":0.0005061559,
    "13":0.0000513537,
    "14":0.0000490153,
    "15":0.0004094454,
    "16":0.0000874135,
    "17":0.0000450061,
    "18":0.0000843896,
    "19":0.0000563817,
    "20":0.0006266742,
    "21":0.0000804614,
    "22":0.000019532,
    "23":0.0000188513,
    "24":0.0001208903,
    "25":0.00001098,
    "26":0.0000409768,
    "27":0.0001439166,
    "28":0.0000303291,
    "29":0.0000175574,
    "30":0.0009796535,
    "31":0.0000452693,
    "32":0.0000936778,
    "33":0.0000864644,
    "34":0.000023793,
    "35":0.0000182642,
    "36":0.00001202,
    "37":0.0000701545,
    "38":0.00001166,
    "39":0.00001336,
    "40":0.0001140008,
    "41":0.0000293202,
    "42":0.0000877095,
    "43":0.000023071,
    "44":0.0002357571,
    "45":0.0000373811,
    "46":0.0000184507,
    "47":0.0000308922,
    "48":0.0001134542,
    "49":0.0001598865
  },
  "Delta_Uniform":{
    "0":0.000002615,
    "1":-0.00000256,
    "2":-0.0000345617,
    "3":-0.000003939,
    "4":-0.000001986,
    "5":-0.0000298605,
    "6":-0.0000187709,
    "7":-0.000003156,
    "8":-0.0000027579,
    "9":0.0000021267,
    "10":-0.0000047565,
    "11":-0.000005045,
    "12":-0.000069288,
    "13":-0.0000123078,
    "14":0.0000067406,
    "15":-0.0000941799,
    "16":-0.0000119885,
    "17":-0.0000006912,
    "18":-0.0000102186,
    "19":-0.0000145863,
    "20":-0.0001177154,
    "21":-0.0000121248,
    "22":-0.000000276,
    "23":-0.0000028255,
    "24":-0.0000063193,
    "25":-0.00000158,
    "26":-0.0000014437,
    "27":0.0000014617,
    "28":-0.0000036018,
    "29":-0.0000035385,
    "30":-0.0000811465,
    "31":-0.0000060205,
    "32":-0.0000192012,
    "33":-0.0000247629,
    "34":-0.000004831,
    "35":-0.0000044443,
    "36":-0.00000204,
    "37":-0.0000035752,
    "38":-0.00000045,
    "39":0.00000156,
    "40":-0.0000144556,
    "41":-0.0000065536,
    "42":-0.0000144493,
    "43":-0.000003203,
    "44":-0.0000211457,
    "45":-0.0000009311,
    "46":-0.0000029398,
    "47":-0.0000065981,
    "48":0.0000015411,
    "49":-0.0000063525
  },
  "Delta_Prop":{
    "0":-0.0000012532,
    "1":-0.00000339,
    "2":-0.0000469765,
    "3":-0.0000120645,
    "4":-0.000000932,
    "5":-0.0000239125,
    "6":-0.0000179944,
    "7":-0.0000065756,
    "8":-0.0000000044,
    "9":-0.0000083768,
    "10":0.0000017999,
    "11":-0.000004926,
    "12":-0.0000733817,
    "13":-0.0000158879,
    "14":-0.0000051702,
    "15":-0.0000593657,
    "16":-0.0000171007,
    "17":-0.0000027897,
    "18":-0.0000173122,
    "19":-0.0000060093,
    "20":-0.000069214,
    "21":-0.0000059925,
    "22":0.000000798,
    "23":-0.0000009685,
    "24":-0.0000139481,
    "25":-0.00000167,
    "26":-0.0000040075,
    "27":0.0000023378,
    "28":-0.0000058578,
    "29":0.0000020449,
    "30":-0.0000542306,
    "31":-0.0000106328,
    "32":-0.0000317526,
    "33":-0.0000272792,
    "34":-0.000006807,
    "35":-0.0000010692,
    "36":-0.00000195,
    "37":-0.0000176862,
    "38":-0.00000178,
    "39":-0.00000158,
    "40":-0.0000281853,
    "41":-0.000006887,
    "42":-0.0000117992,
    "43":-0.000003672,
    "44":-0.0000117535,
    "45":-0.0000062238,
    "46":0.0000004638,
    "47":-0.0000039179,
    "48":0.0000000982,
    "49":-0.0000084919
  }
}