{
  "Astrahl":{
    "0":0.005806393,
    "1":0.0184278438,
    "2":0.0197287904,
    "3":0.0057027074,
    "4":0.0095565269,
    "5":0.0100358028,
    "6":0.00528892,
    "7":0.0121426696,
    "8":0.010394762,
    "9":0.0197354291,
    "10":0.0301607962,
    "11":0.0055456073,
    "12":0.0060826109,
    "13":0.0059141737,
    "14":0.0105157271,
    "15":0.0056502414,
    "16":0.0170404934,
    "17":0.005740479,
    "18":0.012540843,
    "19":0.0049858352,
    "20":0.005231705,
    "21":0.0192076198,
    "22":0.0114897858,
    "23":0.0043946322,
    "24":0.006351218,
    "25":0.006183362,
    "26":0.0339686212,
    "27":0.008155169,
    "28":0.0173824746,
    "29":0.00600089,
    "30":0.0128363278,
    "31":0.0145619419,
    "32":0.009947238,
    "33":0.00528892,
    "34":0.0148947007,
    "35":0.0115739716,
    "36":0.0049894606,
    "37":0.0108422055,
    "38":0.0108735586,
    "39":0.00579747,
    "40":0.006749287,
    "41":0.0104852173,
    "42":0.004609755,
    "43":0.010994851,
    "44":0.005634145,
    "45":0.00549234,
    "46":0.0154558553,
    "47":0.0191922078,
    "48":0.0087881679,
    "49":0.005308655
  },
  "Uniform":{
    "0":0.0087553575,
    "1":0.0291329466,
    "2":0.027832838,
    "3":0.008759677,
    "4":0.016031398,
    "5":0.0161639277,
    "6":0.0080189,
    "7":0.0178475958,
    "8":0.014650226,
    "9":0.031219945,
    "10":0.0454999414,
    "11":0.0090579685,
    "12":0.0087037773,
    "13":0.0081350769,
    "14":0.0168104249,
    "15":0.008303723,
    "16":0.0233022644,
    "17":0.0084537313,
    "18":0.015595037,
    "19":0.0090756522,
    "20":0.0076887625,
    "21":0.0271583212,
    "22":0.0169069069,
    "23":0.0084423784,
    "24":0.007874213,
    "25":0.0085274884,
    "26":0.0460786483,
    "27":0.0144172437,
    "28":0.0251898465,
    "29":0.00831107,
    "30":0.0155468299,
    "31":0.0231325928,
    "32":0.015673911,
    "33":0.00861706,
    "34":0.0230029915,
    "35":0.017238931,
    "36":0.0086370062,
    "37":0.0165888751,
    "38":0.0161316519,
    "39":0.00812518,
    "40":0.0078104654,
    "41":0.015130773,
    "42":0.008182991,
    "43":0.015142839,
    "44":0.008644742,
    "45":0.00841834,
    "46":0.0232025489,
    "47":0.0285671771,
    "48":0.0164428504,
    "49":0.0089500397
  },
  "Prop":{
    "0":0.0083762679,
    "1":0.029894401,
    "2":0.0281296181,
    "3":0.0085594174,
    "4":0.0157487823,
    "5":0.0154236265,
    "6":0.00831744,
    "7":0.0152278759,
    "8":0.015574182,
    "9":0.0305308382,
    "10":0.0432057279,
    "11":0.0084498978,
    "12":0.0076052783,
    "13":0.0076546973,
    "14":0.0162688366,
    "15":0.0087276807,
    "16":0.0219132108,
    "17":0.007900851,
    "18":0.01598275,
    "19":0.0089028112,
    "20":0.008650155,
    "21":0.0303016853,
    "22":0.0157677588,
    "23":0.0081998754,
    "24":0.008245095,
    "25":0.0081779543,
    "26":0.0442852105,
    "27":0.0163298361,
    "28":0.0233823819,
    "29":0.00751108,
    "30":0.0155680156,
    "31":0.0214899246,
    "32":0.015485271,
    "33":0.00741712,
    "34":0.0220273708,
    "35":0.0151094828,
    "36":0.008515805,
    "37":0.0167927725,
    "38":0.015683838,
    "39":0.00851417,
    "40":0.0092904922,
    "41":0.0151690642,
    "42":0.00836845,
    "43":0.015881738,
    "44":0.008559944,
    "45":0.00781351,
    "46":0.021931651,
    "47":0.0279243799,
    "48":0.0158600204,
    "49":0.0075967897
  },
  "Delta_Uniform":{
    "0":-0.0029489645,
    "1":-0.0107051029,
    "2":-0.0081040476,
    "3":-0.0030569695,
    "4":-0.0064748711,
    "5":-0.0061281249,
    "6":-0.00272998,
    "7":-0.0057049263,
    "8":-0.004255464,
    "9":-0.0114845158,
    "10":-0.0153391453,
    "11":-0.0035123612,
    "12":-0.0026211664,
    "13":-0.0022209032,
    "14":-0.0062946979,
    "15":-0.0026534816,
    "16":-0.006261771,
    "17":-0.0027132523,
    "18":-0.003054194,
    "19":-0.004089817,
    "20":-0.0024570575,
    "21":-0.0079507014,
    "22":-0.0054171211,
    "23":-0.0040477462,
    "24":-0.001522995,
    "25":-0.0023441263,
    "26":-0.0121100272,
    "27":-0.0062620747,
    "28":-0.0078073719,
    "29":-0.00231018,
    "30":-0.0027105022,
    "31":-0.0085706509,
    "32":-0.005726673,
    "33":-0.00332814,
    "34":-0.0081082907,
    "35":-0.0056649594,
    "36":-0.0036475456,
    "37":-0.0057466696,
    "38":-0.0052580933,
    "39":-0.00232771,
    "40":-0.0010611784,
    "41":-0.0046455558,
    "42":-0.003573236,
    "43":-0.004147988,
    "44":-0.003010597,
    "45":-0.002926,
    "46":-0.0077466936,
    "47":-0.0093749693,
    "48":-0.0076546825,
    "49":-0.0036413847
  },
  "Delta_Prop":{
    "0":-0.0025698748,
    "1":-0.0114665572,
    "2":-0.0084008277,
    "3":-0.00285671,
    "4":-0.0061922554,
    "5":-0.0053878237,
    "6":-0.00302852,
    "7":-0.0030852063,
    "8":-0.00517942,
    "9":-0.0107954091,
    "10":-0.0130449317,
    "11":-0.0029042905,
    "12":-0.0015226674,
    "13":-0.0017405235,
    "14":-0.0057531096,
    "15":-0.0030774393,
    "16":-0.0048727174,
    "17":-0.0021603721,
    "18":-0.003441907,
    "19":-0.003916976,
    "20":-0.00341845,
    "21":-0.0110940655,
    "22":-0.004277973,
    "23":-0.0038052432,
    "24":-0.001893877,
    "25":-0.0019945923,
    "26":-0.0103165894,
    "27":-0.0081746671,
    "28":-0.0059999073,
    "29":-0.00151019,
    "30":-0.0027316878,
    "31":-0.0069279827,
    "32":-0.005538033,
    "33":-0.0021282,
    "34":-0.00713267,
    "35":-0.0035355113,
    "36":-0.0035263443,
    "37":-0.005950567,
    "38":-0.0048102794,
    "39":-0.0027167,
    "40":-0.0025412052,
    "41":-0.0046838469,
    "42":-0.003758695,
    "43":-0.004886887,
    "44":-0.002925799,
    "45":-0.00232117,
    "46":-0.0064757957,
    "47":-0.0087321721,
    "48":-0.0070718524,
    "49":-0.0022881347
  }
}