{
  "Astrahl":{
    "0":0.2431043803,
    "1":0.1108273271,
    "2":0.1476732353,
    "3":0.2173458339,
    "4":0.1815272293,
    "5":0.2791592948,
    "6":0.1493071489,
    "7":0.2071766095,
    "8":0.1430862251,
    "9":0.1068782775,
    "10":0.1652184189,
    "11":0.0931203379,
    "12":0.2030276548,
    "13":0.0918836893,
    "14":0.2170646154,
    "15":0.1597546637,
    "16":0.0949350268,
    "17":0.077323087,
    "18":0.1777849722,
    "19":0.1625665725,
    "20":0.0985803081,
    "21":0.0990128764,
    "22":0.105397632,
    "23":0.1491215331,
    "24":0.0951391182,
    "25":0.1584391853,
    "26":0.2506122396,
    "27":0.1082036579,
    "28":0.0942231781,
    "29":0.2028355561,
    "30":0.1117630933,
    "31":0.1397229564,
    "32":0.1222198529,
    "33":0.0953294824,
    "34":0.0927745354,
    "35":0.1000587513,
    "36":0.0930358117,
    "37":0.1293188588,
    "38":0.07833241,
    "39":0.0874966124,
    "40":0.0861300883,
    "41":0.2862931866,
    "42":0.0923029471,
    "43":0.1479719413,
    "44":0.1546823248,
    "45":0.081992098,
    "46":0.1431650881,
    "47":0.1275326186,
    "48":0.1440416944,
    "49":0.3128446159
  },
  "Uniform":{
    "0":0.3133132542,
    "1":0.1141152989,
    "2":0.1694947856,
    "3":0.2656480849,
    "4":0.201076762,
    "5":0.3423781196,
    "6":0.1811026999,
    "7":0.2605401092,
    "8":0.1712756272,
    "9":0.1326636351,
    "10":0.1941725446,
    "11":0.1203078547,
    "12":0.2561703397,
    "13":0.1125370404,
    "14":0.2596045033,
    "15":0.1840284958,
    "16":0.103063725,
    "17":0.106946044,
    "18":0.1964948871,
    "19":0.1507720624,
    "20":0.1130088109,
    "21":0.1035464949,
    "22":0.1174051541,
    "23":0.1602976812,
    "24":0.1128639634,
    "25":0.2010029751,
    "26":0.3075242106,
    "27":0.1345928255,
    "28":0.1103651533,
    "29":0.2374021063,
    "30":0.1259525636,
    "31":0.1805377137,
    "32":0.1228831421,
    "33":0.1122235381,
    "34":0.1104566598,
    "35":0.1342473429,
    "36":0.1082852568,
    "37":0.1293058004,
    "38":0.09703828,
    "39":0.1116188569,
    "40":0.1064540357,
    "41":0.286791262,
    "42":0.1077408604,
    "43":0.1843212039,
    "44":0.1511798981,
    "45":0.103979303,
    "46":0.1839910239,
    "47":0.1432587344,
    "48":0.1793649825,
    "49":0.3726618222
  },
  "Prop":{
    "0":0.3153741914,
    "1":0.1138641764,
    "2":0.1846283348,
    "3":0.261254012,
    "4":0.2015521703,
    "5":0.3375944967,
    "6":0.1754520427,
    "7":0.2556095462,
    "8":0.1890681498,
    "9":0.1282671408,
    "10":0.199004557,
    "11":0.1172907456,
    "12":0.2635173703,
    "13":0.1118876435,
    "14":0.2637865934,
    "15":0.2009256313,
    "16":0.1061322975,
    "17":0.111716802,
    "18":0.2044878579,
    "19":0.1630109566,
    "20":0.1152205261,
    "21":0.1128416653,
    "22":0.1212053052,
    "23":0.162448424,
    "24":0.1214771867,
    "25":0.2008855852,
    "26":0.3041070996,
    "27":0.1494561164,
    "28":0.1155967686,
    "29":0.2448078481,
    "30":0.1220289546,
    "31":0.178473298,
    "32":0.1261223918,
    "33":0.1153489456,
    "34":0.1070003835,
    "35":0.1294060891,
    "36":0.1114334974,
    "37":0.1411163064,
    "38":0.10045288,
    "39":0.1239174696,
    "40":0.1071011898,
    "41":0.2783878328,
    "42":0.1052945892,
    "43":0.1856606469,
    "44":0.1477220683,
    "45":0.112910959,
    "46":0.1822415608,
    "47":0.1404259818,
    "48":0.17502274,
    "49":0.375312739
  },
  "Delta_Uniform":{
    "0":-0.070208874,
    "1":-0.0032879718,
    "2":-0.0218215503,
    "3":-0.048302251,
    "4":-0.0195495327,
    "5":-0.0632188248,
    "6":-0.031795551,
    "7":-0.0533634997,
    "8":-0.0281894021,
    "9":-0.0257853576,
    "10":-0.0289541257,
    "11":-0.0271875168,
    "12":-0.053142685,
    "13":-0.0206533511,
    "14":-0.0425398879,
    "15":-0.0242738321,
    "16":-0.0081286982,
    "17":-0.029622957,
    "18":-0.018709915,
    "19":0.0117945101,
    "20":-0.0144285028,
    "21":-0.0045336185,
    "22":-0.0120075221,
    "23":-0.0111761481,
    "24":-0.0177248452,
    "25":-0.0425637898,
    "26":-0.0569119709,
    "27":-0.0263891676,
    "28":-0.0161419752,
    "29":-0.0345665502,
    "30":-0.0141894703,
    "31":-0.0408147574,
    "32":-0.0006632893,
    "33":-0.0168940557,
    "34":-0.0176821244,
    "35":-0.0341885917,
    "36":-0.0152494451,
    "37":0.0000130583,
    "38":-0.01870587,
    "39":-0.0241222446,
    "40":-0.0203239474,
    "41":-0.0004980753,
    "42":-0.0154379133,
    "43":-0.0363492626,
    "44":0.0035024266,
    "45":-0.021987205,
    "46":-0.0408259358,
    "47":-0.0157261158,
    "48":-0.0353232881,
    "49":-0.0598172063
  },
  "Delta_Prop":{
    "0":-0.0722698111,
    "1":-0.0030368493,
    "2":-0.0369550994,
    "3":-0.043908178,
    "4":-0.020024941,
    "5":-0.0584352019,
    "6":-0.0261448938,
    "7":-0.0484329367,
    "8":-0.0459819248,
    "9":-0.0213888633,
    "10":-0.0337861381,
    "11":-0.0241704076,
    "12":-0.0604897155,
    "13":-0.0200039542,
    "14":-0.046721978,
    "15":-0.0411709676,
    "16":-0.0111972707,
    "17":-0.034393715,
    "18":-0.0267028857,
    "19":-0.0004443841,
    "20":-0.0166402181,
    "21":-0.0138287889,
    "22":-0.0158076733,
    "23":-0.0133268909,
    "24":-0.0263380685,
    "25":-0.0424463999,
    "26":-0.05349486,
    "27":-0.0412524585,
    "28":-0.0213735905,
    "29":-0.041972292,
    "30":-0.0102658614,
    "31":-0.0387503416,
    "32":-0.003902539,
    "33":-0.0200194632,
    "34":-0.0142258481,
    "35":-0.0293473378,
    "36":-0.0183976857,
    "37":-0.0117974476,
    "38":-0.02212047,
    "39":-0.0364208573,
    "40":-0.0209711015,
    "41":0.0079053538,
    "42":-0.0129916421,
    "43":-0.0376887056,
    "44":0.0069602565,
    "45":-0.030918861,
    "46":-0.0390764727,
    "47":-0.0128933632,
    "48":-0.0309810456,
    "49":-0.0624681231
  }
}