{
  "Astrahl":{
    "0":0.0264247602,
    "1":0.008852078,
    "2":0.016412481,
    "3":0.0259997394,
    "4":0.0180592467,
    "5":0.0561849504,
    "6":0.0163397366,
    "7":0.0264820178,
    "8":0.0155252336,
    "9":0.0203010859,
    "10":0.0368553522,
    "11":0.0171404659,
    "12":0.0234796206,
    "13":0.0097311551,
    "14":0.024848283,
    "15":0.0267130056,
    "16":0.0097975516,
    "17":0.009343882,
    "18":0.0235812893,
    "19":0.0245890317,
    "20":0.0116662439,
    "21":0.0091610233,
    "22":0.0102443772,
    "23":0.0305233553,
    "24":0.0130537519,
    "25":0.0438963067,
    "26":0.0493020939,
    "27":0.0201009726,
    "28":0.0114427519,
    "29":0.0202106362,
    "30":0.0160252734,
    "31":0.0163901666,
    "32":0.0116432247,
    "33":0.0151730683,
    "34":0.0114917758,
    "35":0.0198893188,
    "36":0.0103931318,
    "37":0.0142983877,
    "38":0.00905774,
    "39":0.013594865,
    "40":0.0100042774,
    "41":0.0398129521,
    "42":0.0103130546,
    "43":0.0162420744,
    "44":0.0222808141,
    "45":0.009393136,
    "46":0.0270708391,
    "47":0.0237849998,
    "48":0.0165140297,
    "49":0.0361396435
  },
  "Uniform":{
    "0":0.0310105166,
    "1":0.0107344701,
    "2":0.0180317171,
    "3":0.0303985881,
    "4":0.0199851474,
    "5":0.0612950871,
    "6":0.018536338,
    "7":0.0270978072,
    "8":0.0191394741,
    "9":0.0218671807,
    "10":0.0448227423,
    "11":0.0191715906,
    "12":0.025233106,
    "13":0.0120093198,
    "14":0.0275996457,
    "15":0.0323705821,
    "16":0.0109554452,
    "17":0.010281649,
    "18":0.0252212869,
    "19":0.0241628891,
    "20":0.012946649,
    "21":0.0103847525,
    "22":0.011384882,
    "23":0.0314182465,
    "24":0.0155114466,
    "25":0.0550652733,
    "26":0.0580285216,
    "27":0.0214113696,
    "28":0.0107016458,
    "29":0.0239898492,
    "30":0.0164226559,
    "31":0.0172218018,
    "32":0.0129088043,
    "33":0.0183780135,
    "34":0.0116612755,
    "35":0.0231213659,
    "36":0.0122142013,
    "37":0.0151812306,
    "38":0.01010097,
    "39":0.0146011122,
    "40":0.012833073,
    "41":0.0410622211,
    "42":0.0121384538,
    "43":0.0174027862,
    "44":0.0217522786,
    "45":0.010588273,
    "46":0.0288009468,
    "47":0.024016725,
    "48":0.0176411572,
    "49":0.0404880669
  },
  "Prop":{
    "0":0.0299093482,
    "1":0.011014439,
    "2":0.0185220002,
    "3":0.029393042,
    "4":0.0198623869,
    "5":0.0598667348,
    "6":0.0174059007,
    "7":0.0274907362,
    "8":0.0177936295,
    "9":0.0210810743,
    "10":0.0460101361,
    "11":0.0182072683,
    "12":0.0260855571,
    "13":0.0118239497,
    "14":0.0278886888,
    "15":0.0315717384,
    "16":0.0108241146,
    "17":0.009749671,
    "18":0.0254789516,
    "19":0.0247270416,
    "20":0.0128080407,
    "21":0.0102722537,
    "22":0.012075843,
    "23":0.0314562602,
    "24":0.0153735706,
    "25":0.0527791804,
    "26":0.0556993467,
    "27":0.0225274348,
    "28":0.0112136308,
    "29":0.0236345236,
    "30":0.0167341418,
    "31":0.0178632288,
    "32":0.0127912871,
    "33":0.0175165056,
    "34":0.0117025738,
    "35":0.0233536634,
    "36":0.0117841734,
    "37":0.0149215691,
    "38":0.00996197,
    "39":0.0157747491,
    "40":0.0113151749,
    "41":0.0429995545,
    "42":0.0116249922,
    "43":0.0175943133,
    "44":0.022125003,
    "45":0.011337147,
    "46":0.0327453076,
    "47":0.0236929405,
    "48":0.0173510072,
    "49":0.0395741365
  },
  "Delta_Uniform":{
    "0":-0.0045857564,
    "1":-0.0018823921,
    "2":-0.0016192361,
    "3":-0.0043988487,
    "4":-0.0019259007,
    "5":-0.0051101367,
    "6":-0.0021966014,
    "7":-0.0006157895,
    "8":-0.0036142405,
    "9":-0.0015660948,
    "10":-0.0079673901,
    "11":-0.0020311247,
    "12":-0.0017534855,
    "13":-0.0022781647,
    "14":-0.0027513627,
    "15":-0.0056575765,
    "16":-0.0011578936,
    "17":-0.000937767,
    "18":-0.0016399975,
    "19":0.0004261426,
    "20":-0.0012804052,
    "21":-0.0012237292,
    "22":-0.0011405048,
    "23":-0.0008948912,
    "24":-0.0024576947,
    "25":-0.0111689666,
    "26":-0.0087264277,
    "27":-0.001310397,
    "28":0.0007411061,
    "29":-0.003779213,
    "30":-0.0003973825,
    "31":-0.0008316352,
    "32":-0.0012655796,
    "33":-0.0032049452,
    "34":-0.0001694997,
    "35":-0.0032320472,
    "36":-0.0018210695,
    "37":-0.0008828429,
    "38":-0.00104323,
    "39":-0.0010062472,
    "40":-0.0028287956,
    "41":-0.0012492691,
    "42":-0.0018253992,
    "43":-0.0011607118,
    "44":0.0005285355,
    "45":-0.001195137,
    "46":-0.0017301077,
    "47":-0.0002317251,
    "48":-0.0011271275,
    "49":-0.0043484233
  },
  "Delta_Prop":{
    "0":-0.0034845879,
    "1":-0.002162361,
    "2":-0.0021095192,
    "3":-0.0033933026,
    "4":-0.0018031402,
    "5":-0.0036817844,
    "6":-0.0010661641,
    "7":-0.0010087185,
    "8":-0.0022683959,
    "9":-0.0007799885,
    "10":-0.009154784,
    "11":-0.0010668024,
    "12":-0.0026059366,
    "13":-0.0020927946,
    "14":-0.0030404058,
    "15":-0.0048587329,
    "16":-0.001026563,
    "17":-0.000405789,
    "18":-0.0018976622,
    "19":-0.0001380098,
    "20":-0.0011417969,
    "21":-0.0011112304,
    "22":-0.0018314658,
    "23":-0.0009329048,
    "24":-0.0023198187,
    "25":-0.0088828737,
    "26":-0.0063972528,
    "27":-0.0024264622,
    "28":0.0002291211,
    "29":-0.0034238874,
    "30":-0.0007088684,
    "31":-0.0014730622,
    "32":-0.0011480623,
    "33":-0.0023434373,
    "34":-0.000210798,
    "35":-0.0034643446,
    "36":-0.0013910416,
    "37":-0.0006231814,
    "38":-0.00090423,
    "39":-0.0021798841,
    "40":-0.0013108975,
    "41":-0.0031866024,
    "42":-0.0013119376,
    "43":-0.0013522389,
    "44":0.0001558111,
    "45":-0.001944011,
    "46":-0.0056744685,
    "47":0.0000920593,
    "48":-0.0008369775,
    "49":-0.003434493
  }
}