{
  "Astrahl":{
    "0":0.0195558177,
    "1":0.0079470726,
    "2":0.0106824262,
    "3":0.02011899,
    "4":0.0131061947,
    "5":0.038553171,
    "6":0.0117041324,
    "7":0.0197362981,
    "8":0.0112529534,
    "9":0.0159873028,
    "10":0.0275424315,
    "11":0.0126236765,
    "12":0.0171151309,
    "13":0.0078226286,
    "14":0.0178197051,
    "15":0.0201542113,
    "16":0.0079470869,
    "17":0.007300799,
    "18":0.0184112095,
    "19":0.0180289618,
    "20":0.0087879714,
    "21":0.0074158669,
    "22":0.0076987029,
    "23":0.0225289993,
    "24":0.0113870331,
    "25":0.0347573547,
    "26":0.0359174242,
    "27":0.0148948332,
    "28":0.0083359307,
    "29":0.0150001717,
    "30":0.011605893,
    "31":0.0117483543,
    "32":0.0087112435,
    "33":0.0102399031,
    "34":0.0074023016,
    "35":0.0150174644,
    "36":0.0073323806,
    "37":0.0096113696,
    "38":0.00614506,
    "39":0.0108273512,
    "40":0.0069389265,
    "41":0.0282361437,
    "42":0.0085947268,
    "43":0.011111797,
    "44":0.0168956335,
    "45":0.006735198,
    "46":0.0189761323,
    "47":0.0177202763,
    "48":0.0132780102,
    "49":0.0289144625
  },
  "Uniform":{
    "0":0.0236682819,
    "1":0.009167461,
    "2":0.0143935803,
    "3":0.0258817662,
    "4":0.0162405454,
    "5":0.0498962905,
    "6":0.0137562342,
    "7":0.0249386443,
    "8":0.0150336792,
    "9":0.016580339,
    "10":0.0362853023,
    "11":0.0146670179,
    "12":0.0232777133,
    "13":0.0088361074,
    "14":0.0225153103,
    "15":0.024467006,
    "16":0.0090126416,
    "17":0.008352872,
    "18":0.0184021429,
    "19":0.019024657,
    "20":0.0098542067,
    "21":0.0081480223,
    "22":0.0094835094,
    "23":0.0251575313,
    "24":0.0125873897,
    "25":0.0449472605,
    "26":0.0486446211,
    "27":0.0179952994,
    "28":0.0094731571,
    "29":0.019142781,
    "30":0.0128942055,
    "31":0.0151459478,
    "32":0.0094576058,
    "33":0.0156144969,
    "34":0.0093716756,
    "35":0.018503414,
    "36":0.0092967661,
    "37":0.0117959162,
    "38":0.00770636,
    "39":0.011615683,
    "40":0.0085727526,
    "41":0.0353475509,
    "42":0.0089108272,
    "43":0.014579893,
    "44":0.0173516321,
    "45":0.008995959,
    "46":0.024356894,
    "47":0.0191681673,
    "48":0.0149708568,
    "49":0.0314925481
  },
  "Prop":{
    "0":0.0256385922,
    "1":0.0094855425,
    "2":0.013977975,
    "3":0.0237338041,
    "4":0.0153032825,
    "5":0.049057139,
    "6":0.0140449571,
    "7":0.0202260759,
    "8":0.0144328198,
    "9":0.0170541799,
    "10":0.0336282378,
    "11":0.0148995632,
    "12":0.0191853005,
    "13":0.0094369583,
    "14":0.0224535088,
    "15":0.0270005138,
    "16":0.0080736231,
    "17":0.008126297,
    "18":0.0197777206,
    "19":0.0189042335,
    "20":0.0107246026,
    "21":0.0079275496,
    "22":0.0085630874,
    "23":0.0251918338,
    "24":0.012051432,
    "25":0.0455588509,
    "26":0.0435457435,
    "27":0.016370035,
    "28":0.0094730465,
    "29":0.0192002005,
    "30":0.0124140516,
    "31":0.0154178207,
    "32":0.0100986281,
    "33":0.0135700356,
    "34":0.0094263788,
    "35":0.0181328493,
    "36":0.0091739805,
    "37":0.0115690291,
    "38":0.00711962,
    "39":0.0107405125,
    "40":0.0096112732,
    "41":0.03365406,
    "42":0.0086214265,
    "43":0.0135956159,
    "44":0.0176272843,
    "45":0.008299917,
    "46":0.0239186093,
    "47":0.0194520663,
    "48":0.0138953075,
    "49":0.0306726998
  },
  "Delta_Uniform":{
    "0":-0.0041124642,
    "1":-0.0012203884,
    "2":-0.0037111541,
    "3":-0.0057627761,
    "4":-0.0031343507,
    "5":-0.0113431195,
    "6":-0.0020521018,
    "7":-0.0052023462,
    "8":-0.0037807258,
    "9":-0.0005930363,
    "10":-0.0087428707,
    "11":-0.0020433414,
    "12":-0.0061625824,
    "13":-0.0010134788,
    "14":-0.0046956052,
    "15":-0.0043127947,
    "16":-0.0010655547,
    "17":-0.001052073,
    "18":0.0000090667,
    "19":-0.0009956952,
    "20":-0.0010662353,
    "21":-0.0007321554,
    "22":-0.0017848065,
    "23":-0.002628532,
    "24":-0.0012003566,
    "25":-0.0101899058,
    "26":-0.0127271969,
    "27":-0.0031004662,
    "28":-0.0011372264,
    "29":-0.0041426093,
    "30":-0.0012883126,
    "31":-0.0033975935,
    "32":-0.0007463623,
    "33":-0.0053745938,
    "34":-0.001969374,
    "35":-0.0034859496,
    "36":-0.0019643855,
    "37":-0.0021845467,
    "38":-0.0015613,
    "39":-0.0007883318,
    "40":-0.0016338261,
    "41":-0.0071114072,
    "42":-0.0003161004,
    "43":-0.0034680961,
    "44":-0.0004559987,
    "45":-0.002260761,
    "46":-0.0053807617,
    "47":-0.001447891,
    "48":-0.0016928466,
    "49":-0.0025780855
  },
  "Delta_Prop":{
    "0":-0.0060827745,
    "1":-0.0015384699,
    "2":-0.0032955488,
    "3":-0.0036148141,
    "4":-0.0021970878,
    "5":-0.010503968,
    "6":-0.0023408247,
    "7":-0.0004897778,
    "8":-0.0031798663,
    "9":-0.0010668771,
    "10":-0.0060858063,
    "11":-0.0022758867,
    "12":-0.0020701696,
    "13":-0.0016143297,
    "14":-0.0046338037,
    "15":-0.0068463025,
    "16":-0.0001265362,
    "17":-0.000825498,
    "18":-0.0013665111,
    "19":-0.0008752717,
    "20":-0.0019366312,
    "21":-0.0005116827,
    "22":-0.0008643845,
    "23":-0.0026628345,
    "24":-0.0006643989,
    "25":-0.0108014962,
    "26":-0.0076283193,
    "27":-0.0014752018,
    "28":-0.0011371158,
    "29":-0.0042000288,
    "30":-0.0008081586,
    "31":-0.0036694664,
    "32":-0.0013873847,
    "33":-0.0033301325,
    "34":-0.0020240772,
    "35":-0.0031153848,
    "36":-0.0018415999,
    "37":-0.0019576595,
    "38":-0.00097456,
    "39":0.0000868387,
    "40":-0.0026723467,
    "41":-0.0054179163,
    "42":-0.0000266997,
    "43":-0.0024838189,
    "44":-0.0007316509,
    "45":-0.001564719,
    "46":-0.004942477,
    "47":-0.00173179,
    "48":-0.0006172973,
    "49":-0.0017582372
  }
}