{
  "Astrahl":{
    "0":0.000017222,
    "1":0.000031828,
    "2":0.0000516431,
    "3":0.000067641,
    "4":0.00001744,
    "5":0.0000696003,
    "6":0.000020383,
    "7":0.00000981,
    "8":0.000008197,
    "9":0.00000545,
    "10":0.000007924,
    "11":0.000020383,
    "12":0.00000763,
    "13":0.0000679967,
    "14":0.00000981,
    "15":0.0000275988,
    "16":0.0000544237,
    "17":0.000048979,
    "18":0.000013952,
    "19":0.000021146,
    "20":0.000009368,
    "21":0.000027577,
    "22":0.0000373873,
    "23":0.0000342911,
    "24":0.0000111398,
    "25":0.000015042,
    "26":0.000018312,
    "27":0.000011445,
    "28":0.000015151,
    "29":0.0000231777,
    "30":0.0000427896,
    "31":0.0000244414,
    "32":0.0000321088,
    "33":0.000009368,
    "34":0.000003513,
    "35":0.0000242397,
    "36":0.0000249423,
    "37":0.000012881,
    "38":0.00000436,
    "39":0.0000333976,
    "40":0.000014061,
    "41":0.0000346675,
    "42":0.00000763,
    "43":0.0003020398,
    "44":0.00000763,
    "45":0.0000463554,
    "46":0.0000827517,
    "47":0.0000557057,
    "48":0.0000495405,
    "49":0.0000368466
  },
  "Uniform":{
    "0":0.000038118,
    "1":0.0000686469,
    "2":0.0000546852,
    "3":0.0001088009,
    "4":0.00001293,
    "5":0.0001943546,
    "6":0.000046959,
    "7":0.00001848,
    "8":0.000018817,
    "9":0.00001476,
    "10":0.000022483,
    "11":0.0000623697,
    "12":0.00002182,
    "13":0.0001115763,
    "14":0.00001235,
    "15":0.0000454636,
    "16":0.0001007481,
    "17":0.0000696907,
    "18":0.000030282,
    "19":0.0000709334,
    "20":0.000022675,
    "21":0.000046745,
    "22":0.0000880582,
    "23":0.0001068832,
    "24":0.0000524078,
    "25":0.000037333,
    "26":0.0000622807,
    "27":0.000032576,
    "28":0.000039196,
    "29":0.0000688423,
    "30":0.0001405238,
    "31":0.0000772266,
    "32":0.0000833238,
    "33":0.000013553,
    "34":0.000026127,
    "35":0.0000615474,
    "36":0.0000554466,
    "37":0.0000410896,
    "38":0.00001939,
    "39":0.0000818347,
    "40":0.000042637,
    "41":0.0000688336,
    "42":0.00002076,
    "43":0.0005738056,
    "44":0.00002303,
    "45":0.0000643058,
    "46":0.0001664575,
    "47":0.0001568944,
    "48":0.0001140245,
    "49":0.0001100784
  },
  "Prop":{
    "0":0.000048325,
    "1":0.0000955545,
    "2":0.0000559509,
    "3":0.000181822,
    "4":0.00001894,
    "5":0.000269253,
    "6":0.000049897,
    "7":0.00001596,
    "8":0.000025365,
    "9":0.00002192,
    "10":0.000038441,
    "11":0.0000958016,
    "12":0.00002601,
    "13":0.0001412826,
    "14":0.0000255,
    "15":0.0000783238,
    "16":0.0000841012,
    "17":0.0001241512,
    "18":0.000047007,
    "19":0.0000470896,
    "20":0.000022865,
    "21":0.000037613,
    "22":0.0000693928,
    "23":0.0001650189,
    "24":0.0000600645,
    "25":0.000044713,
    "26":0.0000607568,
    "27":0.000055794,
    "28":0.000039604,
    "29":0.0000811394,
    "30":0.0001495648,
    "31":0.0001105648,
    "32":0.0000811816,
    "33":0.000023237,
    "34":0.000014273,
    "35":0.0000664706,
    "36":0.0000614932,
    "37":0.0000320578,
    "38":0.00002429,
    "39":0.0000681717,
    "40":0.000037111,
    "41":0.0000775564,
    "42":0.00002319,
    "43":0.0006503526,
    "44":0.00002385,
    "45":0.0000788523,
    "46":0.0001537247,
    "47":0.0001821325,
    "48":0.0001343062,
    "49":0.0001063096
  },
  "Delta_Uniform":{
    "0":-0.000020896,
    "1":-0.0000368189,
    "2":-0.0000030421,
    "3":-0.0000411598,
    "4":0.00000451,
    "5":-0.0001247543,
    "6":-0.000026576,
    "7":-0.00000867,
    "8":-0.00001062,
    "9":-0.00000931,
    "10":-0.000014559,
    "11":-0.0000419867,
    "12":-0.00001419,
    "13":-0.0000435796,
    "14":-0.00000254,
    "15":-0.0000178648,
    "16":-0.0000463244,
    "17":-0.0000207117,
    "18":-0.00001633,
    "19":-0.0000497874,
    "20":-0.000013307,
    "21":-0.000019168,
    "22":-0.0000506709,
    "23":-0.0000725921,
    "24":-0.000041268,
    "25":-0.000022291,
    "26":-0.0000439687,
    "27":-0.000021131,
    "28":-0.000024045,
    "29":-0.0000456646,
    "30":-0.0000977342,
    "31":-0.0000527852,
    "32":-0.000051215,
    "33":-0.000004185,
    "34":-0.000022614,
    "35":-0.0000373077,
    "36":-0.0000305043,
    "37":-0.0000282086,
    "38":-0.00001503,
    "39":-0.0000484371,
    "40":-0.000028576,
    "41":-0.0000341661,
    "42":-0.00001313,
    "43":-0.0002717658,
    "44":-0.0000154,
    "45":-0.0000179504,
    "46":-0.0000837058,
    "47":-0.0001011886,
    "48":-0.000064484,
    "49":-0.0000732318
  },
  "Delta_Prop":{
    "0":-0.000031103,
    "1":-0.0000637265,
    "2":-0.0000043078,
    "3":-0.000114181,
    "4":-0.0000015,
    "5":-0.0001996527,
    "6":-0.000029514,
    "7":-0.00000615,
    "8":-0.000017168,
    "9":-0.00001647,
    "10":-0.000030517,
    "11":-0.0000754186,
    "12":-0.00001838,
    "13":-0.0000732859,
    "14":-0.00001569,
    "15":-0.000050725,
    "16":-0.0000296775,
    "17":-0.0000751721,
    "18":-0.000033055,
    "19":-0.0000259436,
    "20":-0.000013497,
    "21":-0.000010036,
    "22":-0.0000320055,
    "23":-0.0001307278,
    "24":-0.0000489247,
    "25":-0.000029671,
    "26":-0.0000424448,
    "27":-0.000044349,
    "28":-0.000024453,
    "29":-0.0000579617,
    "30":-0.0001067752,
    "31":-0.0000861234,
    "32":-0.0000490728,
    "33":-0.000013869,
    "34":-0.00001076,
    "35":-0.0000422309,
    "36":-0.0000365509,
    "37":-0.0000191768,
    "38":-0.00001993,
    "39":-0.0000347741,
    "40":-0.00002305,
    "41":-0.0000428889,
    "42":-0.00001556,
    "43":-0.0003483127,
    "44":-0.00001622,
    "45":-0.0000324969,
    "46":-0.000070973,
    "47":-0.0001264267,
    "48":-0.0000847656,
    "49":-0.000069463
  }
}