{
  "Astrahl":{
    "0":0.0034095093,
    "1":0.0008665767,
    "2":0.0015208162,
    "3":0.000320929,
    "4":0.0007239783,
    "5":0.0013293606,
    "6":0.0005730406,
    "7":0.0015279995,
    "8":0.000301074,
    "9":0.0014551764,
    "10":0.001065843,
    "11":0.000380855,
    "12":0.000407569,
    "13":0.0040749882,
    "14":0.000520049,
    "15":0.000339701,
    "16":0.000362444,
    "17":0.0009869552,
    "18":0.000283195,
    "19":0.00015162,
    "20":0.0006823333,
    "21":0.0024989052,
    "22":0.0007247732,
    "23":0.0011219796,
    "24":0.0018016638,
    "25":0.0005272576,
    "26":0.0009677213,
    "27":0.0015121755,
    "28":0.00020216,
    "29":0.000247152,
    "30":0.0015873386,
    "31":0.0005730837,
    "32":0.0005833817,
    "33":0.0039831027,
    "34":0.0010065265,
    "35":0.001472045,
    "36":0.0007310035,
    "37":0.0030489523,
    "38":0.000283195,
    "39":0.0015155818,
    "40":0.0007142673,
    "41":0.0006396884,
    "42":0.0035143091,
    "43":0.00019855,
    "44":0.0005000211,
    "45":0.0006736657,
    "46":0.0005276376,
    "47":0.0003734731,
    "48":0.000599177,
    "49":0.0007332577
  },
  "Uniform":{
    "0":0.0042841278,
    "1":0.0009400077,
    "2":0.0018241728,
    "3":0.000469794,
    "4":0.0008749137,
    "5":0.0018410741,
    "6":0.0007890624,
    "7":0.0020368778,
    "8":0.000445961,
    "9":0.0015442992,
    "10":0.0012047375,
    "11":0.000426999,
    "12":0.000468863,
    "13":0.0047017974,
    "14":0.0006443577,
    "15":0.000473758,
    "16":0.000499643,
    "17":0.0012558164,
    "18":0.000331946,
    "19":0.00025218,
    "20":0.0008730479,
    "21":0.0029733563,
    "22":0.000912406,
    "23":0.0014560823,
    "24":0.00229427,
    "25":0.000637721,
    "26":0.0015107617,
    "27":0.0020774096,
    "28":0.00021637,
    "29":0.000343674,
    "30":0.00178119,
    "31":0.0006505593,
    "32":0.0006042999,
    "33":0.0045963523,
    "34":0.0012206528,
    "35":0.0016591654,
    "36":0.0010056921,
    "37":0.0036582995,
    "38":0.000334499,
    "39":0.0016638123,
    "40":0.000997177,
    "41":0.0008184817,
    "42":0.0041815916,
    "43":0.0002461,
    "44":0.0006249612,
    "45":0.0007479612,
    "46":0.0006776679,
    "47":0.0005307496,
    "48":0.0008272743,
    "49":0.0007588507
  },
  "Prop":{
    "0":0.0041588909,
    "1":0.0009497005,
    "2":0.0018089848,
    "3":0.000442085,
    "4":0.0009410447,
    "5":0.0018054705,
    "6":0.0007977853,
    "7":0.0020906607,
    "8":0.00047576,
    "9":0.0015925989,
    "10":0.001217702,
    "11":0.000472853,
    "12":0.000439907,
    "13":0.0050301464,
    "14":0.0006134839,
    "15":0.000413502,
    "16":0.000466721,
    "17":0.0011763771,
    "18":0.000367628,
    "19":0.00025176,
    "20":0.0008225258,
    "21":0.003011861,
    "22":0.0009260912,
    "23":0.0015191931,
    "24":0.0023917876,
    "25":0.0007232051,
    "26":0.0015195152,
    "27":0.0021504633,
    "28":0.00025598,
    "29":0.000345129,
    "30":0.0018875494,
    "31":0.0006740788,
    "32":0.000666974,
    "33":0.0046649015,
    "34":0.0012574499,
    "35":0.001730559,
    "36":0.001022128,
    "37":0.0035654426,
    "38":0.00035162,
    "39":0.0017434746,
    "40":0.0010123799,
    "41":0.00084968,
    "42":0.0042419422,
    "43":0.00024563,
    "44":0.0006706816,
    "45":0.0008685759,
    "46":0.0006610226,
    "47":0.0004745436,
    "48":0.0008382041,
    "49":0.0008096288
  },
  "Delta_Uniform":{
    "0":-0.0008746186,
    "1":-0.000073431,
    "2":-0.0003033565,
    "3":-0.000148865,
    "4":-0.0001509354,
    "5":-0.0005117135,
    "6":-0.0002160218,
    "7":-0.0005088783,
    "8":-0.000144887,
    "9":-0.0000891228,
    "10":-0.0001388945,
    "11":-0.000046144,
    "12":-0.000061294,
    "13":-0.0006268091,
    "14":-0.0001243087,
    "15":-0.000134057,
    "16":-0.000137199,
    "17":-0.0002688612,
    "18":-0.000048751,
    "19":-0.00010056,
    "20":-0.0001907146,
    "21":-0.0004744511,
    "22":-0.0001876328,
    "23":-0.0003341027,
    "24":-0.0004926062,
    "25":-0.0001104634,
    "26":-0.0005430405,
    "27":-0.0005652341,
    "28":-0.00001421,
    "29":-0.000096522,
    "30":-0.0001938514,
    "31":-0.0000774756,
    "32":-0.0000209182,
    "33":-0.0006132496,
    "34":-0.0002141262,
    "35":-0.0001871204,
    "36":-0.0002746885,
    "37":-0.0006093472,
    "38":-0.000051304,
    "39":-0.0001482305,
    "40":-0.0002829097,
    "41":-0.0001787933,
    "42":-0.0006672825,
    "43":-0.00004755,
    "44":-0.0001249401,
    "45":-0.0000742955,
    "46":-0.0001500303,
    "47":-0.0001572765,
    "48":-0.0002280973,
    "49":-0.000025593
  },
  "Delta_Prop":{
    "0":-0.0007493817,
    "1":-0.0000831238,
    "2":-0.0002881686,
    "3":-0.000121156,
    "4":-0.0002170665,
    "5":-0.00047611,
    "6":-0.0002247448,
    "7":-0.0005626612,
    "8":-0.000174686,
    "9":-0.0001374225,
    "10":-0.0001518591,
    "11":-0.000091998,
    "12":-0.000032338,
    "13":-0.0009551582,
    "14":-0.0000934349,
    "15":-0.000073801,
    "16":-0.000104277,
    "17":-0.000189422,
    "18":-0.000084433,
    "19":-0.00010014,
    "20":-0.0001401925,
    "21":-0.0005129558,
    "22":-0.000201318,
    "23":-0.0003972135,
    "24":-0.0005901238,
    "25":-0.0001959475,
    "26":-0.0005517939,
    "27":-0.0006382879,
    "28":-0.00005382,
    "29":-0.000097977,
    "30":-0.0003002108,
    "31":-0.0001009951,
    "32":-0.0000835923,
    "33":-0.0006817987,
    "34":-0.0002509234,
    "35":-0.000258514,
    "36":-0.0002911244,
    "37":-0.0005164903,
    "38":-0.000068425,
    "39":-0.0002278927,
    "40":-0.0002981126,
    "41":-0.0002099916,
    "42":-0.0007276331,
    "43":-0.00004708,
    "44":-0.0001706605,
    "45":-0.0001949102,
    "46":-0.000133385,
    "47":-0.0001010705,
    "48":-0.0002390271,
    "49":-0.0000763712
  }
}