{
  "Astrahl":{
    "0":0.0364846165,
    "1":0.0632706237,
    "2":0.0322373502,
    "3":0.034716096,
    "4":0.078420211,
    "5":0.069564661,
    "6":0.0365134368,
    "7":0.037715546,
    "8":0.027968417,
    "9":0.061351134,
    "10":0.0454013049,
    "11":0.033114007,
    "12":0.036708902,
    "13":0.0417560845,
    "14":0.0380580841,
    "15":0.0464274527,
    "16":0.0426561344,
    "17":0.032955536,
    "18":0.0410627608,
    "19":0.0329508816,
    "20":0.066575379,
    "21":0.0374971573,
    "22":0.0316765534,
    "23":0.03860461,
    "24":0.0347560316,
    "25":0.03595593,
    "26":0.0309286463,
    "27":0.033188269,
    "28":0.1031931124,
    "29":0.0382351711,
    "30":0.06365674,
    "31":0.0591132879,
    "32":0.024900499,
    "33":0.0778222004,
    "34":0.0358062675,
    "35":0.0305545131,
    "36":0.030661378,
    "37":0.0502018944,
    "38":0.040678927,
    "39":0.03489707,
    "40":0.0278379866,
    "41":0.0647037113,
    "42":0.0390061636,
    "43":0.0410326478,
    "44":0.0352720904,
    "45":0.0360340768,
    "46":0.033703452,
    "47":0.040037494,
    "48":0.0380851496,
    "49":0.0330397509
  },
  "Uniform":{
    "0":0.0840309406,
    "1":0.1616604271,
    "2":0.0788665047,
    "3":0.083071148,
    "4":0.1561376336,
    "5":0.160034508,
    "6":0.0804097444,
    "7":0.08704612,
    "8":0.083543727,
    "9":0.159795748,
    "10":0.0835099884,
    "11":0.0846160821,
    "12":0.084026822,
    "13":0.078940032,
    "14":0.089651255,
    "15":0.0846120106,
    "16":0.0823901529,
    "17":0.082531955,
    "18":0.0810403094,
    "19":0.0837264172,
    "20":0.153847872,
    "21":0.0833720614,
    "22":0.0853239928,
    "23":0.074978107,
    "24":0.0850592324,
    "25":0.08352258,
    "26":0.0851345442,
    "27":0.0778395317,
    "28":0.2196440655,
    "29":0.0808690385,
    "30":0.160617727,
    "31":0.1627390017,
    "32":0.081627097,
    "33":0.1628511553,
    "34":0.0830835752,
    "35":0.0794962254,
    "36":0.078111534,
    "37":0.0928651709,
    "38":0.086201333,
    "39":0.08351263,
    "40":0.0781832186,
    "41":0.1553521087,
    "42":0.0781708097,
    "43":0.0816975668,
    "44":0.0802729806,
    "45":0.0848793425,
    "46":0.07798226,
    "47":0.0884114059,
    "48":0.0761600778,
    "49":0.0817044199
  },
  "Prop":{
    "0":0.0760273974,
    "1":0.1569296939,
    "2":0.0789711088,
    "3":0.073172864,
    "4":0.1506108513,
    "5":0.1509064336,
    "6":0.0847057042,
    "7":0.079958846,
    "8":0.076546446,
    "9":0.145750041,
    "10":0.0823790364,
    "11":0.0756531616,
    "12":0.076002519,
    "13":0.0751204101,
    "14":0.0835831059,
    "15":0.0891956525,
    "16":0.0756746003,
    "17":0.074622937,
    "18":0.0800117129,
    "19":0.0826425291,
    "20":0.150728347,
    "21":0.0734133409,
    "22":0.0845319769,
    "23":0.075078778,
    "24":0.0760031283,
    "25":0.07861443,
    "26":0.0832095349,
    "27":0.0809698279,
    "28":0.2073878849,
    "29":0.0787555221,
    "30":0.155170396,
    "31":0.1553705562,
    "32":0.074521571,
    "33":0.1554171516,
    "34":0.0841819119,
    "35":0.0815683492,
    "36":0.076109078,
    "37":0.0870612632,
    "38":0.072843138,
    "39":0.0765361,
    "40":0.0850349419,
    "41":0.1435716485,
    "42":0.0822453278,
    "43":0.0774956315,
    "44":0.0844447027,
    "45":0.0835918571,
    "46":0.081022353,
    "47":0.0831544612,
    "48":0.0811221242,
    "49":0.0745919717
  },
  "Delta_Uniform":{
    "0":-0.0475463242,
    "1":-0.0983898034,
    "2":-0.0466291545,
    "3":-0.048355052,
    "4":-0.0777174226,
    "5":-0.090469847,
    "6":-0.0438963076,
    "7":-0.049330574,
    "8":-0.05557531,
    "9":-0.098444614,
    "10":-0.0381086834,
    "11":-0.0515020751,
    "12":-0.04731792,
    "13":-0.0371839475,
    "14":-0.0515931709,
    "15":-0.0381845579,
    "16":-0.0397340185,
    "17":-0.049576419,
    "18":-0.0399775486,
    "19":-0.0507755356,
    "20":-0.087272493,
    "21":-0.0458749041,
    "22":-0.0536474394,
    "23":-0.036373497,
    "24":-0.0503032008,
    "25":-0.04756665,
    "26":-0.0542058979,
    "27":-0.0446512627,
    "28":-0.1164509531,
    "29":-0.0426338674,
    "30":-0.096960987,
    "31":-0.1036257138,
    "32":-0.056726598,
    "33":-0.0850289549,
    "34":-0.0472773077,
    "35":-0.0489417124,
    "36":-0.047450156,
    "37":-0.0426632765,
    "38":-0.045522406,
    "39":-0.04861556,
    "40":-0.050345232,
    "41":-0.0906483974,
    "42":-0.0391646461,
    "43":-0.0406649191,
    "44":-0.0450008902,
    "45":-0.0488452657,
    "46":-0.044278808,
    "47":-0.0483739119,
    "48":-0.0380749282,
    "49":-0.0486646689
  },
  "Delta_Prop":{
    "0":-0.039542781,
    "1":-0.0936590702,
    "2":-0.0467337586,
    "3":-0.038456768,
    "4":-0.0721906402,
    "5":-0.0813417726,
    "6":-0.0481922673,
    "7":-0.0422433,
    "8":-0.048578029,
    "9":-0.084398907,
    "10":-0.0369777314,
    "11":-0.0425391546,
    "12":-0.039293617,
    "13":-0.0333643256,
    "14":-0.0455250218,
    "15":-0.0427681998,
    "16":-0.0330184659,
    "17":-0.041667401,
    "18":-0.0389489521,
    "19":-0.0496916475,
    "20":-0.084152968,
    "21":-0.0359161836,
    "22":-0.0528554234,
    "23":-0.036474168,
    "24":-0.0412470967,
    "25":-0.0426585,
    "26":-0.0522808886,
    "27":-0.047781559,
    "28":-0.1041947725,
    "29":-0.040520351,
    "30":-0.091513656,
    "31":-0.0962572683,
    "32":-0.049621072,
    "33":-0.0775949512,
    "34":-0.0483756444,
    "35":-0.0510138361,
    "36":-0.0454477,
    "37":-0.0368593688,
    "38":-0.032164211,
    "39":-0.04163903,
    "40":-0.0571969553,
    "41":-0.0788679372,
    "42":-0.0432391642,
    "43":-0.0364629837,
    "44":-0.0491726123,
    "45":-0.0475577803,
    "46":-0.047318901,
    "47":-0.0431169672,
    "48":-0.0430369746,
    "49":-0.0415522208
  }
}